date,weekday,employees,vacation,business_trip,overtime,work_from_home,조식메뉴,menu,석식메뉴,actual_diners,dinner_diners,available_population,participation_rate,temp_mean,temp_max,temp_min,precipitation,humidity,rain,included
2016-02-01,월,2601.0,50.0,150.0,238.0,0.0,"모닝롤/찐빵  우유/두유/주스 계란후라이  호두죽/쌀밥 (쌀:국내산) 된장찌개  쥐어채무침  포기김치 (배추,고추가루:국내산) ","쌀밥/잡곡밥 (쌀,현미흑미:국내산) 오징어찌개  쇠불고기 (쇠고기:호주산) 계란찜  청포묵무침  요구르트  포기김치 (배추,고추가루:국내산) ","쌀밥/잡곡밥 (쌀,현미흑미:국내산) 육개장  자반고등어구이  두부조림  건파래무침  포기김치 (김치:국내산) ",1039.0,331.0,2401.0,0.4327363598500625,,,,,,,False
2016-02-02,화,2601.0,50.0,173.0,319.0,0.0,"모닝롤/단호박샌드  우유/두유/주스 계란후라이  팥죽/쌀밥 (쌀:국내산) 호박젓국찌개  시래기조림  포기김치 (배추,고추가루:국내산) ","쌀밥/잡곡밥 (쌀,현미흑미:국내산) 김치찌개  가자미튀김  모둠소세지구이  마늘쫑무침  요구르트  배추겉절이 (배추,고추가루:국내산) ","콩나물밥*양념장 (쌀,현미흑미:국내산) 어묵국  유산슬 (쇠고기:호주산) 아삭고추무침  바나나  포기김치 (배추,고추가루:국내산) ",867.0,560.0,2378.0,0.36459209419680405,,,,,,,False
2016-02-03,수,2601.0,56.0,180.0,111.0,0.0,"모닝롤/베이글  우유/두유/주스 계란후라이  표고버섯죽/쌀밥 (쌀:국내산) 콩나물국  느타리호박볶음  포기김치 (배추,고추가루:국내산) ","카레덮밥 (쌀,현미흑미:국내산) 팽이장국  치킨핑거 (닭고기:국내산) 쫄면야채무침  견과류조림  요구르트  포기김치 (배추,고추가루:국내산) ","쌀밥/잡곡밥 (쌀,현미흑미:국내산) 청국장찌개  황태양념구이 (황태:러시아산) 고기전 (돼지고기:국내산) 새송이버섯볶음  포기김치 (배추,고추가루:국내산) ",1017.0,573.0,2365.0,0.43002114164904864,-2.3208333333333333,5.8,-8.8,,47.16666666666666,,True
2016-02-04,목,2601.0,104.0,220.0,355.0,0.0,"모닝롤/토마토샌드  우유/두유/주스 계란후라이  닭죽/쌀밥 (쌀,닭:국내산) 근대국  멸치볶음  포기김치 (배추,고추가루:국내산) ","쌀밥/잡곡밥 (쌀,현미흑미:국내산) 쇠고기무국  주꾸미볶음  부추전  시금치나물  요구르트  포기김치 (배추,고추가루:국내산) ","미니김밥*겨자장 (쌀,현미흑미:국내산) 우동  멕시칸샐러드  군고구마  무피클  포기김치 (배추,고추가루:국내산) ",978.0,525.0,2277.0,0.4295125164690382,-1.9416666666666664,7.7,-9.1,,56.16666666666666,,True
2016-02-05,금,2601.0,278.0,181.0,34.0,0.0,"모닝롤/와플  우유/두유/주스 계란후라이  쇠고기죽/쌀밥 (쌀:국내산) 재첩국  방풍나물  포기김치 (배추,고추가루:국내산) ","쌀밥/잡곡밥 (쌀,현미흑미:국내산) 떡국  돈육씨앗강정 (돼지고기:국내산) 우엉잡채  청경채무침  요구르트  포기김치 (배추,고추가루:국내산) ","쌀밥/잡곡밥 (쌀,현미흑미:국내산) 차돌박이찌개 (쇠고기:호주산) 닭갈비 (닭고기:국내산) 감자소세지볶음  콩나물무침  포기김치 (배추,고추가루:국내산) ",925.0,330.0,2142.0,0.43183940242763774,-0.5499999999999999,7.5,-7.7,,55.333333333333336,,True
2016-02-11,목,2601.0,383.0,143.0,417.0,0.0,팬케익/찐빵  우유/두유/주스  계란후라이  견과류죽/쌀밥 (쌀:국내산) 감자찌개  명엽채무침 포기김치 (김치:국내산) ,"쌀밥/잡곡밥 (쌀,현미흑미:국내산) 시래기국  훈제오리구이  도토리묵무침  쌈무/양파절임  요구르트  포기김치 (김치:국내산) ","참치회덮밥 (쌀,현미흑미:국내산) 맑은국  군만두  과일샐러드  락교  포기김치 (김치:국내산) ",1045.0,550.0,2075.0,0.5036144578313253,1.7208333333333332,11.4,-5.9,,47.125,,True
2016-02-12,금,2601.0,389.0,156.0,93.0,0.0,모닝롤/야채샌드  우유/두유/주스  계란후라이  고구마죽/쌀밥 (쌀:국내산) 봄동된장국  숙주나물 포기김치 (김치:국내산) ,"쌀밥/잡곡밥 (쌀,현미흑미:국내산) 꽃게탕  돈육굴소스볶음  옥수수전  유채나물  요구르트  포기김치 (김치:국내산) ","쌀밥/잡곡밥 (쌀,현미흑미:국내산) 김치콩나물국  미니함박  어묵볶음  물파래무침  깍두기 (김치:국내산) ",909.0,598.0,2056.0,0.44212062256809337,5.191666666666667,14.2,-3.0,,56.875,,True
2016-02-15,월,2601.0,87.0,204.0,482.0,0.0,모닝롤/치즈프레즐  우유/두유/주스  계란후라이  잣죽/쌀밥 (쌀:국내산) 민물새우찌개  콩조림 포기김치 (김치:국내산) ,쌀밥/잡곡밥 (쌀:국내산) 시금치국  닭감자조림 (닭고기:국내산) 연두부*양념장  콩나물무침  요구르트  포기김치 (김치:국내산) ,"쌀밥/잡곡밥 (쌀:국내산) 홍합미역국  등갈비김치찜 (돼지고기,김치:국내산) 임연수구이  브로컬리초장  포기김치 (김치:국내산) ",1268.0,672.0,2310.0,0.5489177489177489,5.416666666666667,14.6,-1.1,,54.875,1.0,True
2016-02-16,화,2601.0,72.0,236.0,526.0,0.0,모닝롤/마늘빵  우유/두유/주스  계란후라이  단호박죽/쌀밥 (쌀:국내산) 어묵국  김구이 포기김치 (김치:국내산) ,쌀밥/잡곡밥 (쌀:국내산) 쇠고기무국 (쇠고기:호주산) 탕수어 (동태:러시아산) 오징어숙회무침  취나물  요구르트  포기김치 (김치:국내산) ,쌀밥/잡곡밥 (쌀:국내산) 된장찌개  쇠불고기 (쇠고기:호주산) 해파리겨자채  봄동무침  포기김치 (김치:국내산) ,1014.0,523.0,2293.0,0.4422154382904492,-1.2375,2.1,-4.0,,36.54166666666666,,True
2016-02-17,수,2601.0,78.0,250.0,23.0,0.0,모닝롤/참치샌드  우유/두유/주스  계란후라이  흑임자죽/쌀밥 (쌀:국내산) 북어계란국  무생채 포기김치 (김치:국내산) ,쌀밥/잡곡밥 (쌀:국내산) 냉이된장국  쇠고기장조림 (쇠고기:호주산) 통도라지구이  치커리무침  요구르트  포기김치 (김치:국내산) ,볶음밥*자장소스 (쌀:국내산) 맑은국  새우또띠아  쨔샤이무침  요플레  포기김치 (김치:국내산) ,916.0,588.0,2273.0,0.4029916410030796,-0.2333333333333332,4.9,-6.1,,59.75,,True
2016-02-18,목,2601.0,77.0,254.0,367.0,0.0,모닝롤/인절미토스트  우유/두유/주스  계란후라이  계란후라이  (쌀:국내산) 선지해장국 (쇠고기:호주산) 톳두부무침 포기김치 (김치:국내산) ,"낙지비빔밥 (낙지:중국산,쌀:국내산) 유부장국  고구마치즈구이  해초무침  요구르트  요구르트  포기김치 (김치:국내산) ",쌀밥/잡곡밥 (쌀:국내산) 순두부찌개  명태조림 (명태:러시아산) 감자채볶음  쌈만두  포기김치 (김치:국내산) ,910.0,489.0,2270.0,0.4008810572687225,1.6791666666666665,7.5,-2.4,,50.25,,True
2016-02-19,금,2601.0,145.0,252.0,69.0,0.0,모닝롤/씨크립샌드  우유/두유/주스  계란후라이  밤죽/쌀밥 (쌀:국내산) 홍합탕  오이생채 포기김치 (김치:국내산) ,쌀밥/잡곡밥 (쌀:국내산) 대구찌개  마늘간장치킨 (닭고기:국내산) 새송이버섯볶음  돌나물무침/치킨무  요구르트  포기김치 (김치:국내산) ,쌀밥/잡곡밥 (쌀:국내산) 설렁탕 (쇠고기:호주산) 김치전 (김치:국내산) 야채스틱  바나나  석박지 (김치:국내산) ,763.0,597.0,2204.0,0.34618874773139746,1.8958333333333333,9.7,-5.8,,61.54166666666666,,True
2016-02-22,월,2601.0,90.0,207.0,434.0,0.0,모닝롤/팬케익  우유/주스  계란후라이  브로컬리죽/쌀밥 (쌀:국내산) 고추장찌개  시금치나물 포기김치 (고춧가루:국내산) ,쌀밥/오곡밥 (쌀:국내산) 쇠고기느타리국  갈치구이  호박꼬지&고사리&무나물  파래김*양념장  부럼/요구르트  포기김치 (김치:국내산) ,쌀밥/잡곡밥 (쌀:국내산) 옹심이만두국  떡갈비조림  청포묵무침  부추오이생채  포기김치 (김치:국내산) ,1298.0,645.0,2304.0,0.5633680555555556,2.470833333333333,8.2,-3.4,,34.0,,True
2016-02-23,화,2601.0,57.0,237.0,488.0,0.0,모닝롤/야채샌드  우유/주스  계란후라이  닭죽/쌀밥 (쌀:국내산) 재첩국  참나물땅콩가루무침 포기김치 (김치:국내산) ,쌀밥/잡곡밥 (쌀:국내산) 콩나물국  돈육간장볶음  버섯잡채  꽃상추무침  요구르트  포기김치 (김치:국내산) ,쌀밥/잡곡밥 (쌀:국내산) 콩비지찌개  해물까스&타르타르소스  볶음쌀국수  미역레몬초무침  통배추겉절이 (김치:국내산) ,899.0,610.0,2307.0,0.38968357173818813,2.970833333333333,6.7,-1.7,,46.458333333333336,,True
2016-02-24,수,2601.0,54.0,232.0,14.0,0.0,모닝롤/꿀호떡  우유/주스  계란후라이  김치죽/쌀밥 (쌀:국내산) 무채국  애호박나물 포기김치 (김치:국내산) ,비빔밥 (쌀:국내산) 팽이장국  소세지피망볶음  맛탕  귤  요구르트  포기김치 (김치:국내산) ,쌀밥/잡곡밥 (쌀:국내산) 열무된장국  매운돼지갈비찜  멸치호두볶음  숙주나물  포기김치 (김치:국내산) ,1022.0,514.0,2315.0,0.44146868250539956,5.529166666666666,11.5,0.5,,42.0,,True
2016-02-25,목,2601.0,56.0,261.0,335.0,0.0,모닝롤/크로와상  우유/주스  계란후라이  쇠고기죽/쌀밥 (쌀:국내산) 봄동된장국  어묵볶음 포기김치 (김치:국내산) ,쌀밥/잡곡밥 (쌀:국내산) 북어계란국  닭갈비  새싹두부구이  곰피초장  요구르트  포기김치 (김치:국내산) ,김밥 (쌀:국내산) 잔치국수  교자만두 (오븐에 찜) 멕시칸샐러드  무피클  포기김치 (김치:국내산) ,917.0,531.0,2284.0,0.40148861646234674,1.5875,7.0,-3.4,,29.375,,True
2016-02-26,금,2601.0,144.0,278.0,42.0,0.0,모닝롤/에그샌드  우유/주스  계란후라이  밤죽/쌀밥 (쌀:국내산) 꽃게탕  시래기조림 포기김치 (김치:국내산) ,쌀밥/잡곡밥 (쌀:국내산) 수제비국  오징어볶음  계란찜  도라지초무침  요구르트  포기김치 (김치:국내산) ,쌀밥/잡곡밥 (쌀:국내산) 닭개장  삼치구이  꽃맛살볶음  청경채사과무침  포기김치 (김치:국내산) ,766.0,585.0,2179.0,0.35153740247820103,0.9333333333333332,6.8,-4.2,,32.333333333333336,,True
2016-02-29,월,2601.0,595.0,168.0,110.0,0.0,"모닝롤/프렌치토스트  우유/두유/주스 계란후라이  호두죽/쌀밥 (쌀:국내산) 콩나물김치국  곰피초장  포기김치 (배추,고추가루:국내산) ","쌀밥/잡곡밥 (쌀,현미흑미:국내산) 얼갈이된장국  제육볶음  늙은호박전  치커리생채  요구르트  포기김치 (배추,고추가루:국내산) ","쌀밥/잡곡밥 (쌀,현미흑미:국내산) 버섯들깨탕  꽁치한마리구이  두부양념조림  구이김  포기김치 (김치:국내산) ",869.0,344.0,1838.0,0.47279651795429817,5.9875,13.2,-0.5,,69.20833333333333,1.0,True
2016-03-02,수,2624.0,127.0,182.0,261.0,0.0,"모닝롤/단팥빵  우유/두유/주스 계란후라이  참치야채죽/쌀밥 (쌀:국내산) 올갱이아욱국  오이무침  포기김치 (배추,고추가루:국내산) ","쌀밥/잡곡밥 (쌀,현미흑미:국내산) 쇠고기미역국  주꾸미볶음  맛살계란말이  아삭고추무침  포기김치 (배추,고추가루:국내산)   ","쌀밥/잡곡밥 (쌀,현미흑미:국내산) 된장찌개  버섯불고기  콩나물겨자채  양념깻잎지  포기김치 (배추,고추가루:국내산) ",1127.0,631.0,2315.0,0.4868250539956803,-1.0499999999999998,6.3,-7.6,,42.25,,True
2016-03-03,목,2624.0,61.0,224.0,351.0,0.0,"모닝롤/바나나샌드  우유/두유/주스 계란후라이  팥죽/쌀밥 (쌀:국내산) 피바지락국  가지볶음  포기김치 (배추,고추가루:국내산) ","쌀밥/잡곡밥 (쌀,현미흑미:국내산) 근대된장국  탕수육  새송이버섯조림  무생채  요구르트  포기김치 (배추,고추가루:국내산) ","멸치주먹밥 (쌀,현미흑미:국내산) 우동  떡볶이  군고구마  단무지  포기김치 (배추,고추가루:국내산) ",1000.0,473.0,2339.0,0.4275331338178709,2.7916666666666665,11.3,-6.6,,50.583333333333336,,True
2016-03-04,금,2624.0,83.0,247.0,79.0,0.0,"모닝롤/사과파이  우유/두유/주스 계란후라이  야채죽/쌀밥 (쌀:국내산) 시금치국  볼어묵볶음  포기김치 (배추,고추가루:국내산) ","쌀밥/잡곡밥 (쌀,현미흑미:국내산) 부대찌개  가자미튀김  메추리알조림  열무된장나물  깍두기 (김치:국내산)   ","쌀밥/잡곡밥 (쌀,현미흑미:국내산) 오징어국  미트볼조림  옥수수전  부추생채  포기김치 (배추,고추가루:국내산) ",837.0,673.0,2294.0,0.36486486486486486,6.345833333333334,15.6,-3.3,,60.79166666666666,,True
2016-03-07,월,2624.0,50.0,195.0,456.0,0.0,모닝롤/브라우니  우유/두유/주스  계란후라이  땅콩죽/쌀밥 (쌀:국내산) 무채국  쑥갓무침 포기김치 (김치:국내산) ,"쌀밥/잡곡밥 (쌀,현미흑미:국내산) 콩나물국  닭갈비 (닭고기:국내산) 모둠묵*양념장  톳두부무침  포기김치 (김치:국내산)   ","쌀밥/잡곡밥 (쌀,현미흑미:국내산) 대구찌개 돈육굴소스볶음  감자채볶음  물파래무침   포기김치 (김치:국내산) ",1326.0,625.0,2379.0,0.5573770491803278,14.295833333333334,19.2,9.2,,81.29166666666667,1.0,True
2016-03-08,화,2624.0,47.0,212.0,426.0,0.0,모닝롤/고구마샌드  우유/두유/주스  계란후라이  새송이죽/쌀밥 (쌀:국내산) 호박젓국찌개  유채나물 포기김치 (김치:국내산) ,"쌀밥/잡곡밥 (쌀,현미흑미:국내산) 차돌박이찌개 (쇠고기:호주산) 고등어김치말이  소세지구이  풋마늘초무침  깍두기 (김치:국내산)   ","카레덮밥 (쌀,현미흑미:국내산) 가쯔오장국 수제고로케*케찹  과일샐러드  오복지   포기김치 (김치:국내산) ",1026.0,609.0,2365.0,0.4338266384778013,10.954166666666666,16.9,7.1,,68.83333333333333,,True
2016-03-09,수,2624.0,43.0,225.0,0.0,0.0,모닝롤/롤케익  우유/두유/주스  계란후라이  단호박죽/쌀밥 (쌀:국내산) 어묵국  김자반 포기김치 (김치:국내산) ,"쌀밥/잡곡밥 (쌀,현미흑미:국내산) 북어국  돈육장조림 (돼지고기:국내산) 홍어무침  시금치나물  포기김치 (김치:국내산)   ","쌀밥/잡곡밥 (쌀,현미흑미:국내산) 육개장 생선까스*탈탈소스  야채계란찜  콩나물무침   포기김치 (김치:국내산) ",901.0,523.0,2356.0,0.382427843803056,8.354166666666666,11.0,4.2,,63.91666666666666,1.0,True
2016-03-10,목,2624.0,55.0,245.0,290.0,0.0,모닝롤/햄치즈샌드  우유/두유/주스  계란후라이  녹두죽/쌀밥 (쌀:국내산) 냉이된장국  명엽채무침 포기김치 (김치:국내산) ,"쌀밥/잡곡밥 (쌀,현미흑미:국내산) 고추장찌개  닭데리야끼조림  해물파전  취나물  포기김치 (김치:국내산)   ","볶음밥 (쌀,현미흑미:국내산) 짬뽕 개성감자만두  타코야끼  꼬들단무지   포기김치 (김치:국내산) ",847.0,525.0,2324.0,0.3644578313253012,5.445833333333333,12.3,1.3,,57.5,1.0,True
2016-03-11,금,2624.0,108.0,275.0,76.0,0.0,모닝롤/찐빵  우유/두유/주스  계란후라이  고구마죽/쌀밥 (쌀:국내산) 재첩국  검정콩조림 포기김치 (김치:국내산) ,"쌀밥/잡곡밥 (쌀,현미흑미:국내산) 배추된장국  수제돈가스 (돼지고기:국내산) 탕평채  쫄면무침  포기김치 (김치:국내산)   ","쌀밥/잡곡밥 (쌀,현미흑미:국내산) 연두부탕 코다리무조림  고추잡채*꽃빵  봄동겉절이   포기김치 (김치:국내산) ",728.0,591.0,2241.0,0.3248549754573851,3.329166666666667,8.0,-0.9,,35.0,,True
2016-03-14,월,2624.0,61.0,183.0,376.0,0.0,모닝롤/롤케이크  우유/주스  계란후라이  흑임자죽/쌀밥 (쌀:국내산) 황태국  미역줄기볶음 포기김치 (고춧가루:국내산) ,쌀밥/잡곡밥 (쌀:국내산) 어묵국  돈육고추장볶음 (돼지고기:국내산) 모둠양채쌈*쌈장  콩나물파채무침   포기김치 (김치:국내산)  ,쌀밥/잡곡밥 (쌀:국내산) 달래된장찌개  간장찜닭 (닭고기:국내산) 통도라지구이 참나물생채   포기김치 (김치:국내산) ,1286.0,586.0,2380.0,0.5403361344537815,4.754166666666666,8.7,1.1,,50.083333333333336,,True
2016-03-15,화,2624.0,38.0,231.0,399.0,0.0,모닝롤/에그샌드  우유/주스  계란후라이  해물죽/쌀밥 (쌀:국내산) 쇠고기무국  브로컬리들깨찜 포기김치 (김치:국내산) ,쌀밥/잡곡밥 (쌀:국내산) 쑥국  소불고기 (쇠고기:호주산) 골뱅이무침*소면  마늘쫑볶음   포기김치 (김치:국내산)  ,"짜장잡채덮밥 (돈육,쌀:국내산) 계란파국  참치야채전  꽃맛살샐러드 오이무침   포기김치 (김치:국내산) ",958.0,545.0,2355.0,0.40679405520169853,5.4125000000000005,12.7,-1.4,,51.875,,True
2016-03-16,수,2624.0,50.0,213.0,0.0,0.0,모닝롤/치즈프레즐  우유/주스  계란후라이  홍게살죽/쌀밥 (쌀:국내산) 시래기국  느타리호박볶음 포기김치 (김치:국내산) ,곤드레밥 (쌀:국내산) 콩나물김치국  미니채소떡갈비 (쇠고기:호주산.돈육:국내산) 두부계란부침  무나물   포기김치 (김치:국내산)  ,쌀밥/잡곡밥 (쌀:국내산) 뼈해장국 (돼지고기:국내산) 해물청경채볶음  버섯메밀전 야채스틱*쌈장   포기김치 (김치:국내산) ,998.0,531.0,2361.0,0.4227022448115205,5.3375,14.1,-3.2,,49.958333333333336,,True
2016-03-17,목,2624.0,52.0,242.0,327.0,0.0,모닝롤/베이컨샌드  우유/주스  계란후라이  브로컬리죽/쌀밥 (쌀:국내산) 오징어국  숙주나물 포기김치 (김치:국내산) ,쌀밥/잡곡밥 (쌀:국내산) 사골우거지국 (쇠고기:호주산) 탕수어  파래김*양념장  깻순나물   깍두기 (김치:국내산)  ,토마토스파게티 (쌀:국내산) 양송이스프  미니햄버거 (돼지고기:국내산) 단호박범벅 무피클/음료   포기김치 (김치:국내산) ,832.0,548.0,2330.0,0.35708154506437767,8.608333333333334,16.3,2.8,,51.125,,True
2016-03-18,금,2624.0,118.0,277.0,57.0,0.0,모닝롤/크로와상  우유/주스  계란후라이  표고버섯죽/쌀밥 (쌀:국내산) 들깨미역국  방풍나물 포기김치 (김치:국내산) ,쌀밥/잡곡밥 (쌀:국내산) 시금치국  훈제오리구이  연근땅콩조림  쌈무/부추생채   포기김치 (김치:국내산)  ,쌀밥/잡곡밥 (쌀:국내산) 닭곰탕 (닭고기:국내산) 임연수찜  어묵곤약볶음 돌나물초장   석박지 (김치:국내산) ,757.0,521.0,2229.0,0.3396141767608793,8.7875,17.9,-1.0,,56.04166666666666,,True
2016-03-21,월,2624.0,65.0,205.0,329.0,0.0,모닝롤/마늘빵  우유/주스  계란후라이  김치죽/쌀밥 (쌀:국내산) 무채국  김실파무침 포기김치 (고춧가루:국내산) , 쌀밥/잡곡밥 (쌀:국내산) 꽃게탕  버섯불고기 (쇠고기:호주산) 계란말이  도토리묵무침  포기김치 (김치:국내산)  ,쌀밥/잡곡밥 (쌀:국내산) 수제비국  아귀콩나물찜  새송이버섯볶음  봄동겉절이  포기김치 (김치:국내산) ,1030.0,605.0,2354.0,0.43755310110450296,9.425,13.3,6.4,,69.375,,True
2016-03-22,화,2624.0,41.0,208.0,378.0,0.0,모닝롤/씨크립샌드  우유/주스  계란후라이  참치야채죽/쌀밥 (쌀:국내산) 선지해장국 (쇠고기:호주산) 브로컬리초장 포기김치 (김치:국내산) , 쌀밥/잡곡밥 (쌀:국내산) 쇠고기샤브국 (쇠고기:호주산) 코다리강정  두부&김치볶음  유채나물  깍두기 (김치:국내산)  ,굴소스파인볶음밥 (쌀:국내산) 가쯔오장국  찹쌀순대볶음  궁중떡찜  두반장가지나물  포기김치 (김치:국내산) ,917.0,585.0,2375.0,0.38610526315789473,9.633333333333333,16.0,3.6,,61.458333333333336,,True
2016-03-23,수,2624.0,42.0,236.0,0.0,0.0,모닝롤/카스텔라  우유/주스  계란후라이  새송이버섯죽/쌀밥 (쌀:국내산) 근대국  쑥갓두부무침 포기김치 (김치:국내산) , 콩나물밥*달래장 (쌀:국내산) 맑은국  치킨텐더*요거트D (닭고기:국내산) 땅콩조림  실곤약초무침  포기김치 (김치:국내산)  ,쌀밥/잡곡밥 (쌀:국내산) 알탕  동그랑땡전  마파두부 (돼지고기:국내산) 시금치나물  포기김치 (김치:국내산) ,963.0,544.0,2346.0,0.41048593350383633,9.45,18.0,2.8,,63.91666666666666,,True
2016-03-24,목,2624.0,53.0,251.0,293.0,0.0,모닝롤/토마토샌드  우유/주스  계란후라이  밤죽/쌀밥 (쌀:국내산) 순두부국  크랜베리멸치볶음 포기김치 (김치:국내산) , 쌀밥/잡곡밥 (쌀:국내산) 북어계란국  쇠고기장조림 (쇠고기:호주산) 오징어초무침  시래기나물  포기김치 (김치:국내산)  ,참치회덮밥 (쌀:국내산) 미소장국  군만두  콘샐러드  바나나  포기김치 (김치:국내산) ,876.0,507.0,2320.0,0.3775862068965517,10.258333333333333,16.6,3.7,,55.875,,True
2016-03-25,금,2624.0,98.0,275.0,59.0,0.0,모닝롤/와플  우유/주스  계란후라이  견과류죽/쌀밥 (쌀:국내산) 콩나물국  진미채무침 포기김치 (김치:국내산) , 쌀밥/잡곡밥 (쌀:국내산) 닭개장 (닭고기:국내산) 자반고등어구이 (고등어:국내산) 비엔나볶음  열무나물  배추겉절이 (김치:국내산)  ,쌀밥/잡곡밥 (쌀:국내산) 냉이된장찌개  누룽지탕수육 (돼지고기:국내산) 감자채볶음  청경채무침  포기김치 (김치:국내산) ,861.0,523.0,2251.0,0.38249666814749,8.595833333333333,12.4,5.9,,42.625,,True
2016-03-28,월,2624.0,77.0,197.0,299.0,0.0,모닝롤/프렌치토스트  우유/주스  계란후라이  새우살죽/쌀밥 (쌀:국내산) 두부김치국  미역레몬초무침 포기김치 (고춧가루:국내산) , 쌀밥/잡곡밥 (쌀:국내산) 얼갈이된장국  닭갈비  해파리냉채  취나물  포기김치 (김치:국내산)  ,쌀밥/잡곡밥 (쌀:국내산) 콩비지찌개  유산슬  해물까스*탈탈소스  도라지나물  포기김치 (김치:국내산) ,1193.0,637.0,2350.0,0.5076595744680851,7.504166666666667,14.3,-0.2,,53.5,,True
2016-03-29,화,2624.0,52.0,245.0,259.0,0.0,모닝롤/참치샌드  우유/주스  계란후라이  야채죽/쌀밥 (쌀:국내산) 쇠고기버섯국  오이무침 포기김치 (김치:국내산) , 쌀밥/잡곡밥 (쌀:국내산) 옹심이만두국  주꾸미볶음  새송이버섯전  치커리유자청생채  포기김치 (김치:국내산)  ,햄볶음밥 (쌀:국내산) 유부장국  돈육씨앗강정  해초무침  깨찰빵  포기김치 (김치:국내산) ,892.0,465.0,2327.0,0.38332617103566824,8.2875,17.2,-1.3,,49.91666666666666,,True
2016-03-30,수,2624.0,48.0,230.0,0.0,0.0,모닝롤/핫도그  우유/주스  계란후라이  닭죽/쌀밥 (쌀:국내산) 감자국  참나물무침 포기김치 (김치:국내산) , 봄새싹비빔밥 (쌀:국내산) 쪽파국  오징어튀김  알감자버터구이  오렌지  포기김치 (김치:국내산)  ,쌀밥/잡곡밥 (쌀:국내산) 어묵국  등갈비김치찜  청포묵무침  애호박나물  깍두기 (김치:국내산) ,1033.0,463.0,2346.0,0.4403239556692242,9.904166666666669,15.7,1.8,,61.125,,True
2016-03-31,목,2624.0,36.0,248.0,158.0,0.0,모닝롤/단팥빵  우유/주스  계란후라이  늙은호박죽/쌀밥 (쌀:국내산) 바지락쑥국  마늘쫑무침 포기김치 (김치:국내산) , 쌀밥/잡곡밥 (쌀:국내산) 매운콩나물국  돈육굴소스볶음  동태전  봄동나물  포기김치 (김치:국내산)  ,주먹밥 (쌀:국내산) 잔치국수  또띠아피자  과일샐러드  오이피클  포기김치 (김치:국내산) ,781.0,526.0,2340.0,0.33376068376068374,14.237500000000002,21.3,7.4,,52.5,,True
2016-04-01,금,2643.0,103.0,254.0,47.0,0.0,모닝롤/야채샌드  우유/주스  계란후라이  녹두죽/쌀밥 (쌀:국내산) 민물새우찌개  구이김 포기김치 (김치:국내산) , 쌀밥/잡곡밥 (쌀:국내산) 버섯들깨탕  갈치조림  우엉잡채  아삭고추무침  포기김치 (김치:국내산)  ,쌀밥/잡곡밥 (쌀:국내산) 쇠고기미역국  순살깐풍기  계란찜  숙주미나리나물  포기김치 (김치:국내산) ,661.0,591.0,2286.0,0.2891513560804899,12.016666666666667,20.5,4.8,,62.54166666666666,,True
2016-04-04,월,2643.0,62.0,221.0,367.0,0.0,"모닝롤/팬케익  우유/두유/주스 계란후라이  잣죽/쌀밥 (쌀:국내산) 근대국  마늘쫑무침  포기김치 (배추,고추가루:국내산) ","쌀밥/잡곡밥 (쌀,현미흑미:국내산) 순두부찌개  쇠불고기  브로컬리맛살볶음  풋마늘초무침  포기김치 (배추,고추가루:국내산)   ","쌀밥/잡곡밥 (쌀,현미흑미:국내산) 된장찌개  고등어조림  고기전  부추생채  포기김치 (김치:국내산) ",1237.0,614.0,2360.0,0.5241525423728813,12.304166666666667,13.4,10.9,,86.08333333333333,1.0,True
2016-04-05,화,2643.0,31.0,242.0,370.0,0.0,"모닝롤/단호박샌드  우유/두유/주스 계란후라이  양송이죽/쌀밥 (쌀:국내산) 두부젓국찌개  미역줄기볶음  포기김치 (배추,고추가루:국내산) ","쌀밥/잡곡밥 (쌀,현미흑미:국내산) 북어국  오징어볶음*소면  모둠소시지구이  시금치나물  포기김치 (배추,고추가루:국내산)   ","김치볶음밥 (쌀,현미흑미:국내산) 가쯔오장국  감자치즈구이  꽃맛살샐러드  단무지  깍두기 (배추,고추가루:국내산) ",840.0,555.0,2370.0,0.35443037974683544,11.170833333333334,13.5,9.8,,82.83333333333333,1.0,True
2016-04-06,수,2643.0,37.0,249.0,0.0,0.0,"모닝롤/치즈프레즐  우유/두유/주스 계란후라이  팥죽/쌀밥 (쌀:국내산) 꽃게탕  방풍나물  포기김치 (배추,고추가루:국내산) ","쌀밥/잡곡밥 (쌀,현미흑미:국내산) 올갱이아욱국  제육볶음  두부조림  모둠쌈*쌈장  포기김치 (배추,고추가루:국내산)   ","쌀밥/잡곡밥 (쌀,현미흑미:국내산) 매운버섯국  찜닭  탕평채  청경채생채  포기김치 (배추,고추가루:국내산) ",876.0,492.0,2357.0,0.37165888841747985,12.6625,19.2,7.4,,65.33333333333333,,True
2016-04-07,목,2643.0,47.0,258.0,339.0,0.0,"모닝롤/치킨샌드  우유/두유/주스 계란후라이  흑임자죽/쌀밥 (쌀:국내산) 열무된장국  진미채무침  포기김치 (배추,고추가루:국내산) ","쌀밥/잡곡밥 (쌀,현미흑미:국내산) 어묵국  매운돼지갈비찜  해물파전  무생채  포기김치 (배추,고추가루:국내산)   ","김밥 (쌀,현미흑미:국내산) 우동  야채튀김  조각사과  오복지  포기김치 (배추,고추가루:국내산) ",853.0,524.0,2338.0,0.36484174508126604,11.5875,20.3,5.4,,65.04166666666667,1.0,True
2016-04-08,금,2643.0,87.0,283.0,64.0,0.0,"모닝롤/브라우니  우유/두유/주스 계란후라이  고구마죽/쌀밥 (쌀:국내산) 대구찌개  콩조림  포기김치 (배추,고추가루:국내산) ","쌀밥/잡곡밥 (쌀,현미흑미:국내산) 배추된장국  순살양념치킨  메추리알조림  콩나물무침  포기김치 (배추,고추가루:국내산)   ","쌀밥/잡곡밥 (쌀,현미흑미:국내산) 오징어국  미니함박  멸치호두볶음  치커리사과무침  포기김치 (배추,고추가루:국내산) ",764.0,542.0,2273.0,0.3361196656401232,12.133333333333333,17.3,8.7,,82.33333333333333,1.0,True
2016-04-11,월,2643.0,82.0,203.0,392.0,0.0,"모닝롤/마늘빵  우유/두유/주스 계란후라이  견과류죽/쌀밥 (쌀:국내산) 고추장찌개  김자반  포기김치 (배추,고추가루:국내산) ","쌀밥/잡곡밥 (쌀,현미흑미:국내산) 시래기국  훈제오리구이 (훈제오리:국내산) 무쌈/양파절임  풋마늘초무침  포기김치 (배추,고추가루:국내산)   ",쌀밥/잡곡밥 (쌀:국내산) 쇠고기무국 (쇠고기:호주산) 가자미찜  계란야채말이  돌나물오이무침  포기김치 (김치:국내산) ,1225.0,536.0,2358.0,0.5195080576759966,14.1375,22.6,7.3,,63.41666666666666,,True
2016-04-12,화,2643.0,76.0,225.0,239.0,0.0,"모닝롤/씨크립샌드  우유/두유/주스 계란후라이  쇠고기죽/쌀밥 (쇠고기:호주산,쌀:국내산) 얼갈이된장국  감자채볶음  포기김치 (배추,고추가루:국내산) ","쌀밥/잡곡밥 (쌀,현미흑미:국내산) 부대찌개  쇠고기단호박조림 (쇠고기:호주산) 열무나물  시금치나물  포기김치 (배추,고추가루:국내산)   ","치킨마요덮밥 (닭,쌀:국내산) 유부주머니국  떡볶이  단무지무침  오렌지  포기김치 (김치:국내산) ",771.0,500.0,2342.0,0.3292058070025619,10.966666666666669,12.5,9.4,,68.45833333333333,,True
2016-04-14,목,2643.0,106.0,252.0,326.0,0.0,"모닝롤/에그샌드  우유/두유/주스 계란후라이  브로컬리죽/쌀밥 (쌀:국내산) 황태국  콩나물무침  포기김치 (배추,고추가루:국내산) ","쌀밥/잡곡밥 (쌀,현미흑미:국내산)  수제비국  돈육굴소스볶음 (돼지고기:국내산) 양배추쌈  무생채  포기김치 (배추,고추가루:국내산)   ",비빔밥 (쌀:국내산) 팽이버섯장국  새우또띠아  견과류조림  피크닉  포기김치 (김치:국내산) ,969.0,562.0,2285.0,0.42407002188183807,13.283333333333331,15.4,10.8,,89.875,1.0,True
2016-04-15,금,2643.0,131.0,281.0,82.0,0.0,"모닝롤/크로와상  우유/두유/주스 계란후라이  새우살죽/쌀밥 (쌀:국내산) 재첩국  시금치나물  포기김치 (배추,고추가루:국내산) ","쌀밥/잡곡밥 (쌀,현미흑미:국내산) 냉이된장찌개  닭데리야끼조림 (닭고기:국내산) 도라지초무침  콩나물무침  포기김치 (배추,고추가루:국내산)   ",쌀밥/잡곡밥 (쌀:국내산) 들깨미역국  수제돈가스  감자범벅  참나물생채  포기김치/무피클 (김치:국내산) ,579.0,582.0,2231.0,0.2595248767368893,17.391666666666666,25.5,12.7,,59.54166666666666,,True
2016-04-18,월,2643.0,81.0,225.0,330.0,0.0,모닝롤/꿀호떡  우유/주스  계란후라이  흑임자죽/쌀밥 (쌀:국내산) 감자국 오이무침  포기김치 (고춧가루:국내산) ,쌀밥/잡곡밥 (쌀:국내산) 배추된장국  돈육강정  콩나물잡채  브로컬리두부무침  포기김치 (김치:국내산)   ,쌀밥/잡곡밥 (쌀:국내산) 꽃게탕  유산슬  야채계란찜  두반장가지나물  포기김치 (김치:국내산) ,1120.0,525.0,2337.0,0.4792468977321352,15.820833333333333,19.0,10.7,,47.458333333333336,1.0,True
2016-04-19,화,2643.0,44.0,239.0,387.0,0.0,모닝롤/토마토샌드  우유/주스  계란후라이  표고버섯죽/쌀밥 (쌀:국내산) 콩나물국 곤약어묵볶음  포기김치 (김치:국내산) ,쌀밥/잡곡밥 (쌀:국내산) 육개장  꽁치한마리구이  고기전  해초무침  포기김치 (김치:국내산)   ,낙지비빔밥  유부장국  새싹피자  과일샐러드  꼬들단무지  포기김치 (김치:국내산) ,980.0,449.0,2360.0,0.4152542372881356,14.166666666666666,20.1,8.7,,42.04166666666666,,True
2016-04-20,수,2643.0,47.0,262.0,0.0,0.0,모닝롤/베이글  우유/주스  계란후라이  홍게살죽/쌀밥  김치국 느타리볶음  포기김치 (김치:국내산) ,콩나물밥  근대된장국  매콤떡갈비조림  청포묵무침  부추생채  포기김치 (김치:국내산)   ,쌀밥/잡곡밥  어묵국  닭볶음탕  새송이버섯전  시금치나물  포기김치 (김치:국내산) ,849.0,504.0,2334.0,0.36375321336760924,13.995833333333332,20.2,6.8,,45.25,,True
2016-04-21,목,2643.0,66.0,264.0,312.0,0.0,모닝롤/고구마샌드  우유/주스  계란후라이  늙은호박죽/쌀밥 (쌀:국내산) 선지해장국 비름나물  포기김치 (김치:국내산) ,쌀밥/잡곡밥 (쌀:국내산) 대구매운탕  쇠고기볶음  옥수수전  청경채생채  포기김치 (김치:국내산)   ,오므라이스 (쌀:국내산) 팽이버섯국  해물까스*탈탈소스  쫄면무침  바나나/피클  포기김치 (김치:국내산) ,940.0,531.0,2313.0,0.40639861651534803,13.045833333333334,20.3,5.8,,58.958333333333336,,True
2016-04-22,금,2643.0,150.0,275.0,86.0,0.0,모닝롤/카스텔라  우유/주스  계란후라이  고구마죽/쌀밥 (쌀:국내산) 아욱국 숙주나물  포기김치 (김치:국내산) ,쌀밥/잡곡밥 (쌀:국내산) 북어국  등갈비김치찜  연근조림  깻잎양념지  열무김치 (김치:국내산)   ,쌀밥/잡곡밥 (쌀:국내산) 순두부찌개  탕수어  꽃맛살볶음  취나물땅콩무침  포기김치 (김치:국내산) ,698.0,557.0,2218.0,0.3146979260595131,13.862500000000002,17.1,11.2,,87.0,1.0,True
2016-04-25,월,2643.0,96.0,201.0,281.0,0.0,모닝롤/프렌치토스트  우유/주스  계란후라이  땅콩죽/쌀밥 (쌀:국내산) 차돌박이찌개 김구이  포기김치 (고춧가루:국내산) ,쌀밥/잡곡밥 (쌀:국내산) 콩나물국  돈간장불고기  김치전  버섯볶음  포기김치 (김치:국내산)   ,쌀밥/잡곡밥 (쌀:국내산) 알탕  순살깐풍기  모둠묵*양념장  세발나물  포기김치 (김치:국내산) ,1227.0,528.0,2346.0,0.5230179028132992,14.862500000000002,23.0,7.4,,54.583333333333336,,True
2016-04-26,화,2643.0,51.0,227.0,304.0,0.0,모닝롤/베이컨샌드  우유/주스  계란후라이  녹두죽/쌀밥 (쌀:국내산) 연두부탕 열무나물  포기김치 (김치:국내산) ,쌀밥/잡곡밥 (쌀:국내산) 쇠고기무국  주꾸미볶음  치즈계란말이  풋마늘대무침  포기김치 (김치:국내산)   ,짜장덮밥  맑은국  쇠고기퀘사디아  오이무침  요플레/단무지  포기김치 (김치:국내산) ,795.0,568.0,2365.0,0.3361522198731501,15.5125,26.3,7.1,,52.16666666666666,,True
2016-04-27,수,2643.0,71.0,234.0,0.0,0.0,모닝롤/와플  우유/주스  계란후라이  닭죽/쌀밥 (쌀:국내산) 매운어묵국 감자채볶음  포기김치 (김치:국내산) ,나물비빔밥 (쌀:국내산) 미소장국  궁중떡찜  알감자버터구이  유기농식혜  배추겉절이 (김치:국내산)   ,쌀밥/잡곡밥 (쌀:국내산) 청국장찌개  코다리무조림  비엔나케찹볶음  참나물  포기김치 (김치:국내산) ,1028.0,490.0,2338.0,0.43969204448246363,15.775,25.2,6.2,,61.0,1.0,True
2016-04-28,목,2643.0,56.0,269.0,196.0,0.0,모닝롤/롤케익  우유/주스  계란후라이  표고버섯죽/쌀밥 (쌀:국내산) 우거지해장국 마늘쫑볶음  포기김치 (김치:국내산) ,쌀밥/잡곡밥 (쌀:국내산) 미역국  양념파닭  동그랑땡부침  콩자반/치킨무  포기김치 (김치:국내산)   ,참치주먹밥 (쌀:국내산) 비빔메밀국수  가쯔오장국  탕수만두  오렌지  포기김치 (김치:국내산) ,811.0,508.0,2318.0,0.34987057808455563,11.675000000000002,14.4,10.8,43.0,84.91666666666667,1.0,True
2016-04-29,금,2643.0,139.0,282.0,28.0,0.0,모닝롤/야채햄샌드  우유/주스  계란후라이  김치죽/쌀밥 (쌀:국내산) 우렁살된장국 진미채무침  포기김치 (김치:국내산) ,쌀밥/잡곡밥 (쌀:국내산) 돈육김치찌개  미트볼조림  고등어카레구이  치커리사과무침  깍두기 (김치:국내산)   ,쌀밥/잡곡밥 (쌀:국내산) 들깨버섯탕  고추잡채*꽃빵  두부계란구이  시금치초장무침  포기김치 (김치:국내산) ,652.0,507.0,2222.0,0.2934293429342934,13.916666666666666,19.0,10.5,,77.0,1.0,True
2016-05-02,월,2635.0,80.0,214.0,302.0,0.0,모닝롤/마늘빵  우유/주스 계란후라이  야채죽/쌀밥 (쌀:국내산) 호박젓국찌개  김자반  포기김치 (고춧가루:국내산) ,쌀밥/잡곡밥 (쌀:국내산) 시금치국  닭갈비  맛살겨자채  비름나물  포기김치 (김치:국내산)   ,쌀밥/잡곡밥 (쌀:국내산) 북어국  고추장불고기  모듬양채쌈  날치알계란찜  포기김치 (김치:국내산) ,1242.0,551.0,2341.0,0.5305425032037591,16.737499999999997,23.2,8.3,,58.29166666666666,,True
2016-05-03,화,2635.0,65.0,251.0,292.0,0.0,모닝롤/옥수수샌드  우유/주스 계란후라이  팥죽/쌀밥 (쌀:국내산) 재첩국  오이도라지무침  포기김치 (김치:국내산) ,곤드레밥 (쌀:국내산) 무채국  모둠장조림  온두부  실곤약초무침  볶은김치 (김치:국내산)   ,쌀밥/잡곡밥 (쌀:국내산) 부대찌개*라면사리  탕수육  삼치구이  미역줄기볶음  열무김치 (김치:국내산) ,964.0,515.0,2319.0,0.4156964208710651,17.1375,22.7,10.4,,76.58333333333333,,True
2016-05-04,수,2635.0,150.0,244.0,0.0,0.0,모닝롤/찐빵  우유/주스 계란후라이  밤죽/쌀밥 (쌀:국내산) 콩나물김치국  브로컬리들깨찜  포기김치 (김치:국내산) ,쌀밥/잡곡밥 (쌀:국내산) 쇠고기샤브국  오징어볶음  동태전  무생채  포기김치 (김치:국내산)   ,카레덮밥  미소장국  수제미니햄버거  오이소박이  사과/오렌지쥬스  포기김치 (김치:국내산) ,723.0,636.0,2241.0,0.32262382864792505,17.0625,20.1,14.4,,68.20833333333333,1.0,True
2016-05-09,월,2635.0,101.0,233.0,344.0,0.0,모닝롤/팬케익  우유/주스 계란후라이  호두죽/쌀밥 (쌀:국내산) 들깨미역국  진미채무침  포기김치 (고춧가루:국내산) ,쌀밥/잡곡밥 (쌀:국내산) 매운어묵국  훈제오리구이  무쌈/양파절임  도토리묵무침  포기김치 (김치:국내산)   ,쌀밥/잡곡밥 (쌀:국내산) 닭개장  가자미튀김  모둠소시지구이  오이무침  포기김치 (김치:국내산) ,1216.0,591.0,2301.0,0.5284658843980878,16.587500000000002,23.1,8.4,,51.25,,True
2016-05-10,화,2635.0,53.0,252.0,350.0,0.0,모닝롤/에그샌드  우유/주스 계란후라이  브로컬리죽/쌀밥 (쌀:국내산) 근대국  감자채볶음  포기김치 (김치:국내산) ,쌀밥/잡곡밥 (쌀:국내산) 콩나물국  버섯불고기  오징어초무침  시금치나물  포기김치 (김치:국내산)   ,김치볶음밥/계란 (쌀:국내산) 가쯔오국  찹쌀순대볶음  감자만두  바나나  포기김치 (김치:국내산) ,1008.0,519.0,2330.0,0.43261802575107294,17.375,21.8,13.9,,55.25,,True
2016-05-11,수,2635.0,60.0,266.0,0.0,0.0,모닝롤/크로와상  우유/주스 계란후라이  홍게살죽/쌀밥 (쌀:국내산) 느타리버섯국  호박나물  포기김치 (김치:국내산) ,단호박영양밥 (쌀:국내산) 시래기된장국  돈육칠리강정  멸치크랜베리볶음  가지나물  포기김치 (김치:국내산)   ,쌀밥/잡곡밥 (쌀:국내산) 콩비지찌개  해물누룽지탕  치즈계란말이  양념깻잎지  열무김치 (김치:국내산) ,915.0,423.0,2309.0,0.39627544391511477,14.858333333333333,17.2,12.2,,83.58333333333333,1.0,True
2016-05-12,목,2635.0,71.0,274.0,315.0,0.0,모닝롤/참치샌드  우유/주스 계란후라이  야채죽/쌀밥 (쌀:국내산) 북어계란국  취나물  포기김치 (김치:국내산) ,쌀밥/잡곡밥 (쌀:국내산) 오징어국  찜닭  꽃맛살볶음  통도라지구이  포기김치 (김치:국내산)   ,돈까스김밥 (쌀:국내산) 잔치국수  멕시칸샐러드  마늘쫑무침  컵주스  포기김치 (김치:국내산) ,753.0,532.0,2290.0,0.32882096069868993,15.783333333333331,21.6,12.4,,72.29166666666667,1.0,True
2016-05-13,금,2635.0,185.0,268.0,80.0,0.0,모닝롤/치즈프레즐  우유/주스 계란후라이  흑임자죽/쌀밥 (쌀:국내산) 아욱국  노각무침  포기김치 (김치:국내산) ,쌀밥/잡곡밥 (쌀:국내산) 된장찌개  매운돼지갈비찜  해물파전  치커리유자생채  배추겉절이 (김치:국내산)   ,쌀밥/잡곡밥 (쌀:국내산) 쇠고기무국  코다리강정  잡채  얼갈이나물  포기김치 (김치:국내산) ,761.0,517.0,2182.0,0.34876260311640694,17.270833333333336,23.5,11.4,,64.20833333333333,,True
2016-05-16,월,2635.0,99.0,216.0,368.0,0.0,모닝롤/프렌치토스트  우유/주스 계란후라이  잣죽/쌀밥 (쌀:국내산) 연두부탕  김자반  포기김치 (김치:국내산) ,쌀밥/잡곡밥 (쌀:국내산) 감자고추장찌개  돈육굴소스볶음  계란찜  꽃상추무침  포기김치 (김치:국내산)   ,쌀밥/잡곡밥 (쌀:국내산) 닭곰탕  주꾸미볶음  두부계란부침  부추생채  포기김치 (김치:국내산) ,1180.0,594.0,2320.0,0.5086206896551724,17.304166666666667,21.6,10.8,,79.875,1.0,True
2016-05-17,화,2635.0,41.0,254.0,377.0,0.0,모닝롤/햄치즈샌드  우유/주스 스크램블에그 새우살죽/쌀밥 (쌀:국내산) 콩나물국  느타리볶음  포기김치 (김치:국내산) ,쌀밥/잡곡밥 (쌀:국내산) 들깨버섯탕  고등어김치말이  고기전  비름나물  깍두기 (김치:국내산)   ,유부초밥 (쌀:국내산) 우동  떡볶이  군만두  또띠아칩/오렌지  포기김치 (김치:국내산) ,899.0,633.0,2340.0,0.3841880341880342,16.05,21.9,9.5,,59.29166666666666,1.0,True
2016-05-18,수,2635.0,71.0,257.0,0.0,0.0,모닝롤/단팥빵  우유/주스 계란후라이  쇠고기죽/쌀밥 (쌀:국내산) 민물새우찌개  어묵볶음  포기김치 (김치:국내산) ,산채비빔밥 (쌀:국내산) 미소장국  치킨핑거  연근땅콩조림  요플레  포기김치 (김치:국내산)   ,쌀밥/잡곡밥 (쌀:국내산) 뼈해장국  황태양념구이  메추리알조림  시금치무침  석박지 (김치:국내산) ,856.0,456.0,2307.0,0.37104464672735155,16.145833333333332,27.4,4.9,,54.04166666666666,,True
2016-05-19,목,2635.0,65.0,266.0,264.0,0.0,모닝롤/씨크립샌드  우유/주스 스크램블에그 양송이죽/쌀밥 (쌀:국내산) 대구찌개  명엽채무침  포기김치 (김치:국내산) ,쌀밥/잡곡밥 (쌀:국내산) 열무된장국  미니채소떡갈비  골뱅이무침*소면  숙주나물  포기김치 (김치:국내산)   ,새우살볶음밥 (쌀:국내산) 팽이장국  사천식탕수육  콩나물무침  슈크림  포기김치 (김치:국내산) ,898.0,529.0,2304.0,0.3897569444444444,19.05,30.4,8.8,,56.16666666666666,,True
2016-05-20,금,2635.0,169.0,287.0,56.0,0.0,모닝롤/고구마파이  우유/주스 계란후라이  단호박죽/쌀밥 (쌀:국내산) 근대국  머위대나물  포기김치 (김치:국내산) ,쌀밥/잡곡밥 (쌀:국내산) 순두부찌개  닭오븐구이  새송이버섯전  불미나리무침  포기김치 (김치:국내산)   ,쌀밥/잡곡밥 (쌀:국내산) 육개장  꽁치허브구이  비엔나케찹볶음  참나물무침  포기김치 (김치:국내산) ,653.0,487.0,2179.0,0.2996787517209729,19.254166666666663,28.8,10.7,,57.583333333333336,,True
2016-05-23,월,2635.0,88.0,203.0,362.0,0.0,모닝롤/마늘빵  우유/주스 계란후라이  땅콩죽/쌀밥 (쌀:국내산) 얼갈이된장국  미역레몬초무침  포기김치 (고춧가루:국내산) ,쌀밥/잡곡밥 (쌀:국내산) 북어콩나물국  쇠고기불고기 (쇠고기:호주산) 옥수수전  오이무침  포기김치 (김치:국내산)   ,쌀밥/잡곡밥 (쌀:국내산) 수제비국  데리야끼파닭  새송이버섯볶음  아삭고추무침  포기김치 (김치:국내산) ,1160.0,613.0,2344.0,0.4948805460750853,19.4875,28.5,10.7,,52.125,,True
2016-05-24,화,2635.0,74.0,234.0,310.0,0.0,모닝롤/인절미토스트  우유/주스 스크램블에그 녹두죽/쌀밥 (쌀:국내산) 콩나물국  김구이  포기김치 (김치:국내산) ,쌀밥/잡곡밥 (쌀:국내산) 한방갈비탕 (쇠고기:호주산) 꼬지삼색전  오징어숙회무침  치커리생채  석박지 (김치:국내산)   ,참치회덮밥 (쌀:국내산) 맑은국  고구마치즈구이  락교  방울토마토  포기김치 (김치:국내산) ,1107.0,465.0,2327.0,0.47571981091534166,19.42916666666667,27.3,10.4,,56.583333333333336,,True
2016-05-25,수,2635.0,72.0,258.0,0.0,0.0,모닝롤/야채샌드  우유/주스 계란후라이  김치죽/쌀밥 (쌀:국내산) 올갱이아욱국  검정콩조림  열무김치 (김치:국내산) ,낙지볶음밥 (쌀:국내산) 미역장국  탕수어 (동태포:러시아산) 우엉조림  매실주스  포기김치 (김치:국내산)   ,쌀밥/잡곡밥  된장찌개  등갈비김치찜 (돼지고기:국내산) 해물까스*탈탈소스  도라지나물  오이소박이 (김치:국내산) ,938.0,454.0,2305.0,0.406941431670282,19.133333333333336,20.3,16.5,,84.33333333333333,1.0,True
2016-05-26,목,2635.0,64.0,285.0,227.0,0.0,모닝롤/베이글  우유/주스 스크램블에그 소라살죽/쌀밥  어묵국  마늘쫑무침  포기김치 (김치:국내산) ,쌀밥/잡곡밥 (쌀:국내산) 쇠고기해장국 (쇠고기:호주산) 갈치구이  비엔나감자볶음  무생채  포기김치 (김치:국내산)   ,짜장잡채밥  계란파국  춘권*칠리소스  과일샐러드  쨔샤이무침  포기김치 (김치:국내산) ,783.0,520.0,2286.0,0.3425196850393701,19.4,26.5,12.9,,67.83333333333333,,True
2016-05-27,금,2635.0,163.0,291.0,61.0,0.0,모닝롤/식빵피자  우유/주스 계란후라이  밤죽/쌀밥  피바지락국  브로컬리초장  포기김치 (김치:국내산) ,쌀밥/잡곡밥 (쌀:국내산) 배추된장국  닭양념조림 (닭고기:국내산) 동그랑땡전  고구마순나물  깍두기 (김치:국내산)   ,쌀밥/잡곡밥 (쌀:국내산) 꽃게탕  돈육청경채볶음 (돼지고기:국내산) 계란말이  연두부*새싹장  포기김치 (김치:국내산) ,660.0,493.0,2181.0,0.30261348005502064,20.3,27.1,13.0,,64.95833333333333,,True
2016-05-30,월,2635.0,73.0,215.0,291.0,0.0,모닝롤/카스텔라  우유/주스  계란후라이 흑임자죽/쌀밥 미역국  멸치캐슈넛볶음  포기김치 (고춧가루:국내산) ,쌀밥/잡곡밥 (쌀:국내산) 콩나물김치국  누룽지탕수육 (돼지고기:국내산) 명태조림  오이도라지생채  포기김치 (김치:국내산)   ,"쌀밥/잡곡밥 (쌀:국내산) 해물순두부찌개  미니함박조림 (쇠고기:호주산,돈육:국내산) 도토리묵무침  숙주나물  포기김치 (김치:국내산) ",1231.0,631.0,2347.0,0.5244993608862377,19.77083333333333,25.6,15.6,,74.20833333333333,1.0,True
2016-05-31,화,2635.0,50.0,250.0,185.0,0.0,모닝롤/치킨샌드  우유/주스  계란후라이 새우살죽/쌀밥 쇠고기무국 (쇠고기:호주산) 가지나물  포기김치 (김치:국내산) ,쌀밥/잡곡밥 (쌀:국내산) 근대된장국  닭갈비 (닭고기:국내산) 잡채  깻잎양념지  포기김치 (김치:국내산)   ,참치주먹밥 (쌀:국내산) 쌀국수 (닭고기:국내산) 수제고로케*케찹  꽃맛살샐러드  무피클  포기김치 (김치:국내산) ,921.0,535.0,2335.0,0.3944325481798715,21.620833333333337,30.5,13.0,,58.375,,True
2016-06-01,수,2637.0,75.0,245.0,0.0,0.0,모닝롤/브라우니  우유/주스  계란후라이 팥죽/쌀밥 홍초콩나물국  김자반  포기김치 (김치:국내산) ,열무비빔밥 (쌀:국내산) 강된장찌개  오징어튀김  궁중떡볶이  음료  포기김치 (김치:국내산)   ,쌀밥/잡곡밥 (쌀:국내산) 어묵국  고추장불고기 (돼지고기:국내산) 감자채햄볶음  양배추쌈  포기김치 (김치:국내산) ,916.0,490.0,2317.0,0.395338800172637,21.070833333333333,29.0,12.8,,61.5,,True
2016-06-02,목,2637.0,81.0,258.0,301.0,0.0,모닝롤/에그샌드  우유/주스  스크램블에그 야채죽/쌀밥 황태국  애호박나물  포기김치 (김치:국내산) ,쌀밥/잡곡밥 (쌀:국내산) 오이미역냉국  모둠장조림 (쇠고기:호주산) 두부구이  실곤약초무침  포기김치 (김치:국내산)   ,날치알볶음밥 (쌀:국내산) 유부장국  고추잡채*꽃빵 (쇠고기:호주산) 땅콩조림  오렌지  배추겉절이 (김치:국내산) ,850.0,483.0,2298.0,0.3698868581375109,20.90833333333333,25.9,17.0,,57.333333333333336,,True
2016-06-03,금,2637.0,191.0,268.0,64.0,0.0,모닝롤/크로와상  우유/주스  계란후라이  홍게살죽/쌀밥 무채국  사각어묵무침  열무김치 (김치:국내산) ,쌀밥/잡곡밥 (쌀:국내산) 차돌박이찌개 (쇠고기:호주산) 찜닭 (닭고기:국내산) 김치전  머위대나물  포기김치 (김치:국내산)   ,쌀밥/잡곡밥 (쌀:국내산) 시래기국  수제돈까스  단호박범벅/오이피클  주꾸미무침  포기김치 (김치:국내산) ,721.0,548.0,2178.0,0.3310376492194674,19.091666666666665,26.4,11.5,,54.333333333333336,,True
2016-06-07,화,2637.0,115.0,192.0,389.0,0.0,모닝롤/치즈프레즐  우유/주스 계란후라이  견과류죽/쌀밥 (쌀:국내산) 두부김치국  명엽채무침  포기김치 (김치:국내산) ,쌀밥/잡곡밥 (쌀:국내산) 북어계란국  돈육굴소스볶음  홍어채무침  가지나물  포기김치 (김치:국내산)   ,콩나물밥*양념장 (쌀:국내산) 가쯔오장국  미트볼케찹조림  계란찜  마늘쫑무침  포기김치 (김치:국내산) ,1244.0,629.0,2330.0,0.5339055793991416,18.47083333333333,19.7,17.5,,78.04166666666667,1.0,True
2016-06-08,수,2637.0,58.0,240.0,0.0,0.0,모닝롤/바나나샌드  우유/주스 계란후라이  고구마죽/쌀밥 (쌀:국내산) 아욱국  오이생채  포기김치 (김치:국내산) ,쌀밥/잡곡밥 (쌀:국내산) 참치김치찌개  순살깐풍기  맛살콩나물냉채  브로컬리초장  깍두기 (김치:국내산)   ,쌀밥/잡곡밥 (쌀:국내산) 육개장  자반고등어구이  우엉잡채  상추겉절이  포기김치 (김치:국내산) ,931.0,500.0,2339.0,0.3980333475844378,21.104166666666668,25.9,17.4,,76.875,1.0,True
2016-06-09,목,2637.0,69.0,252.0,359.0,0.0,모닝롤/핫도그  우유/주스 스크램블에그 늙은호박죽/쌀밥 (쌀:국내산) 느타리버섯국  숙주나물  포기김치 (김치:국내산) ,쌀밥/잡곡밥 (쌀:국내산) 매운콩나물국  돼지갈비찜  부추전  비름나물  포기김치 (김치:국내산)   ,충무김밥  열무물국수  오징어무침  야채튀김  방울토마토  석박지 (김치:국내산) ,829.0,506.0,2316.0,0.3579447322970639,21.17083333333333,24.2,17.9,,80.125,,True
2016-06-10,금,2637.0,151.0,270.0,61.0,0.0,모닝롤/토마토샌드  우유/주스 계란후라이  참치야채죽/쌀밥 (쌀:국내산) 꽃게탕  취나물  포기김치 (김치:국내산) ,쌀밥/잡곡밥 (쌀:국내산) 된장찌개  오징어볶음  모둠소시지구이  치커리사과무침  포기김치 (김치:국내산)   ,쌀밥/잡곡밥 (쌀:국내산) 어묵국  버섯불고기  두부조림  참나물  포기김치 (김치:국내산) ,697.0,509.0,2216.0,0.3145306859205776,21.89583333333333,27.1,18.8,,76.0,,True
2016-06-13,월,2637.0,98.0,209.0,415.0,0.0,모닝롤/프렌치토스트  우유/주스 계란후라이  잣죽/쌀밥 (쌀:국내산) 쇠고기무국  멸치고추장무침  포기김치 (김치:국내산) ,쌀밥/잡곡밥 (쌀:국내산) 북어콩나물국  제육볶음  참치야채전  모둠쌈  포기김치 (김치:국내산)   ,쌀밥/잡곡밥 (쌀:국내산) 들깨버섯탕  삼치데리야끼구이  햄맛살볶음  아삭고추무침  포기김치 (김치:국내산) ,1243.0,590.0,2330.0,0.5334763948497854,22.44583333333333,24.8,20.0,,83.91666666666667,1.0,True
2016-06-14,화,2637.0,56.0,241.0,432.0,0.0,모닝롤/옥수수샌드  우유/주스 계란후라이  녹두죽/쌀밥 (쌀:국내산) 동태찌개  새송이버섯볶음  포기김치 (김치:국내산) ,쌀밥/잡곡밥 (쌀:국내산) 배추된장국  닭양념조림  탕평채  어묵볶음  열무김치 (김치:국내산)   ,오므라이스 (쌀:국내산) 미소장국  훈제오리냉채  군만두  수박  포기김치 (김치:국내산) ,973.0,593.0,2340.0,0.41581196581196583,23.291666666666668,28.0,20.7,,74.66666666666667,,True
2016-06-15,수,2637.0,60.0,260.0,0.0,0.0,모닝롤/와플  우유/주스 계란후라이  쇠고기죽/쌀밥 (쌀:국내산) 시금치국  감자채볶음  포기김치 (김치:국내산) ,카레덮밥 (쌀:국내산) 맑은국  떡갈비조림  쫄면무침  열무된장나물  포기김치 (김치:국내산)   ,쌀밥/잡곡밥 (쌀:국내산) 닭개장  해물청경채볶음  계란말이  오이도라지생채  포기김치 (김치:국내산) ,984.0,535.0,2317.0,0.4246870953819594,22.92083333333333,27.0,20.6,,70.75,,True
2016-06-16,목,2637.0,73.0,263.0,336.0,0.0,모닝롤/베이컨샌드  우유/주스 계란후라이  표고버섯죽/쌀밥 (쌀:국내산) 콩나물국  고구마순나물  포기김치 (김치:국내산) ,쌀밥/잡곡밥 (쌀:국내산) 부대찌개  가자미양념찜  고기전  해초무침  깍두기 (김치:국내산)   ,유부초밥 (쌀:국내산) 냉모밀국수  치킨핑거*요거트D  떡볶이  스틱단무지  포기김치 (김치:국내산) ,800.0,524.0,2301.0,0.3476749239461104,21.695833333333336,23.8,18.9,,78.54166666666667,,True
2016-06-17,금,2637.0,165.0,291.0,60.0,0.0,모닝롤/팬케익  우유/주스 계란후라이  닭죽/쌀밥 (쌀:국내산) 우거지해장국  느타리호박볶음  포기김치 (김치:국내산) ,쌀밥/잡곡밥 (쌀:국내산) 꽃게탕  돈육강정  버섯잡채  김구이  포기김치 (김치:국내산)   ,쌀밥/잡곡밥 (쌀:국내산) 소고기미역국  유산슬  해물가스*탈탈소스  치커리유자무침  포기김치 (김치:국내산) ,694.0,484.0,2181.0,0.3182026593305823,24.116666666666664,27.5,18.2,,66.25,,True
2016-06-20,월,2637.0,101.0,257.0,344.0,0.0,모닝롤/마늘빵  우유/주스 계란후라이 야채죽/쌀밥 (쌀:국내산) 근대된장국  진미채무침  포기김치 (김치:국내산) ,쌀밥/잡곡밥 (쌀:국내산) 어묵국  레몬탕수육 (돼지고기:국내산) 명태엿장조림  시금치나물  포기김치 (김치:국내산)   ,쌀밥/잡곡밥 (쌀:국내산) 호박잎찌개  쇠불고기 (쇠고기:호주산) 두부계란부침  부추생채  포기김치 (김치:국내산) ,1146.0,585.0,2279.0,0.5028521281263713,24.84583333333333,30.5,20.8,,70.04166666666667,1.0,True
2016-06-21,화,2637.0,49.0,248.0,349.0,0.0,모닝롤/고구마샌드  우유/주스 계란후라이 흑임자죽/쌀밥 (쌀:국내산) 김치콩나물국 (김치:국내산) 김자반  포기김치 (김치:국내산) ,쌀밥/잡곡밥 (쌀:국내산) 대구찌개  간장치킨 (닭고기:국내산) 마늘쫑볶음  오이무침/치킨무  포기김치 (김치:국내산)   ,김밥/맑은국 (쌀:국내산) 비빔국수 (쇠고기:호주산) 콘샐러드  찐햇감자  단무지  포기김치 (김치:국내산) ,1091.0,645.0,2340.0,0.46623931623931625,23.104166666666668,26.0,21.0,,82.95833333333333,1.0,True
2016-06-22,수,2637.0,47.0,258.0,0.0,0.0,모닝롤/롤케익  우유/주스 스크램블에그 팥죽/쌀밥 (쇠고기:호주산) 오징어국  노각무침  포기김치 (김치:국내산) ,쌀밥/잡곡밥 (쌀:국내산) 시래기국  돈삼겹보쌈 (돼지고기:칠레산) 새송이버섯전  콩나물파채무침  포기김치/상추쌈 (김치:국내산)   ,쌀밥/잡곡밥 (쌀:국내산) 닭곰탕 (닭고기:국내산) 찹쌀순대볶음  연근땅콩조림  브로컬리초장  포기김치 (김치:국내산) ,1022.0,467.0,2332.0,0.43825042881646653,22.6125,25.1,21.4,,86.33333333333333,1.0,True
2016-06-23,목,2637.0,53.0,271.0,346.0,0.0,모닝롤/치킨샌드 (닭고기:국내산) 우유/주스 계란후라이  홍게살죽/쌀밥 (쌀:국내산) 북어계란국  검정콩조림  열무김치 (김치:국내산) ,쌀밥/잡곡밥 (쌀:국내산) 쇠고기무국 (쇠고기:호주산) 매콤낙지볶음 (낙지:중국산) 메추리알조림  숙주나물  포기김치 (김치:국내산)   ,작은밥/맑은국 (쌀:국내산) 토마토스파게티  양송이스프  쇠고기퀘사디아 (쇠고기:호주산) 오이피클/음료  깍두기 (김치:국내산) ,877.0,588.0,2313.0,0.3791612624297449,21.55,22.5,20.7,,88.29166666666667,1.0,True
2016-06-24,금,2637.0,169.0,284.0,52.0,0.0,모닝롤/베이글  우유/주스 계란후라이  밤죽/쌀밥 (쌀:국내산) 된장찌개  비름나물  포기김치 (김치:국내산) ,쌀밥/잡곡밥 (쌀:국내산) 도토리묵냉국  목살데리야끼구이 (돼지고기:국내산) 골뱅이무침&소면  간장깻잎지  포기김치 (김치:국내산)   ,쌀밥/잡곡밥 (쌀:국내산) 순두부찌개  해물누룽지탕  버섯메밀전  미역줄기  포기김치 (김치:국내산) ,805.0,475.0,2184.0,0.3685897435897436,23.84166666666667,29.1,20.6,,71.91666666666667,,True
2016-06-27,월,2637.0,96.0,227.0,300.0,0.0,모닝롤/프렌치토스트  우유/주스 계란후라이 땅콩죽/쌀밥 (쌀:국내산) 북어콩나물국  쥐어채무침  포기김치 (김치:국내산) ,쌀밥/잡곡밥 (쌀:국내산) 배추된장국  훈제오리구이  실곤약초무침  쌈무/야채스틱  포기김치 (김치:국내산)   ,쌀밥/잡곡밥 (쌀:국내산) 김치찌개  모둠장조림  주꾸미초무침  파래김*양념장  깍두기 (김치:국내산) ,1142.0,609.0,2314.0,0.49351771823681934,23.491666666666664,29.8,16.5,,60.375,,True
2016-06-28,화,2637.0,63.0,253.0,226.0,0.0,모닝롤/햄야채샌드  우유/주스 계란후라이 녹두죽/쌀밥 (쌀:국내산) 새우살미역국  느타리볶음  포기김치 (김치:국내산) ,쌀밥/잡곡밥 (쌀:국내산) 육개장  고등어구이  닭가슴살냉채  마늘쫑무침  포기김치 (김치:국내산)   ,볶음밥/짜장소스 (쌀:국내산) 계란국  탕수만두  멕시칸샐러드  슈크림/단무지  포기김치 (김치:국내산) ,917.0,535.0,2321.0,0.3950883239982766,,,,,,1.0,False
2016-06-29,수,2637.0,67.0,248.0,0.0,0.0,모닝롤/애플파이  우유/주스 스크램블에그 잣죽/쌀밥  동태찌개  애호박나물  포기김치 (김치:국내산) ,쌀밥/잡곡밥 (쌀:국내산) 콩나물국  간장돼지갈비찜  계란말이  상추겉절이  포기김치 (김치:국내산)   ,쌀밥/잡곡밥 (쌀:국내산) 청국장찌개  아귀콩나물찜  비엔나컬리플라워볶음  우엉조림  포기김치 (김치:국내산) ,820.0,487.0,2322.0,0.35314384151593453,21.3,25.2,17.8,,72.33333333333333,,True
2016-06-30,목,2637.0,76.0,247.0,151.0,0.0,모닝롤/단팥빵  우유/주스 계란후라이  단호박죽/쌀밥 (쌀:국내산) 소고기무국  가지나물  포기김치 (김치:국내산) ,쌀밥/잡곡밥 (쌀:국내산) 버섯들깨찌개  닭오븐구이  김치전  치커리사과무침  열무김치 (김치:국내산)   ,주먹밥 (쌀:국내산) 김치말이국수  감자버터구이  견과류조림  토마토   알타리김치 (김치:국내산) ,886.0,446.0,2314.0,0.3828867761452031,21.325,24.9,18.5,,78.70833333333333,1.0,True
2016-07-01,금,2643.0,145.0,215.0,41.0,0.0,모닝롤/참치샌드  우유/주스 계란후라이  브로컬리죽/쌀밥 (쌀:국내산) 시금치국  볼어묵조림  포기김치 (김치:국내산) ,쌀밥/잡곡밥 (쌀:국내산) 수제비국  유자청제육볶음  두부새싹구이  양배추쌈*쌈장  포기김치 (김치:국내산)   ,쌀밥/잡곡밥 (쌀:국내산) 차돌박이된장찌개  깐풍기  옥수수전  도토리묵무침  포기김치 (김치:국내산) ,879.0,513.0,2283.0,0.38501971090670173,23.24166666666667,27.9,19.4,,78.375,,True
2016-07-04,월,2643.0,88.0,190.0,385.0,0.0,모닝롤/카스텔라  우유/주스 계란후라이  호두죽/쌀밥 (쌀:국내산) 무채국  두부조림  포기김치 (김치:국내산) ,쌀밥/잡곡밥 (쌀:국내산) 감자고추장찌개  버섯불고기  맛살겨자초무침  노각무침  포기김치 (김치:국내산)   ,쌀밥/잡곡밥 (쌀:국내산) 열무된장국  닭볶음탕  궁중떡찜  참나물  포기김치 (김치:국내산) ,1292.0,582.0,2365.0,0.5463002114164904,21.45416666666667,23.7,20.2,,89.83333333333333,1.0,True
2016-07-05,화,2643.0,55.0,226.0,376.0,0.0,모닝롤/바나나샌드  우유/주스 계란후라이  표고버섯죽/쌀밥 (쌀:국내산) 꽃게탕  시금치나물  포기김치 (김치:국내산) ,쌀밥/잡곡밥 (쌀:국내산) 쇠고기미역국  꽁치김치말이찜  모둠소세지구이  비름나물  배추겉절이 (김치:국내산)   ,굴소스파인볶음밥 (쌀:국내산) 맑은국  탕수어  쫄면무침  단무지/또띠아칩  포기김치 (김치:국내산) ,952.0,551.0,2362.0,0.40304826418289585,23.4125,27.3,20.4,,88.54166666666667,1.0,True
2016-07-06,수,2643.0,56.0,224.0,0.0,0.0,모닝롤/크로와상  우유/주스 계란후라이  닭죽/쌀밥 (쌀:국내산) 느타리버섯국  명엽채무침  포기김치 (김치:국내산) ,곤드레밥 (쌀:국내산) 가쯔오장국  닭강정  해물파전  통도라지구이  포기김치 (김치:국내산)   ,쌀밥/잡곡밥 (쌀:국내산) 시금치국  오징어볶음  새우까스*탈탈소스  청경채겉절이  포기김치 (김치:국내산) ,939.0,484.0,2363.0,0.39737621667371986,26.4875,29.3,24.6,,80.83333333333333,1.0,True
2016-07-07,목,2643.0,64.0,238.0,340.0,0.0,모닝롤/씨크립샌드  우유/주스 스크램블에그 쇠고기죽/쌀밥 (쌀:국내산) 김치콩나물국  멸치호두볶음  포기김치 (김치:국내산) ,쌀밥/잡곡밥 (쌀:국내산) 된장찌개  갈치조림  돈육잡채  오이생채  포기김치 (김치:국내산)   ,쌀밥/잡곡밥 (쌀:국내산) 함박스테이크  단호박스프  옥수수감자범벅  양배추피클/음료  깍두기 (김치:국내산) ,857.0,494.0,2341.0,0.36608287056813327,26.59166666666667,29.6,24.0,,78.70833333333333,1.0,True
2016-07-08,금,2643.0,155.0,260.0,60.0,0.0,모닝롤/치즈프레즐  우유/주스 계란후라이  김치죽/쌀밥 (쌀:국내산) 근대국  머위대나물  포기김치 (김치:국내산) ,쌀밥/잡곡밥 (쌀:국내산) 우무묵냉국  갈릭돈까스  감자볶음  영양부추  알타리김치 (김치:국내산)   ,쌀밥/잡곡밥 (쌀:국내산) 알탕  고추잡채*꽃빵  동그랑땡전  김구이  포기김치 (김치:국내산) ,863.0,534.0,2228.0,0.387342908438061,25.90833333333333,30.7,22.9,,78.20833333333333,,True
2016-07-11,월,2643.0,121.0,210.0,366.0,0.0,모닝롤/베이글  우유/주스 계란후라이  흑임자죽/쌀밥 (쌀:국내산) 감자국  마늘쫑볶음  포기김치 (김치:국내산) ,쌀밥/잡곡밥 (쌀:국내산) 호박잎찌개  돈육굴소스볶음  홍어채무침  모듬쌈*쌈장  포기김치 (김치:국내산)   ,쌀밥/잡곡밥 (쌀:국내산) 부대찌개  가자미튀김  고기전  오이지  포기김치 (김치:국내산) ,1115.0,630.0,2312.0,0.48226643598615915,26.02916666666667,30.7,21.8,,76.33333333333333,,True
2016-07-12,화,2643.0,72.0,223.0,382.0,0.0,모닝롤/에그샌드  우유/주스 계란후라이  홍게살죽/쌀밥 (쌀:국내산) 쇠고기무국  숙주미나리나물  포기김치 (김치:국내산) ,쌀밥/잡곡밥 (쌀:국내산) 건새우아욱국  순살파닭  꽃맛살볶음  도라지나물  포기김치 (김치:국내산)   ,볶음밥 (쌀:국내산) 쌀국수  수제핫도그  홍시드레싱샐러드  단무지무침  포기김치 (김치:국내산) ,919.0,519.0,2348.0,0.391396933560477,24.42083333333333,26.7,22.9,,84.70833333333333,1.0,True
2016-07-13,수,2643.0,79.0,241.0,0.0,0.0,모닝롤/브라우니  우유/주스 스크램블에그 참치야채죽/쌀밥 (쌀:국내산) 대구찌개  고구마순나물  포기김치 (김치:국내산) ,나물비빔밥 (쌀:국내산) 오이냉국  사천식탕수육  감자만두  수박  포기김치 (김치:국내산)   ,쌀밥/잡곡밥 (쌀:국내산) 쇠고기샤브국  황태양념구이  베이컨계란말이  콩나물무침  포기김치 (김치:국내산) ,866.0,483.0,2323.0,0.3727938011192424,24.287500000000005,26.7,22.7,,86.375,1.0,True
2016-07-14,목,2643.0,84.0,252.0,308.0,0.0,모닝롤/햄치즈샌드  우유/주스 계란후라이  새송이죽/쌀밥 (쌀:국내산) 새알미역국  진미채무침  포기김치 (김치:국내산) ,쌀밥/잡곡밥 (쌀:국내산) 배추된장국  매운주꾸미볶음  동태전  브로컬리두부무침  알타리김치 (김치:국내산)   ,멸치주먹밥 (쌀:국내산) 물냉면  과일샐러드  무초절임  찐옥수수  포기김치 (김치:국내산) ,781.0,550.0,2307.0,0.3385348938014738,25.65,29.6,22.1,,80.375,,True
2016-07-15,금,2643.0,189.0,261.0,55.0,0.0,모닝롤/찐빵  우유/주스 계란후라이  팥죽/쌀밥 (쌀:국내산) 두부김치국  김자반  포기김치 (김치:국내산) ,쌀밥/잡곡밥 (쌀:국내산) 북어계란국  등갈비김치찜  삼치구이  가지나물  열무김치 (김치:국내산)   ,쌀밥/잡곡밥 (쌀:국내산) 오징어국  쇠고기장조림  어묵볶음  아삭고추무침  포기김치 (김치:국내산) ,867.0,503.0,2193.0,0.3953488372093023,26.5375,32.8,21.9,,69.45833333333333,,True
2016-07-18,월,2643.0,126.0,208.0,343.0,0.0,모닝롤/프렌치토스트  우유/주스 계란후라이 땅콩죽/쌀밥 (쌀:국내산) 시금치국  명엽채무침  포기김치 (고춧가루:국내산) ,쌀밥/잡곡밥  순두부찌개  돈육떡강정  새송이버섯전  해초무침  포기김치 (고추가루:국내산)   ,쌀밥/잡곡밥 (쌀:국내산) 느타리버섯국  고등어카레구이  비엔나감자볶음  온두부  김치볶음 (김치:국내산) ,1158.0,596.0,2309.0,0.5015158077089649,24.475000000000005,29.5,19.0,,73.58333333333333,,True
2016-07-19,화,2643.0,111.0,233.0,263.0,0.0,모닝롤/토마토샌드  우유/주스 스크램블에그 녹두죽/쌀밥 (쌀:국내산) 어묵국  콩자반  포기김치 (김치:국내산) ,쌀밥/잡곡밥 (쌀:국내산) 시래기국  목살데리야끼  늙은호박전  치커리들깨무침  포기김치 (김치:국내산)   ,콩나물밥 (쌀:국내산) 맑은국  너비아니*부추생채  실곤약초무침  츄러스/참외  포기김치 (김치:국내산) ,888.0,424.0,2299.0,0.3862548934319269,24.354166666666668,29.0,19.5,,72.08333333333333,,True
2016-07-20,수,2643.0,124.0,238.0,0.0,0.0,모닝롤/고구마파이  우유/주스 계란후라이 양송이죽/쌀밥 (쌀:국내산) 무채국  오이무침  포기김치 (김치:국내산) ,쌀밥/잡곡밥 (쌀:국내산) 사골우거지탕  미트볼조림  골뱅이무침*소면  청포묵무침  포기김치 (김치:국내산)   ,쌀밥/잡곡밥 (쌀:국내산) 동태찌개  치킨핑거  버섯메밀전  가지나물  포기김치 (김치:국내산) ,844.0,443.0,2281.0,0.3700131521262604,24.866666666666664,29.8,21.7,,74.04166666666667,,True
2016-07-21,목,2643.0,115.0,255.0,263.0,0.0,모닝롤/옥수수샌드  우유/주스 계란후라이 해물죽/쌀밥 (쌀:국내산) 근대된장국  버섯볶음  포기김치 (김치:국내산) ,쌀밥/잡곡밥 (쌀:국내산) 우묵콩국  고추장불고기  명태엿장조림  깻잎지  알타리김치 (김치:국내산)   ,볶음밥*자장소스 (쌀:국내산) 계란파국  유산슬  크랜베리단호박샐러드  단무지  포기김치 (김치:국내산) ,733.0,446.0,2273.0,0.3224813022437307,24.52083333333333,30.3,19.8,,72.20833333333333,,True
2016-07-22,금,2643.0,251.0,272.0,47.0,0.0,모닝롤/바나나팬케이크  우유/주스 계란후라이  닭죽/쌀밥 (쌀:국내산) 북어계란국  멸치볶음  포기김치 (김치:국내산) ,참치회덮밥 (쌀:국내산) 미소장국  고구마치즈구이  춘권  토마토/락교  포기김치 (김치:국내산)   ,쌀밥/잡곡밥 (쌀:국내산) 돈육김치찌개  깐풍기  옥수수전  콩나물무침  열무김치 (김치:국내산) ,661.0,501.0,2120.0,0.3117924528301887,24.4,29.1,20.4,,71.45833333333333,,True
2016-07-25,월,2643.0,277.0,180.0,247.0,0.0,모닝롤/마늘빵  우유/주스 계란후라이 누룽지탕/쌀밥 (쌀:국내산) 민물새우찌개  김실파무침  포기김치 (고춧가루:국내산) ,쌀밥/잡곡밥 (쌀:국내산) 쇠고기미역국  불닭볶음  해파리겨자채  쌈무/참나물생채  포기김치 (고추가루:국내산)   ,쌀밥/잡곡밥 (쌀:국내산) 콩가루배추국  돈까스  꽈리고추어묵조림  메밀비빔국수  포기김치 (김치:국내산) ,1086.0,584.0,2186.0,0.4967978042086002,26.67083333333333,31.9,20.8,,74.70833333333333,,True
2016-07-26,화,2643.0,260.0,185.0,269.0,0.0,모닝롤/식빵피자  우유/주스 계란후라이 김치죽/쌀밥 (쌀:국내산) 바지락콩나물국  시래기나물  포기김치 (김치:국내산) ,쌀밥/잡곡밥 (쌀:국내산) 청국장찌개  미니채소떡갈비  계란말이  연근조림  포기김치 (김치:국내산)   ,충무김밥 (쌀:국내산) 잔치국수  오징어무침  열대과일샐러드  타코야끼  알타리김치 (김치:국내산) ,927.0,582.0,2198.0,0.42174704276615105,27.78333333333333,32.2,25.6,,77.29166666666667,1.0,True
2016-07-27,수,2643.0,299.0,192.0,0.0,0.0,모닝롤/단팥빵  우유/주스 계란후라이 누룽지탕/쌀밥 (쌀:국내산) 고추장찌개  브로컬리들깨찜  포기김치 (김치:국내산) ,쌀밥/잡곡밥 (쌀:국내산) 시금치국  동파삼겹수육  감자채볶음  오이도라지무침/수박  포기김치 (김치:국내산)   ,쌀밥/잡곡밥 (쌀:국내산) 어묵국  닭볶음탕  모둠버섯볶음  치커리사과무침  열무김치 (김치:국내산) ,872.0,423.0,2152.0,0.4052044609665427,27.975,31.9,23.4,,74.70833333333333,,True
2016-07-28,목,2643.0,340.0,204.0,197.0,0.0,모닝롤/에그샌드  우유/주스 계란후라이 새우살죽/쌀밥 (쌀:국내산) 감자국  숙주나물  포기김치 (김치:국내산) ,쌀밥/잡곡밥 (쌀:국내산) 꽃게탕  훈제오리냉채  동그랑땡전  콩자반  배추겉절이 (김치:국내산)   ,카레라이스 (쌀:국내산) 맑은국  순대야채볶음  연두부*양념  핫도그/음료  포기김치 (김치:국내산) ,816.0,434.0,2099.0,0.3887565507384469,28.4875,32.4,25.3,,71.54166666666667,,True
2016-07-29,금,2643.0,486.0,207.0,36.0,0.0,모닝롤/카스텔라  우유/주스 스크램블 쇠고기죽/쌀밥 (쌀:국내산) 북어국  애호박나물  포기김치 (김치:국내산) ,연복풍덮밥 (쌀:국내산) 도토리묵냉국  꽁치오븐구이  마늘쫑무침  양배추피클  포기김치 (김치:국내산)   ,쌀밥/잡곡밥 (쌀:국내산) 아욱국  등뼈묵은지찜  해물파전  쑥갓두부무침  포기김치 (김치:국내산) ,671.0,472.0,1950.0,0.3441025641025641,28.67916666666667,31.9,26.6,,73.625,,True
2016-08-01,월,2644.0,512.0,109.0,238.0,0.0,모닝롤/프렌치토스트  우유/주스 계란후라이  보리누룽지탕/쌀밥 (쌀:국내산) 근대국  사각어묵볶음  포기김치 (김치:국내산) ,쌀밥/잡곡밥 (쌀:국내산) 부대찌개*라면사리  갈치구이  닭살겨자냉채  꽈리고추찜  포기김치 (김치:국내산)   ,쌀밥/잡곡밥 (쌀:국내산) 콩나물국  소불고기  날치알계란찜  양배추쌈*쌈장  포기김치 (김치:국내산) ,1055.0,510.0,2023.0,0.5215027187345527,28.495833333333337,35.0,24.0,,67.625,,True
2016-08-02,화,2644.0,460.0,167.0,268.0,0.0,모닝롤/씨크립샌드  우유/주스 스크램블에그 단호박죽/쌀밥 (쌀:국내산) 오징어국  새송이볶음  포기김치 (김치:국내산) ,열무보리비빔밥 (쌀:국내산) 팽이장국  꽃맛살볶음  웨지감자오븐구이  유기농식혜  알타리김치 (김치:국내산)   ,쌀밥/잡곡밥 (쌀:국내산) 짬뽕수제비국  모둠장조림  가자미찜  머위대나물  알타리김치 (김치:국내산) ,829.0,515.0,2017.0,0.4110064452156668,27.3625,33.7,23.3,,71.04166666666667,1.0,True
2016-08-03,수,2644.0,485.0,183.0,0.0,0.0,모닝롤/치즈프레즐  우유/주스 계란후라이 누룽지탕/쌀밥 (쌀:국내산) 차돌박이찌개  김자반  포기김치 (김치:국내산) ,쌀밥/잡곡밥 (쌀:국내산) 버섯들깨탕  레몬탕수육  메추리알조림  콩나물무침  포기김치 (김치:국내산)   ,주먹밥 (쌀:국내산) 냉모밀국수  소고기퀘사디아  단무지/락교  참외  포기김치 (김치:국내산) ,802.0,363.0,1976.0,0.4058704453441296,26.03333333333333,32.6,22.9,,78.125,1.0,True
2016-08-04,목,2644.0,467.0,200.0,262.0,0.0,모닝롤/참치샌드  우유/주스 구운계란 야채죽/쌀밥 (쌀:국내산) 느타리버섯국  크랜베리멸치볶음  포기김치 (김치:국내산) ,쌀밥/잡곡밥 (쌀:국내산) 복숭아미역냉국  닭데리야끼조림  비엔나감자볶음  시금치무침  포기김치 (김치:국내산)   ,오므라이스 (쌀:국내산) 가쯔오장국  떡볶이  양장피잡채  무피클  포기김치 (김치:국내산) ,671.0,456.0,1977.0,0.33940313606474454,26.125,30.7,22.5,,77.95833333333333,1.0,True
2016-08-05,금,2644.0,538.0,212.0,46.0,0.0,모닝롤/크로와상  우유/주스 계란후라이  홍게살죽/쌀밥 (쌀:국내산) 동태찌개  아삭고추무침  포기김치 (김치:국내산) ,쌀밥/잡곡밥 (쌀:국내산) 된장찌개  매콤돼지갈비찜  연근/오징어튀김  무생채  열무김치 (김치:국내산)   ,쌀밥/잡곡밥 (쌀:국내산) 쇠고기무국  쭈꾸미볶음  두부구이*양념장  청경채겉절이  포기김치 (김치:국내산) ,641.0,448.0,1894.0,0.3384371700105597,27.14583333333333,31.0,23.2,,73.5,,True
2016-08-08,월,2644.0,421.0,180.0,255.0,0.0,모닝롤/롤케익  우유/주스 계란후라이  누룽지탕/쌀밥 (쌀:국내산) 김치두부국  명엽채무침  포기김치 (김치:국내산) ,쌀밥/잡곡밥 (쌀:국내산) 호박잎된장국  유자청제육볶음 (돼지고기:국내산) 오꼬노미계란말이  도라지초무침  포기김치 (김치:국내산)   ,쌀밥/잡곡밥 (쌀:국내산) 북어국  찜닭 (닭고기:국내산) 탕평채  부추무침  포기김치 (김치:국내산) ,1038.0,480.0,2043.0,0.5080763582966226,28.162500000000005,33.5,23.1,,69.375,,True
2016-08-09,화,2644.0,392.0,182.0,286.0,0.0,모닝롤/고구마샌드  우유/주스 스크램블에그 야채죽/쌀밥 (쌀:국내산) 올갱이아욱국  호박볶음  포기김치 (김치:국내산) ,쌀밥/잡곡밥 (쌀:국내산) 콩나물국  미니함박조림  오징어브로컬리숙회  오이무침  포기김치 (김치:국내산)   ,작은밥 (쌀:국내산) 콩국수  멕시칸샐러드  찐감자/수박  오복지  열무김치 (김치:국내산) ,874.0,470.0,2070.0,0.4222222222222222,27.945833333333336,35.7,23.5,,71.20833333333333,1.0,True
2016-08-10,수,2644.0,411.0,188.0,0.0,0.0,모닝롤/베이글  우유/주스 계란후라이 누룽지탕/쌀밥 (쌀:국내산) 새우살미역국  고구마순나물  포기김치 (김치:국내산) ,쌀밥/잡곡밥 (쌀:국내산) 사과오이냉국  장어강정  우엉잡채  치커리생채  포기김치 (김치:국내산)   ,쌀밥/잡곡밥 (쌀:국내산) 닭개장  해물청경채볶음  옥수수전  단배추나물  포기김치 (김치:국내산) ,842.0,451.0,2045.0,0.4117359413202934,27.35833333333333,32.9,23.6,,73.875,,True
2016-08-11,목,2644.0,413.0,202.0,295.0,0.0,모닝롤/야채샌드  우유/주스 구운계란 녹두죽/쌀밥 (쌀:국내산) 쇠고기샤브국 (쇠고기:호주산) 참나물땅콩무침  포기김치 (김치:국내산) ,쌀밥/잡곡밥 (쌀:국내산) 시래기국  삼겹살오븐구이 (돼지고기:수입산) 매운어묵볶음  상추&마늘  포기김치 (김치:국내산)   ,볶음밥 (쌀:국내산) 스파게티/크림스프  치킨텐더 (닭고기:국내산) 마늘바게뜨/음료  수제피클  포기김치 (김치:국내산) ,845.0,530.0,2029.0,0.41646131099063577,28.78333333333333,34.9,23.8,,68.08333333333333,,True
2016-08-12,금,2644.0,587.0,215.0,60.0,0.0,모닝롤/와플  우유/주스 계란후라이  해물죽/쌀밥 (쌀:국내산) 감자국  가지볶음  포기김치 (김치:국내산) ,불고기덮밥 (쌀:국내산) 맑은국  새우까스&탈탈소스  고구마범벅  노각무침  포기김치 (김치:국내산)   ,쌀밥/잡곡밥 (쌀:국내산) 김치찌개  삼치된장구이  모듬소세지구이  숙주나물  알타리김치 (김치:국내산) ,708.0,410.0,1842.0,0.38436482084690554,30.070833333333336,36.8,24.5,,66.08333333333333,,True
2016-08-16,화,2644.0,352.0,177.0,351.0,0.0,모닝롤/꿀호떡  우유/주스 스크램블에그 잣죽/쌀밥 (쌀:국내산) 북어국  진미채무침  포기김치 (김치:국내산) ,쌀밥/잡곡밥 (쌀:국내산) 닭곰탕  고등어조림  비엔나피망볶음  해초무침  알타리김치 (김치:국내산)   ,김밥볶음밥 (쌀:국내산) 미소장국  과일샐러드  비빔야채만두  찐옥수수/주스  포기김치 (김치:국내산) ,1023.0,561.0,2115.0,0.4836879432624113,27.941666666666663,33.9,25.3,,75.58333333333333,1.0,True
2016-08-17,수,2644.0,311.0,191.0,0.0,0.0,모닝롤/토마토샌드  우유/주스 계란후라이 누룽지탕/쌀밥 (쌀:국내산) 어묵국  콩나물무침  포기김치 (김치:국내산) ,쌀밥/잡곡밥 (쌀:국내산) 대구매운탕  오징어볶음  고기전  청경채무침  포기김치 (김치:국내산)   ,쌀밥/잡곡밥 (쌀:국내산) 콩비지찌개  돈육굴소스볶음  날치알계란찜  무말랭이무침  열무김치 (김치:국내산) ,924.0,465.0,2142.0,0.43137254901960786,27.3875,33.2,24.6,,76.20833333333333,,True
2016-08-18,목,2644.0,274.0,215.0,364.0,0.0,모닝롤/브라우니  우유/주스 구운계란 흑임자죽/쌀밥 (쌀:국내산) 우거지해장국 (쇠고기:호주산) 미역줄기볶음  포기김치 (김치:국내산) ,쌀밥/잡곡밥 (쌀:국내산) 열무된장국  갈릭돈가스 (돼지고기:국내산) 마늘쫑볶음  실곤약초무침  포기김치 (김치:국내산)   ,유부초밥 (쌀:국내산) 김치우동  왕새우튀김  단무지  포도  포기김치 (김치:국내산) ,943.0,574.0,2155.0,0.43758700696055686,26.92083333333333,33.9,23.9,,77.95833333333333,1.0,True
2016-08-19,금,2644.0,345.0,237.0,59.0,0.0,모닝롤/옥수수샌드  우유/주스 계란후라이  쇠고기죽/쌀밥 (쌀:국내산) 오징어국  도라지나물  포기김치 (김치:국내산) ,단호박영양밥  도토리묵냉국  소고기숙주볶음  땅콩조림  쑥갓두부무침  포기김치 (김치:국내산)   ,쌀밥/잡곡밥 (쌀:국내산) 된장찌개  훈제오리/무쌈/양파절임  감자카레볶음  가지나물  포기김치 (김치:국내산) ,754.0,532.0,2062.0,0.36566440349175555,27.17083333333333,33.1,22.5,,72.70833333333333,,True
2016-08-22,월,2644.0,115.0,159.0,458.0,0.0,모닝롤/와플  우유/주스 스크램블에그 잣죽/쌀밥 (쌀:국내산) 우거지해장국  새송이버섯볶음  포기김치 (김치:국내산) ,쌀밥/잡곡밥 (쌀:국내산) 꽃게탕  고추잡채*꽃빵  꽁치와사비구이  오이무침  포기김치 (김치:국내산)   ,쌀밥/잡곡밥 (쌀:국내산) 무채국  돈육볶음 (돼지고기:국내산) 볼어묵조림  양배추쌈  포기김치 (김치:국내산) ,1266.0,729.0,2370.0,0.5341772151898734,27.85,34.1,21.1,,63.458333333333336,,True
2016-08-23,화,2644.0,86.0,211.0,386.0,0.0,모닝롤/참치샌드  우유/주스 계란후라이 호박죽/쌀밥 (쌀:국내산) 조랭이떡미역국  꽈리고추찜  포기김치 (김치:국내산) ,쌀밥/잡곡밥 (쌀:국내산) 배추된장국  칠리탕수육 (돼지고기:국내산) 두부조림  콩나물무침  열무김치 (김치:국내산)   ,김치볶음밥 (쌀:국내산) 유부장국  허니버터옥수수  닭가슴살장조림 (닭고기:국내산) 단무지무침/음료  포기김치 (김치:국내산) ,1145.0,563.0,2347.0,0.4878568385172561,28.183333333333334,34.8,22.4,,66.5,1.0,True
2016-08-24,수,2644.0,113.0,209.0,0.0,0.0,모닝롤/찐빵  우유/주스 계란후라이 누룽지탕/쌀밥 (쌀:국내산) 북어국  애호박볶음  포기김치 (김치:국내산) ,쌀밥/잡곡밥 (쌀:국내산) 해물된장찌개  닭볶음 (닭고기:국내산) 연근조림  치커리유자청무침  포기김치 (김치:국내산)   ,쌀밥/잡곡밥 (쌀:국내산) 감자국  등갈비김치찜 (돼지고기:국내산) 해파리냉채  잔멸치볶음  알타리김치 (김치:국내산) ,941.0,588.0,2322.0,0.4052540913006029,26.929166666666664,30.5,23.9,,72.79166666666667,1.0,True
2016-08-25,목,2644.0,123.0,241.0,308.0,0.0,모닝롤/인절미샌드  우유/주스 구운계란 고구마죽/쌀밥 (쌀:국내산) 시금치국  김잔파무침  포기김치 (김치:국내산) ,쌀밥/잡곡밥 (쌀:국내산) 육개장 (쇠고기:호주산) 동태무조림  부추전  올방개묵무침  포기김치 (김치:국내산)   ,콩국수  작은밥 (쌀:국내산) 춘권  단호박조림  마늘쫑무침  열무김치 (김치:국내산) ,885.0,508.0,2280.0,0.3881578947368421,27.166666666666668,33.9,21.2,,59.333333333333336,,True
2016-08-26,금,2644.0,194.0,269.0,70.0,0.0,모닝롤/카스텔라  우유/주스 계란후라이  누룽지탕/쌀밥 (쌀:국내산) 민물새우찌깨  도라지나물  포기김치 (김치:국내산) ,쌀밥/잡곡밥 (쌀:국내산) 떡국  마늘치킨 (닭고기:국내산) 홍어채무침  꽃맛살오리엔탈샐러드  포기김치 (김치:국내산)   ,쌀밥/잡곡밥 (쌀:국내산) 콩나물냉국  주꾸미볶음  메밀전병만두  미역레몬초무침  포기김치 (김치:국내산) ,813.0,489.0,2181.0,0.37276478679504815,26.2875,33.9,19.0,,67.79166666666667,,True
2016-08-29,월,2644.0,132.0,202.0,352.0,0.0,모닝롤/프렌치토스트  우유/주스 계란후라이  누룽지탕/쌀밥 (쌀:국내산) 느타리버섯국  김자반  포기김치 (김치:국내산) ,쌀밥/잡곡밥 (쌀:국내산) 순두부찌개  소불고기  골뱅이무침*소면  아삭고추무침  포기김치 (김치:국내산)   ,쌀밥/잡곡밥 (쌀:국내산) 차돌박이찌개  닭갈비  새송이버섯전  도라지오이생채  포기김치 (김치:국내산) ,1258.0,568.0,2310.0,0.5445887445887446,18.716666666666665,21.5,17.0,,82.45833333333333,1.0,True
2016-08-30,화,2644.0,96.0,242.0,268.0,0.0,모닝롤/바나나샌드  우유/주스 구운계란 야채죽/쌀밥 (쌀:국내산) 근대국  명엽채무침  포기김치 (김치:국내산) ,쌀밥/잡곡밥 (쌀:국내산) 버섯매운탕  갈치구이  모듬소시지볶음  호박잎쌈*양념  포기김치 (김치:국내산)   ,굴소스해물볶음밥 (쌀:국내산) 맑은국  수제고로케*케찹  망고드레싱샐러드  쫄면/비트무절임  포기김치 (김치:국내산) ,901.0,514.0,2306.0,0.3907198612315698,21.004166666666663,27.0,15.1,,62.375,1.0,True
2016-08-31,수,2644.0,98.0,236.0,0.0,0.0,모닝롤/사과파이  우유/주스 스크램블에그 크림누룽지탕/쌀밥 (쌀:국내산) 대구찌개  곤약어묵볶음  포기김치 (김치:국내산) ,낙지비빔밥 (쌀:국내산) 가쯔오장국  계란말이  과일샐러드  단무지무침  열무김치 (김치:국내산)   ,쌀밥/잡곡밥 (쌀:국내산) 청국장찌개  깐풍육  황태양념구이  해초무침  포기김치 (김치:국내산) ,915.0,498.0,2310.0,0.3961038961038961,21.5,25.1,15.0,,57.875,,True
2016-09-01,목,2769.0,99.0,250.0,336.0,0.0,햄에그치즈토스트  우유/주스 구운계란 김치죽/쌀밥 (쌀:국내산) 콩나물국  고구마순나물  포기김치 (김치:국내산) ,쌀밥/잡곡밥 (쌀:국내산) 오징어국  목살데리야끼  버섯잡채  브로컬리초장  포기김치 (김치:국내산)   ,참치주먹밥 (쌀:국내산) 로제파스타/스프  고구마치즈구이  오이피클/절인고추  요플레  포기김치 (김치:국내산) ,953.0,468.0,2420.0,0.39380165289256197,24.7375,28.6,21.1,,41.29166666666666,,True
2016-09-02,금,2769.0,177.0,279.0,76.0,0.0,모닝롤/크로와상  우유/주스 계란후라이  팥죽/쌀밥 (쌀:국내산) 맑은만두육개장  가지나물  포기김치 (김치:국내산) ,쌀밥/잡곡밥 (쌀:국내산) 시래기된장국  닭찜  해물파전  청경채무침  포기김치 (김치:국내산)   ,쌀밥/잡곡밥 (쌀:국내산) 알탕  돈육장조림  새싹두부구이  노각무침  알타리김치 (김치:국내산) ,832.0,460.0,2313.0,0.359706009511457,25.15833333333333,29.9,21.4,,62.458333333333336,1.0,True
2016-09-05,월,2769.0,100.0,225.0,447.0,0.0,모닝롤/바나나팬케익  우유/주스 구운계란 누룽지탕/쌀밥 (쌀:국내산) 호박젓국찌개  감자조림  포기김치 (김치:국내산) ,쌀밥/잡곡밥 (쌀:국내산) 쇠고기샤브국  오징어볶음  옥수수전  연두부*양념  포기김치 (김치:국내산)   ,쌀밥/잡곡밥 (쌀:국내산) 어묵국  제육볶음  실곤약흑임자무침  호박나물  포기김치 (김치:국내산) ,1164.0,554.0,2444.0,0.4762684124386252,23.5625,27.7,20.4,,86.20833333333333,1.0,True
2016-09-06,화,2769.0,59.0,253.0,477.0,0.0,모닝롤/에그샌드  우유/주스 스크램블에그 해물죽/쌀밥 (쌀:국내산) 콩나물된장국  구이김  포기김치 (김치:국내산) ,쌀밥/잡곡밥 (쌀:국내산) 부대찌개  가자미카레튀김  모둠버섯볶음  참나물땅콩무침  파김치 (김치:국내산)   ,볶음밥/짜장소스 (쌀:국내산) 유부장국  멕시칸샐러드  찹쌀도너츠  단무지  포기김치 (김치:국내산) ,784.0,560.0,2457.0,0.3190883190883191,24.83333333333333,28.3,22.1,,82.25,1.0,True
2016-09-07,수,2769.0,65.0,241.0,0.0,0.0,모닝롤/베이글  우유/주스 계란후라이 누룽지탕/쌀밥 (쌀:국내산) 쇠고기무국  진미채무침  포기김치 (김치:국내산) ,곤드레밥 (쌀:국내산) 두부맑은국  돈육떡강정  계란찜  오이무침  포기김치 (김치:국내산)   ,쌀밥/잡곡밥 (쌀:국내산) 얼갈이된장국  닭오븐구이  김치녹두전  셀프무쌈말이  열무김치 (김치:국내산) ,926.0,504.0,2463.0,0.3759642712139667,24.316666666666663,27.0,22.6,,82.0,,True
2016-09-08,목,2769.0,69.0,255.0,438.0,0.0,모닝롤/햄치즈샌드  우유/주스 구운계란 늙은호박죽/쌀밥 (쌀:국내산) 김치두부국  취나물  포기김치 (김치:국내산) ,쌀밥/잡곡밥 (쌀:국내산) 된장찌개  오리고추장볶음  콩나물잡채  부추생채  알타리김치 (김치:국내산)   ,김밥 (쌀:국내산) 잔치국수  새우까스*타르타르  꽃맛살샐러드  오복지  포기김치 (김치:국내산) ,758.0,548.0,2445.0,0.3100204498977505,23.7,27.0,20.8,,79.0,,True
2016-09-09,금,2769.0,137.0,288.0,86.0,0.0,모닝롤/단팥빵  우유/주스 계란후라이  땅콩죽/쌀밥 (쌀:국내산) 아욱된장국  미역줄기볶음  포기김치 (김치:국내산) ,쌀밥/잡곡밥 (쌀:국내산) 황태맑은국  유린기  도토리묵무침  숙주나물  포기김치 (김치:국내산)   ,쌀밥/잡곡밥 (쌀:국내산) 쇠고기미역국  자반고등어구이  미트볼케찹조림  양념깻잎지  포기김치 (김치:국내산) ,682.0,485.0,2344.0,0.2909556313993174,23.391666666666666,29.5,17.6,,67.66666666666667,,True
2016-09-12,월,2769.0,328.0,176.0,306.0,0.0,모닝롤/고구마파이  우유/주스 구운계란 누룽지탕/쌀밥 (쌀:국내산) 꽃게탕  김자반  포기김치 (김치:국내산) ,쌀밥/잡곡밥 (쌀:국내산) 시래기국  닭볶음  동그랑땡  상추겉절이  깍두기 (김치:국내산)   ,볶음밥 (쌀:국내산) 쌀국수  미니햄버거  요플레  단무지무침  포기김치 (김치:국내산) ,924.0,504.0,2265.0,0.40794701986754967,22.225000000000005,26.3,18.4,,79.375,1.0,True
2016-09-13,화,2769.0,511.0,108.0,52.0,0.0,모닝롤/토마토샌드  우유/주스 스크램블에그 새송이죽/쌀밥 (쌀:국내산) 감자국  멸치볶음  포기김치 (김치:국내산) ,쌀밥/잡곡밥 (쌀:국내산) 토란국  매운돼지갈비찜  어묵볶음  쑥갓두부무침  포기김치 (김치:국내산)   ,쌀밥/잡곡밥 (쌀:국내산) 참치김치찌개  주꾸미볶음  모듬묵*양념장  치커리유자무침  열무김치 (김치:국내산) ,820.0,238.0,2150.0,0.3813953488372093,20.67083333333333,24.2,17.9,,84.75,1.0,True
2016-09-19,월,2769.0,167.0,180.0,550.0,0.0,모닝롤/와플  우유/주스 구운계란 누룽지탕/쌀밥 (쌀:국내산) 북어해장국  김구이  포기김치 (김치:국내산) ,쌀밥/잡곡밥 (쌀:국내산) 어묵국  오리훈제고추장볶음  계란말이  애호박나물  포기김치 (김치:국내산)   ,쌀밥/잡곡밥 (쌀:국내산) 수제비국  탕평채  탕평채  치커리사과무침  깍두기 (김치:국내산) ,1271.0,662.0,2422.0,0.5247729149463254,19.6625,21.2,17.9,,86.04166666666667,1.0,True
2016-09-20,화,2769.0,69.0,227.0,588.0,0.0,모닝롤/고구마샌드  우유/주스 스크램블에그 잣죽/쌀밥 (쌀:국내산) 쇠고기미역국  명엽채무침  포기김치 (김치:국내산) ,쌀밥/잡곡밥 (쌀:국내산) 얼갈이된장국  레몬탕수육  감자채볶음  참나물생채  포기김치 (김치:국내산)   ,콩나물밥 (쌀:국내산) 맑은국  장어강정  마늘쫑볶음  포도주스  포기김치 (김치:국내산) ,1039.0,627.0,2473.0,0.4201374848362313,20.479166666666668,24.0,18.1,,65.08333333333333,,True
2016-09-21,수,2769.0,58.0,246.0,0.0,0.0,모닝롤/사과파이  우유/주스 계란후라이 누룽지탕/쌀밥 (쌀:국내산) 버섯들깨탕  김가루실파무침  포기김치 (김치:국내산) ,열무비빔밥 (쌀:국내산) 팽이장국  너비아니구이  땅콩조림  핫도그/음료  깍두기 (김치:국내산)   ,쌀밥/잡곡밥 (쌀:국내산) 고추장찌개  쇠고기모둠장조림  해물파전  오이맛살초무침  포기김치 (김치:국내산) ,1068.0,603.0,2465.0,0.4332657200811359,19.316666666666663,23.8,13.5,,55.54166666666666,,True
2016-09-22,목,2769.0,137.0,253.0,403.0,0.0,모닝롤/옥수수샌드  우유/주스 구운계란 쇠고기죽/쌀밥 (쌀:국내산) 된장찌개  브로컬리들깨무침  포기김치 (김치:국내산) ,쌀밥/잡곡밥 (쌀:국내산) 쇠고기무국  임연수찜  햄피망볶음  단배추나물  포기김치 (김치:국내산)   ,유부초밥 (쌀:국내산) 꼬지어묵우동  모듬떡볶이  맛탕  단무지  포기김치 (김치:국내산) ,891.0,533.0,2379.0,0.3745271122320303,17.666666666666668,23.4,11.2,,69.0,,True
2016-09-23,금,2769.0,165.0,278.0,99.0,0.0,모닝롤/카스텔라  우유/주스 계란후라이  크림누룽지탕/쌀밥 (쌀:국내산) 김치국  숙주나물  포기김치 (김치:국내산) ,쌀밥/잡곡밥 (쌀:국내산) 오징어국  소고기숙주볶음  두부조림  무생채  포기김치 (김치:국내산)   ,쌀밥/잡곡밥 (쌀:국내산) 콩나물국  수제돈까스  통도라지구이  미역무침/콘샐러드  포기김치 (김치:국내산) ,716.0,562.0,2326.0,0.30782459157351677,19.129166666666663,23.1,16.2,,73.79166666666667,,True
2016-09-26,월,2769.0,70.0,224.0,494.0,0.0,모닝롤/프렌치토스트  우유/주스 계란후라이 누룽지탕/쌀밥 (쌀:국내산) 꽃게탕  미역줄기볶음  포기김치 (김치:국내산) ,쌀밥/잡곡밥 (쌀:국내산) 아욱된장국  유자청돈육볶음  우엉잡채  양배추쌈&쌈장  포기김치 (김치:국내산)   ,쌀밥/잡곡밥 (쌀:국내산) 무채맑은국  갈치조림  두부계란부침  청경채생채  포기김치 (김치:국내산) ,1185.0,710.0,2475.0,0.47878787878787876,20.679166666666667,27.2,15.5,,75.79166666666667,,True
2016-09-27,화,2769.0,56.0,233.0,380.0,0.0,모닝롤/씨크립샌드  우유/주스 스크램블에그 흑임자죽/쌀밥 (쌀:국내산) 민물새우찌개  도라지나물  포기김치 (김치:국내산) ,쌀밥/잡곡밥 (쌀:국내산) 느타리버섯국  간장파닭  쫄면무침  열무된장나물  포기김치 (김치:국내산)   ,쇠고기숙주규동덮밥 (쌀:국내산) 미소장국  탕수어  또띠아칩  무피클  배추겉절이 (김치:국내산) ,1033.0,550.0,2480.0,0.4165322580645161,21.3625,25.8,18.3,,82.16666666666667,1.0,True
2016-09-28,수,2769.0,50.0,225.0,0.0,0.0,모닝롤/치즈프레즐  우유/주스 계란후라이 수삼닭죽/쌀밥 (쌀:국내산) 맑은만두육개장  무생채  포기김치 (김치:국내산) ,카레덮밥 (쌀:국내산) 맑은국  샐러드파스타  새송이버섯조림  오이무침  포기김치 (김치:국내산)   ,쌀밥/잡곡밥 (쌀:국내산) 조갯살미역국  미니채소떡갈비  홍어채무침  유채나물  포기김치 (김치:국내산) ,1128.0,591.0,2494.0,0.45228548516439454,23.875,29.0,20.7,,82.375,1.0,True
2016-09-29,목,2769.0,153.0,227.0,331.0,0.0,모닝롤/에그샌드  우유/주스 구운계란 누룽지탕/쌀밥 (쌀:국내산) 감자국  치커리무침  포기김치 (김치:국내산) ,쌀밥/잡곡밥 (쌀:국내산) 된장찌개  돈육장조림  호박부추전  올방개묵무침  포기김치 (김치:국내산)   ,충무김밥 (쌀:국내산) 잔치국수  오징어무침  군고구마  단무지  석박지 (김치:국내산) ,1044.0,622.0,2389.0,0.4370029300962746,22.204166666666666,24.5,20.0,,89.29166666666667,1.0,True
2016-09-30,금,2769.0,158.0,256.0,59.0,0.0,모닝롤/크로와상  우유/주스 계란후라이  단호박죽/쌀밥 (쌀:국내산) 콩나물국  크랜베리멸치볶음  포기김치 (김치:국내산) ,쌀밥/잡곡밥 (쌀:국내산) 우거지해장국  꽁치한마리구이  가지볶음  브로컬리초장  알타리김치 (김치:국내산)   ,쌀밥/잡곡밥 (쌀:국내산) 근대된장국  돈육강정  계란찜  매운어묵볶음  포기김치 (김치:국내산) ,843.0,539.0,2355.0,0.3579617834394904,18.991666666666667,20.4,16.7,,86.66666666666667,1.0,True
2016-10-04,화,2670.0,59.0,239.0,1035.0,0.0,모닝롤/후르츠팬케익  우유/주스 구운계란 견과류죽/쌀밥 (쌀:국내산) 북어채국  김자반  포기김치 (김치:국내산) ,쌀밥/잡곡밥 (쌀:국내산) 배추된장국  버섯불고기 (쇠고기:호주산) 골뱅이소면무침  마늘쫑건새우볶음  포기김치 (김치:국내산)   ,쌀밥/잡곡밥 (쌀:국내산) 콩비지찌개 (돼지고기:국내산) 닭볶음 (닭고기:국내산) 해파리냉채  상추치커리무침  포기김치 (김치:국내산) ,1262.0,902.0,2372.0,0.5320404721753794,23.65416666666667,27.4,20.3,,84.20833333333333,,True
2016-10-05,수,2670.0,41.0,228.0,0.0,0.0,모닝롤/참치샌드  우유/주스 스크램블에그 누룽지탕/쌀밥 (쌀:국내산) 어묵국  감자채볶음  포기김치 (김치:국내산) ,쌀밥/잡곡밥 (쌀:국내산) 차돌박이찌개 (쇠고기:호주산) 매운주꾸미볶음  모둠소세지구이  콩나물무침  포기김치 (김치:국내산)   ,"쌀밥/잡곡밥 (쌀:국내산) 순두부찌개  미니함박조림 (쇠고기:호주산,돈육:국내산) 실곤약초무침  취나물  포기김치 (김치:국내산) ",1336.0,905.0,2401.0,0.5564348188254894,21.954166666666666,27.8,16.2,,73.04166666666667,1.0,True
2016-10-06,목,2670.0,56.0,245.0,378.0,0.0,모닝롤/브라우니  우유/주스 구운계란 해물죽/쌀밥 (쌀:국내산) 고추장찌개  구구마순나물  포기김치 (김치:국내산) ,쌀밥/잡곡밥 (쌀:국내산) 미역국  한방소갈비찜 (쇠고기:호주산) 오징어숙회무침  동태/새송이전  배추겉절이 (김치:국내산)   ,작은밥 (쌀:국내산) 짬뽕  군만두  과일샐러드  단무지  포기김치 (김치:국내산) ,1196.0,352.0,2369.0,0.5048543689320388,20.225,27.0,16.8,,79.375,1.0,True
2016-10-07,금,2670.0,144.0,252.0,80.0,0.0,모닝롤/베이컨샌드  우유/주스 계란후라이  팥죽/쌀밥 (쌀:국내산) 연두부탕  시래기조림  포기김치 (김치:국내산) ,쌀밥/잡곡밥 (쌀:국내산) 대구매운탕  표고돈육탕수 (돼지고기:국내산) 메추리알곤약조림  부추생채  포기김치 (김치:국내산)   ,쌀밥/잡곡밥 (쌀:국내산) 육개장 (쇠고기:호주산) 코다리엿장조림  옥수수전  아삭고추무침  알타리김치 (김치:국내산) ,843.0,554.0,2274.0,0.370712401055409,18.9625,27.0,13.3,,69.70833333333333,,True
2016-10-10,월,2670.0,104.0,216.0,443.0,0.0,모닝롤/프렌치토스트  우유/주스 구운계란 홍게살죽/쌀밥 (쌀:국내산) 호박젓국찌개  검정콩조림  포기김치 (김치:국내산) ,쌀밥/잡곡밥 (쌀:국내산) 쇠고기샤브국  오징어볶음  맛살계란말이  참나물무침  포기김치 (김치:국내산)   ,쌀밥/잡곡밥 (쌀:국내산) 콩나물국  돈육굴소스볶음  삼치조림  상추초무침  포기김치 (김치:국내산) ,1180.0,546.0,2350.0,0.502127659574468,14.5625,20.0,8.8,,49.708333333333336,,True
2016-10-11,화,2670.0,69.0,256.0,386.0,0.0,모닝롤/바나나샌드  우유/주스 계란후라이 양송이죽/쌀밥 (쌀:국내산) 오징어국  미역나물  포기김치 (김치:국내산) ,쌀밥/잡곡밥 (쌀:국내산) 시금치된장국  목살스테이크  버섯잡채  오이무침  배추겉절이 (김치:국내산)   ,김치볶음밥 (쌀:국내산) 미소장국  궁중떡볶음  옥수수맛탕  무피클  포기김치 (김치:국내산) ,1014.0,522.0,2345.0,0.432409381663113,13.958333333333334,19.9,8.7,,69.83333333333333,,True
2016-10-12,수,2670.0,64.0,251.0,0.0,0.0,모닝롤/롤케익  우유/주스 스크램블에그 누룽지탕/쌀밥 (쌀:국내산) 얼큰소고기국  김구이  포기김치 (김치:국내산) ,산채비빔밥*강된장 (쌀:국내산) 팽이버섯국  생선커틀릿 *타르타르소스  오복지무침  오렌지주스  포기김치 (김치:국내산)   ,쌀밥/잡곡밥 (쌀:국내산) 황태국  닭오븐구이  비엔나감자볶음  도라지초무침  포기김치 (김치:국내산) ,951.0,527.0,2355.0,0.40382165605095544,14.408333333333331,19.0,11.4,,77.875,,True
2016-10-13,목,2670.0,66.0,262.0,612.0,0.0,모닝롤/식빵피자  우유/주스 구운계란 브로컬리죽/쌀밥 (쌀:국내산) 김치두부국  꽈리고추찜  포기김치 (김치:국내산) ,쌀밥/잡곡밥 (쌀:국내산) 떡국  마늘치킨  모듬묵*양념장  열무된장나물  포기김치 (김치:국내산)   ,통새우김밥 (쌀:국내산) 어묵우동  찹쌀순대볶음  단무지무침  요플레  포기김치 (김치:국내산) ,1051.0,667.0,2342.0,0.4487617421007686,15.354166666666666,22.7,9.6,,70.29166666666667,,True
2016-10-14,금,2670.0,144.0,265.0,172.0,0.0,모닝롤/단팥빵  우유/주스 계란후라이  누룽지탕/쌀밥 (쌀:국내산) 아욱국  진미채무침  포기김치 (김치:국내산) ,쌀밥/잡곡밥 (쌀:국내산) 건새우무국  등갈비김치찜  계란버섯장조림  애호박나물  포기김치 (김치:국내산)   ,쌀밥/잡곡밥 (쌀:국내산) 부대찌개  탕수어  두부새싹구이  양념깻잎지  알타리김치 (김치:국내산) ,898.0,544.0,2261.0,0.39716939407341884,15.216666666666669,19.7,12.2,,78.83333333333333,,True
2016-10-17,월,2670.0,107.0,241.0,425.0,0.0,모닝롤/마늘빵  우유/주스 구운계란 흑임자죽/쌀밥 (쌀:국내산) 감자국  명엽채무침  포기김치 (김치:국내산) ,쌀밥/잡곡밥 (쌀:국내산) 미역국  소불고기  모둠양채쌈  매운어묵볶음  포기김치 (김치:국내산)   ,쌀밥/잡곡밥 (쌀:국내산) 해물된장찌개  닭매운찜 (닭고기:국내산) 고기전  참나물땅콩무침  포기김치 (김치:국내산) ,1196.0,527.0,2322.0,0.5150732127476314,14.629166666666668,16.2,12.2,,90.54166666666669,1.0,True
2016-10-18,화,2670.0,53.0,262.0,394.0,0.0,모닝롤/야채샌드  우유/주스 계란후라이 녹두죽/쌀밥 (쌀:국내산) 매운버섯국  시금치나물  포기김치 (김치:국내산) ,쌀밥/잡곡밥 (쌀:국내산) 꽃게탕  미트볼칠리조림  부추전  치커리유자청무침  포기김치 (김치:국내산)   ,나가사키면&김 (쌀:국내산) 참치주먹밥  개성감자만두  꽃맛살샐러드  음료  포기김치 (김치:국내산) ,994.0,544.0,2355.0,0.4220806794055202,18.0,24.0,14.3,,84.0,,True
2016-10-19,수,2670.0,72.0,267.0,0.0,0.0,모닝롤/베이글  우유/주스 스크램블에그 누룽지탕/쌀밥 (쌀:국내산) 북어해장국  감자채볶음  포기김치 (김치:국내산) ,쌀밥/잡곡밥 (쌀:국내산) 참치김치찌개  유린기 (닭고기:국내산) 셀프무쌈말이  멸치크렌베리볶음  포기김치 (김치:국내산)   ,쌀밥/잡곡밥 (쌀:국내산) 어묵국  돼지갈비찜  오징어&브로컬리숙회  콩자반  포기김치 (김치:국내산) ,933.0,475.0,2331.0,0.40025740025740025,16.72083333333333,21.8,12.4,,79.45833333333333,,True
2016-10-20,목,2670.0,105.0,269.0,281.0,0.0,모닝롤/씨크립샌드  우유/주스 구운계란 늙은호박죽/쌀밥 (쌀:국내산) 고추장찌개  연근조림  포기김치 (김치:국내산) ,쌀밥/잡곡밥 (쌀:국내산) 돈신탕(해장탕) (돼지고기:국내산) 꽁치김치말이  메밀버섯전  쑥갓두부무침  알타리김치 (김치:국내산)   ,옛날왕돈까스 (쌀:국내산) 옥수수스프  샐러드파스타  감자치즈오븐구이  오이피클  포기김치 (김치:국내산) ,787.0,564.0,2296.0,0.34277003484320556,16.658333333333335,23.2,11.8,,79.16666666666667,,True
2016-10-21,금,2670.0,228.0,280.0,62.0,0.0,모닝롤/프레즐  우유/주스 계란후라이  누룽지탕/쌀밥 (쌀:국내산) 쇠고기무국  콩나물무침  포기김치 (김치:국내산) ,짜장밥 (쌀:국내산) 계란국  사천식탕수육  풍기샐러드  단무지  포기김치 (김치:국내산)   ,쌀밥/잡곡밥 (쌀:국내산) 닭개장 (닭고기:국내산) 해물청경채볶음  두부양념조림  파래김*장  포기김치 (김치:국내산) ,760.0,442.0,2162.0,0.3515263644773358,15.879166666666665,21.9,10.2,,78.79166666666667,,True
2016-10-24,월,2670.0,120.0,223.0,367.0,0.0,모닝롤/찐빵  우유/주스 삶은계란 누룽지탕/쌀밥 (쌀:국내산) 어묵국  고구마순나물  포기김치 (김치:국내산) ,쌀밥/잡곡밥 (쌀:국내산) 된장찌개  제육볶음  해물파전  콩나물무침  포기김치 (김치:국내산)   ,쌀밥/잡곡밥 (쌀:국내산) 북어계란국  닭강정  해파리냉채  유채나물  포기김치 (김치:국내산) ,1171.0,600.0,2327.0,0.5032230339492909,15.845833333333337,17.5,13.6,,66.04166666666667,,True
2016-10-25,화,2670.0,73.0,259.0,345.0,0.0,모닝롤/햄치즈샌드  우유/주스 계란후라이 견과류죽/쌀밥 (쌀:국내산) 근대국  오이무침  포기김치 (김치:국내산) ,쌀밥/잡곡밥 (쌀:국내산) 육개장  갈치구이  고추잡채*꽃빵  미역레몬초무침  깍두기 (김치:국내산)   ,오므라이스 (쌀:국내산) 가쯔오장국  훈제오리냉채  메추리알조림  고구마맛탕/오렌지  포기김치 (김치:국내산) ,1028.0,559.0,2338.0,0.43969204448246363,14.770833333333334,19.8,11.6,,62.375,,True
2016-10-26,수,2670.0,89.0,258.0,0.0,0.0,모닝롤/단호박샌드  우유/주스 삶은계란 누룽지탕/쌀밥 (쌀:국내산) 연두부찌개  마늘쫑맛살볶음  포기김치 (김치:국내산) ,곤드레밥 (쌀:국내산) 배추된장국  데리야끼파닭  실곤약초무침  땅콩조림  포기김치 (김치:국내산)   ,쌀밥/잡곡밥 (쌀:국내산) 쇠고기샤브국  가자미찜  진미채무침  취나물  포기김치 (김치:국내산) ,854.0,410.0,2323.0,0.36762806715454155,15.004166666666665,20.7,11.6,,81.70833333333333,1.0,True
2016-10-27,목,2670.0,94.0,272.0,240.0,0.0,모닝롤/고구마파이  우유/주스 스크램블에그 호박죽/쌀밥 (쌀:국내산) 모시조개시금치국  가지나물  포기김치 (김치:국내산) ,쌀밥/잡곡밥 (쌀:국내산) 동태찌개  돈육장조림  두부계란전  해초무침  포기김치 (김치:국내산)   ,쌀밥/잡곡밥 (쌀:국내산) 바지락수제비  유산슬  멕시칸샐러드  핫도그&케찹  배추겉절이 (김치:국내산) ,807.0,454.0,2304.0,0.3502604166666667,13.933333333333332,19.9,8.6,,76.91666666666667,,True
2016-10-28,금,2670.0,192.0,277.0,63.0,0.0,모닝롤/인절미토스트  우유/주스 계란후라이  야채죽/쌀밥 (쌀:국내산) 콩나물국  쥐포무침  포기김치 (김치:국내산) ,쌀밥/잡곡밥 (쌀:국내산) 버섯들깨탕  고등어조림  비엔나감자볶음  통도라지구이  알타리김치 (김치:국내산)   ,쌀밥/잡곡밥 (쌀:국내산) 오징어국  떡갈비조림  마파두부  비트무생채  포기김치 (김치:국내산) ,731.0,475.0,2201.0,0.33212176283507494,13.791666666666666,18.7,7.4,,72.25,,True
2016-10-31,월,2670.0,134.0,223.0,255.0,0.0,모닝롤/후르츠팬케익  우유/주스 스크램블에그 누룽지탕/쌀밥 (쌀:국내산) 들깨미역국  호박볶음  포기김치 (김치:국내산) ,쌀밥/잡곡밥 (쌀:국내산) 근대된장국  쇠고기숙주볶음  새송이버섯전  홍어채무침  포기김치 (김치:국내산)   ,쌀밥/잡곡밥 (쌀:국내산) 부대찌개  삼치구이  돈육잡채  참나물  포기김치 (김치:국내산) ,1224.0,540.0,2313.0,0.5291828793774319,9.166666666666666,15.9,4.2,,64.91666666666667,,True
2016-11-01,화,2689.0,70.0,212.0,515.0,0.0,모닝롤/에그샌드  우유/주스 계란후라이 쇠고기죽/쌀밥 (쌀:국내산) 아욱된장국  콩조림  포기김치 (김치:국내산) ,쌀밥/잡곡밥 (쌀:국내산) 알탕  닭갈비  생선까스*탈탈소스  시금치나물  포기김치 (김치:국내산)   ,짜장덮밥 (쌀:국내산) 해물짬뽕  군만두  과일샐러드  단무지  포기김치 (김치:국내산) ,1087.0,578.0,2407.0,0.4515995014540922,7.675,10.3,3.8,,81.0,1.0,True
2016-11-02,수,2689.0,73.0,231.0,0.0,0.0,모닝롤/크로와상  우유/주스 스크램블에그 누룽지탕/쌀밥 (쌀:국내산) 대구찌개  김자반  포기김치 (김치:국내산) ,콩나물밥 (쌀:국내산) 가쯔오장국  훈제오리/무쌈  양파절임  부추겉절이  포기김치 (김치:국내산)   ,쌀밥/잡곡밥 (쌀:국내산) 청국장찌개  동파삼겹수육  마늘쫑볶음  얼갈이겉절이  알타리김치 (김치:국내산) ,1006.0,540.0,2385.0,0.42180293501048216,6.729166666666667,12.2,0.7,,51.04166666666666,,True
2016-11-03,목,2689.0,72.0,283.0,408.0,0.0,모닝롤/토마토샌드  우유/주스 삶은계란 양송이죽/쌀밥 (쌀:국내산) 시래기국  두부조림  포기김치 (김치:국내산) ,쌀밥/잡곡밥 (쌀:국내산) 쇠고기무국  쭈꾸미볶음  계란말이  세발나물  포기김치 (김치:국내산)   ,참치회덮밥 (쌀:국내산) 미소장국  새우또띠아/음료  콘샐러드  락교  포기김치 (김치:국내산) ,864.0,553.0,2334.0,0.37017994858611825,5.375,14.0,-1.6,,55.125,,True
2016-11-04,금,2689.0,168.0,276.0,81.0,0.0,모닝롤/브라우니  우유/주스 계란후라이  닭죽/쌀밥 (쌀:국내산) 김치두부국  브로컬리들깨무침  포기김치 (김치:국내산) ,쌀밥/잡곡밥 (쌀:국내산) 사골우거지탕  명태엿장조림  모듬소세지구이  오이무침  석박지 (김치:국내산)   ,쌀밥/잡곡밥 (쌀:국내산) 순두부찌개  돈육굴소스볶음  황태양념구이  숙주나물  포기김치 (김치:국내산) ,803.0,497.0,2245.0,0.3576837416481069,7.441666666666667,15.9,1.0,,72.375,,True
2016-11-07,월,2689.0,133.0,222.0,539.0,0.0,모닝롤/마늘빵  우유/주스 스크램블에그 누룽지탕/쌀밥 (쌀:국내산) 북어해장국  김잔파무침  포기김치 (김치:국내산) ,쌀밥/잡곡밥 (쌀:국내산) 오징어국  유자청제육볶음 (돼지고기:국내산) 날치알계란찜  상추파채무침  포기김치 (김치:국내산)   ,쌀밥/잡곡밥 (쌀:국내산) 목살김치찌개 (돼지고기:국내산) 가자미튀김  비엔나감자볶음  실곤약초무침  깍두기 (김치:국내산) ,1156.0,506.0,2334.0,0.4952870608397601,11.2875,16.0,5.7,,76.04166666666667,,True
2016-11-08,화,2689.0,60.0,250.0,503.0,0.0,모닝롤/씨크립샌드  우유/주스 계란후라이 크림누룽지탕/쌀밥 (쌀:국내산) 고추장찌개  청포묵무침  포기김치 (김치:국내산) ,쌀밥/잡곡밥 (쌀:국내산) 차돌박이찌개 (쇠고기:호주산) 순살양념치킨 (닭고기:국내산) 동그랑땡전  깻잎지  포기김치 (김치:국내산)   ,낙지볶음덮밥 (쌀:국내산) 맑은국  언양식불고기  꽃맛살샐러드  군고구마  포기김치 (김치:국내산) ,986.0,512.0,2379.0,0.4144598570828079,12.091666666666669,17.6,6.2,,72.79166666666667,,True
2016-11-09,수,2689.0,58.0,267.0,0.0,0.0,모닝롤/애플파이  우유/주스 스크램블에그 누룽지탕/쌀밥 (쌀:국내산) 맑은만두육개장  시금치나물  포기김치 (김치:국내산) ,단호박영양밥 (쌀:국내산) 꽃게탕  고추잡채*꽃빵 (쇠고기:호주산) 연근조림  무생채/귤  포기김치 (김치:국내산)   ,쌀밥/잡곡밥 (쌀:국내산) 뼈해장국 (돼지고기:국내산) 고등어양념구이 (고등어:국내산) 두부양념찜  숙주나물  석박지 (김치:국내산) ,920.0,499.0,2364.0,0.38917089678510997,11.775,15.5,6.6,,55.708333333333336,,True
2016-11-10,목,2689.0,73.0,267.0,385.0,0.0,모닝롤/식빵피자  우유/주스 삶은계란 야채죽/쌀밥 (쌀:국내산) 어묵탕  마늘쫑무침  포기김치 (김치:국내산) ,쌀밥/잡곡밥 (쌀:국내산) 김치콩나물국 (김치:국내산) 쇠고기장조림 (쇠고기:호주산) 닭살겨자채 (닭고기:국내산) 멸치아몬드볶음  알타리김치 (김치:국내산)   ,김밥 (쌀:국내산) 계란국  해물볶음우동  비빔야채만두  음료/단무지  포기김치 (김치:국내산) ,795.0,513.0,2349.0,0.3384418901660281,6.033333333333334,12.3,0.9,,44.125,,True
2016-11-11,금,2689.0,173.0,286.0,69.0,0.0,모닝롤/롤케익  우유/주스 계란후라이  흑임자죽/쌀밥 (쌀:국내산) 건새우무국  가지두반장볶음  포기김치 (김치:국내산) ,쌀밥/잡곡밥 (쌀:국내산) 아욱된장국  칠리탕수육 (돼지고기:국내산) 동태전 (동태:러시아산) 치커리무침  포기김치 (김치:국내산)   ,쌀밥/잡곡밥 (쌀:국내산) 닭곰탕 (닭고기:국내산) 미트볼떡조림 (돼지고기:국내산) 도토리묵무침  단배추나물  포기김치 (김치:국내산) ,652.0,426.0,2230.0,0.29237668161434976,8.9625,14.7,4.2,,63.29166666666666,,True
2016-11-14,월,2689.0,92.0,227.0,461.0,0.0,모닝롤/바나나팬케익  우유/주스 스크램블에그 누룽지탕/쌀밥 (쌀:국내산) 감자국  진미채무침  포기김치 (김치:국내산) ,쌀밥/잡곡밥 (쌀:국내산) 어묵국  소고기버섯볶음 (쇠고기:호주산) 오징어숙회무침  부추호박전  포기김치 (김치:국내산)   ,쌀밥/잡곡밥 (쌀:국내산) 콩나물국  매운돼지갈비찜 (돼지고기:국내산) 메추리알곤약조림  아삭고추무침  알타리김치 (김치:국내산) ,1260.0,539.0,2370.0,0.5316455696202531,10.8875,15.5,5.6,,80.04166666666667,,True
2016-11-15,화,2689.0,66.0,273.0,418.0,0.0,모닝롤/에그샌드  우유/주스 계란후라이 밤죽/쌀밥 (쌀:국내산) 피바지락국  시래기조림  포기김치 (김치:국내산) ,쌀밥/잡곡밥 (쌀:국내산) 김치국  닭데리야끼조림 (닭고기:국내산) 햄감자채볶음  브로컬리무침  포기김치 (김치:국내산)   ,"굴소스해물볶음밥 (쌀:국내산) 미소장국  미니햄버거 (쇠고기:호주산,돈육:국내산) 쫄면야채무침  수제오이피클/주스  배추겉절이 (김치:국내산) ",914.0,418.0,2350.0,0.38893617021276594,14.2625,16.0,12.8,,90.08333333333331,1.0,True
2016-11-16,수,2689.0,60.0,250.0,0.0,0.0,모닝롤/찐빵  우유/주스 스크램블에그 누룽지탕/쌀밥 (쌀:국내산) 얼큰소고기국 (쇠고기:호주산) 우엉조림  포기김치 (김치:국내산) ,버섯영양밥 (쌀:국내산) 조랭이떡미역국  유산슬 (쇠고기:호주산) 임연수구이  청경채무침  포기김치 (김치:국내산)   ,쌀밥/잡곡밥 (쌀:국내산) 동태찌개 (동태:러시아산) 수제돈까스 (돼지고기:국내산) 통도라지구이  시금치나물  포기김치 (김치:국내산) ,888.0,463.0,2379.0,0.37326607818411095,12.237500000000002,18.6,3.0,,59.04166666666666,,True
2016-11-17,목,2689.0,134.0,263.0,411.0,0.0,모닝롤/야채샌드  우유/주스 삶은계란 홍게살죽/쌀밥 (쌀:국내산) 호박젓국찌개  미역줄기볶음  포기김치 (김치:국내산) ,쌀밥/잡곡밥 (쌀:국내산) 설렁탕 (쇠고기:호주산) 해물김치전  올방개묵무침  풋고추*양파  깍두기 (김치:국내산)   ,생선초밥 (쌀:국내산) 우동  떡볶이  하와이안샐러드  락교  포기김치 (김치:국내산) ,882.0,551.0,2292.0,0.38481675392670156,6.566666666666666,16.4,-0.7,,60.91666666666666,,True
2016-11-18,금,2689.0,219.0,287.0,57.0,0.0,모닝롤/고구마파이  우유/주스 계란후라이  팥죽/쌀밥 (쌀:국내산) 근대된장국  콩나물무침  포기김치 (김치:국내산) ,쌀밥/잡곡밥 (쌀:국내산) 콩비지찌개  순살깐풍기 (닭고기:국내산) 어묵볶음  쌈다시마초장  갓김치 (김치:국내산)   ,쌀밥/잡곡밥 (쌀:국내산) 육개장 (쇠고기:호주산) 탕수어 (동태:러시아산) 해파리겨자채  김구이  포기김치 (김치:국내산) ,730.0,388.0,2183.0,0.3344021988089785,8.987499999999999,17.3,3.0,,61.375,,True
2016-11-21,월,2689.0,94.0,202.0,522.0,0.0,모닝롤/프렌치토스트  우유/주스 스크램블에그 누룽지탕/쌀밥 (쌀:국내산) 콩나물국  쑥갓두부무침  포기김치 (김치:국내산) ,쌀밥/잡곡밥 (쌀:국내산) 시래기된장국  누룽지탕수육  계란찜  도라지초무침  포기김치 (김치:국내산)   ,쌀밥/잡곡밥 (쌀:국내산) 황태국  등갈비김치찜  궁중떡볶음  가지나물  깍두기 (김치:국내산) ,1235.0,616.0,2393.0,0.5160885917258671,13.333333333333334,19.3,7.7,,80.41666666666667,,True
2016-11-22,화,2689.0,45.0,238.0,452.0,0.0,모닝롤/참치샌드  우유/주스 계란후라이 해물죽/쌀밥 (쌀:국내산) 무채국  명엽채무침  포기김치 (김치:국내산) ,쌀밥/잡곡밥 (쌀:국내산) 대구매운탕  쇠고기숙주볶음  새싹두부구이  오이생채  포기김치 (김치:국내산)   ,후난식볶음밥 (쌀:국내산) 팽이장국  새우까스*탈탈소스  찹쌀순대볶음  마늘쫑장아찌  포기김치 (김치:국내산) ,1046.0,580.0,2406.0,0.43474646716541976,10.545833333333334,15.8,6.2,,82.375,,True
2016-11-23,수,2689.0,52.0,251.0,0.0,0.0,모닝롤/와플  우유/주스 스크램블에그 누룽지탕/쌀밥 (쌀:국내산) 재첩국  꽈리고추찜  포기김치 (김치:국내산) ,쌀밥/잡곡밥 (쌀:국내산) 순두부탕  파닭  갈치조림  청포묵무침  포기김치 (김치:국내산)   ,쌀밥/잡곡밥 (쌀:국내산) 소고기미역국  쭈꾸미볶음  고기전  상추겉절이  포기김치 (김치:국내산) ,891.0,482.0,2386.0,0.37342833193629504,9.175,13.5,5.6,,63.75,,True
2016-11-24,목,2689.0,61.0,262.0,351.0,0.0,모닝롤/바나나샌드  우유/주스 삶은계란 단호박죽/쌀밥 (쌀:국내산) 아욱국  숙주미나리나물  포기김치 (김치:국내산) ,쌀밥/잡곡밥 (쌀:국내산) 수제비국  짬뽕불고기  우엉잡채  참나물  포기김치 (김치:국내산)   ,멸치주먹밥 (쌀:국내산) 잔치국수  또띠아피자  브로컬리꽃맛살샐러드  무피클  포기김치 (김치:국내산) ,870.0,498.0,2366.0,0.36770921386306,6.633333333333333,11.4,2.4,,33.541666666666664,,True
2016-11-25,금,2689.0,200.0,279.0,68.0,0.0,모닝롤/치즈프레즐  우유/주스 계란후라이  녹두죽/쌀밥 (쌀:국내산) 꽃게탕  느타리버섯볶음  포기김치 (김치:국내산) ,카레덮밥 (쌀:국내산) 맑은국  통감자오븐구이  샐러드파스타  연근땅콩조림  베추겉절이 (김치:국내산)   ,쌀밥/잡곡밥 (쌀:국내산) 된장찌개  장어강정  옥수수전  취나물/요구르트  포기김치 (김치:국내산) ,720.0,392.0,2210.0,0.3257918552036199,3.329166666666667,8.5,0.0,,31.625,,True
2016-11-28,월,2689.0,114.0,219.0,397.0,0.0,모닝롤/단팥빵  우유/주스 스크램블에그 누룽지탕/쌀밥 (쌀:국내산) 호박젓국찌개  치커리무침  포기김치 (김치:국내산) ,쌀밥/잡곡밥 (쌀:국내산) 쇠고기느타리국  오징어볶음  모둠소시지구이  물파래무침  포기김치 (김치:국내산)   ,쌀밥/잡곡밥 (쌀:국내산) 시금치된장국  닭강정  꽁치한마리구이  겨울초겉절이  포기김치 (김치:국내산) ,1246.0,623.0,2356.0,0.5288624787775892,4.633333333333334,10.5,1.4,,74.875,1.0,True
2016-11-29,화,2689.0,84.0,218.0,388.0,0.0,모닝롤/옥수수샌드  우유/주스 계란후라이 새우살죽/쌀밥 (쌀:국내산) 어묵국  방풍나물  포기김치 (김치:국내산) ,쌀밥/잡곡밥 (쌀:국내산) 근대국  제육볶음  늙은호박전  모둠쌈  포기김치 (김치:국내산)   ,참치주먹밥 (쌀:국내산) 짬뽕  야채튀김  홍시드레싱샐러드  푸딩  포기김치 (김치:국내산) ,900.0,587.0,2387.0,0.3770423125261835,4.1875,11.3,-0.9,,60.79166666666666,,True
2016-11-30,수,2689.0,68.0,207.0,0.0,0.0,모닝롤/카스텔라  우유/주스 스크램블에그 누룽지탕/쌀밥 (쌀:국내산) 고추장찌개  김자반  포기김치 (김치:국내산) ,나물비빔밥 (쌀:국내산) 가쯔오장국  치킨핑거*요거트D  감자샐러드  오복지무침  포기김치 (김치:국내산)   ,    *        ,1109.0,0.0,2414.0,0.45940347970173984,3.125,12.0,-3.5,,57.083333333333336,,True
2016-12-01,목,2705.0,84.0,243.0,688.0,0.0,모닝롤/토마토샌드  우유/주스 삶은계란 땅콩죽/쌀밥 (쌀:국내산) 배추된장국  쥐포무침  포기김치 (김치:국내산) ,쌀밥/잡곡밥 (쌀:국내산) 콩나물국  모둠장조림  골뱅이무침*소면  톳두부무침  알타리김치 (김치:국내산)   ,김치볶음밥 (쌀:국내산) 미소장국  수제고로케*케찹  갈비만두  단무지  봄동겉절이 (김치:국내산) ,956.0,571.0,2378.0,0.4020185029436501,6.454166666666666,10.4,1.5,,68.75,1.0,True
2016-12-02,금,2705.0,183.0,272.0,152.0,0.0,모닝롤/베이글  우유/주스 계란후라이  팥죽/쌀밥 (쌀:국내산) 황태국  새송이볶음  포기김치 (김치:국내산) ,쌀밥/잡곡밥 (쌀:국내산) 떡국  양념찜닭  콩나물겨자채  청경채무침  포기김치 (김치:국내산)   ,쌀밥/잡곡밥 (쌀:국내산) 오징어국  미니함박조림  연두부*양념장  오이사과생채  포기김치 (김치:국내산) ,766.0,448.0,2250.0,0.34044444444444444,7.675,12.9,4.5,,63.16666666666666,,True
2016-12-05,월,2705.0,101.0,207.0,839.0,0.0,모닝롤/마늘빵  우유/주스 스크램블에그 누룽지탕/쌀밥 (쌀:국내산) 무채국  오이무침  포기김치 (김치:국내산) ,쌀밥/잡곡밥 (쌀:국내산) 순두부찌개  훈제오리구이 (훈제오리:국내산) 참치야채전  무쌈말이  포기김치 (김치:국내산)   ,쌀밥/잡곡밥 (쌀:국내산) 매운감자국  소고기숙주볶음 (쇠고기:호주산) 코다리엿장조림  치커리단감무침  포기김치 (김치:국내산) ,1110.0,560.0,2397.0,0.46307884856070086,3.95,10.6,-0.8,,73.95833333333333,,True
2016-12-06,화,2705.0,69.0,222.0,799.0,0.0,모닝롤/롤케익  우유/주스 계란후라이 흑임자죽/쌀밥 (쌀:국내산) 북어계란국  애호박나물  포기김치 (김치:국내산) ,쌀밥/잡곡밥 (쌀:국내산) 홍합탕  삼겹살오븐구이 (돼지고기:국내산) 실곤약흑임자무침  배추쌈/무말랭이  포기김치 (김치:국내산)   ,유부초밥 (쌀:국내산) 쌀국수  단호박조림  핫도그/음료  오이양배추피클  포기김치 (김치:국내산) ,930.0,593.0,2414.0,0.3852526926263463,5.533333333333334,15.6,-0.5,,80.25,,True
2016-12-07,수,2705.0,69.0,232.0,0.0,0.0,모닝롤/고구마샌드  우유/주스 스크램블에그 누룽지탕/쌀밥 (쌀:국내산) 냉이국  두부조림  포기김치 (김치:국내산) ,짜장밥 (쌀:국내산) 유부장국  해물누룽지탕  개성감자만두  쨔샤이무침/아이스슈  포기김치 (김치:국내산)   ,쌀밥/잡곡밥  부대찌개 (쇠고기:호주산) 유린기 (닭고기:국내산) 잔멸치볶음  취나물  포기김치 (김치:국내산) ,895.0,468.0,2404.0,0.3722961730449251,4.3500000000000005,9.8,-3.0,,39.75,,True
2016-12-08,목,2705.0,76.0,262.0,587.0,0.0,모닝롤/야채샌드  우유/주스 삶은계란 닭죽/쌀밥 (쌀:국내산) 호박젓국찌개  시래기조림  포기김치 (김치:국내산) ,쌀밥/잡곡밥 (쌀:국내산) 아욱국  양념돼지갈비찜 (돼지고기:국내산) 버섯메밀전  상추초무침  알타리김치 (김치:국내산)   ,김밥 (쌀:국내산) 계란국  해물볶음우동  과일샐러드  단무지무침  포기김치 (김치:국내산) ,787.0,512.0,2367.0,0.3324883819180397,0.1874999999999999,8.0,-5.5,,66.20833333333333,,True
2016-12-09,금,2705.0,196.0,284.0,152.0,0.0,모닝롤/베이글  우유/주스 계란후라이  해물죽/쌀밥 (쌀:국내산) 얼갈이국  진미채무침  포기김치 (김치:국내산) ,쌀밥/잡곡밥 (쌀:국내산) 차돌박이된장찌개 (쇠고기:호주산) 삼치무조림  닭가슴살냉채 (닭고기:국내산) 마늘쫑무침  포기김치 (김치:국내산)   ,쌀밥/잡곡밥 (쌀:국내산) 쇠고기무국 (쇠고기:호주산) 주꾸미볶음  모듬묵*양념장  열무된장나물  포기김치 (김치:국내산) ,621.0,416.0,2225.0,0.2791011235955056,2.8208333333333333,10.6,-2.4,,71.75,,True
2016-12-12,월,2705.0,102.0,193.0,633.0,0.0,모닝롤/프렌치토스트  우유/주스 스크램블에그 누룽지탕/쌀밥 (쌀:국내산) 토란국  꽃맛살볶음  포기김치 (김치:국내산) ,쌀밥/잡곡밥 (쌀:국내산) 콩나물김치국  돈육굴소스볶음 (돼지고기:국내산) 매운어묵무침  다시마*브로컬리  깍두기 (김치:국내산)   ,쌀밥/잡곡밥 (쌀:국내산) 대구지리  유산슬 (쇠고기:호주산) 동그랑땡전  도토리묵무침  포기김치 (김치:국내산) ,1069.0,544.0,2410.0,0.44356846473029043,-0.2833333333333332,8.8,-6.7,,46.375,,True
2016-12-13,화,2705.0,65.0,226.0,511.0,0.0,모닝롤/바나나샌드  우유/주스 계란후라이 크림누룽지탕/쌀밥 (쌀:국내산) 선지해장국 (쇠고기:호주산) 검정콩조림  포기김치 (김치:국내산) ,쌀밥/잡곡밥 (쌀:국내산) 냉이된장찌개  코다리강정 (명태:러시아산) 돈육잡채 (돼지고기:국내산) 오이도라지무침  포기김치 (김치:국내산)   ,주먹밥 (쌀:국내산) 양송이스프  토마토스파게티  새우또띠아  오이피클/음료  포기김치 (김치:국내산) ,770.0,482.0,2414.0,0.31897265948632975,3.0375,10.3,-3.0,,53.79166666666666,,True
2016-12-14,수,2705.0,82.0,247.0,0.0,0.0,모닝롤/녹차카스테라  우유/주스 스크램블에그 누룽지탕/쌀밥 (쌀:국내산) 연두부탕  미역줄기볶음  포기김치 (김치:국내산) ,소불고기덮밥 (쌀:국내산) 가쯔오장국  고구마튀김  멕시칸샐러드  청경채무침  포기김치 (김치:국내산)   ,쌀밥/잡곡밥  매생이굴국  간장찜닭 (닭고기:국내산) 녹두전(김치)  무생채  포기김치 (김치:국내산) ,904.0,441.0,2376.0,0.38047138047138046,6.0,10.0,0.7,,65.16666666666667,,True
2016-12-15,목,2705.0,98.0,234.0,229.0,0.0,모닝롤/씨크립샌드  우유/주스 삶은계란 참치야채죽/쌀밥 (쌀:국내산) 어묵국  콩나물무침  포기김치 (김치:국내산) ,쌀밥/잡곡밥 (쌀:국내산) 콩비지찌개  오리고추장볶음 (오리고기:국내산) 옥수수계란찜  부추생채  포기김치 (김치:국내산)   ,오므라이스 (쌀:국내산) 팽이장국  해물떡볶이  호빵/식혜  봄동겉절이  포기김치 (김치:국내산) ,850.0,499.0,2373.0,0.3581963758954909,3.483333333333334,8.9,-3.3,,46.625,,True
2016-12-16,금,2705.0,167.0,262.0,37.0,0.0,모닝롤/치즈프레즐  우유/주스 계란후라이  잣죽/쌀밥 (쌀:국내산) 재첩국  김구이  포기김치 (김치:국내산) ,쌀밥/잡곡밥 (쌀:국내산) 쇠고기샤브국 (쇠고기:호주산) 갈치구이 (갈치:세네갈산) 비엔케찹볶음  아삭고추무침  포기김치 (김치:국내산)   ,쌀밥/잡곡밥 (쌀:국내산) 미역국  등갈비김치찜 (돼지고기:국내산) 들깨버섯무침  숙주나물  석박지 (김치:국내산) ,699.0,518.0,2276.0,0.3071177504393673,-0.5916666666666668,5.3,-6.2,,50.54166666666666,,True
2016-12-19,월,2705.0,104.0,217.0,197.0,0.0,모닝롤/팬케익  우유/주스 스크램블에그 누룽지탕/쌀밥 (쌀:국내산) 김치두부국  멸치볶음  포기김치 (김치:국내산) ,쌀밥/잡곡밥 (쌀:국내산) 배추된장국  짬뽕불고기  감자채볶음  하루나겉절이  포기김치 (김치:국내산)   ,쌀밥/잡곡밥 (쌀:국내산) 육개장  탕수어  쫄면야채무침  호박나물  포기김치 (김치:국내산) ,1215.0,482.0,2384.0,0.5096476510067114,1.1833333333333331,10.9,-5.5,,71.75,,True
2016-12-20,화,2705.0,89.0,238.0,126.0,0.0,모닝롤/단호박샌드  우유/주스 계란후라이 해물죽/쌀밥 (쌀:국내산) 열무된장국  미니새송이볶음  포기김치 (김치:국내산) ,쌀밥/잡곡밥 (쌀:국내산) 콩나물국  고추잡채*꽃빵  꽁치김치말이  올방개묵무침  깍두기 (김치:국내산)   ,충무김밥 (쌀:국내산) 잔치국수  오징어무침  고구마치즈구이  스틱단무지  석박지 (김치:국내산) ,790.0,461.0,2378.0,0.3322119428090833,5.429166666666667,7.3,1.9,,84.75,1.0,True
2016-12-21,수,2705.0,72.0,230.0,0.0,0.0,모닝롤/크로와상  우유/주스 스크램블에그 누룽지탕/쌀밥 (쌀:국내산) 쇠고기매운국  김자반  포기김치 (김치:국내산) ,쌀밥/잡곡밥 (쌀:국내산) 된장찌개  마늘간장치킨  홍어채무침  가지나물  포기김치 (김치:국내산)   ,쌀밥/잡곡밥 (쌀:국내산) 알탕  돈육장조림  해물파전  도라지초무침  포기김치 (김치:국내산) ,929.0,494.0,2403.0,0.38660008322929673,8.645833333333334,14.5,3.5,,82.16666666666667,1.0,True
2016-12-22,목,2705.0,118.0,242.0,32.0,0.0,모닝롤/에그샌드  우유/주스 삶은계란 양송이죽/쌀밥 (쌀:국내산) 근대국  명엽채무침  포기김치 (김치:국내산) ,쌀밥/잡곡밥 (쌀:국내산) 꽃게탕  쇠고기버섯볶음  양배추쌈*쌈장  오이무침  포기김치 (김치:국내산)   ,작은밥 (쌀:국내산) 바지락수제비  사천식탕수육  메추리알조림  귤  배추겉절이 (김치:국내산) ,524.0,213.0,2345.0,0.22345415778251598,6.275,9.9,1.3,,87.29166666666667,1.0,True
2016-12-23,금,2705.0,343.0,243.0,7.0,0.0,모닝롤/브라우니  우유/주스 계란후라이  호박죽/쌀밥 (쌀:국내산) 고추장찌개  시금치나물  포기김치 (김치:국내산) ,쌀밥/잡곡밥 (쌀:국내산) 얼갈이국  떡갈비조림  동태전  치커리유자청무침  포기김치 (김치:국내산)   ,쌀밥/잡곡밥 (쌀:국내산) 돈육김치찌개  궁중떡볶음  고등어카레구이  참나물  알타리김치 (김치:국내산) ,560.0,398.0,2119.0,0.26427560169891456,11.770833333333334,18.3,6.4,,68.33333333333333,1.0,True
2016-12-26,월,2705.0,206.0,194.0,63.0,0.0,모닝롤/찐빵  우유/주스 스크램블에그 누룽지탕/쌀밥 (쌀:국내산) 아욱국  쥐포무침  포기김치 (김치:국내산) ,쌀밥/잡곡밥 (쌀:국내산) 동태찌개  돈육간장불고기  두부새싹구이  풋마늘대무침  포기김치 (김치:국내산)   ,쌀밥/잡곡밥 (쌀:국내산) 청국장찌개  가자미양념찜  훈제오리냉채  김구이  깍두기 (김치:국내산) ,1192.0,328.0,2305.0,0.5171366594360087,2.975,10.9,-3.7,,70.95833333333333,,True
2016-12-27,화,2705.0,127.0,236.0,51.0,0.0,모닝롤/베이컨샌드  우유/주스 계란후라이 홍게살죽/쌀밥 (쌀:국내산) 민물새우찌개  브로컬리들깨찜  포기김치 (김치:국내산) ,쌀밥/잡곡밥 (쌀:국내산) 열무된장국  닭갈비  우엉잡채     포기김치 (김치:국내산)   ,해물굴소스볶음밥 (쌀:국내산) 맑은국  돈육강정  흑임자시금치샐러드  피클/아이스슈  포기김치 (김치:국내산) ,823.0,314.0,2342.0,0.3514090520922289,5.608333333333334,6.5,4.8,,85.20833333333333,1.0,True
2016-12-28,수,2705.0,166.0,225.0,0.0,0.0,모닝롤/고구마파이  우유/주스 스크램블에그 누룽지탕/쌀밥 (쌀:국내산) 북어계란국  느타리호박볶음  포기김치 (김치:국내산) ,콩나물밥 (쌀:국내산) 가쯔오장국  미트볼케찹조림  꽃맛살샐러드  군고구마  배추겉절이 (김치:국내산)   ,    *        ,767.0,0.0,2314.0,0.33146067415730335,4.3,7.0,-0.3,,50.54166666666666,1.0,True
2016-12-29,목,2705.0,242.0,201.0,42.0,0.0,모닝롤/햄치즈샌드  우유/주스 삶은계란 새송이죽/쌀밥 (쌀:국내산) 감자국  유채나물  포기김치 (김치:국내산) ,쌀밥/잡곡밥 (쌀:국내산) 시래기국  오징어볶음*소면  소세지감자조림  쑥갓두부무침  포기김치 (김치:국내산)   ,참치주먹밥 (쌀:국내산) 김치우동  쇠고기퀘사디아  구운채소 *발사믹소스 과일  알타리김치 (김치:국내산) ,711.0,343.0,2262.0,0.31432360742705573,-0.5791666666666667,7.8,-6.7,,52.833333333333336,,True
2016-12-30,금,2705.0,529.0,127.0,3.0,0.0,모닝롤/와플  우유/주스 계란후라이  쇠고기죽/쌀밥 (쌀:국내산) 매운어묵국  취나물  포기김치 (김치:국내산) ,쌀밥/잡곡밥 (쌀:국내산) 순두부찌개  수제돈까스  꽈리고추어묵볶음  물미역초장  포기김치 (김치:국내산)   ,쌀밥/잡곡밥 (쌀:국내산) 봄동된장국  닭볶음탕  꼬막찜  마늘쫑건새우볶음  포기김치 (김치:국내산) ,658.0,275.0,2049.0,0.3211322596388482,-0.2624999999999999,4.9,-4.5,,49.0,,True
2017-01-02,월,2697.0,96.0,102.0,272.0,0.0,모닝롤/마늘빵  우유/주스 스크램블에그 누룽지탕/쌀밥 (쌀:국내산) 냉이된장국  콩자반  포기김치 (김치:국내산) ,쌀밥/잡곡밥 (쌀:국내산) 사골떡국  쇠고기낙지볶음  부추깻잎전  통도라지구이  포기김치 (김치:국내산) ,쌀밥/잡곡밥 (쌀:국내산) 매운오징어국  목살간장조림  두부부침  시래기조림  포기김치 (김치:국내산) ,1273.0,559.0,2499.0,0.5094037615046019,1.5416666666666667,10.8,-4.4,,72.25,,True
2017-01-03,화,2697.0,61.0,158.0,259.0,0.0,모닝롤/인절미토스트  우유/주스 계란후라이 새우살죽/쌀밥 (쌀:국내산) 차돌박이찌개  톳무침  포기김치 (김치:국내산) ,쌀밥/잡곡밥 (쌀:국내산) 홍합탕  매운동태찜 (동태:러시아산) 언양식불고기  콩나물파채절이  포기김치 (김치:국내산) ,참치회덮밥 (쌀:국내산) 유부주머니국  수제고로케  멕시칸샐러드  피크닉  포기김치 (김치:국내산) ,1041.0,364.0,2478.0,0.42009685230024213,4.4375,13.3,-1.7,,72.125,,True
2017-01-04,수,2697.0,67.0,170.0,0.0,0.0,모닝롤/사과파이  우유/주스 스크램블에그 누룽지탕/쌀밥 (쌀:국내산) 토란탕  진미채무침  포기김치 (김치:국내산) ,곤드레밥 (쌀:국내산) 황태국  동그랑땡전  비빔메밀국수  꽈리고추멸치볶음  배추겉절이 (김치:국내산) ,쌀밥/잡곡밥  감자찌개  닭데리야끼구이  새송이버섯볶음  김가루잔파무침  포기김치 (김치:국내산) ,949.0,427.0,2460.0,0.3857723577235772,2.6375,11.7,-2.3,,70.5,,True
2017-01-05,목,2697.0,79.0,207.0,316.0,0.0,모닝롤/토마토샌드  우유/주스 삶은계란 밤죽/쌀밥 (쌀:국내산) 연두부탕  오이무침  포기김치 (김치:국내산) ,쌀밥/잡곡밥 (쌀:국내산) 육개장  굴비구이  두반장감자볶음  청경채생채  포기김치 (김치:국내산) ,마파두부덮밥 (쌀:국내산) 팽이장국  류산슬  비빔야채만두  조각티라미수  포기김치 (김치:국내산) ,1000.0,531.0,2411.0,0.41476565740356697,1.8208333333333333,11.2,-4.2,,72.20833333333333,,True
2017-01-06,금,2697.0,189.0,224.0,74.0,0.0,모닝롤/베이글  우유/주스 계란후라이  쇠고기죽/쌀밥 (쌀:국내산) 김치국  겨울초나물  포기김치 (김치:국내산) ,쌀밥/잡곡밥 (쌀:국내산) 된장찌개  레몬탕수육  주꾸미초무침  어묵볶음  포기김치 (김치:국내산) ,쌀밥/잡곡밥 (쌀:국내산) 들깨무채국  등갈비묵은지찜  모듬소세지구이  청포묵무침  깍두기 (김치:국내산) ,830.0,523.0,2284.0,0.36339754816112085,3.920833333333333,10.1,-2.5,,70.16666666666667,,True
2017-01-09,월,2697.0,121.0,166.0,445.0,0.0,모닝롤/바나나팬케익  우유/주스 계란후라이 누룽지탕/쌀밥 (쌀:국내산) 느타리버섯국  두부조림  포기김치 (김치:국내산) ,쌀밥/잡곡밥 (쌀:국내산) 콩나물국  동파육  무쌈말이  쫑상추무침  포기김치 (김치:국내산) ,쌀밥/잡곡밥 (쌀:국내산) 콩비지찌개  양파치킨  도토리묵무침  김자반/치킨무  포기김치 (김치:국내산) ,1322.0,620.0,2410.0,0.5485477178423237,7.154166666666666,12.6,4.5,,74.875,1.0,True
2017-01-10,화,2697.0,70.0,199.0,412.0,0.0,모닝롤/피자토스트  우유/주스 계란후라이 해물죽/쌀밥 (쌀:국내산) 근대국  숙주나물  포기김치 (김치:국내산) ,쌀밥/잡곡밥 (쌀:국내산) 쇠고기미역국  주꾸미떡볶음  고기전  두반장가지볶음  포기김치 (김치:국내산) ,김치참치주먹밥 (쌀:국내산) 가쯔오국  로제스파게티  딸기드레싱샐러드  애플망고두유/피클  포기김치 (김치:국내산) ,1186.0,533.0,2428.0,0.48846787479406917,5.2875,9.2,-1.3,,57.875,,True
2017-01-11,수,2697.0,57.0,223.0,0.0,0.0,모닝롤/꿀호떡  우유/주스 스크램블에그 누룽지탕/쌀밥 (쌀:국내산) 맑은만두육개장  미역줄기볶음  포기김치 (김치:국내산) ,비빔밥 (쌀:국내산) 팽이장국  생선까스  씨리얼과일샐러드  오복지무침  포기김치 (김치:국내산) ,쌀밥/잡곡밥  해물된장찌개  제육볶음  메밀전병만두  간장깻잎지  포기김치 (김치:국내산) ,1039.0,514.0,2417.0,0.4298717418287133,0.6499999999999999,7.5,-5.0,,56.583333333333336,,True
2017-01-12,목,2697.0,85.0,238.0,305.0,0.0,모닝롤/씨크립샌드  우유/주스 계란후라이 흑임자죽/쌀밥 (쌀:국내산) 재첩국  마늘쫑무침  포기김치 (김치:국내산) ,쌀밥/잡곡밥 (쌀:국내산) 어묵국  매운닭찜  모듬버섯구이*초장  봄동된장무침  배추겉절이 (김치:국내산) ,쌀밥/잡곡밥 (쌀:국내산) 뼈감자탕  삼치된장구이  해파리냉채  아삭고추무침  포기김치 (김치:국내산) ,976.0,416.0,2374.0,0.4111204717775906,0.0625,4.9,-3.0,,31.25,,True
2017-01-13,금,2697.0,191.0,247.0,62.0,0.0,모닝롤/찐빵  우유/주스 계란후라이 크림누룽지탕/쌀밥 (쌀:국내산) 북어국  무채나물  포기김치 (김치:국내산) ,쌀밥/잡곡밥 (쌀:국내산) 짬뽕국  미니함박조림  잡채  치커리유자생채  포기김치 (김치:국내산) ,쌀밥/잡곡밥 (쌀:국내산) 시래기국  소고기장조림  김치전  애호박나물  포기김치 (김치:국내산) ,791.0,533.0,2259.0,0.35015493581230633,1.3333333333333333,8.5,-4.5,,53.75,,True
2017-01-16,월,2697.0,123.0,196.0,432.0,0.0,모닝롤/프렌치토스트  우유/주스 계란후라이 누룽지탕/쌀밥 (쌀:국내산) 고추장찌개  취나물  포기김치 (김치:국내산) ,쌀밥/잡곡밥 (쌀:국내산) 얼갈이된장국  오징어볶음*소면  꽃맛살햄볶음  참나물땅콩무침  포기김치 (김치:국내산) ,쌀밥/잡곡밥 (쌀:국내산) 감자국  매운돼지갈비찜  크랜베리멸치볶음  오이생채  포기김치 (김치:국내산) ,1273.0,571.0,2378.0,0.5353238015138773,-3.15,5.5,-11.2,,31.916666666666668,,True
2017-01-17,화,2697.0,75.0,215.0,380.0,0.0,모닝롤/야채샌드  우유/주스 스크램블에그 팥죽/쌀밥 (쌀:국내산) 열무된장국  어묵볶음  포기김치 (김치:국내산) ,쌀밥/잡곡밥 (쌀:국내산) 순두부찌개  쇠고기숙주볶음  삼색묵무침  시금치초생채  포기김치 (김치:국내산) ,후난식볶음밥 (쌀:국내산) 맑은국  닭강정  고구마그라탕  조각사과  포기김치 (김치:국내산) ,1035.0,469.0,2407.0,0.4299958454507686,-1.8583333333333327,6.7,-9.1,,36.583333333333336,,True
2017-01-18,수,2697.0,59.0,240.0,0.0,0.0,모닝롤/롤케익  우유/주스 계란후라이 누룽지탕/쌀밥 (쌀:국내산) 꽃게탕  명엽채무침  포기김치 (김치:국내산) ,쌀밥/잡곡밥 (쌀:국내산) 아욱국  훈제오리구이  옥수수전  무쌈/부추무침  배추겉절이 (김치:국내산) ,쌀밥/잡곡밥  쇠고기샤브국  갈치양념조림  쫄면무침  견과류조림  포기김치 (김치:국내산) ,863.0,394.0,2398.0,0.35988323603002503,-2.1125000000000003,6.5,-8.6,,49.16666666666666,,True
2017-01-19,목,2697.0,93.0,236.0,334.0,0.0,모닝롤/참치샌드  우유/주스 스크램블에그 땅콩죽/쌀밥 (쌀:국내산) 민물새우찌개  브로컬리무침  포기김치 (김치:국내산) ,쌀밥/잡곡밥 (쌀:국내산) 수제비국  유자청돈육볶음  두부새싹구이  청경채무침  포기김치 (김치:국내산) ,김밥 (쌀:국내산) 새우튀김우동  펜네베이컨샐러드  단무지무침  음료  포기김치 (김치:국내산) ,866.0,499.0,2368.0,0.3657094594594595,1.0958333333333334,7.7,-4.7,,49.0,,True
2017-01-20,금,2697.0,207.0,267.0,61.0,0.0,모닝롤/치즈프레즐  우유/주스 계란후라이 소라살죽/쌀밥 (쌀:국내산) 콩나물김치국  새송이볶음  포기김치 (김치:국내산) ,쌀밥/잡곡밥 (쌀:국내산) 닭개장  가자미카레튀김  비엔나케찹볶음  파래김*양념장  포기김치 (김치:국내산) ,쌀밥/잡곡밥 (쌀:국내산) 부대찌개  해물청경채볶음  부추호박전  도라지나물  깍두기 (김치:국내산) ,709.0,446.0,2223.0,0.31893837156995053,-0.4166666666666667,8.4,-6.0,,58.41666666666666,,True
2017-01-23,월,2697.0,108.0,202.0,396.0,0.0,모닝롤/시금치핫케익  우유/주스 계란후라이 누룽지탕/쌀밥 (쌀:국내산) 북어계란국  가지나물  포기김치 (김치:국내산) ,쌀밥/잡곡밥 (쌀:국내산) 냉이콩나물국  닭볶음  새송이버섯전  마늘쫑무침  포기김치 (김치:국내산) ,쌀밥/잡곡밥 (쌀:국내산) 쇠고기매운국  버섯탕수  꽁치한마리구이  세발나물무침  포기김치 (김치:국내산) ,1152.0,509.0,2387.0,0.48261416003351487,-0.0666666666666666,2.3,-3.4,,42.083333333333336,,True
2017-01-24,화,2697.0,63.0,218.0,273.0,0.0,모닝롤/크로와상  우유/주스 스크램블에그 단호박죽/쌀밥 (쌀:국내산) 근대국  느타리볶음  포기김치 (김치:국내산) ,쌀밥/잡곡밥 (쌀:국내산) 알탕  돈육간장불고기  감자채볶음  깻잎찜  포기김치 (김치:국내산) ,멸치주먹밥 (쌀:국내산) 잔치국수  쇠고기퀘사디아  시금치흑임자샐러드  무피클  포기김치 (김치:국내산) ,974.0,396.0,2416.0,0.4031456953642384,-3.154166666666667,1.4,-8.0,,38.5,,True
2017-01-25,수,2697.0,79.0,203.0,0.0,0.0,모닝롤/토마토샌드  우유/주스 계란후라이 누룽지탕/쌀밥 (쌀:국내산) 두부젓국찌개  김자반  포기김치 (김치:국내산) ,카레덮밥 (쌀:국내산) 맑은국  유린기  개성감자만두  오이사과무침  포기김치 (김치:국내산) ,     *       ,720.0,0.0,2415.0,0.2981366459627329,-3.5333333333333337,4.3,-10.5,,44.833333333333336,,True
2017-01-26,목,2697.0,369.0,117.0,28.0,0.0,모닝롤/와플  우유/주스 스크램블에그 야채죽/쌀밥 (쌀:국내산) 오징어국  크래미숙주무침  포기김치 (김치:국내산) ,쌀밥/잡곡밥 (쌀:국내산) 배추된장국  소갈비찜  삼색꼬지전  콩나물무침  포기김치 (김치:국내산) ,쌀밥/잡곡밥 (쌀:국내산) 시래기들깨탕  돈육강정  메추리알곤약조림  물파래무침  포기김치 (김치:국내산) ,844.0,147.0,2211.0,0.3817277250113071,-3.2125000000000004,7.0,-10.6,,49.125,,True
2017-01-31,화,2697.0,177.0,58.0,278.0,0.0,모닝롤/치즈프레즐  우유/주스 스크램블에그 땅콩죽/쌀밥 (쌀:국내산) 꽃게탕  김구이  포기김치 (김치:국내산) ,쌀밥/잡곡밥 (쌀:국내산) 미역국  언양식불고기*양파채  양잡피잡채  진미채무침  포기김치 (김치:국내산) ,김치볶음밥 (쌀:국내산) 꼬지어묵우동  해물까스*탈탈소스  콘샐러드  내사랑포도/피클  포기김치 (김치:국내산) ,1240.0,680.0,2462.0,0.503655564581641,2.170833333333333,4.8,-4.4,,51.208333333333336,1.0,True
2017-02-01,수,2632.0,61.0,179.0,0.0,0.0,모닝롤/옥수수샌드  우유/주스 계란후라이 누룽지탕/쌀밥 (쌀:국내산) 황태국  검정콩조림  포기김치 (김치:국내산) ,쌀밥/잡곡밥 (쌀:국내산) 시금치된장국  고추장불고기  닭살겨자채  모듬쌈  포기김치 (김치:국내산) ,쌀밥/잡곡밥  차돌박이찌개  장어강정  어묵꽈리고추볶음  통도라지구이  포기김치 (김치:국내산) ,1260.0,566.0,2392.0,0.5267558528428093,-1.2583333333333333,8.0,-7.8,,50.5,,True
2017-02-02,목,2632.0,45.0,217.0,427.0,0.0,모닝롤/고구마파이  우유/주스 스크램블에그 시금치죽/쌀밥 (쌀:국내산) 선지해장국  연근조림  포기김치 (김치:국내산) ,"쌀밥/잡곡밥 (쌀:국내산) 굴김치두부국  스위트칠리미트볼  갈치구이  치커리생채  알타리김치 (알타리,고춧가루:국내산) ",쇠고기덮밥 (쌀:국내산) 장국  야채튀김  메쉬드포테이토  단무지무침  포기김치 (김치:국내산) ,1005.0,549.0,2370.0,0.4240506329113924,0.7875000000000001,7.2,-5.6,,38.458333333333336,,True
2017-02-03,금,2632.0,104.0,253.0,92.0,0.0,모닝롤/바나나샌드  우유/주스 계란후라이 새송이죽/쌀밥 (쌀:국내산) 홍합탕  겨울초겉절이  포기김치 (김치:국내산) ,쌀밥/잡곡밥 (쌀:국내산) 콩나물국  소고기낙지볶음  연두부찜  무생채  포기김치 (김치:국내산) ,쌀밥/잡곡밥  소고기무국  고등어김치말이  동그랑땡전  미역줄기볶음  깍두기 (김치:국내산) ,854.0,582.0,2275.0,0.37538461538461537,0.2708333333333333,9.9,-9.2,,37.75,,True
2017-02-06,월,2632.0,49.0,202.0,610.0,0.0,모닝롤/마늘빵  우유/주스 스크램블에그 누룽지탕/쌀밥 (쌀:국내산) 콩나물김치국  느타리호박볶음  포기김치 (김치:국내산) ,쌀밥/잡곡밥 (쌀:국내산) 냉이된장찌개  닭갈비  감자전  단배추나물  포기김치 (김치:국내산) ,쌀밥/잡곡밥 (쌀:국내산) 사골우거지국  탕수어  모듬소세지구이  청경채무침  포기김치 (김치:국내산) ,1319.0,768.0,2381.0,0.5539689206215875,6.454166666666666,11.7,4.0,,69.83333333333333,1.0,True
2017-02-07,화,2632.0,40.0,207.0,565.0,0.0,모닝롤/단호박샌드  우유/주스 계란후라이 양송이죽/쌀밥 (쌀:국내산) 재첩국  가지나물  포기김치 (김치:국내산) ,쌀밥/잡곡밥 (쌀:국내산) 대구매운탕  유산슬  땅콩멸치볶음  실곤약무침  포기김치 (김치:국내산) ,쌀밥/잡곡밥 (쌀:국내산) 순두부찌개  돈육굴소스볶음  해물파전  시금치나물/귤  깍두기 (김치:국내산) ,1114.0,554.0,2385.0,0.46708595387840673,2.775,6.5,-3.2,,38.125,,True
2017-02-08,수,2632.0,52.0,206.0,0.0,0.0,모닝롤/사과파이  우유/주스 스크램블에그 호박죽/쌀밥 (쌀:국내산) 아욱된장국  어묵볶음  포기김치 (김치:국내산) ,콩나물밥 (쌀:국내산) 맑은국  닭오븐구이  춘권*칠리소스  물미역무침  포기김치 (김치:국내산) ,쌀밥/잡곡밥  열무된장국  삼겹살구이  두부찜  쫑상추무침  김치볶음 (김치:국내산) ,1068.0,548.0,2374.0,0.44987363100252736,0.9833333333333334,9.0,-3.8,,50.16666666666666,,True
2017-02-09,목,2632.0,65.0,227.0,377.0,0.0,모닝롤/참치샌드  우유/주스 삶은계란 누룽지탕/쌀밥 (쌀:국내산) 감자국  오이무침  포기김치 (김치:국내산) ,쌀밥/잡곡밥 (쌀:국내산) 배추국  수제돈까스  명태조림  치커리생채  알타리김치 (김치:국내산) ,유부초밥 (쌀:국내산) 쌀국수  순대오징어볶음  푸실리샐러드  바나나  포기김치 (김치:국내산) ,953.0,583.0,2340.0,0.40726495726495726,2.3708333333333336,8.4,-2.8,,50.16666666666666,,True
2017-02-10,금,2632.0,149.0,284.0,59.0,0.0,모닝롤/꿀호떡  우유/주스 계란후라이  닭죽/쌀밥 (쌀:국내산) 맑은연두부탕  참나물생채  포기김치 (김치:국내산) ,오곡밥 (쌀:국내산) 소고기무국  굴비구이  홍어무침  보름나물/김구이  포기김치 (김치:국내산) ,쌀밥/잡곡밥 (쌀:국내산) 청국장찌개  미니함박조림  감자채볶음  콩나물무침  포기김치 (김치:국내산) ,797.0,505.0,2199.0,0.36243747157799,0.375,2.8,-3.1,,34.0,,True
2017-02-13,월,2632.0,61.0,196.0,505.0,0.0,모닝롤/프렌치토스트  우유/주스 스크램블에그 누룽지탕/쌀밥 (쌀:국내산) 봄동된장국  진미채무침  포기김치 (김치:국내산) ,쌀밥/잡곡밥 (쌀:국내산) 쇠고기미역국  제육볶음  두부구이*양념장  도라지오이생채  포기김치 (김치:국내산) ,쌀밥/잡곡밥 (쌀:국내산) 부대찌개  고등어구이  비엔나감자볶음  물파래무침  포기김치 (김치:국내산) ,1364.0,689.0,2375.0,0.5743157894736842,-0.75,7.8,-8.1,,49.083333333333336,,True
2017-02-14,화,2632.0,53.0,223.0,444.0,0.0,모닝롤/햄치즈샌드  우유/주스 계란후라이 표고버섯죽/쌀밥 (쌀:국내산) 민물새우찌개  브로컬리들깨찜  포기김치 (김치:국내산) ,쌀밥/잡곡밥 (쌀:국내산) 된장찌개  주꾸미볶음  돈육잡채  숙주나물  배추겉절이 (김치:국내산) ,짜장덮밥 (쌀:국내산) 맑은국  사천식탕수육  과일샐러드  단무지/음료  포기김치 (김치:국내산) ,997.0,566.0,2356.0,0.42317487266553483,1.0,9.6,-7.6,,50.75,,True
2017-02-15,수,2632.0,51.0,233.0,0.0,0.0,모닝롤/단팥빵  우유/주스 계란후라이 누룽지탕/쌀밥 (쌀:국내산) 북어국  아삭고추무침  포기김치 (김치:국내산) ,쌀밥/잡곡밥 (쌀:국내산) 들깨시래기국  순살파닭  해물김치전  다시마쌈  포기김치 (김치:국내산) ,쌀밥/잡곡밥 (쌀:국내산) 오징어국  돈육장조림  황태양념구이  시금치나물  포기김치 (김치:국내산) ,1045.0,505.0,2348.0,0.4450596252129472,2.408333333333333,10.6,-4.2,,48.708333333333336,,True
2017-02-16,목,2632.0,56.0,240.0,419.0,0.0,모닝롤/에그샌드  우유/주스 스크램블에그 고구마죽/쌀밥 (쌀:국내산) 김치콩나물국  새송이볶음  포기김치 (김치:국내산) ,쌀밥/잡곡밥 (쌀:국내산) 홍합탕  소불고기  오징어초무침  얼갈이나물  포기김치 (김치:국내산) ,오므라이스 (쌀:국내산) 가쯔오장국  치킨텐더  떡볶이  오렌지  알타리김치 (김치:국내산) ,968.0,567.0,2336.0,0.4143835616438356,2.1583333333333337,12.4,-6.3,,48.91666666666666,,True
2017-02-17,금,2632.0,144.0,269.0,73.0,0.0,모닝롤/베이글  우유/주스 계란후라이  홍게살죽/쌀밥 (쌀:국내산) 근대국  무생채  포기김치 (김치:국내산) ,쌀밥/잡곡밥 (쌀:국내산) 어묵국  등갈비김치찜  동태전  부추무침  깍두기 (김치:국내산) ,쌀밥/잡곡밥 (쌀:국내산) 콩비지찌개  고추잡채*꽃빵  계란말이  세발나물  포기김치 (김치:국내산) ,753.0,494.0,2219.0,0.33934204596665163,5.5625,15.0,-5.7,,65.5,1.0,True
2017-02-20,월,2632.0,104.0,199.0,494.0,0.0,모닝롤/찐빵  우유/주스 스크램블에그 누룽지탕/쌀밥 (쌀:국내산) 달래된장찌개  크랜베리멸치볶음  포기김치 (김치:국내산) ,쌀밥/잡곡밥 (쌀:국내산) 열무된장국  동파육  새송이버섯전  치커리유자무침  포기김치 (김치:국내산) ,쌀밥/잡곡밥 (쌀:국내산) 얼갈이된장국  간장찜닭  콩나물냉채  호박반달나물  포기김치 (김치:국내산) ,1216.0,648.0,2329.0,0.5221124946328897,2.4875000000000003,9.4,-6.3,,48.5,,True
2017-02-21,화,2632.0,63.0,226.0,445.0,0.0,모닝롤/야채샌드  우유/주스 스크램블에그 해물죽/쌀밥 (쌀:국내산) 고추장찌개  김가루실파무침  포기김치 (김치:국내산) ,쌀밥/잡곡밥 (쌀:국내산) 버섯들깨탕  낙지볶음  야채계란찜  취나물  배추겉절이 (김치:국내산) ,날치알김치볶음밥 (쌀:국내산) 미역장국  쇠고기퀘사디아  꽃맛살샐러드  음료  포기김치 (김치:국내산) ,1004.0,559.0,2343.0,0.42851045667947074,8.258333333333333,13.4,-0.1,,45.833333333333336,1.0,True
2017-02-22,수,2632.0,75.0,252.0,0.0,0.0,모닝롤/브라우니  우유/주스 계란후라이 누룽지탕/쌀밥 (쌀:국내산) 꽃게탕  명엽채무침  포기김치 (김치:국내산) ,나물비빔밥 (쌀:국내산) 유부장국  생선까스*탈탈소스  파스타샐러드  마늘쫑볶음  알타리김치 (김치:국내산) ,    *        ,1065.0,0.0,2305.0,0.46203904555314534,1.4708333333333332,9.7,-5.7,,46.458333333333336,,True
2017-02-23,목,2632.0,75.0,272.0,307.0,0.0,모닝롤/씨크립샌드  우유/주스 스크램블에그 녹두죽/쌀밥 (쌀:국내산) 호박젓국찌개  가지나물  포기김치 (김치:국내산) ,쌀밥/잡곡밥 (쌀:국내산) 콩나물국  돼지갈비찜  메추리알조림  브로컬리초장  포기김치 (김치:국내산) ,참치주먹밥 (쌀:국내산) 김치우동  케이준샐러드  단호박범벅  오이피클  석박지 (김치:국내산) ,917.0,534.0,2285.0,0.4013129102844639,2.8083333333333336,5.0,-1.9,,83.0,1.0,True
2017-02-24,금,2632.0,174.0,291.0,63.0,0.0,모닝롤/롤케익  우유/주스 계란후라이  쇠고기죽/쌀밥 (쌀:국내산) 아욱된장국  두부조림  포기김치 (김치:국내산) ,쌀밥/잡곡밥 (쌀:국내산) 수제비국  깐풍기  어묵볶음  톳무침  포기김치 (김치:국내산) ,쌀밥/잡곡밥 (쌀:국내산) 쇠고기샤브국  가자미양념찜  고기전  청경채사과무침  포기김치 (김치:국내산) ,698.0,463.0,2167.0,0.32210429164743887,4.3125,6.9,0.0,,47.625,1.0,True
2017-02-27,월,2632.0,134.0,181.0,368.0,0.0,모닝롤/토스트  우유/주스 계란후라이 누룽지탕/쌀밥 (쌀:국내산) 건새우무채국  김구이  포기김치 (김치:국내산) ,쌀밥/잡곡밥 (쌀:국내산) 봄동된장국  훈제오리구이  녹두김치전  양파절임/오이부추무침  포기김치 (김치:국내산) ,쌀밥/잡곡밥 (쌀:국내산) 황태국  짬뽕불고기  연두부*양념장  풋마늘대무침  포기김치 (김치:국내산) ,1141.0,563.0,2317.0,0.49244712990936557,2.770833333333333,10.8,-4.0,,53.708333333333336,,True
2017-02-28,화,2632.0,156.0,203.0,179.0,0.0,모닝롤/참치샌드  우유/주스 스크램블에그 팥죽/쌀밥 (쌀:국내산) 시금치된장국  콩자반  포기김치 (김치:국내산) ,쌀밥/잡곡밥 (쌀:국내산) 사골떡국  언양식불고기  콩나물동태찜  돌나물무침  배추겉절이 (김치:국내산) ,김밥 (쌀:국내산) 꼬치어묵탕  쫄면야채무침  옥수수맛탕  하와이안샐러드  포기김치 (김치:국내산) ,956.0,536.0,2273.0,0.42058952925648924,4.820833333333334,13.0,-2.2,,59.5,,True
2017-03-02,목,2627.0,190.0,215.0,428.0,0.0,모닝롤/옥수수샌드  우유/주스 계란후라이 잣죽/쌀밥 (쌀:국내산) 매운감자국  시래기조림  포기김치 (김치:국내산) ,쌀밥/잡곡밥 (쌀:국내산) 돈육김치찌개  팝콘치킨*데리마요  고등어조림  해초무침  깍두기 (김치:국내산) ,후난식볶음밥 (쌀:국내산) 잔치국수  새우또띠아  견과류조림  음료/오렌지  포기김치 (김치:국내산) ,1057.0,593.0,2222.0,0.4756975697569757,6.025,14.0,-0.5,,58.625,1.0,True
2017-03-03,금,2627.0,174.0,256.0,70.0,0.0,모닝롤/핫도그  우유/주스 스크램블에그 표고버섯죽/쌀밥 (쌀:국내산) 쇠고기우거지국  참나물  포기김치 (김치:국내산) ,카레덮밥 (쌀:국내산) 맑은국  미니채소떡갈비  군만두  무피클  포기김치 (김치:국내산) ,쌀밥/잡곡밥 (쌀:국내산) 해물된장찌개  소고기모듬장조림  비엔나케찹볶음  양념깻잎지  포기김치 (김치:국내산) ,926.0,578.0,2197.0,0.42148384160218477,5.300000000000001,8.5,-2.1,,52.75,1.0,True
2017-03-06,월,2627.0,63.0,201.0,490.0,0.0,모닝롤/팬케익  우유/주스 계란후라이 누룽지탕/쌀밥 (쌀:국내산) 시래기된장국  쑥갓두부무침  포기김치 (김치:국내산) ,쌀밥/잡곡밥 (쌀:국내산) 어묵국  순살닭갈비  동그랑땡전  치커리사과무침  포기김치 (김치:국내산) ,쌀밥/잡곡밥 (쌀:국내산) 김치두부국  쇠불고기  모듬묵*양념장  홍어채무침  깍두기 (김치:국내산) ,1311.0,658.0,2363.0,0.554803216250529,6.054166666666667,15.1,-0.8,,60.16666666666666,,True
2017-03-07,화,2627.0,41.0,214.0,455.0,0.0,모닝롤/햄치즈샌드  우유/주스 스크램블에그 단호박죽/쌀밥 (쌀:국내산) 북어해장국  가지나물  포기김치 (김치:국내산) ,쌀밥/잡곡밥 (쌀:국내산) 토란탕  돈육칠리강정  꽁치한마리구이  봄동달래무침  포기김치 (김치:국내산) ,참치야채비빔밥  맑은국  수제고로케  딸기생크림와플  음료/락교  포기김치 (김치:국내산) ,994.0,545.0,2372.0,0.4190556492411467,5.0125,9.1,1.7,,35.625,,True
2017-03-08,수,2627.0,46.0,233.0,0.0,0.0,모닝롤/마늘빵  우유/주스 계란후라이 땅콩죽/쌀밥 (쌀:국내산) 맑은만두육개장  아삭고추무침  포기김치 (김치:국내산) ,곤드레밥*강된장 (쌀:국내산) 미소국  오징어볶음  햄감자채볶음  고추간장지  포기김치 (김치:국내산) ,쌀밥/잡곡밥 (쌀:국내산) 차돌박이찌개  코다리강정  돈육잡채  무생채  배추겉절이 (김치:국내산) ,879.0,518.0,2348.0,0.3743611584327087,1.1166666666666665,6.2,-4.5,,34.875,,True
2017-03-09,목,2627.0,55.0,254.0,346.0,0.0,모닝롤/피자빵  우유/주스 계란후라이 누룽지탕/쌀밥 (쌀:국내산) 재첩국  유채나물  포기김치 (김치:국내산) ,쌀밥/잡곡밥 (쌀:국내산) 아욱국  마늘치킨  골뱅이무침*소면  숙주나물  석박지 (김치:국내산) ,김밥볶음밥  팽이장국  볶음우동  봄나물튀김  스틱단무지  포기김치 (김치:국내산) ,954.0,519.0,2318.0,0.4115616911130285,1.1875,7.3,-6.2,,45.54166666666666,,True
2017-03-10,금,2627.0,145.0,291.0,63.0,0.0,모닝롤/크로와상  우유/주스 스크램블에그 야채죽/쌀밥 (쌀:국내산) 대구찌개  미역줄기볶음  포기김치 (김치:국내산) ,쌀밥/잡곡밥 (쌀:국내산) 얼큰순두부찌개  해물청경채볶음  계란말이  도라지오이생채  포기김치 (김치:국내산) ,쌀밥/잡곡밥 (쌀:국내산) 미역국  제육볶음(빨갛게)  궁중떡찜  양배추쌈  포기김치 (김치:국내산) ,664.0,461.0,2191.0,0.3030579643998174,5.05,12.4,-4.1,,39.41666666666666,,True
2017-03-13,월,2627.0,82.0,211.0,449.0,0.0,모닝롤/프렌치토스트  우유/주스 계란후라이 누룽지탕/쌀밥 (쌀:국내산) 감자국  어묵볶음  포기김치 (김치:국내산) ,쌀밥/잡곡밥 (쌀:국내산) 오징어국  버섯불고기  야채계란찜  파래김*양념장  포기김치 (김치:국내산) ,쌀밥/잡곡밥 (쌀:국내산) 육개장  갈치조림  모듬소시지구이  셀프무쌈말이  포기김치 (김치:국내산) ,1295.0,596.0,2334.0,0.5548414738646101,7.662499999999999,17.1,-2.0,,48.875,,True
2017-03-14,화,2627.0,46.0,230.0,437.0,0.0,모닝롤/씨크립샌드  우유/주스 스크램블에그 견과류죽/쌀밥 (쌀:국내산) 된장찌개  느타리볶음  포기김치 (김치:국내산) ,쌀밥/잡곡밥 (쌀:국내산) 동태찌개  미트볼케찹조림  우엉잡채  방풍나물  포기김치 (김치:국내산) ,콩나물밥 (쌀:국내산) 가쯔오장국  주꾸미볶음  메추리알조림  치커리유자무침  포기김치 (김치:국내산) ,972.0,533.0,2351.0,0.41344108889834114,9.316666666666668,15.6,0.8,,48.208333333333336,,True
2017-03-15,수,2627.0,40.0,234.0,0.0,0.0,모닝롤/단팥빵  우유/주스 계란후라이 새우살죽/쌀밥 (쌀:국내산) 두부젓국찌개  쥐포무침  포기김치 (김치:국내산) ,쌀밥/잡곡밥 (쌀:국내산) 근대국  양념찜닭  옥수수전  건새우마늘쫑볶음  포기김치 (김치:국내산) ,쌀밥/잡곡밥 (쌀:국내산) 북어계란국  등갈비김치찜  새싹두부구이  취나물  깍두기 (김치:국내산) ,961.0,486.0,2353.0,0.40841478963025923,8.695833333333333,14.5,2.6,,45.333333333333336,,True
2017-03-16,목,2627.0,47.0,259.0,357.0,0.0,모닝롤/베이컨샌드  우유/주스 계란후라이 누룽지탕/쌀밥 (쌀:국내산) 쑥국  브로컬리들깨찜  포기김치 (김치:국내산) ,쌀밥/잡곡밥 (쌀:국내산) 옹심이만두국  돈육굴소스볶음  콩나물겨자채  모듬쌈  포기김치 (김치:국내산) ,멸치주먹밥 (쌀:국내산) 김치말이국수  훈제오리냉채  꽃맛살샐러드  꼬들단무지  포기김치 (김치:국내산) ,951.0,504.0,2321.0,0.4097371822490306,5.566666666666666,13.9,-2.4,,41.458333333333336,,True
2017-03-17,금,2627.0,129.0,299.0,59.0,0.0,모닝롤/치즈프레즐  우유/주스 스크램블에그 흑임자죽/쌀밥 (쌀:국내산) 김치두부국  김자반  포기김치 (김치:국내산) ,쌀밥/잡곡밥 (쌀:국내산) 고추장찌개  치킨커틀렛  연근땅콩조림  시금치나물  배추겉절이 (김치:국내산) ,쌀밥/잡곡밥 (쌀:국내산) 열무된장국  미니함박조림  마파두부  청경채무침  포기김치 (김치:국내산) ,625.0,429.0,2199.0,0.2842201000454752,6.233333333333333,13.4,-0.6,,55.875,,True
2017-03-20,월,2627.0,86.0,207.0,390.0,0.0,모닝롤/시금치핫케익  우유/주스 계란후라이 누룽지탕/쌀밥 (쌀:국내산) 어묵국  미역줄기볶음  포기김치 (김치:국내산) ,쌀밥/잡곡밥 (쌀:국내산) 아욱국  콩나물불고기  맛살전  상추무침  포기김치 (김치:국내산) ,쌀밥/잡곡밥 (쌀:국내산) 매운버섯국  누룽지탕수육  브로컬리오징어숙회  비트무생채  포기김치 (김치:국내산) ,1328.0,556.0,2334.0,0.5689802913453299,8.104166666666666,18.3,-1.2,,53.91666666666666,,True
2017-03-21,화,2627.0,55.0,222.0,454.0,0.0,모닝롤/바나나샌드  우유/주스 스크램블에그 홍게살죽/쌀밥 (쌀:국내산) 들깨감자국  오이생채  포기김치 (김치:국내산) ,쌀밥/잡곡밥 (쌀:국내산) 냉이된장찌개  쇠고기장조림  굴비구이  부추생채  포기김치 (김치:국내산) ,베이컨김치볶음밥 (쌀:국내산) 미소장국  로제파스타  크림새우  오이피클/마늘빵  포기김치 (김치:국내산) ,940.0,647.0,2350.0,0.4,6.8125,12.8,1.2,,75.91666666666667,1.0,True
2017-03-22,수,2627.0,53.0,235.0,0.0,0.0,모닝롤/찐빵  우유/주스 계란후라이 김치죽/쌀밥 (쌀:국내산) 콩나물국  김실파무침  포기김치 (김치:국내산) ,쌀밥/잡곡밥 (쌀:국내산) 돈육김치찌개  유린기  비엔나볶음  세발나물  깍두기 (김치:국내산) ,    *        ,953.0,0.0,2339.0,0.407439076528431,9.554166666666667,16.0,4.1,,55.75,1.0,True
2017-03-23,목,2627.0,62.0,245.0,321.0,0.0,모닝롤/와플  우유/주스 계란후라이 누룽지탕/쌀밥 (쌀:국내산) 꽃게탕  명엽채볶음  포기김치 (김치:국내산) ,쌀밥/잡곡밥 (쌀:국내산) 콩가루배추국  돼지갈비찜  물파래전  통도라지구이  포기김치 (김치:국내산) ,통새우김밥 (쌀:국내산) 짬뽕  고구마치즈구이  콘샐러드  단무지무침  포기김치 (김치:국내산) ,911.0,557.0,2320.0,0.39267241379310347,6.425,13.7,-0.9,,56.333333333333336,,True
2017-03-24,금,2627.0,181.0,279.0,50.0,0.0,모닝롤/사과파이  우유/주스 스크램블에그 참치야채죽/쌀밥 (쌀:국내산) 선지해장국  시래기조림  포기김치 (김치:국내산) ,쌀밥/잡곡밥 (쌀:국내산) 대구매운탕  고추잡채*꽃빵  올방개묵무침  김구이  포기김치 (김치:국내산) ,쌀밥/잡곡밥 (쌀:국내산) 연두부탕  닭강정  카레감자채볶음  치커리사과무침  포기김치 (김치:국내산) ,644.0,518.0,2167.0,0.297185048454084,9.279166666666669,16.0,4.4,,50.91666666666666,,True
2017-03-27,월,2627.0,105.0,242.0,360.0,0.0,모닝롤/프렌치토스트  우유/주스 계란후라이 누룽지탕/쌀밥 (쌀:국내산) 건새우아욱국  진미채무침  포기김치 (김치:국내산) ,쌀밥/잡곡밥 (쌀:국내산) 알탕  소고기숙주볶음  오꼬노미계란말이  얼갈이나물  포기김치 (김치:국내산) ,쌀밥/잡곡밥 (쌀:국내산) 부대찌개  고등어구이  해파리냉채  취나물된장무침  깍두기 (김치:국내산) ,1114.0,501.0,2280.0,0.4885964912280702,6.554166666666667,11.6,3.6,,77.83333333333333,1.0,True
2017-03-28,화,2627.0,44.0,248.0,368.0,0.0,모닝롤/참치샌드  우유/주스 스크램블에그 브로컬리죽/쌀밥 (쌀:국내산) 배추맑은국  두부조림  포기김치 (김치:국내산) ,쌀밥/잡곡밥 (쌀:국내산) 소고기미역국  주꾸미볶음  탕평채  시금치나물  포기김치 (김치:국내산) ,해물볶음밥 (쌀:국내산) 맑은국  비빔메밀국수  멕시칸샐러드  고구마튀김/음료  포기김치 (김치:국내산) ,970.0,504.0,2335.0,0.41541755888650966,5.9625,11.7,-0.3,,60.91666666666666,,True
2017-03-29,수,2627.0,42.0,237.0,0.0,0.0,모닝롤/메론롤케익  우유/주스 계란후라이 양송이죽/쌀밥 (쌀:국내산) 시래기들깨탕  느타리호박볶음  포기김치 (김치:국내산) ,봄나물비빔밥 (쌀:국내산) 팽이장국  언양식불고기  땅콩조림  바나나  포기김치 (김치:국내산) ,쌀밥/잡곡밥 (쌀:국내산) 우거지탕  돈까스  꽈리고추어묵조림  영양부추무침  포기김치 (김치:국내산) ,966.0,474.0,2348.0,0.41141396933560476,6.866666666666667,14.7,-1.9,,54.875,,True
2017-03-30,목,2627.0,67.0,278.0,223.0,0.0,모닝롤/인절미토스트  우유/주스 계란후라이 누룽지탕/쌀밥 (쌀:국내산) 닭곰탕  대추채멸치볶음  포기김치 (김치:국내산) ,쌀밥/잡곡밥 (쌀:국내산) 북어콩나물국  사천식탕수육  김치전  쑥갓두부무침  포기김치 (김치:국내산) ,충무김밥 (쌀:국내산) 유부우동  오징어무침  핫도그&케찹  오렌지  석박지 (김치:국내산) ,802.0,497.0,2282.0,0.3514460999123576,7.091666666666666,8.7,5.6,,85.375,1.0,True
2017-03-31,금,2627.0,147.0,296.0,45.0,0.0,모닝롤/고구마파이  우유/주스 스크램블에그 쇠고기죽/쌀밥 (쌀:국내산) 두부김치국  미역나물  포기김치 (김치:국내산) ,쌀밥/잡곡밥 (쌀:국내산) 쇠고기무국(빨갛게)  생선커틀렛  닭가슴살장조림  콩나물무침  포기김치 (김치:국내산) ,쌀밥/잡곡밥 (쌀:국내산) 봄동된장국  동태콩나물찜  궁중떡볶음  우엉조림  포기김치 (김치:국내산) ,639.0,420.0,2184.0,0.2925824175824176,10.5,19.6,4.3,,63.79166666666666,,True
2017-04-03,월,2626.0,81.0,198.0,465.0,0.0,모닝롤/사과파이  우유/주스 계란후라이 누룽지탕/쌀밥 (쌀:국내산) 감자국  무생채  포기김치 (김치:국내산) ,쌀밥/잡곡밥 (쌀:국내산) 꽃게탕  훈제오리(마늘만)  오이달래무침  쌈무/양파절임  포기김치 (김치:국내산) ,쌀밥/잡곡밥 (쌀:국내산) 콩비지찌개  가자미카레튀김  고기전  아삭고추무침  포기김치 (김치:국내산) ,1258.0,577.0,2347.0,0.536003408606732,8.345833333333333,16.1,1.6,,59.54166666666666,,True
2017-04-04,화,2626.0,54.0,212.0,418.0,0.0,모닝롤/햄치즈샌드  우유/주스 스크램블에그 팥죽/쌀밥 (쌀:국내산) 콩나물국  꽃맛살볶음  포기김치 (김치:국내산) ,쌀밥/잡곡밥 (쌀:국내산) 된장찌개  쇠불고기  동태전  도토리묵무침  배추겉절이 (김치:국내산) ,참치주먹밥 (쌀:국내산) 쌀국수  오징어순대볶음  시금치흑임자샐러드  무피클  포기김치 (김치:국내산) ,809.0,535.0,2360.0,0.34279661016949153,10.808333333333332,22.4,-0.4,,46.583333333333336,,True
2017-04-05,수,2626.0,63.0,251.0,0.0,0.0,모닝롤/크로와상  우유/주스 계란후라이 크림누룽지탕/쌀밥 (쌀:국내산) 차돌박이찌개  검정콩조림  포기김치 (김치:국내산) ,짜장밥 (쌀:국내산) 맑은계란국  유산슬  부추만두  단무지무침  포기김치 (김치:국내산) ,쌀밥/잡곡밥  미역장국  유자청돈육볶음  두부계란부침  모듬쌈  포기김치 (김치:국내산) ,1060.0,391.0,2312.0,0.458477508650519,11.970833333333331,21.1,1.5,,44.75,,True
2017-04-06,목,2626.0,65.0,271.0,317.0,0.0,모닝롤/단호박샌드  우유/주스 계란후라이 홍게살죽/쌀밥 (쌀:국내산) 두부들깨탕  단배추나물  깍두기 (김치:국내산) ,쌀밥/잡곡밥 (쌀:국내산) 근대국  마늘치킨  감자채전  크래미숙주무침  포기김치 (김치:국내산) ,김치볶음밥/계란 (쌀:국내산) 유부주머니국  쇠고기퀘사디아  펜네베이컨샐러드  오복지무침  열무김치 (김치:국내산) ,897.0,436.0,2290.0,0.39170305676855893,13.229166666666666,15.4,10.5,,73.375,1.0,True
2017-04-07,금,2626.0,151.0,291.0,67.0,0.0,모닝롤/치즈프레즐  우유/주스 스크램블에그 견과류죽/쌀밥 (쌀:국내산) 김치황태국  가지나물  포기김치 (김치:국내산) ,쌀밥/잡곡밥 (쌀:국내산) 육개장  미니채소떡갈비  버섯구이*발사믹D  참나물생채  포기김치 (김치:국내산) ,쌀밥/잡곡밥 (쌀:국내산) 매운어묵국  순살닭갈비  비엔나감자볶음  깻잎찜  포기김치 (김치:국내산) ,602.0,431.0,2184.0,0.27564102564102566,15.7,16.7,13.5,,85.95833333333333,1.0,True
2017-04-10,월,2626.0,81.0,229.0,418.0,0.0,모닝롤/팬케익  우유/주스 계란후라이 누룽지탕/쌀밥 (쌀:국내산) 콩나물국  쥐포무침  포기김치 (김치:국내산) ,쌀밥/잡곡밥 (쌀:국내산) 얼갈이국  쇠고기낙지볶음  날치알계란찜  비름나물  포기김치 (김치:국내산) ,쌀밥/잡곡밥 (쌀:국내산) 무채국  치즈시즈닝치킨  해물김치전  해초무침  포기김치 (김치:국내산) ,1218.0,541.0,2316.0,0.5259067357512953,14.954166666666667,20.0,11.3,,60.25,,True
2017-04-11,화,2626.0,44.0,234.0,440.0,0.0,모닝롤/에그샌드  우유/주스 스크램블에그 표고버섯죽/쌀밥 (쌀:국내산) 민물새우찌개  취나물  포기김치 (김치:국내산) ,쌀밥/잡곡밥 (쌀:국내산) 김치찌개  해물누룽지탕  우엉잡채  청경채무침  열무김치 (김치:국내산) ,쌀밥/잡곡밥 (쌀:국내산) 카레돈까스정식  미소장국  블루베리드레싱샐러드  땅콩조림/피클  포기김치 (김치:국내산) ,994.0,535.0,2348.0,0.4233390119250426,13.629166666666665,20.4,9.2,,42.54166666666666,,True
2017-04-12,수,2626.0,41.0,241.0,0.0,0.0,모닝롤/단팥빵  우유/주스 계란후라이 누룽지탕/쌀밥 (쌀:국내산) 쇠고기해장국  유채나물  포기김치 (김치:국내산) ,쌀밥/잡곡밥 (쌀:국내산) 들깨미역국  삼겹살오븐구이  맛살콩나물냉채  파채상추무침  포기김치 (김치:국내산) ,쌀밥/잡곡밥 (쌀:국내산) 순두부찌개  삼치구이  메밀전병만두  치커리무침/과일  포기김치 (김치:국내산) ,893.0,384.0,2344.0,0.38097269624573377,13.004166666666668,19.4,9.3,,61.833333333333336,1.0,True
2017-04-13,목,2626.0,61.0,270.0,318.0,0.0,모닝롤/치킨샌드  우유/주스 계란후라이 밤죽/쌀밥 (쌀:국내산) 두부젓국찌개  느타리볶음  포기김치 (김치:국내산) ,쌀밥/잡곡밥 (쌀:국내산) 황태국  닭데리야끼조림  매운어묵볶음  시금치나물  포기김치 (김치:국내산) ,유부초밥 (쌀:국내산) 잔치국수  수제핫도그  시리얼과일샐러드  오이생채/음료  포기김치 (김치:국내산) ,784.0,521.0,2295.0,0.3416122004357299,14.708333333333334,20.5,8.1,,22.166666666666668,,True
2017-04-14,금,2626.0,122.0,298.0,55.0,0.0,모닝롤/베이글  우유/주스 스크램블에그 늙은호박죽/쌀밥 (쌀:국내산) 근대국  마늘쫑건새우볶음  포기김치 (김치:국내산) ,쌀밥/잡곡밥 (쌀:국내산) 쇠고기샤브국  오징어볶음  메추리알조림  머위된장나물  포기김치 (김치:국내산) ,쌀밥/잡곡밥 (쌀:국내산) 청국장찌개  돈육장조림  황태양념구이  미역줄기볶음  깍두기 (김치:국내산) ,541.0,402.0,2206.0,0.24524025385312784,12.870833333333332,21.7,3.1,,43.29166666666666,,True
2017-04-17,월,2626.0,82.0,220.0,434.0,0.0,모닝롤/브라우니  우유/주스 계란후라이 누룽지탕/쌀밥 (쌀:국내산) 어묵국  땅콩조림  포기김치 (김치:국내산) ,쌀밥/잡곡밥 (쌀:국내산) 된장찌개  돈육굴소스볶음  오징어숙회무침  방풍나물  포기김치 (김치:국내산) ,쌀밥/잡곡밥 (쌀:국내산) 쇠고기무국  고등어조림  동그랑땡계란부침  하루나무침  포기김치 (김치:국내산) ,1237.0,479.0,2324.0,0.5322719449225474,16.983333333333334,27.3,9.2,,62.5,,True
2017-04-18,화,2626.0,57.0,244.0,405.0,0.0,모닝롤/씨크립샌드  우유/주스 스크램블에그 김치죽/쌀밥 (쌀:국내산) 감자국  멸치호두볶음  포기김치 (김치:국내산) ,쌀밥/잡곡밥 (쌀:국내산) 들깨시래기국  쇠고기장조림  시금치프리타타  도라지생채  얼갈이겉절이 (김치:국내산) ,나가사끼짬뽕 (쌀:국내산) 야채볶음밥  치킨핑거*요거트D  또띠아칩  단무지/방울토마토  포기김치 (김치:국내산) ,839.0,567.0,2325.0,0.3608602150537634,14.158333333333331,17.3,11.4,,88.29166666666667,1.0,True
2017-04-19,수,2626.0,36.0,256.0,0.0,0.0,모닝롤/찐빵  우유/주스 계란후라이 누룽지탕/쌀밥 (쌀:국내산) 오징어국  김구이  포기김치 (김치:국내산) ,곤드레밥 (쌀:국내산) 맑은국  탕수어  쫄면무침  요플레  포기김치 (김치:국내산) ,쌀밥/잡곡밥 (쌀:국내산) 닭개장  갈치구이  햄감자채볶음  양배추쌈*쌈장  석박지 (김치:국내산) ,871.0,408.0,2334.0,0.3731790916880891,14.5375,20.2,8.2,,65.79166666666667,,True
2017-04-20,목,2626.0,44.0,288.0,284.0,0.0,모닝롤/야채샌드  우유/주스 계란후라이 녹두죽/쌀밥 (쌀:국내산) 매운버섯국  쑥갓두부무침  포기김치 (김치:국내산) ,쌀밥/잡곡밥 (쌀:국내산) 아욱국  등갈비김치찜  참치야채전  가지나물  열무김치 (김치:국내산) ,오므라이스 (쌀:국내산) 가쯔오장국  떡볶이  고구마치즈구이  오렌지  포기김치 (김치:국내산) ,713.0,511.0,2294.0,0.3108108108108108,15.108333333333334,22.1,8.3,,32.0,,True
2017-04-21,금,2626.0,137.0,307.0,59.0,0.0,모닝롤/롤케익  우유/주스 스크램블에그 닭죽/쌀밥 (쌀:국내산) 피바지락국  명엽채무침  포기김치 (김치:국내산) ,쌀밥/잡곡밥 (쌀:국내산) 콩나물김치국  버섯불고기  브로컬리맛살볶음  부추생채  포기김치 (김치:국내산) ,쌀밥/잡곡밥 (쌀:국내산) 열무된장국  돈육강정  연두부*양념장  참나물땅콩무침  포기김치 (김치:국내산) ,547.0,353.0,2182.0,0.2506874427131072,12.820833333333336,18.7,7.9,,51.333333333333336,1.0,True
2017-04-24,월,2626.0,76.0,260.0,373.0,0.0,모닝롤/프렌치토스트  우유/주스 계란후라이 누룽지탕/쌀밥 (쌀:국내산) 근대감자국  김자반  포기김치 (김치:국내산) ,쌀밥/잡곡밥 (쌀:국내산) 부대찌개  언양식불고기  계란장조림  아삭고추된장무침  포기김치 (김치:국내산) ,쌀밥/잡곡밥 (쌀:국내산) 오징어국  쇠고기숙주볶음  두부오꼬노미야끼  오이미역무침  포기김치 (김치:국내산) ,1109.0,531.0,2290.0,0.48427947598253274,14.008333333333336,21.8,7.5,,62.958333333333336,,True
2017-04-25,화,2626.0,69.0,288.0,336.0,0.0,모닝롤/참치샌드  우유/주스 스크램블에그 팥죽/쌀밥 (쌀:국내산) 콩나물국  우엉어묵볶음  포기김치 (김치:국내산) ,쌀밥/잡곡밥 (쌀:국내산) 차돌박이찌개  닭강정  콩나물잡채  도토리묵무침  포기김치 (김치:국내산) ,멸치주먹밥 (쌀:국내산) 양송이스프  토마토스파게티  꽃맛살샐러드  무피클/바나나  포기김치 (김치:국내산) ,791.0,510.0,2269.0,0.3486117232260908,14.420833333333334,21.1,7.4,,60.66666666666666,,True
2017-04-26,수,2626.0,45.0,304.0,0.0,0.0,모닝롤/와플  우유/주스 계란후라이 누룽지탕/쌀밥 (쌀:국내산) 된장찌개  검정콩조림  포기김치 (김치:국내산) ,비빔밥 (쌀:국내산) 맑은국  오징어튀김  견과류조림  하와이안샐러드  깍두기 (김치:국내산) ,    *        ,835.0,0.0,2277.0,0.36671058410188845,17.066666666666666,22.4,10.1,,67.70833333333333,,True
2017-04-27,목,2626.0,61.0,311.0,183.0,0.0,모닝롤/피자빵  우유/주스 계란후라이 야채죽/쌀밥 (쌀:국내산) 북어해장국  애호박볶음  포기김치 (김치:국내산) ,쌀밥/잡곡밥 (쌀:국내산) 미역국  매콤함박스테이크  삼치구이  영양부추생채  열무김치 (김치:국내산) ,닭갈비볶음밥 (쌀:국내산) 어묵국  크림카레우동  왕만두  키위드레싱샐러드  포기김치 (김치:국내산) ,788.0,442.0,2254.0,0.34960070984915703,15.016666666666666,18.7,10.4,,75.91666666666667,1.0,True
2017-04-28,금,2626.0,161.0,310.0,44.0,0.0,모닝롤/사과파이  우유/주스 스크램블에그 흑임자죽/쌀밥 (쌀:국내산) 조랭이떡국  오이무침  포기김치 (김치:국내산) ,쌀밥/잡곡밥 (쌀:국내산) 꽃게찌개  탕수육  곤약야채무침  숙주나물  배추겉절이 (김치:국내산) ,쌀밥/잡곡밥 (쌀:국내산) 얼갈이된장국  주꾸미떡볶음  모듬소세지구이  치커리무침  포기김치 (김치:국내산) ,575.0,362.0,2155.0,0.2668213457076566,14.883333333333333,19.6,9.1,,27.666666666666668,,True
2017-05-02,화,2637.0,933.0,123.0,88.0,0.0,모닝롤/야채샌드  우유/주스 계란후라이 시금치죽/쌀밥 (쌀:국내산) 황태국  김구이  포기김치 (김치:국내산) ,쌀밥/잡곡밥 (쌀:국내산) 참치김치찌개  훈제오리구이/쌈무  올방개묵무침  부추생채/양파절임  열무김치 (김치:국내산) ,쌀밥/잡곡밥 (쌀:국내산) 순두부찌개  돈육굴소스볶음  계란찜  쫑상추무침  포기김치 (김치:국내산) ,525.0,298.0,1581.0,0.33206831119544594,17.929166666666664,24.5,10.9,,51.625,,True
2017-05-04,목,2637.0,1224.0,41.0,45.0,0.0,모닝롤/단호박샌드  우유/주스 계란후라이 홍게살죽/쌀밥 (쌀:국내산) 시래기된장국  진미채무침  포기김치 (김치:국내산) ,쌀밥/잡곡밥 (쌀:국내산) 들깨미역국  닭갈비  생선까스*타르소스  무생채  포기김치 (김치:국내산) ,야채볶음밥 (쌀:국내산) 유부주머니국  미니버거  야채비빔만두  스틱단무지/오렌지주스  포기김치 (김치:국내산) ,383.0,262.0,1372.0,0.2791545189504373,16.691666666666666,26.3,7.0,,52.875,,True
2017-05-08,월,2637.0,715.0,130.0,151.0,0.0,모닝롤/베이글  우유/주스 계란후라이 누룽지탕/쌀밥 (쌀:국내산) 열무된장국  멸치크랜베리볶음  포기김치 (김치:국내산) ,쌀밥/잡곡밥 (쌀:국내산) 고추장찌개  쇠불고기  홍어채무침  머위대들깨볶음  포기김치 (김치:국내산) ,쌀밥/잡곡밥 (쌀:국내산) 육개장  꽁치오븐구이  꽃맛살볶음  도라지생채  열무김치 (김치:국내산) ,792.0,308.0,1792.0,0.4419642857142857,17.441666666666666,26.9,6.2,,40.958333333333336,,True
2017-05-10,수,2637.0,68.0,223.0,0.0,0.0,모닝롤/치즈프레즐  우유/주스 계란후라이 김치죽/쌀밥 (쌀:국내산) 어묵국  김구이  포기김치 (김치:국내산) ,쌀밥/잡곡밥 (쌀:국내산) 된장찌개  제육볶음  잡채  콩나물무침  포기김치 (김치:국내산) ,쌀밥/잡곡밥 (쌀:국내산) 연두부탕  닭오븐구이  해물김치전  취나물된장무침  포기김치 (김치:국내산) ,1235.0,500.0,2346.0,0.5264279624893435,14.1125,18.7,13.2,,83.91666666666667,1.0,True
2017-05-11,목,2637.0,57.0,264.0,471.0,0.0,모닝롤/고구마샌드  우유/주스 스크램블에그 누룽지탕/쌀밥 (쌀:국내산) 감자국  청경채무침  포기김치 (김치:국내산) ,쌀밥/잡곡밥 (쌀:국내산) 콩가루배추국  낙지볶음  새송이버섯전  비름나물  깍두기 (김치:국내산) ,볶음밥/짜장소스 (쌀:국내산) 맑은국  사천식탕수육  망고드레싱샐러드  단무지  포기김치 (김치:국내산) ,829.0,501.0,2316.0,0.3579447322970639,16.554166666666667,22.2,12.5,,74.5,1.0,True
2017-05-12,금,2637.0,113.0,289.0,96.0,0.0,모닝롤/카스텔라  우유/주스 스크램블에그 해물죽/쌀밥 (쌀:국내산) 호박젓국찌개  가지나물  포기김치 (김치:국내산) ,쌀밥/잡곡밥 (쌀:국내산) 옹심이만두떡국  유린기  카레감자채볶음  마늘쫑무침  포기김치 (김치:국내산) ,쌀밥/잡곡밥 (쌀:국내산) 청국장찌개  돼지갈비찜  계란말이  방풍나물  포기김치 (김치:국내산) ,817.0,507.0,2235.0,0.3655480984340045,19.09583333333333,28.6,11.3,,64.70833333333333,,True
2017-05-15,월,2637.0,63.0,224.0,516.0,0.0,모닝롤/프렌치토스트  우유/주스 계란후라이 누룽지탕/쌀밥 (쌀:국내산) 민물새우찌개  쑥갓두부무침  포기김치 (김치:국내산) ,쌀밥/잡곡밥 (쌀:국내산) 콩비지찌개  돈육꽈리고추볶음  매운어묵볶음  치커리유자청무침  열무김치 (김치:국내산) ,쌀밥/잡곡밥 (쌀:국내산) 닭개장  가자미카레튀김  연근땅콩조림  셀프무쌈말이  포기김치 (김치:국내산) ,1203.0,505.0,2350.0,0.5119148936170212,17.241666666666664,25.3,8.2,,46.458333333333336,,True
2017-05-16,화,2637.0,41.0,266.0,486.0,0.0,모닝롤/에그샌드  우유/주스 계란후라이 야채죽/쌀밥 (쌀:국내산) 북어채국  브로컬리들깨찜  포기김치 (김치:국내산) ,쌀밥/잡곡밥 (쌀:국내산) 쇠고기샤브국  오징어볶음  맛살계란찜  양념깻잎지  포기김치 (김치:국내산) ,꼬마김밥*겨자장 (쌀:국내산) 잔치국수  감자만두  멕시칸샐러드  오이피클  포기김치 (김치:국내산) ,890.0,533.0,2330.0,0.38197424892703863,16.020833333333332,23.4,8.2,,47.125,,True
2017-05-17,수,2637.0,46.0,268.0,0.0,0.0,모닝롤/단팥빵  우유/주스 계란후라이 누룽지탕/쌀밥 (쌀:국내산) 대구매운탕  검정콩조림  포기김치 (김치:국내산) ,쌀밥/잡곡밥 (쌀:국내산) 열무된장국  쇠고기장조림  동태전  미나리오이무침  포기김치 (김치:국내산) ,쌀밥/잡곡밥 (쌀:국내산) 차돌박이찌개  갈치양념조림  비엔나컬리플라워볶음  얼갈이나물  포기김치 (김치:국내산) ,864.0,484.0,2323.0,0.3719328454584589,16.537499999999998,24.1,9.3,,58.708333333333336,,True
2017-05-18,목,2637.0,60.0,287.0,343.0,0.0,모닝롤/인절미토스트  우유/주스 스크램블에그 참치죽/쌀밥 (쌀:국내산) 우거지해장국  명엽채무침  포기김치 (김치:국내산) ,쌀밥/잡곡밥 (쌀:국내산) 부대찌개  굴비구이  고추잡채*꽃빵  청경채무침  깍두기 (김치:국내산) ,쌀밥/잡곡밥 (쌀:국내산) 옛날돈가스  옥수수스프  고구마범벅  양배추샐러드/음료  포기김치 (김치:국내산) ,796.0,459.0,2290.0,0.3475982532751092,17.245833333333334,23.9,9.9,,60.0,,True
2017-05-19,금,2637.0,146.0,305.0,81.0,0.0,모닝롤/크로와상  우유/주스 계란후라이 단호박죽/쌀밥 (쌀:국내산) 김치두부국  시금치나물  포기김치 (김치:국내산) ,쌀밥/잡곡밥 (쌀:국내산) 새우살미역국  순살양념치킨  콩나물겨자채  참나물생채  포기김치 (김치:국내산) ,쌀밥/잡곡밥 (쌀:국내산) 배추된장국  쇠고기숙주볶음  청포묵무침  무생채  열무김치 (김치:국내산) ,662.0,414.0,2186.0,0.302836230558097,18.816666666666663,27.9,10.1,,58.0,,True
2017-05-22,월,2637.0,63.0,240.0,504.0,0.0,모닝롤/마늘빵  우유/주스 계란후라이 크림누룽지탕/쌀밥 (쌀:국내산) 어묵국  숙주나물  포기김치 (김치:국내산) ,쌀밥/잡곡밥 (쌀:국내산) 시금치된장국  제육볶음  버섯구이*발사믹D  양배추*쌈  포기김치 (김치:국내산) ,쌀밥/잡곡밥 (쌀:국내산) 연두부찌개  코다리조림  순대야채볶음  오이무침/바나나  포기김치 (김치:국내산) ,1207.0,585.0,2334.0,0.5171379605826907,19.6125,25.9,12.3,,57.91666666666666,,True
2017-05-23,화,2637.0,47.0,257.0,429.0,0.0,모닝롤/야채샌드  우유/주스 계란후라이 땅콩죽/쌀밥 (쌀:국내산) 오징어국  김가루실파무침  포기김치 (김치:국내산) ,쌀밥/잡곡밥 (쌀:국내산) 소고기국  간장찜닭  부추전  해초무침  포기김치 (김치:국내산) ,볶음밥 (쌀:국내산) 짬뽕  탕수육  단무지  아이스슈  포기김치 (김치:국내산) ,889.0,545.0,2333.0,0.3810544363480497,19.529166666666665,27.7,11.4,,56.66666666666666,,True
2017-05-24,수,2637.0,49.0,277.0,0.0,0.0,모닝롤/와플  우유/주스 계란후라이 누룽지탕/쌀밥 (쌀:국내산) 닭곰탕  애호박볶음  포기김치 (김치:국내산) ,콩나물밥 (쌀:국내산) 김치국  고등어구이  감자프리타타  고추지  열무김치 (김치:국내산) ,쌀밥/잡곡밥 (쌀:국내산) 꽃게탕  모둠장조림  해라피겨자채  가지나물  포기김치 (김치:국내산) ,852.0,387.0,2311.0,0.3686715707485937,18.7,24.4,11.4,,67.625,,True
2017-05-25,목,2637.0,57.0,290.0,320.0,0.0,모닝롤/옥수수샌드  우유/주스 스크램블에그 브로컬리죽/쌀밥 (쌀:국내산) 감자국  열무나물  포기김치 (김치:국내산) ,쌀밥/잡곡밥 (쌀:국내산) 들깨시래기국  오리불고기  두부조림  상추겉절이  오이소박이 (김치:국내산) ,마파두부덮밥 (쌀:국내산) 유부장국  수제고로케  생과일플레인샐러드  쨔샤이무침  포기김치 (김치:국내산) ,838.0,456.0,2290.0,0.36593886462882097,20.354166666666668,24.5,16.1,,72.70833333333333,1.0,True
2017-05-26,금,2637.0,164.0,302.0,60.0,0.0,모닝롤/고구마파이  우유/주스 계란후라이 팥죽/쌀밥 (쌀:국내산) 맑은만두육개장  꽈리고추찜  포기김치 (김치:국내산) ,쌀밥/잡곡밥 (쌀:국내산) 콩나물국  주꾸미떡볶음  동그랑땡전  부추생채  포기김치 (김치:국내산) ,쌀밥/잡곡밥 (쌀:국내산) 된장찌개  치즈닭갈비  해물까스*칠리소스  깻잎양념찜  포기김치 (김치:국내산) ,597.0,462.0,2171.0,0.2749884845693229,21.33333333333333,30.0,14.8,,56.833333333333336,,True
2017-05-29,월,2637.0,88.0,240.0,394.0,0.0,모닝롤/토스트  우유/주스 계란후라이 누룽지탕/쌀밥 (쌀:국내산) 미역국  대추채멸치볶음  포기김치 (김치:국내산) ,쌀밥/잡곡밥 (쌀:국내산) 황태국  소불고기  계란찜  청경채사과생채  포기김치 (김치:국내산) ,쌀밥/잡곡밥 (쌀:국내산) 우거지해장국  임연수엿장조림  고기전  두반장가지볶음  포기김치 (김치:국내산) ,1193.0,555.0,2309.0,0.5166738847986141,18.7625,25.5,10.8,,57.5,,True
2017-05-30,화,2637.0,57.0,256.0,293.0,0.0,모닝롤/토마토샌드  우유/주스 스크램블에그 수삼닭죽/쌀밥 (쌀:국내산) 소고기무국  비름나물  포기김치 (김치:국내산) ,쌀밥/잡곡밥 (쌀:국내산) 얼갈이된장국  동파삼겹수육  맛살전  아삭고추무침  포기김치 (김치:국내산) ,김밥 (쌀:국내산) 맑은국  쫄면야채무침  오징어튀김  바나나와플/단무지  포기김치 (김치:국내산) ,821.0,579.0,2324.0,0.35327022375215145,23.258333333333336,33.7,13.0,,51.375,,True
2017-05-31,수,2637.0,43.0,265.0,0.0,0.0,모닝롤/베이글  우유/주스 계란후라이 누룽지탕/쌀밥 (쌀:국내산) 두부젓국찌개  자반김  포기김치 (김치:국내산) ,열무보리비빔밥 (쌀:국내산) 가쯔오장국  탕수만두  콥샐러드  오이지무침  포기김치 (김치:국내산) ,      자기계발의날      ,910.0,0.0,2329.0,0.39072563331902105,23.55,32.3,14.1,,50.91666666666666,,True
2017-06-01,목,2648.0,66.0,265.0,317.0,0.0,모닝롤/고구마샌드  우유/주스 스크램블에그 밤죽/쌀밥 (쌀:국내산) 동태찌개  브로컬리들깨소스  포기김치 (김치:국내산) ,쌀밥/잡곡밥 (쌀:국내산) 오이냉국  등갈비김치찜  어묵볶음  참나물땅콩무침  깍두기 (김치:국내산) ,주먹밥 (쌀:국내산) 단호박스프  로제스파게티  샐러드/피클  마늘빵/음료  포기김치 (김치:국내산) ,914.0,505.0,2317.0,0.3944756150194217,21.3625,27.3,16.5,,66.95833333333333,1.0,True
2017-06-02,금,2648.0,165.0,293.0,77.0,0.0,모닝롤/메론롤케익  우유/주스 계란후라이 홍게살죽/쌀밥 (쌀:국내산) 건새우아욱국  감자채볶음  포기김치 (김치:국내산) ,쌀밥/잡곡밥 (쌀:국내산) 돈육김치찌개  삼치된장구이  모듬소세지볶음  도토리묵무침  배추겉절이 (김치:국내산) ,쌀밥/잡곡밥 (쌀:국내산) 새알만두국  팝콘치킨*데리야끼소스  두부새싹구이  도라지채무침  포기김치 (김치:국내산) ,699.0,480.0,2190.0,0.31917808219178084,23.274999999999995,29.0,19.2,,62.29166666666666,,True
2017-06-05,월,2648.0,633.0,150.0,174.0,0.0,모닝롤/시금치핫케익  우유/주스 계란후라이 누룽지탕/쌀밥 (쌀:국내산) 쇠고기버섯국  쥐포무침  포기김치 (김치:국내산) ,쌀밥/잡곡밥 (쌀:국내산) 근대국  돈육굴소스볶음  계란말이  모둠쌈/씨앗쌈장  포기김치 (김치:국내산) ,쌀밥/잡곡밥 (쌀:국내산) 감자고추장찌개  탕수어  우엉잡채  오이생채  포기김치 (김치:국내산) ,760.0,306.0,1865.0,0.4075067024128686,19.995833333333334,28.2,11.0,,46.41666666666666,,True
2017-06-07,수,2648.0,75.0,228.0,0.0,0.0,모닝롤/치즈프레즐  우유/주스 계란후라이 호두죽/쌀밥 (쌀:국내산) 김치두부국  호박나물  포기김치 (김치:국내산) ,쌀밥/잡곡밥 (쌀:국내산) 콩나물국  훈제오리구이  새송이버섯전  쌈무/부추생채  포기김치 (김치:국내산) ,쌀밥/잡곡밥 (쌀:국내산) 열무된장국  돼지갈비찜  오징어브로컬리 *초장 취나물  포기김치 (김치:국내산) ,1127.0,549.0,2345.0,0.48059701492537316,17.066666666666666,21.5,14.4,,66.83333333333333,1.0,True
2017-06-08,목,2648.0,63.0,274.0,423.0,0.0,모닝롤/참치샌드  우유/주스 스크램블에그 누룽지탕/쌀밥 (쌀:국내산) 어묵국  땅콩조림  포기김치 (김치:국내산) ,쌀밥/잡곡밥 (쌀:국내산) 얼갈이된장국  미니채소떡갈비  골뱅이무침*소면  숙주나물  배추겉절이 (김치:국내산) ,김밥볶음밥 (쌀:국내산) 냉모밀국수  야채튀김  옥수수샐러드  조각사과  포기김치 (김치:국내산) ,857.0,443.0,2311.0,0.37083513630463005,19.7,23.7,16.0,,73.83333333333333,1.0,True
2017-06-09,금,2648.0,130.0,294.0,67.0,0.0,모닝롤/찐빵  우유/주스 계란후라이 고구마죽/쌀밥 (쌀:국내산) 대구찌개  시래기조림  포기김치 (김치:국내산) ,쌀밥/잡곡밥 (쌀:국내산) 호박잎된장찌개  깐풍기  어묵꽈리고추볶음  실곤약초무침  포기김치 (김치:국내산) ,쌀밥/잡곡밥 (쌀:국내산) 쇠고기미역국  가자미양념찜  닭살겨자냉채  시금치나물  포기김치 (김치:국내산) ,715.0,460.0,2224.0,0.3214928057553957,21.1875,28.7,13.0,,53.75,,True
2017-06-12,월,2648.0,87.0,209.0,529.0,0.0,모닝롤/브라우니  우유/주스 계란후라이 누룽지탕/쌀밥 (쌀:국내산) 오징어국  느타리볶음  포기김치 (김치:국내산) ,쌀밥/잡곡밥 (쌀:국내산) 연두부탕  쇠고기숙주볶음  홍어채무침  고구마순나물  포기김치 (김치:국내산) ,쌀밥/잡곡밥 (쌀:국내산) 된장찌개  돈육강정  옥수수전  청경채무침  포기김치 (김치:국내산) ,1140.0,552.0,2352.0,0.4846938775510204,20.841666666666665,25.5,16.7,,59.5,1.0,True
2017-06-13,화,2648.0,47.0,234.0,451.0,0.0,모닝롤/씨크립샌드  우유/주스 계란후라이 표고버섯죽/쌀밥 (쌀:국내산) 민물새우찌개  쑥갓두부무침  포기김치 (김치:국내산) ,쌀밥/잡곡밥 (쌀:국내산) 도토리묵냉국  쭈꾸미볶음  늙은호박전  치커리사과생채  깍두기 (김치:국내산) ,참치회덮밥 (쌀:국내산) 미소장국  고구마치즈구이  모둠과일  락교  포기김치 (김치:국내산) ,916.0,540.0,2367.0,0.38698774820447823,19.27083333333333,23.8,15.1,,53.708333333333336,,True
2017-06-14,수,2648.0,55.0,253.0,0.0,0.0,모닝롤/꿀호떡  우유/주스 계란후라이 누룽지탕/쌀밥 (쌀:국내산) 쇠고기무국  마늘쫑건새우볶음  포기김치 (김치:국내산) ,곤드레밥*강된장 (쌀:국내산) 가쯔오장국  치킨핑거  파스타샐러드  견과류조림  포기김치 (김치:국내산) ,쌀밥/잡곡밥 (쌀:국내산) 알탕  미트볼케찹조림  잔멸치볶음  머위대나물  포기김치 (김치:국내산) ,907.0,408.0,2340.0,0.3876068376068376,18.9125,27.1,13.3,,63.66666666666666,1.0,True
2017-06-15,목,2648.0,64.0,268.0,318.0,0.0,모닝롤/치킨샌드  우유/주스 스크램블에그 김치죽/쌀밥 (쌀:국내산) 시금치국  진미채무침  포기김치 (김치:국내산) ,쌀밥/잡곡밥 (쌀:국내산) 쇠고기샤브국  갈치구이  메추리알조림  무생채  배추겉절이 (김치:국내산) ,볶음밥 (쌀:국내산) 열무김치국수  부추만두  꽃맛살샐러드  단무지  포기김치 (김치:국내산) ,763.0,443.0,2316.0,0.32944732297063906,20.933333333333334,28.5,13.9,,61.583333333333336,,True
2017-06-16,금,2648.0,164.0,305.0,62.0,0.0,모닝롤/사과파이  우유/주스 계란후라이 녹두죽/쌀밥 (쌀:국내산) 북어국  미역줄기볶음  포기김치 (김치:국내산) ,쌀밥/잡곡밥 (쌀:국내산) 아욱된장국  삼겹살구이  감자채볶음  쫑상추무침  포기김치 (김치:국내산) ,쌀밥/잡곡밥 (쌀:국내산) 참치김치찌개  쇠고기장조림  올방개묵무침  가지나물  깍두기 (김치:국내산) ,644.0,383.0,2179.0,0.2955484167049105,23.308333333333334,32.2,13.7,,50.333333333333336,,True
2017-06-19,월,2648.0,102.0,226.0,455.0,0.0,모닝롤/마늘빵  우유/주스 계란후라이 누룽지탕/쌀밥 (쌀:국내산) 꽃게탕  김구이  포기김치 (김치:국내산) ,쌀밥/잡곡밥 (쌀:국내산) 들깨시래기국  유자청제육볶음  해물부추전  오이도라지생채  포기김치 (김치:국내산) ,쌀밥/잡곡밥 (쌀:국내산) 감자국  닭데리야끼조림  매운어묵볶음  참나물땅콩가루무침  포기김치 (김치:국내산) ,1126.0,489.0,2320.0,0.4853448275862069,22.591666666666665,31.5,14.7,,57.16666666666666,,True
2017-06-20,화,2648.0,66.0,253.0,429.0,0.0,모닝롤/옥수수샌드  우유/주스 계란후라이 양송이죽/쌀밥 (쌀:국내산) 무채국  비름나물   포기김치 (김치:국내산) ,쌀밥/잡곡밥 (쌀:국내산) 오이지냉국  고등어김치말이  감자비엔나볶음  연근조림  열무김치 (김치:국내산) ,충무김밥 (쌀:국내산) 미역장국  오징어무침  핫도그&케찹  오렌지  석박지 (김치:국내산) ,888.0,508.0,2329.0,0.3812795191069128,23.729166666666668,32.2,15.7,,56.458333333333336,,True
2017-06-21,수,2648.0,60.0,269.0,0.0,0.0,모닝롤/고구마파이  우유/주스 계란후라이 누룽지탕/쌀밥 (쌀:국내산) 동태찌개  새송이버섯볶음  포기김치 (김치:국내산) ,카레라이스 (쌀:국내산) 유부주머니국  언양식불고기  떡볶이  수박  포기김치 (김치:국내산) ,쌀밥/잡곡밥 (쌀:국내산) 해물된장찌개  고추잡채*꽃빵  황태양념구이  청포묵무침  포기김치 (김치:국내산) ,982.0,445.0,2319.0,0.42345838723587753,21.445833333333336,25.4,17.7,,70.33333333333333,1.0,True
2017-06-22,목,2648.0,69.0,273.0,317.0,0.0,모닝롤/단호박샌드  우유/주스 스크램블에그 팥죽/쌀밥 (쌀:국내산) 열무된장국  검정콩조림  포기김치 (김치:국내산) ,쌀밥/잡곡밥 (쌀:국내산) 쇠고기미역국  해물누룽지탕  비빔야채만두  양념깻잎지  포기김치 (김치:국내산) ,"소고기주먹밥 (쌀,현미흑미:국내산) 쌀국수  또띠아피자  흑임자샐러드  피클/피크닉  포기김치 (배추,고추가루:국내산) ",875.0,451.0,2306.0,0.37944492627927146,22.72083333333333,28.7,17.4,,65.29166666666667,1.0,True
2017-06-23,금,2648.0,162.0,290.0,57.0,0.0,모닝롤/크로와상  우유/주스 계란후라이 잣죽/쌀밥 (쌀:국내산) 조랭이떡국  꽈리고추찜  포기김치 (김치:국내산) ,쌀밥/잡곡밥 (쌀:국내산) 나가사끼짬뽕국  닭갈비  셀프무쌈말이  콩나물무침  포기김치 (김치:국내산) ,쌀밥/잡곡밥 (쌀:국내산) 콩비지찌개  탕수어  두부카프레제  방풍나물  깍두기 (김치:국내산) ,609.0,441.0,2196.0,0.2773224043715847,23.40833333333333,30.1,17.3,,63.458333333333336,,True
2017-06-26,월,2648.0,112.0,237.0,374.0,0.0,모닝롤/팬케익  우유/주스 계란후라이 누룽지탕/쌀밥 (쌀:국내산) 김치두부국  느타리버섯볶음  포기김치 (김치:국내산) ,쌀밥/잡곡밥 (쌀:국내산) 차돌박이찌개  훈제오리고추장볶음  곤약흑임자무침  양배추쌈*양념장  포기김치 (김치:국내산) ,쌀밥/잡곡밥 (쌀:국내산) 연두부찌개  탕수육  통도라지구이  오이지무침  포기김치 (김치:국내산) ,1147.0,539.0,2299.0,0.4989125706829056,23.195833333333336,27.1,18.9,,71.20833333333333,,True
2017-06-27,화,2648.0,59.0,256.0,309.0,0.0,모닝롤/햄치즈샌드  우유/주스 계란후라이 해물죽/쌀밥 (쌀:국내산) 호박잎찌개  김자반  포기김치 (김치:국내산) ,쌀밥/잡곡밥 (쌀:국내산) 북어콩나물국  오징어볶음  동그랑땡구이  시금치나물  포기김치 (김치:국내산) ,콩국수 (쌀:국내산) 작은밥  탄두리치킨  모둠묵샐러드  수박  배추겉절이 (김치:국내산) ,973.0,575.0,2333.0,0.41705957993999143,21.67916666666667,24.3,20.3,,84.54166666666667,1.0,True
2017-06-28,수,2648.0,58.0,259.0,0.0,0.0,모닝롤/단팥빵  우유/주스 계란후라이 누룽지탕/쌀밥 (쌀:국내산) 쇠고기매운국  고구마순나물  포기김치 (김치:국내산) ,콩나물밥 (쌀:국내산) 얼갈이된장국  삼치구이  잡채  아삭고추무침  깍두기 (김치:국내산) ,      *자기계발의날*      ,745.0,0.0,2331.0,0.3196053196053196,22.641666666666666,27.1,19.5,,71.0,,True
2017-06-29,목,2648.0,66.0,266.0,209.0,0.0,모닝롤/베이컨샌드  우유/주스 스크램블에그 참치죽/쌀밥 (쌀:국내산) 고추장찌개  브로컬리두부무침  포기김치 (김치:국내산) ,쌀밥/잡곡밥 (쌀:국내산) 우무묵냉국  갈릭돈까스  두부양념조림  부추생채  포기김치 (김치:국내산) ,"빠에야 (쌀,현미흑미:국내산) 올챙이만두국  웨지감자  하와이안샐러드  해초무침  포기김치 (배추,고추가루:국내산) ",814.0,451.0,2316.0,0.35146804835924006,23.48333333333333,29.7,17.5,,66.33333333333333,,True
2017-06-30,금,2648.0,188.0,296.0,34.0,0.0,모닝롤/크로와상  우유/주스 계란후라이 쇠고기죽/쌀밥 (쌀:국내산) 시래기국  오이무침  포기김치 (김치:국내산) ,쌀밥/잡곡밥 (쌀:국내산) 꼬지어묵탕  매운닭찜  감자채전  미역줄기볶음  열무김치 (김치:국내산) ,쌀밥/잡곡밥 (쌀:국내산) 청국장찌개  장어강정  오꼬노미야끼계란말이  치커리무침  포기김치 (김치:국내산) ,695.0,370.0,2164.0,0.3211645101663586,21.9625,25.2,19.1,,78.70833333333333,1.0,True
2017-07-03,월,2839.0,66.0,214.0,414.0,0.0,모닝롤/프렌치토스트  우유/주스 계란후라이 누룽지탕/쌀밥 (쌀:국내산) 된장찌개  가지나물  포기김치 (김치:국내산) ,쌀밥/잡곡밥 (쌀:국내산) 콩나물국  짬뽕불고기  계란찜  청경채겉절이  포기김치 (김치:국내산) ,쌀밥/잡곡밥 (쌀:국내산) 육개장  고등어카레구이  꽃맛살볶음  마늘쫑무침  포기김치 (김치:국내산) ,1231.0,501.0,2559.0,0.48104728409534975,25.925,28.4,23.8,,79.125,1.0,True
2017-07-04,화,2839.0,50.0,247.0,368.0,0.0,모닝롤/에그샌드  우유/주스 계란후라이 밤죽/쌀밥 (쌀:국내산) 두부젓국찌개  명엽채무침  포기김치 (김치:국내산) ,쌀밥/잡곡밥 (쌀:국내산) 배추된장국  낙지볶음  고기전  미역레몬초무침  포기김치 (김치:국내산) ,후난식볶음밥 (쌀:국내산) 가쯔오장국  닭강정  고구마그라탕  무피클  포기김치 (김치:국내산) ,962.0,432.0,2542.0,0.37844217151848936,26.620833333333337,28.7,25.3,,72.29166666666667,1.0,True
2017-07-05,수,2839.0,46.0,260.0,0.0,0.0,모닝롤/와플  우유/주스 시금치프리타타 누룽지탕/쌀밥 (쌀:국내산) 오징어국  호박볶음  포기김치 (김치:국내산) ,짜장덮밥 (쌀:국내산) 계란국  유산슬  군만두  단무지/사과  열무김치 (김치:국내산) ,쌀밥/잡곡밥 (쌀:국내산) 대구찌개  돈육굴소스볶음  김치녹두전  꽃상추무침  포기김치 (김치:국내산) ,912.0,340.0,2533.0,0.3600473746545598,26.45,31.0,24.2,,78.83333333333333,1.0,True
2017-07-06,목,2839.0,72.0,268.0,341.0,0.0,모닝롤/바나나샌드  우유/주스 계란후라이 녹두죽/쌀밥 (쌀:국내산) 쇠고기무국  지리멸치볶음  포기김치 (김치:국내산) ,쌀밥/잡곡밥 (쌀:국내산) 아욱된장국  등갈비김치찜  어묵볶음  참나물  알타리김치 (김치:국내산) ,김밥 (쌀:국내산) 잔치국수  수제고로케  키위드레싱샐러드  찐옥수수  포기김치 (김치:국내산) ,821.0,501.0,2499.0,0.328531412565026,25.941666666666663,30.5,22.9,,80.91666666666667,1.0,True
2017-07-07,금,2839.0,146.0,288.0,73.0,0.0,모닝롤/메론롤케익  우유/주스 계란후라이 단호박죽/쌀밥 (쌀:국내산) 꽃게탕  땅콩조림  포기김치 (김치:국내산) ,쌀밥/잡곡밥 (쌀:국내산) 오이냉국  유린기  도토리묵무침  숙주나물  포기김치 (김치:국내산) ,쌀밥/잡곡밥 (쌀:국내산) 순두부찌개  해물까스*탈탈소스  탕평채  시금치나물  포기김치 (김치:국내산) ,613.0,472.0,2405.0,0.2548856548856549,24.77916666666667,27.9,22.9,,89.16666666666667,1.0,True
2017-07-10,월,2839.0,98.0,215.0,406.0,0.0,모닝롤/찐빵  우유/주스 계란후라이 누룽지탕/쌀밥 (쌀:국내산) 무청된장국  쥐포무침  포기김치 (김치:국내산) ,쌀밥/잡곡밥 (쌀:국내산) 콩나물국  버섯불고기  해물겨자냉채  우엉조림  포기김치 (김치:국내산) ,쌀밥/잡곡밥 (쌀:국내산) 감자국  사천식탕수육  건새우마늘쫑볶음  비름나물  포기김치 (김치:국내산) ,1084.0,527.0,2526.0,0.42913697545526525,26.73333333333333,30.9,23.7,,84.5,,True
2017-07-11,화,2839.0,62.0,232.0,380.0,0.0,모닝롤/식빵피자  우유/주스 계란후라이 야채죽/쌀밥 (쌀:국내산) 황태국  열무나물  포기김치 (김치:국내산) ,쌀밥/잡곡밥 (쌀:국내산) 어묵국  주꾸미떡볶음  두부계란구이  브로컬리초장  포기김치 (김치:국내산) ,오므라이스 (쌀:국내산) 미소장국  새우또띠아  감자범벅  오렌지주스  포기김치 (김치:국내산) ,866.0,444.0,2545.0,0.34027504911591355,26.79583333333333,28.4,25.8,,86.125,,True
2017-07-12,수,2839.0,69.0,263.0,0.0,0.0,모닝롤/브라우니  우유/주스 계란후라이 누룽지탕/쌀밥 (쌀:국내산) 바지락국  오이도라지무침  포기김치 (김치:국내산) ,"<초복특식>  삼계탕 (닭:국내산) 찹쌀밥 (찹쌀,쌀:국내산) 생야채&쌈장  수박  깍두기 (김치:국내산) ",쌀밥/잡곡밥 (쌀:국내산) 해물된장찌개  모둠장조림  참치야채전  노각무침  포기김치 (김치:국내산) ,918.0,414.0,2507.0,0.36617471080973274,26.23333333333333,27.8,23.4,,79.0,,True
2017-07-13,목,2839.0,79.0,277.0,311.0,0.0,모닝롤/고구마샌드  우유/주스 스크램블에그 팥죽/쌀밥 (쌀:국내산) 연두부탕  느타리볶음  포기김치 (김치:국내산) ,쌀밥/잡곡밥 (쌀:국내산) 근대국  돼지갈비찜  동태전  치커리유자청무침  포기김치 (김치:국내산) ,유부초밥 (쌀:국내산) 김치말이국수  풋고추튀김  꽃맛살샐러드  무초절이  열무김치 (김치:국내산) ,765.0,461.0,2483.0,0.3080950463149416,27.35833333333333,32.8,23.5,,75.29166666666667,,True
2017-07-14,금,2839.0,209.0,286.0,57.0,0.0,모닝롤/치즈프레즐  우유/주스 계란후라이 새우살죽/쌀밥 (쌀:국내산) 우거지해장국  깻순나물  포기김치 (김치:국내산) ,쌀밥/잡곡밥 (쌀:국내산) 부대찌개  갈치조림  버섯잡채  쑥갓두부무침  알타리김치 (김치:국내산) ,쌀밥/잡곡밥 (쌀:국내산) 고추장찌개  미니함박조림  감자채볶음  청경채무침  포기김치 (김치:국내산) ,613.0,485.0,2344.0,0.261518771331058,26.77083333333333,33.1,21.3,,78.41666666666667,,True
2017-07-17,월,2839.0,132.0,212.0,424.0,0.0,모닝롤/호떡  우유/주스 계란후라이 누룽지탕/쌀밥 (쌀:국내산) 김치순두부찌개  브로컬리된장무침  포기김치 (김치:국내산) ,쌀밥/잡곡밥 (쌀:국내산) 무채국  돈육고추장볶음  간장두부조림  모듬양채쌈  포기김치 (김치:국내산) ,쌀밥/잡곡밥 (쌀:국내산) 꽃게탕  소고기장조림  꽈리고추찜  사과맛살초무침  포기김치 (김치:국내산) ,1168.0,500.0,2495.0,0.46813627254509016,28.691666666666663,33.2,25.6,,74.54166666666667,,True
2017-07-18,화,2839.0,98.0,239.0,419.0,0.0,모닝롤/햄치즈샌드  우유/주스 계란후라이 잣죽/쌀밥 (쌀:국내산) 콩나물국  김자반  포기김치 (김치:국내산) ,쌀밥/잡곡밥 (쌀:국내산) 열무된장국  간장찜닭  통도라지구이  치커리무침  포기김치 (김치:국내산) ,목살필라프 (쌀:국내산) 단호박스프  토마토스파게티  시리얼과일샐러드  수제피클  포기김치 (김치:국내산) ,916.0,513.0,2502.0,0.36610711430855314,26.92083333333333,31.6,23.2,,81.5,1.0,True
2017-07-19,수,2839.0,79.0,259.0,0.0,0.0,모닝롤/베이글  우유/주스 계란후라이 누룽지탕/쌀밥 (쌀:국내산) 쇠고기미역국  시래기조림  포기김치 (김치:국내산) ,김치제육덮밥  맑은국  양장피잡채  오꼬노미야끼  천도복숭아  알타리김치 (김치:국내산) ,쌀밥/잡곡밥 (쌀:국내산) 호박잎된장찌개  언양식불고기  코다리강정  시금치나물  포기김치 (김치:국내산) ,830.0,457.0,2501.0,0.3318672530987605,26.6125,30.4,22.9,,83.66666666666667,1.0,True
2017-07-20,목,2839.0,90.0,278.0,270.0,0.0,모닝롤/씨크립샌드  우유/주스 스크램블에그 녹두죽/쌀밥 (쌀:국내산) 건새우아욱국  진미채무침  포기김치 (김치:국내산) ,쌀밥/잡곡밥 (쌀:국내산) 소고기매운무국  오징어굴소스볶음  모둠버섯구이  오이무침  포기김치 (김치:국내산) ,카레라이스 (쌀:국내산) 유부장국  해물볶음우동  찐햇감자   매실쥬스/단무지  포기김치 (김치:국내산) ,750.0,429.0,2471.0,0.3035208417644678,27.84166666666667,33.5,22.7,,74.375,,True
2017-07-21,금,2839.0,206.0,301.0,46.0,0.0,모닝롤/사과파이  우유/주스 계란후라이 흑임자죽/쌀밥 (쌀:국내산) 차돌박이찌개  검정콩조림  포기김치 (김치:국내산) ,쌀밥/잡곡밥 (쌀:국내산) 닭곰탕  미트볼케찹조림  메밀전  영양부추생채  포기김치 (김치:국내산) ,쌀밥/잡곡밥 (쌀:국내산) 육개장  꽁치구이  궁중떡볶이  무생채  포기김치 (김치:국내산) ,648.0,410.0,2332.0,0.27787307032590053,28.245833333333334,34.4,23.3,,78.33333333333333,,True
2017-07-24,월,2839.0,237.0,211.0,401.0,0.0,모닝롤/프렌치토스트  우유/주스 계란후라이 누룽지탕/쌀밥 (쌀:국내산) 시금치국  김구이  포기김치 (김치:국내산) ,쌀밥/잡곡밥 (쌀:국내산) 어묵탕  콩나물불고기  동그랑땡전  얼갈이된장무침  포기김치 (김치:국내산) ,쌀밥/잡곡밥 (쌀:국내산) 콩가루배추국  고추잡채*꽃빵  고등어조림  간장깻잎지  알타리김치 (김치:국내산) ,1119.0,486.0,2391.0,0.46800501882057716,28.89166666666667,32.6,25.6,,78.625,,True
2017-07-25,화,2839.0,214.0,243.0,272.0,0.0,모닝롤/참치샌드  우유/주스 계란후라이 김치죽/쌀밥 (쌀:국내산) 오징어국  고구마줄기볶음  포기김치 (김치:국내산) ,쌀밥/잡곡밥 (쌀:국내산) 된장찌개  가자미카레튀김  닭살냉채  참나물무침  배추겉절이 (김치:국내산) ,빠에야 (쌀:국내산) 냉모밀국수  비빔야채만두  하와이안샐러드  락교  포기김치 (김치:국내산) ,827.0,514.0,2382.0,0.34718723761544923,29.59583333333333,35.0,25.3,,79.375,1.0,True
2017-07-26,수,2839.0,254.0,246.0,0.0,0.0,모닝롤/단팥빵  우유/주스 계란후라이 누룽지탕/쌀밥 (쌀:국내산) 민물새우찌개  숙주나물  포기김치 (김치:국내산) ,나물비빔밥  미소장국  파스타샐러드  소세지오븐구이  오렌지  포기김치 (김치:국내산) ,      가정의날      ,797.0,0.0,2339.0,0.34074390765284307,27.8,33.2,25.0,,85.91666666666667,1.0,True
2017-07-27,목,2839.0,334.0,240.0,221.0,0.0,모닝롤/야채샌드  우유/주스 스크램블에그 호박죽/쌀밥 (쌀:국내산) 무청된장국  새송이버섯볶음  포기김치 (김치:국내산) ,쌀밥/잡곡밥 (쌀:국내산) 콩나물냉국  순살파닭  오징어브로컬리*초장  멸치크렌베리볶음  포기김치 (김치:국내산) ,마파두부덮밥 (쌀:국내산) 미역장국  탕수육  멕시칸샐러드  찐옥수수  포기김치 (김치:국내산) ,804.0,486.0,2265.0,0.35496688741721855,26.429166666666664,31.6,22.3,,69.375,,True
2017-07-28,금,2839.0,419.0,264.0,46.0,0.0,모닝롤/마늘빵  우유/주스 계란후라이 크림누룽지탕/쌀밥 (쌀:국내산) 동태찌개  취나물  포기김치 (김치:국내산) ,쌀밥/잡곡밥 (쌀:국내산) 쇠고기샤브국  주꾸미떡볶음  연두부*양념장  해초무침  포기김치 (김치:국내산) ,쌀밥/잡곡밥 (쌀:국내산) 닭개장  생선까스*탈탈소스  감자채볶음  가지나물  열무김치 (김치:국내산) ,501.0,459.0,2156.0,0.2323747680890538,25.633333333333336,32.6,18.4,,64.33333333333333,,True
2017-07-31,월,2839.0,524.0,156.0,192.0,0.0,모닝롤/핫케익  우유/주스 계란후라이 누룽지탕/쌀밥 (쌀:국내산) 두부김치국  명엽채무침  포기김치 (김치:국내산) ,쌀밥/잡곡밥 (쌀:국내산) 연두부탕  쇠고기숙주볶음  홍어채무침  시래기조림  포기김치 (김치:국내산) ,쌀밥/잡곡밥 (쌀:국내산) 아욱국  돈육씨앗강정  삼치된장구이  청경채무침  포기김치 (김치:국내산) ,945.0,455.0,2159.0,0.43770264011116256,26.71666666666667,31.2,23.5,,78.5,,True
2017-08-01,화,2645.0,466.0,181.0,320.0,0.0,모닝롤/단호박샌드  우유/주스 계란후라이 수삼닭죽/쌀밥 (쌀:국내산) 북어국  오이무침  포기김치 (김치:국내산) ,쌀밥/잡곡밥 (쌀:국내산) 부대찌개  해물누룽지탕  우엉잡채  머위대나물  배추겉절이 (김치:국내산) ,김밥볶음밥 (쌀:국내산) 잔치국수  훈제오리냉채  감자범벅  비트무피클  포기김치 (김치:국내산) ,745.0,509.0,1998.0,0.37287287287287285,26.3,30.6,23.7,,86.33333333333333,1.0,True
2017-08-02,수,2645.0,454.0,188.0,0.0,0.0,모닝롤/크로와상  우유/주스 계란후라이 누룽지탕/쌀밥 (쌀:국내산) 호박젓국찌개  미역줄기볶음  포기김치 (김치:국내산) ,쌀밥/잡곡밥 (쌀:국내산) 꽃게탕  미니채소떡갈비  두부계란구이  치커리사과생채  포기김치 (김치:국내산) ,쌀밥/잡곡밥 (쌀:국내산) 느타리버섯국  탕수어  견과류조림  도토리묵무침  알타리김치 (김치:국내산) ,799.0,337.0,2003.0,0.39890164752870694,27.166666666666668,33.1,23.3,,82.16666666666667,,True
2017-08-03,목,2645.0,451.0,207.0,301.0,0.0,모닝롤/에그샌드  우유/주스 스크램블에그 쇠고기죽/쌀밥 (쌀:국내산) 대구찌개  도라지나물  포기김치 (김치:국내산) ,쌀밥/잡곡밥 (쌀:국내산) 오이미역냉국  닭오븐구이  꽈리고추어묵조림  무생채  포기김치 (김치:국내산) ,콩나물밥 (쌀:국내산) 가쯔오장국  쇠고기장조림  실곤약흑임자무침  부추생채  포기김치 (김치:국내산) ,776.0,401.0,1987.0,0.3905385002516356,27.116666666666664,32.1,24.5,,80.95833333333333,,True
2017-08-04,금,2645.0,544.0,238.0,55.0,0.0,모닝롤/찐빵  우유/주스 계란후라이 땅콩죽/쌀밥 (쌀:국내산) 감자국  김실파무침  포기김치 (김치:국내산) ,쌀밥/잡곡밥 (쌀:국내산) 콩나물국  제육볶음  메추리알조림  호박잎/양배추쌈 *쌈장 열무김치 (김치:국내산) ,쌀밥/잡곡밥 (쌀:국내산) 차돌박이찌개  치킨텐더  꽃맛살볶음  비름나물 *천도복숭아 포기김치 (김치:국내산) ,668.0,354.0,1863.0,0.35856146001073536,27.26666666666667,33.3,22.2,,72.20833333333333,,True
2017-08-07,월,2645.0,428.0,168.0,351.0,0.0,모닝롤/베이글  우유/주스 계란후라이 누룽지탕/쌀밥 (쌀:국내산) 된장찌개  김자반  포기김치 (김치:국내산) ,쌀밥/잡곡밥 (쌀:국내산) 어묵국  쇠고기낙지볶음  새송이버섯전  참나물땅콩무침  포기김치 (김치:국내산) ,쌀밥/잡곡밥 (쌀:국내산) 근대국  등갈비김치찜  메밀전병만두  해파리겨자채  열무김치 (김치:국내산) ,1078.0,497.0,2049.0,0.5261102977061981,30.5625,36.6,24.8,,63.79166666666666,,True
2017-08-08,화,2645.0,414.0,207.0,350.0,0.0,모닝롤/씨크립샌드  우유/주스 계란후라이 야채죽/쌀밥 (쌀:국내산) 들깨버섯국  연근조림  포기김치 (김치:국내산) ,쌀밥/잡곡밥 (쌀:국내산) 미역국  닭갈비  시금치프리타타  마늘쫑무침  포기김치 (김치:국내산) ,해물굴소스볶음밥 (쌀:국내산) 가쯔오장국  비빔메밀국수  야채튀김  과일샐러드/단무지  포기김치 (김치:국내산) ,842.0,445.0,2024.0,0.4160079051383399,30.82916666666667,36.6,25.0,,60.083333333333336,,True
2017-08-09,수,2645.0,428.0,210.0,0.0,0.0,모닝롤/와플  우유/주스 계란후라이 누룽지탕/쌀밥 (쌀:국내산) 열무된장국  콩나물무침  포기김치 (김치:국내산) ,쌀밥/잡곡밥 (쌀:국내산) 도토리묵냉국  수제돈까스  두부양념조림  단배추나물  포기김치 (김치:국내산) ,쌀밥/잡곡밥 (쌀:국내산) 뼈해장국  고등어조림  계란말이  건파래무침  석박지 (김치:국내산) ,946.0,372.0,2007.0,0.471350274040857,27.945833333333336,32.1,22.6,,70.125,,True
2017-08-10,목,2645.0,438.0,228.0,292.0,0.0,모닝롤/토마토샌드  우유/주스 스크램블에그 홍게살죽/쌀밥 (쌀:국내산) 우거지해장국  영양부추생채  포기김치 (김치:국내산) ,쌀밥/잡곡밥 (쌀:국내산) 돈육김치찌개  갈치구이  비엔나감자볶음  셀프무쌈말이  알타리김치 (김치:국내산) ,멸치주먹밥 (쌀:국내산) 물냉면  케이준샐러드  떡볶이  무초절이  포기김치 (김치:국내산) ,777.0,438.0,1979.0,0.39262253663466395,26.8375,29.7,24.8,,84.16666666666667,1.0,True
2017-08-11,금,2645.0,566.0,240.0,66.0,0.0,모닝롤/치즈프레즐  우유/주스 계란후라이 고구마죽/쌀밥 (쌀:국내산) 무채국  시금치나물  포기김치 (김치:국내산) ,쌀밥/잡곡밥 (쌀:국내산) 고추장찌개  돈육보쌈  쌈&야채스틱  어묵볶음 샐러드바:과일 포기김치 (김치:국내산) ,쌀밥/잡곡밥 (쌀:국내산) 오징어국  깐풍기  모둠버섯구이  쑥갓두부무침  포기김치 (김치:국내산) ,710.0,393.0,1839.0,0.3860793909733551,28.83333333333333,34.1,25.3,,73.45833333333333,,True
2017-08-14,월,2645.0,863.0,131.0,114.0,0.0,모닝롤/마늘빵  우유/주스 계란후라이 누룽지탕/쌀밥 (쌀:국내산) 김치국  감자조림  포기김치 (김치:국내산) ,쌀밥/잡곡밥 (쌀:국내산) 된장찌개  짬뽕불고기 (돼지고기:국내산) 옥수수계란찜  청경채생채  포기김치 (김치:국내산) ,쌀밥/잡곡밥 (쌀:국내산) 콩가루배추국  양파치킨 (닭고기:국내산) 해물파전  도라지생채  열무김치 (김치:국내산) ,692.0,275.0,1651.0,0.41913991520290733,24.32916666666667,27.6,21.7,,75.70833333333333,1.0,True
2017-08-16,수,2645.0,403.0,180.0,0.0,0.0,모닝롤/메론롤케익  우유/주스 계란후라이 쇠고기죽/쌀밥 (쌀:국내산) 고추장찌개  문어꽈리초조림  포기김치 (김치:국내산) ,쌀밥/잡곡밥 (쌀:국내산) 쇠고기무국 (쇠고기:호주산) 오징어볶음*소면 (오징어:뉴질랜드산) 모듬묵양념장  오이무침  포기김치 (김치:국내산) ,쌀밥/잡곡밥 (쌀:국내산) 콩나물국  돼지갈비찜 (돼지고기:국내산) 풍기샐러드  쫑상추무침  포기김치 (김치:국내산) ,973.0,433.0,2062.0,0.47187196896217265,22.70833333333333,23.7,21.8,,95.54166666666669,1.0,True
2017-08-17,목,2645.0,357.0,221.0,380.0,0.0,모닝롤/치킨샌드  우유/주스 스크램블에그 누룽지탕/쌀밥 (쌀:국내산) 황태국  느타리애호박볶음  포기김치 (김치:국내산) ,쌀밥/잡곡밥 (쌀:국내산) 들깨시래기국  매운닭찜 (닭고기:국내산) 임연수구이  치커리무침  포기김치 (김치:국내산) ,김치볶음밥 (쌀:국내산) 어묵우동  미니햄버거  단호박범벅  요플레  배추겉절이 (김치:국내산) ,823.0,507.0,2067.0,0.39816158684083214,26.375,31.5,23.0,,84.70833333333333,1.0,True
2017-08-18,금,2645.0,396.0,272.0,61.0,0.0,모닝롤/애플파이  우유/주스 계란후라이 양송이죽/쌀밥 (쌀:국내산) 차돌박이찌개  멸치볶음  포기김치 (김치:국내산) ,짜장밥 (쌀:국내산) 맑은국  해물까스*칠리소스  부추만두  단무지  열무김치 (김치:국내산) ,쌀밥/잡곡밥 (쌀:국내산) 해물순두부찌개  유자청제육볶음 (돼지고기:국내산) 두부카프레제  숙주나물  포기김치 (김치:국내산) ,731.0,484.0,1977.0,0.3697521497218007,26.941666666666663,32.2,23.3,,79.45833333333333,,True
2017-08-21,월,2645.0,74.0,169.0,618.0,0.0,모닝롤/와플 옥수수스프/사과 우유/주스 키위드레싱샐러드 버섯죽/쌀밥 (쌀:국내산) 북어해장국  시금치프리타타  포기김치 (김치:국내산) ,쌀밥/잡곡밥 (쌀:국내산) 조랭이떡미역국  소고기불고기  김치전  콩나물무침  포기김치 (김치:국내산) ,쌀밥/잡곡밥 (쌀:국내산) 참치김치찌개  안동찜닭  잡채  가지무침  열무김치 (김치:국내산) ,1232.0,673.0,2402.0,0.5129059117402165,24.9875,28.4,23.3,,91.29166666666669,1.0,True
2017-08-22,화,2645.0,74.0,213.0,484.0,0.0,모닝롤/참치샌드  우유/주스 계란후라이 잣죽/쌀밥 (쌀:국내산) 감자국  버섯볶음  포기김치 (김치:국내산) ,쌀밥/잡곡밥 (쌀:국내산) 해물된장찌개  표고버섯탕수육  두부조림  간장깻잎지  배추겉절이 (김치:국내산) ,충무김밥 (쌀:국내산) 유부주머니국  오징어무침  파스타샐러드  핫도그/음료  석박지 (김치:국내산) ,1053.0,604.0,2358.0,0.44656488549618323,25.441666666666663,29.3,23.1,,90.75,1.0,True
2017-08-23,수,2645.0,72.0,215.0,0.0,0.0,모닝롤/카스텔라  우유/주스 스크램블에그 누룽지탕/쌀밥 (쌀:국내산) 연두부국  얼갈이나물  포기김치 (김치:국내산) ,곤드레밥*강된장 (쌀:국내산) 가쯔오장국  가자미양념찜  감자채볶음  검정콩조림  열무김치 (김치:국내산) ,쌀밥/잡곡밥 (쌀:국내산) 청국장찌개  돈육모듬장조림  동그랑땡전  부추생채  포기김치 (김치:국내산) ,953.0,537.0,2358.0,0.40415606446140795,26.245833333333337,29.8,23.2,,88.29166666666667,1.0,True
2017-08-24,목,2645.0,78.0,259.0,344.0,0.0,모닝롤/인절미샌드  우유/주스 계란후라이 새우살죽/쌀밥 (쌀:국내산) 어묵국  고구마줄기볶음  포기김치 (김치:국내산) ,쌀밥/잡곡밥 (쌀:국내산) 쇠고기샤브국  주꾸미굴소스볶음  볼어묵볶음  비름나물  포기김치 (김치:국내산) ,김치주먹밥 (쌀:국내산) 콩국수  타코야끼  콥샐러드  오렌지  열무김치 (김치:국내산) ,843.0,489.0,2308.0,0.3652512998266898,28.15,32.5,24.2,,77.70833333333333,1.0,True
2017-08-25,금,2645.0,164.0,310.0,55.0,0.0,모닝롤/고구마파이  우유/주스 계란후라이 흑임자죽/쌀밥 (쌀:국내산) 호박새우젓찌개  김자반  포기김치 (김치:국내산) ,쌀밥/잡곡밥 (쌀:국내산) 알탕  미트볼케찹조림  계란말이  마늘쫑무침  포기김치 (김치:국내산) ,쌀밥/잡곡밥 (쌀:국내산) 고추장찌개  생선까스*탈탈소스  닭살냉채  무나물  포기김치 (김치:국내산) ,594.0,354.0,2171.0,0.27360663288807,29.2875,31.9,27.0,,69.91666666666667,1.0,True
2017-08-28,월,2645.0,169.0,225.0,337.0,0.0,모닝롤/프렌치토스트  우유/주스 계란후라이 누룽지탕/쌀밥 (쌀:국내산) 근대국  명엽채무침  포기김치 (김치:국내산) ,쌀밥/잡곡밥 (쌀:국내산) 콩나물국  돈육간장불고기  매운어묵볶음  쑥갓두부무침  포기김치 (김치:국내산) ,쌀밥/잡곡밥 (쌀:국내산) 닭곰탕  고등어김치말이  옥수수전  김구이  열무김치 (김치:국내산) ,1191.0,514.0,2251.0,0.5290981785872946,22.65833333333333,30.5,15.0,,61.66666666666666,,True
2017-08-29,화,2645.0,121.0,260.0,294.0,0.0,모닝롤/햄치즈샌드  우유/주스 계란후라이 해물죽/쌀밥 (쌀:국내산) 매운버섯국  취나물  포기김치 (김치:국내산) ,쌀밥/잡곡밥 (쌀:국내산) 배추된장국  닭갈비  동태전  치커리사과생채  포기김치 (김치:국내산) ,유부초밥 (쌀:국내산) 냉모밀국수  깐풍육  꽃맛살샐러드  오복지  포기김치 (김치:국내산) ,877.0,609.0,2264.0,0.3873674911660777,24.3625,29.9,18.3,,71.83333333333333,,True
2017-08-30,수,2645.0,116.0,270.0,0.0,0.0,모닝롤/브라우니  우유/주스 스크램블에그 누룽지탕/쌀밥 (쌀:국내산) 오징어국  도라지볶음  포기김치 (김치:국내산) ,산채비빔밥 (쌀:국내산) 미소장국  언양식불고기  과일샐러드  아삭고추무침  포기김치 (김치:국내산) ,쌀밥/잡곡밥 (쌀:국내산) 부대찌개  해물청경채볶음  메밀전  청포묵무침  포기김치 (김치:국내산) ,898.0,395.0,2259.0,0.3975210270030987,27.1,31.5,21.4,,59.25,,True
2017-08-31,목,2645.0,110.0,281.0,189.0,0.0,모닝롤/바나나샌드  우유/주스 계란후라이 홍게살죽/쌀밥 (쌀:국내산) 무채국  미역줄기볶음  포기김치 (김치:국내산) ,쌀밥/잡곡밥 (쌀:국내산) 육개장  굴비구이  탕수만두  오이무침  알타리김치 (김치:국내산) ,쌀밥/잡곡밥 (쌀:국내산) 옛날돈까스  브로컬리크림스프  키위드레싱샐러드  고구마범벅/무피클 음료 포기김치 (김치:국내산) ,852.0,487.0,2254.0,0.3779946761313221,22.58750000000001,27.2,20.2,,45.5,,True
2017-09-01,금,2642.0,177.0,303.0,45.0,0.0,모닝롤/단팥빵  우유/주스 계란후라이 단호박죽/쌀밥 (쌀:국내산) 대구찌개  깻순나물  포기김치 (김치:국내산) ,쌀밥/잡곡밥 (쌀:국내산) 시래기국  훈제오리구이  두부구이*양념장  쌈무/양파절임  열무김치 (김치:국내산) ,    *        ,663.0,0.0,2162.0,0.3066604995374653,21.816666666666663,28.8,14.5,,59.0,,True
2017-09-04,월,2642.0,113.0,243.0,416.0,0.0,모닝롤/찐빵  우유/주스 계란후라이 누룽지탕/쌀밥 (쌀:국내산) 아욱국  진미채무침  포기김치 (김치:국내산) ,쌀밥/잡곡밥 (쌀:국내산) 북어국  버섯불고기  야채계란찜  실곤약초무침  포기김치 (김치:국내산) ,쌀밥/잡곡밥 (쌀:국내산) 콩나물김치국  가자미튀김  모듬소세지구이  가지나물  열무김치 (김치:국내산) ,1168.0,581.0,2286.0,0.510936132983377,21.308333333333334,27.6,13.7,,61.29166666666666,,True
2017-09-05,화,2642.0,74.0,265.0,390.0,0.0,모닝롤/에그샌드  우유/주스 계란후라이 표고버섯죽/쌀밥 (쌀:국내산) 민물새우찌개  꽈리고추찜  포기김치 (김치:국내산) ,쌀밥/잡곡밥 (쌀:국내산) 연두부탕  등갈비김치찜  도토리묵무침  땅콩조림  열무김치 (김치:국내산) ,닭갈비볶음밥 (쌀:국내산) 가쯔오장국  크림카레우동  감자만두/샐러드 *흑임자드레싱 비트무생채  포기김치 (김치:국내산) ,924.0,518.0,2303.0,0.4012158054711246,21.762500000000003,26.6,18.3,,68.75,,True
2017-09-06,수,2642.0,69.0,275.0,0.0,0.0,모닝롤/크로와상  우유/주스 계란후라이 누룽지탕/쌀밥 (쌀:국내산) 어묵국  참나물무침  포기김치 (김치:국내산) ,쌀밥/잡곡밥 (쌀:국내산) 꽃게탕  마늘치킨  양배추쌈*쌈장  고구마줄기볶음  포기김치 (김치:국내산) ,쌀밥/잡곡밥 (쌀:국내산) 해물된장찌개  돈육굴소스볶음  홍어채무침  양념깻잎지  포기김치 (김치:국내산) ,922.0,503.0,2298.0,0.4012184508268059,21.433333333333337,23.8,19.0,,75.66666666666667,1.0,True
2017-09-07,목,2642.0,78.0,279.0,358.0,0.0,모닝롤/야채샌드  우유/주스 스크램블에그 팥죽/쌀밥 (쌀:국내산) 얼갈이된장국  콩나물무침  포기김치 (김치:국내산) ,쌀밥/잡곡밥 (쌀:국내산) 쇠고기미역국  오징어볶음*소면  고기전  호박나물  포기김치 (김치:국내산) ,볶음밥/짜장소스 (쌀:국내산) 맑은국  고추잡채*꽃빵  컬리플라워샐러드 *망고드레싱 단무지  포기김치 (김치:국내산) ,926.0,455.0,2285.0,0.40525164113785556,21.025,23.7,18.1,,86.91666666666667,1.0,True
2017-09-08,금,2642.0,155.0,305.0,66.0,0.0,모닝롤/마늘빵  우유/주스 계란후라이 닭죽/쌀밥 (쌀:국내산) 감자국  브로컬리들깨찜  포기김치 (김치:국내산) ,쌀밥/잡곡밥 (쌀:국내산) 열무된장국  동파육  셀프무쌈말이  통도라지구이  포기김치 (김치:국내산) ,쌀밥/잡곡밥 (쌀:국내산) 콩비지찌개  유린기  멸치아몬드볶음  청경채무침  알타리김치 (김치:국내산) ,662.0,494.0,2182.0,0.30339138405132904,20.53333333333333,25.7,18.0,,81.25,1.0,True
2017-09-11,월,2642.0,101.0,203.0,478.0,0.0,모닝롤/꿀호떡  우유/주스 계란후라이 누룽지탕/쌀밥 (쌀:국내산) 두부김치국  숙주나물  열무김치 (김치:국내산) ,쌀밥/잡곡밥 (쌀:국내산) 시래기된장국  유자청제육볶음  오꼬노미야끼계란말이  치커리무침  포기김치 (김치:국내산) ,쌀밥/잡곡밥 (쌀:국내산) 소고기무국  주꾸미굴소스볶음  쫄면무침  검정콩조림  열무김치 (김치:국내산) ,1350.0,510.0,2338.0,0.5774165953806673,22.3,29.1,17.0,,69.66666666666667,,True
2017-09-12,화,2642.0,72.0,242.0,430.0,0.0,모닝롤/토마토샌드  우유/주스 계란후라이 새우살죽/쌀밥 (쌀:국내산) 대구찌개  무나물  포기김치 (김치:국내산) ,쌀밥/잡곡밥 (쌀:국내산) 차돌박이찌개  해물누룽지탕  돈육잡채  마늘쫑무침  포기김치 (김치:국내산) ,김밥 (쌀:국내산) 잔치국수  야채튀김  떡볶이  단무지/음료  포기김치 (김치:국내산) ,993.0,540.0,2328.0,0.4265463917525773,21.091666666666665,23.2,19.7,,86.45833333333333,1.0,True
2017-09-13,수,2642.0,57.0,253.0,0.0,0.0,모닝롤/사과파이  우유/주스 계란후라이 누룽지탕/쌀밥 (쌀:국내산) 선지해장국  연근조림  포기김치 (김치:국내산) ,카레라이스 (쌀:국내산) 미소장국  떡갈비조림  모듬묵샐러드  요플레/오복지  포기김치 (김치:국내산) ,쌀밥/잡곡밥 (쌀:국내산) 미역국  돼지갈비찜  볼어묵곤약볶음  쑥갓두부무침  포기김치 (김치:국내산) ,945.0,476.0,2332.0,0.40523156089193824,22.99166666666667,29.4,17.8,,70.70833333333333,,True
2017-09-14,목,2642.0,68.0,291.0,317.0,0.0,모닝롤/옥수수샌드  우유/주스 스크램블에그 흑임자죽/쌀밥 (쌀:국내산) 오징어국  김구이  포기김치 (김치:국내산) ,쌀밥/잡곡밥 (쌀:국내산) 고사리육개장  닭찜  두부계란부침  부추생채  포기김치 (김치:국내산) ,빠에야 (쌀:국내산) 쌀국수  고구마오븐구이  하와이안샐러드  쨔샤이무침  포기김치 (김치:국내산) ,860.0,437.0,2283.0,0.37669732807709155,20.73333333333333,28.6,13.1,,62.75,,True
2017-09-15,금,2642.0,198.0,290.0,70.0,0.0,모닝롤/시금치팬케익  우유/주스 계란후라이 야채죽/쌀밥 (쌀:국내산) 재첩국  미역줄기볶음  포기김치 (김치:국내산) ,쌀밥/잡곡밥 (쌀:국내산) 참치김치찌개  단호박장조림  고등어구이  참나물무침  알타리김치 (김치:국내산) ,쌀밥/잡곡밥 (쌀:국내산) 된장찌개  돈육간장강정  황태양념구이  단배추나물  포기김치 (김치:국내산) ,602.0,454.0,2154.0,0.27948003714020425,20.22083333333333,27.5,12.9,,67.04166666666667,,True
2017-09-18,월,2642.0,93.0,220.0,501.0,0.0,모닝롤/브라우니  우유/주스 계란후라이 누룽지탕/쌀밥 (쌀:국내산) 무청된장국  김자반  포기김치 (김치:국내산) ,쌀밥/잡곡밥 (쌀:국내산) 해물순두부찌개  언양식불고기  감자채전  쫑상추무침  포기김치 (김치:국내산) ,쌀밥/잡곡밥 (쌀:국내산) 아욱국  후르츠탕수육  골뱅이무침&소면  깻순나물  포기김치 (김치:국내산) ,1214.0,552.0,2329.0,0.5212537569772434,22.475,25.9,18.4,,63.333333333333336,,True
2017-09-19,화,2642.0,49.0,246.0,432.0,0.0,모닝롤/참치샌드  우유/주스 계란후라이 잣죽/쌀밥 (쌀:국내산) 고추장찌개  콩조림  포기김치 (김치:국내산) ,쌀밥/잡곡밥 (쌀:국내산) 들깨버섯국  소고기낙지볶음  비엔나케찹조림  취나물  배추겉절이 (김치:국내산) ,충무김밥 (쌀:국내산) 나가사끼짬뽕  오징어초무침  꽃맛살샐러드  매실주스  석박지 (김치:국내산) ,958.0,567.0,2347.0,0.4081806561567959,20.97083333333333,28.0,15.9,,70.95833333333333,,True
2017-09-20,수,2642.0,62.0,279.0,0.0,0.0,모닝롤/메론롤케익  우유/주스 계란후라이 누룽지탕/쌀밥 (쌀:국내산) 쇠고기무국  시래기조림  포기김치 (김치:국내산) ,콩나물밥 (쌀:국내산) 가쯔오국  감자프리타타  메밀전병만두  아삭고추무침  포기김치 (김치:국내산) ,쌀밥/잡곡밥 (쌀:국내산) 김치국  해물청경채볶음  늙은호박전  실곤약초무침  알타리김치 (김치:국내산) ,890.0,411.0,2301.0,0.3867883528900478,21.058333333333334,27.4,14.1,,72.79166666666667,,True
2017-09-21,목,2642.0,70.0,280.0,334.0,0.0,모닝롤/단호박샌드  우유/주스 스크램블에그 소라살죽/쌀밥 (쌀:국내산) 북어해장국  파래무침  포기김치 (김치:국내산) ,쌀밥/잡곡밥 (쌀:국내산) 쇠고기샤브국  꽁치구이  김치제육볶음  온두부  열무김치 (김치:국내산) ,치킨마요덮밥 (쌀:국내산) 꼬지어묵탕  수제칠리핫도그  키위드레싱샐러드  단무지무침  포기김치 (김치:국내산) ,820.0,546.0,2292.0,0.35776614310645727,21.429166666666664,25.5,14.3,,63.375,,True
2017-09-22,금,2642.0,174.0,291.0,67.0,0.0,모닝롤/고구마파이  우유/주스 계란후라이 소고기죽/쌀밥 (쌀:국내산) 콩나물국  오이무침  포기김치 (김치:국내산) ,쌀밥/잡곡밥 (쌀:국내산) 콩가루배추국  순살양념치킨  콩나물겨자채  모듬묵*양념장  포기김치 (김치:국내산) ,쌀밥/잡곡밥 (쌀:국내산) 설렁탕  김치전  오징어젓무침  야채스틱/과일  깍두기 (김치:국내산) ,735.0,490.0,2177.0,0.33762057877813506,18.04583333333333,26.0,11.1,,70.04166666666667,,True
2017-09-25,월,2642.0,97.0,258.0,385.0,0.0,모닝롤/프렌치토스트  우유/주스 계란후라이 누룽지탕/쌀밥 (쌀:국내산) 어묵국  느타리호박볶음  포기김치 (김치:국내산) ,쌀밥/잡곡밥 (쌀:국내산) 근대국  짬뽕불고기  실곤약흑임자무침  도라지오이생채  포기김치 (김치:국내산) ,쌀밥/잡곡밥 (쌀:국내산) 부대찌개*라면사리  갈치구이  감자채볶음  가지나물  깍두기 (김치:국내산) ,1099.0,592.0,2287.0,0.4805421950153039,20.15833333333333,28.8,13.2,,70.66666666666667,,True
2017-09-26,화,2642.0,81.0,261.0,342.0,0.0,모닝롤/식빵피자  우유/주스 계란후라이 견과류죽/쌀밥 (쌀:국내산) 매운버섯국  꽈리고추찜  포기김치 (김치:국내산) ,쌀밥/잡곡밥 (쌀:국내산) 시래기들깨탕  닭갈비  해물파전  숙주나물  포기김치 (김치:국내산) ,참치주먹밥 (쌀:국내산) 김치우동  오징어튀김  고구마범벅  양배추피클  알타리김치 (김치:국내산) ,902.0,573.0,2300.0,0.39217391304347826,21.52916666666667,28.9,15.6,,73.04166666666667,,True
2017-09-27,수,2642.0,70.0,265.0,0.0,0.0,모닝롤/단팥빵  우유/주스 계란후라이 크림누룽지탕/쌀밥 (쌀:국내산) 아욱국  명엽채무침  포기김치 (김치:국내산) ,쌀밥/잡곡밥 (쌀:국내산) 콩나물국  삼겹살구이  어묵볶음  상추파무침  포기김치 (김치:국내산) ,쌀밥/잡곡밥 (쌀:국내산) 된장찌개  미니함박조림  계란말이  비름나물  포기김치 (김치:국내산) ,1023.0,0.0,2307.0,0.4434330299089727,22.079166666666666,28.1,17.5,,66.5,,True
2017-09-28,목,2642.0,102.0,263.0,202.0,0.0,모닝롤/바나나샌드  우유/주스 스크램블에그 양송이죽/쌀밥 (쌀:국내산) 올챙이만두국  열무나물  포기김치 (김치:국내산) ,쌀밥/잡곡밥 (쌀:국내산) 차돌박이찌개  매운주꾸미볶음  두부새싹구이  브로컬리초장  포기김치 (김치:국내산) ,오므라이스 (쌀:국내산) 맑은장국  돈가스또띠아  마제소바  무비트생채/음료  포기김치 (김치:국내산) ,589.0,473.0,2277.0,0.25867369345630215,19.254166666666663,20.5,17.5,,81.125,1.0,True
2017-09-29,금,2642.0,214.0,248.0,22.0,0.0,모닝롤/치즈프레즐  우유/주스 계란후라이 홍게살죽/쌀밥 (쌀:국내산) 김치두부국  멸치크랜베리볶음  포기김치 (김치:국내산) ,쌀밥/잡곡밥 (쌀:국내산) 미역국  쇠불고기/잡채  오징어숙회무침  미니케익/식혜  배추겉절이 (김치:국내산) ,    *        ,760.0,0.0,2180.0,0.3486238532110092,20.791666666666664,26.4,13.7,,61.25,,True
2017-10-10,화,2645.0,105.0,209.0,641.0,0.0,모닝롤/팬케익  우유/주스 계란후라이 잣죽/쌀밥 (쌀:국내산) 북어국  김자반  포기김치 (김치:국내산) ,쌀밥/잡곡밥 (쌀:국내산) 아욱국  훈제오리구이  계란찜  쌈무/부추생채  포기김치 (김치:국내산) ,쌀밥/잡곡밥 (쌀:국내산) 동태찌개  돈육굴소스볶음  쫄면무침  시금치나물  포기김치 (김치:국내산) ,1265.0,746.0,2331.0,0.5426855426855427,20.808333333333334,27.4,15.3,,75.33333333333333,,True
2017-10-11,수,2645.0,60.0,250.0,0.0,0.0,모닝롤/씨크립샌드  우유/주스 계란후라이 누룽지탕/쌀밥 (쌀:국내산) 꽃게탕  두부조림  포기김치 (김치:국내산) ,쌀밥/잡곡밥 (쌀:국내산) 고추장찌개  레몬탕수육  궁중떡찜  유채나물  포기김치 (김치:국내산) ,후난식볶음밥 (쌀:국내산) 잔치국수  새우까스*탈탈소스  홍시드레싱샐러드  해초무침  배추겉절이 (김치:국내산) ,1109.0,613.0,2335.0,0.4749464668094218,21.604166666666668,28.7,17.0,,77.33333333333333,,True
2017-10-12,목,2645.0,46.0,269.0,1017.0,0.0,모닝롤/와플  우유/주스 스크램블에그 쇠고기죽/쌀밥 (쌀:국내산) 감자국  볼어묵볶음  포기김치 (김치:국내산) ,쌀밥/잡곡밥 (쌀:국내산) 해물된장찌개  닭찜  새송이버섯전  얼갈이생채  포기김치 (김치:국내산) ,쌀밥/잡곡밥 (쌀:국내산) 순두부찌개  소고기숙주볶음  비엔나감자구이  청경채무침  포기김치 (김치:국내산) ,989.0,626.0,2330.0,0.4244635193133047,21.279166666666665,24.9,18.5,,73.79166666666667,,True
2017-10-13,금,2645.0,63.0,268.0,86.0,0.0,모닝롤/찐빵  우유/주스 계란후라이 누룽지탕/쌀밥 (쌀:국내산) 호박젓국찌개  마늘쫑볶음  포기김치 (김치:국내산) ,쌀밥/잡곡밥 (쌀:국내산) 쇠고기무국  오징어볶음*소면  메추리알조림  치커리유자청무침  포기김치 (김치:국내산) ,쌀밥/잡곡밥 (쌀:국내산) 어묵국  등갈비김치찜  옥수수전  세발나물/과일  알타리김치 (김치:국내산) ,1015.0,628.0,2314.0,0.43863439930855663,14.795833333333334,17.9,12.6,,77.375,1.0,True
2017-10-16,월,2645.0,90.0,225.0,464.0,0.0,모닝롤/마늘빵  우유/주스 계란후라이 누룽지탕/쌀밥 (쌀:국내산) 시래기국  김구이  포기김치 (김치:국내산) ,쌀밥/잡곡밥 (쌀:국내산) 차돌박이찌개  제육볶음 (돼지고기:국내산) 모둠쌈  해파리겨자채  포기김치 (김치:국내산) ,쌀밥/잡곡밥 (쌀:국내산) 콩나물국  닭오븐구이  녹두전  청포묵무침  열무김치 (김치:국내산) ,1173.0,497.0,2330.0,0.5034334763948498,14.479166666666666,17.8,12.0,,75.875,1.0,True
2017-10-17,화,2645.0,56.0,258.0,453.0,0.0,모닝롤/인절미샌드  우유/주스 계란후라이 흑임자죽/쌀밥 (쌀:국내산) 무채국  동전쥐포무침  포기김치 (김치:국내산) ,쌀밥/잡곡밥 (쌀:국내산) 근대국  고등어조림  고추잡채*꽃빵  참나물생채  포기김치 (김치:국내산) ,목살필라프 (쌀:국내산) 단호박스프  로제스파게티  웨지감자/피클  키위드레싱샐러드  포기김치 (김치:국내산) ,848.0,555.0,2331.0,0.3637923637923638,15.929166666666667,18.5,12.2,,64.20833333333333,,True
2017-10-18,수,2645.0,45.0,270.0,0.0,0.0,모닝롤/고구마파이  우유/주스 계란후라이 누룽지탕/쌀밥 (쌀:국내산) 오징어국  단배추나물  포기김치 (김치:국내산) ,쌀밥/잡곡밥 (쌀:국내산) 민물새우찌개  수제돈가스 (돼지고기:국내산) 시금치프리타타  오이무침  포기김치 (김치:국내산) ,쌀밥/잡곡밥 (쌀:국내산) 얼갈이된장국  소고기모듬장조림  동그랑땡전  아삭고추무침  포기김치 (김치:국내산) ,814.0,490.0,2330.0,0.34935622317596565,15.033333333333331,20.9,10.6,,74.91666666666667,,True
2017-10-19,목,2645.0,67.0,282.0,341.0,0.0,모닝롤/베이컨샌드  우유/주스 스크램블에그 땅콩죽/쌀밥 (쌀:국내산) 선지해장국  연근조림  포기김치 (김치:국내산) ,쌀밥/잡곡밥 (쌀:국내산) 새알미역국  유린기  마파두부  가지나물  배추겉절이 (김치:국내산) ,산채비빔밥 (쌀:국내산) 유부장국  수제고로케  생과일플레인샐러드  오복지무침  포기김치 (김치:국내산) ,901.0,514.0,2296.0,0.39242160278745647,15.729166666666666,19.0,12.1,,63.625,,True
2017-10-20,금,2645.0,190.0,301.0,53.0,0.0,모닝롤/꿀호떡  우유/주스 계란후라이 닭죽/쌀밥 (쌀:국내산) 김치국  멸치볶음  알타리김치 (김치:국내산) ,쌀밥/잡곡밥 (쌀:국내산) 쇠고기매운버섯국  해물청경채볶음  메밀부추전  도라지초무침  포기김치 (김치:국내산) ,쌀밥/잡곡밥 (쌀:국내산) 된장찌개  코다리강정  소세지볶음  숙주나물  포기김치 (김치:국내산) ,533.0,416.0,2154.0,0.24744661095636025,16.48333333333333,20.9,11.7,,60.375,,True
2017-10-23,월,2645.0,116.0,250.0,435.0,0.0,모닝롤/프렌치토스트  우유/주스 계란후라이 누룽지탕/쌀밥 (쌀:국내산) 호박젓국찌개  명엽채무침  포기김치 (김치:국내산) ,쌀밥/잡곡밥 (쌀:국내산) 콩나물국  버섯불고기  홍어채무침  마늘쫑볶음  포기김치 (김치:국내산) ,쌀밥/잡곡밥 (쌀:국내산) 수제비국  닭강정  늙은호박전  양배추쌈*쌈장  포기김치 (김치:국내산) ,1115.0,538.0,2279.0,0.48924967090829313,17.729166666666668,22.1,14.6,,46.333333333333336,,True
2017-10-24,화,2645.0,65.0,258.0,400.0,0.0,모닝롤/참치샌드  우유/주스 계란후라이 양송이죽/쌀밥 (쌀:국내산) 재첩국  검정콩조림  포기김치 (김치:국내산) ,쌀밥/잡곡밥 (쌀:국내산) 배추된장국  쭈꾸미볶음  두부계란부침  미역줄기볶음  포기김치 (김치:국내산) ,볶음밥*자장소스 (쌀:국내산) 계란파국  떡볶이  고구마그라탕  단무지  포기김치 (김치:국내산) ,1037.0,439.0,2322.0,0.44659776055124895,15.083333333333334,19.2,12.3,,46.66666666666666,,True
2017-10-25,수,2645.0,75.0,289.0,0.0,0.0,모닝롤/베이글  우유/주스 계란후라이 누룽지탕/쌀밥 (쌀:국내산) 동태탕  시래기조림  포기김치 (김치:국내산) ,곤드레밥*강된장 (쌀:국내산) 가쯔오장국  갈치조림  쇠고기잡채  쑥갓두부무침  알타리김치 (김치:국내산) ,    *        ,786.0,0.0,2281.0,0.34458570802279703,11.904166666666669,16.9,7.9,,74.66666666666667,1.0,True
2017-10-26,목,2645.0,101.0,302.0,251.0,0.0,모닝롤/고구마샌드  우유/주스 스크램블에그 야채죽/쌀밥 (쌀:국내산) 아욱국  호박나물  포기김치 (김치:국내산) ,쌀밥/잡곡밥 (쌀:국내산) 육개장  치킨핑거  도토리묵무침  물파래무침  포기김치 (김치:국내산) ,멸치주먹밥 (쌀:국내산) 김치국수  소고기퀘사디아  꽃맛살샐러드  부추생채  깍두기 (김치:국내산) ,824.0,405.0,2242.0,0.36752899197145406,11.283333333333331,20.1,4.5,,73.54166666666667,,True
2017-10-27,금,2645.0,210.0,309.0,57.0,0.0,모닝롤/크로와상  우유/주스 계란후라이 단호박죽/쌀밥 (쌀:국내산) 피바지락국  콩나물무침  포기김치 (김치:국내산) ,쌀밥/잡곡밥 (쌀:국내산) 시금치국  돼지갈비찜  어묵볶음  무나물  배추겉절이 (김치:국내산) ,쌀밥/잡곡밥 (쌀:국내산) 콩비지찌개  가자미카레튀김  닭살겨자냉채  방풍나물  포기김치 (김치:국내산) ,567.0,327.0,2126.0,0.2666980244590781,11.629166666666668,20.2,5.4,,72.83333333333333,,True
2017-10-30,월,2645.0,124.0,250.0,374.0,0.0,모닝롤/시금치팬케익  우유/주스 계란후라이 누룽지탕/쌀밥 (쌀:국내산) 황태국  오이무침  포기김치 (김치:국내산) ,쌀밥/잡곡밥 (쌀:국내산) 들깨시래기국  닭갈비  연두부*양념장  취나물  포기김치 (김치:국내산) ,쌀밥/잡곡밥 (쌀:국내산) 돈육김치찌개  꽁치구이  고기전  청경채무침  알타리김치 (김치:국내산) ,1150.0,589.0,2271.0,0.5063848524878908,15.6375,21.8,8.9,,50.958333333333336,,True
2017-10-31,화,2645.0,63.0,290.0,238.0,0.0,모닝롤/에그샌드  우유/주스 계란후라이 홍게살죽/쌀밥 (쌀:국내산) 두부젓국찌개  고구마순나물  포기김치 (김치:국내산) ,쌀밥/잡곡밥 (쌀:국내산) 근대국  돈삼겹보쌈  옥수수전  콩나물파채/상추쌈  배추겉절이 (김치:국내산) ,오므라이스 (쌀:국내산) 가쯔오장국  해물까스*탈탈소스  꽃맛살볶음  무비트생채  포기김치 (김치:국내산) ,955.0,503.0,2292.0,0.4166666666666667,9.666666666666666,17.2,3.7,,36.958333333333336,,True
2017-11-01,수,2644.0,63.0,279.0,0.0,0.0,모닝롤/브라우니  우유/주스 계란후라이 누룽지탕/쌀밥 (쌀:국내산) 꽃게탕  감자채햄볶음  포기김치 (김치:국내산) ,카레덮밥 (쌀:국내산) 맑은국  개성감자만두  파스타샐러드  군고구마  포기김치 (김치:국내산) ,쌀밥/잡곡밥 (쌀:국내산) 순두부찌개  깐풍기  꽈리고추어묵볶음  해초무침  포기김치 (김치:국내산) ,815.0,424.0,2302.0,0.3540399652476108,7.625,17.8,-0.9,,58.79166666666666,,True
2017-11-02,목,2644.0,53.0,304.0,333.0,0.0,모닝롤/토마토샌드  우유/주스 스크램블에그 밤죽/쌀밥 (쌀:국내산) 감자국  진미채무침  포기김치 (김치:국내산) ,쌀밥/잡곡밥 (쌀:국내산) 사골떡국  오징어볶음  계란말이  치커리사과생채  포기김치 (김치:국내산) ,통새우김밥 (쌀:국내산) 우동  찹쌀순대볶음  딸기드레싱샐러드  양배추피클  포기김치 (김치:국내산) ,854.0,469.0,2287.0,0.3734149540883253,9.541666666666666,19.7,1.4,,63.0,,True
2017-11-03,금,2644.0,173.0,304.0,58.0,0.0,모닝롤/메론롤케익  우유/주스 계란후라이 팥죽/쌀밥 (쌀:국내산) 콩나물김치국  미역나물  포기김치 (김치:국내산) ,쌀밥/잡곡밥 (쌀:국내산) 된장찌개  누룽지탕수육  실곤약초무침  톳두부무침  포기김치 (김치:국내산) ,쌀밥/잡곡밥 (쌀:국내산) 닭개장  미트볼케찹조림  셀프무쌈말이  참나물땅콩무침  포기김치 (김치:국내산) ,644.0,406.0,2167.0,0.297185048454084,10.970833333333331,19.4,4.6,,73.04166666666667,,True
2017-11-06,월,2644.0,93.0,244.0,452.0,0.0,모닝롤/녹차호떡  우유/주스 계란후라이 누룽지탕/쌀밥 (쌀:국내산) 차돌박이찌개  김구이  포기김치 (김치:국내산) ,쌀밥/잡곡밥 (쌀:국내산) 콩가루배추국  짬뽕불고기  참치야채전  호박나물  포기김치 (김치:국내산) ,쌀밥/잡곡밥 (쌀:국내산) 어묵국  소고기장조림  비엔나케찹볶음  영양부추생채  포기김치 (김치:국내산) ,1167.0,451.0,2307.0,0.505851755526658,6.641666666666666,16.9,0.0,,66.95833333333333,,True
2017-11-07,화,2644.0,75.0,268.0,462.0,0.0,모닝롤/베이컨샌드  우유/주스 계란후라이 새송이죽/쌀밥 (쌀:국내산) 콩나물김치국  땅콩멸치볶음  포기김치 (김치:국내산) ,쌀밥/잡곡밥 (쌀:국내산) 오징어국  수제돈까스  삼치구이  봄동겉절이  포기김치 (김치:국내산) ,유부초밥 (쌀:국내산) 잔치국수  감자치즈오븐구이  해물떡볶이  마늘쫑장아찌  포기김치 (김치:국내산) ,943.0,522.0,2301.0,0.4098218166014776,7.891666666666667,18.3,-0.5,,70.91666666666667,,True
2017-11-08,수,2644.0,60.0,276.0,0.0,0.0,모닝롤/베이글  우유/주스 계란후라이 누룽지탕/쌀밥 (쌀:국내산) 선지해장국  우엉조림  포기김치 (김치:국내산) ,콩나물밥 (쌀:국내산) 미역장국  언양식불고기  도라지오이무침  과일샐러드  배추겉절이 (김치:국내산) ,쌀밥/잡곡밥 (쌀:국내산) 쇠고기샤브국  해물청경채볶음  쫄면무침  시래기지짐  포기김치 (김치:국내산) ,780.0,397.0,2308.0,0.3379549393414211,12.066666666666668,18.9,4.4,,75.625,,True
2017-11-09,목,2644.0,90.0,287.0,347.0,0.0,모닝롤/피자토스트  우유/주스 스크램블에그 닭죽/쌀밥 (쌀:국내산) 고추장찌개  문어꽈리초조림  포기김치 (김치:국내산) ,쌀밥/잡곡밥 (쌀:국내산) 해물된장찌개  매운닭찜  두부조림  시금치나물  포기김치 (김치:국내산) ,낙지덮밥 (쌀:국내산) 유부장국  동그랑땡전  양배추샐러드  조각사과  포기김치 (김치:국내산) ,797.0,414.0,2267.0,0.35156594618438464,15.633333333333333,22.4,11.4,,59.333333333333336,,True
2017-11-10,금,2644.0,184.0,292.0,56.0,0.0,모닝롤/사과파이  우유/주스 계란후라이 고구마죽/쌀밥 (쌀:국내산) 무채국  브로컬리초장  포기김치 (김치:국내산) ,쌀밥/잡곡밥 (쌀:국내산) 올갱이아욱국  등갈비김치찜  들깨버섯무침  숙주나물  깍두기 (김치:국내산) ,쌀밥/잡곡밥 (쌀:국내산) 소고기무국  임연수엿장조림  돈육잡채  가지나물  알타리김치 (김치:국내산) ,630.0,397.0,2168.0,0.29059040590405905,10.020833333333332,18.9,1.8,,58.5,,True
2017-11-13,월,2644.0,107.0,240.0,525.0,0.0,모닝롤/마늘빵  우유/주스 계란후라이 누룽지탕/쌀밥 (쌀:국내산) 민물새우찌개  김자반  포기김치 (김치:국내산) ,쌀밥/잡곡밥 (쌀:국내산) 시금치국  소고기불고기  해물파전  통도라지구이  포기김치 (김치:국내산) ,쌀밥/잡곡밥 (쌀:국내산) 연두부탕  훈제오리떡볶음  무쌈/부추생채  청포묵무침  포기김치 (김치:국내산) ,1017.0,547.0,2297.0,0.4427514148889856,5.508333333333333,15.0,-1.7,,58.41666666666666,,True
2017-11-14,화,2644.0,78.0,269.0,388.0,0.0,모닝롤/인절미샌드  우유/주스 계란후라이 야채죽/쌀밥 (쌀:국내산) 올챙이만두국  콩나물무침  포기김치 (김치:국내산) ,쌀밥/잡곡밥 (쌀:국내산) 새알미역국  돼지갈비찜  두부새싹구이  세발나물  알타리김치 (김치:국내산) ,볶음밥 (쌀:국내산) 계란국  짜장면  새우또띠아/음료  단무지무침  포기김치 (김치:국내산) ,924.0,515.0,2297.0,0.40226382237701347,7.633333333333334,16.0,-0.2,,67.66666666666667,,True
2017-11-15,수,2644.0,87.0,276.0,0.0,0.0,모닝롤/크로와상  우유/주스 계란후라이 누룽지탕/쌀밥 (쌀:국내산) 대구매운탕  아삭고추무침  포기김치 (김치:국내산) ,곤드레밥*간장양념 (쌀:국내산) 청양된장찌개  굴비구이  궁중떡볶이  무생채  포기김치 (김치:국내산) ,쌀밥/잡곡밥 (쌀:국내산) 뼈감자탕  해물까스*탈탈소스  풍기샐러드  해초무침  깍두기 (김치:국내산) ,895.0,363.0,2281.0,0.39237176676896096,10.291666666666666,17.6,4.1,,50.79166666666666,,True
2017-11-16,목,2644.0,129.0,283.0,347.0,0.0,모닝롤/에그샌드  우유/주스 스크램블에그 새우살죽/쌀밥 (쌀:국내산) 시래기국  어묵볶음  포기김치 (김치:국내산) ,쌀밥/잡곡밥 (쌀:국내산) 북어계란국  찜닭  메밀전병만두  가지무침  포기김치 (김치:국내산) ,"쌀밥/잡곡밥 (쌀,현미흑미:국내산) 수제비국  김치두루치기  옥수수계란찜  청경채생채  포기김치 (김치:국내산) ",736.0,437.0,2232.0,0.32974910394265233,6.370833333333333,13.5,0.0,,47.91666666666666,,True
2017-11-17,금,2644.0,213.0,311.0,58.0,0.0,모닝롤/프렌치토스트  우유/주스 계란후라이 크림누룽지탕/쌀밥 (쌀:국내산) 홍합탕  단배추나물  포기김치 (김치:국내산) ,쌀밥/잡곡밥 (쌀:국내산) 콩비지찌개  미니채소떡갈비  동태전  양념깻잎지  배추겉절이 (김치:국내산) ,쌀밥/잡곡밥 (쌀:국내산) 토란탕  주꾸미굴소스볶음  감자채볶음  상추겉절이  포기김치 (김치:국내산) ,640.0,332.0,2120.0,0.3018867924528302,3.6625,11.4,-2.4,,62.125,,True
2017-11-20,월,2644.0,107.0,237.0,517.0,0.0,모닝롤/핫케익  우유/주스 계란후라이 누룽지탕/쌀밥 (쌀:국내산) 호박젓국찌개  진미채무침  포기김치 (김치:국내산) ,쌀밥/잡곡밥 (쌀:국내산) 차돌박이찌개  오징어볶음  계란말이  치커리유자청무침  알타리김치 (김치:국내산) ,쌀밥/잡곡밥 (쌀:국내산) 알탕  동파삼겹수육  실곤약흑임자무침  방풍나물  포기김치 (김치:국내산) ,1115.0,569.0,2300.0,0.48478260869565215,3.208333333333333,8.4,-0.3,,30.70833333333333,,True
2017-11-21,화,2644.0,77.0,256.0,435.0,0.0,모닝롤/참치샌드  우유/주스 계란후라이 양송이죽/쌀밥 (쌀:국내산) 김치두부국  꽈리고추찜  포기김치 (김치:국내산) ,쌀밥/잡곡밥 (쌀:국내산) 어묵국  순살파닭  맛살겨자채  물파래무침  포기김치 (김치:국내산) ,닭갈비볶음밥 (쌀:국내산) 쌀국수  수제고로케  왕만두  오복지/귤  포기김치 (김치:국내산) ,954.0,486.0,2311.0,0.4128083080917352,4.7875000000000005,10.9,-0.4,,40.54166666666666,,True
2017-11-22,수,2644.0,64.0,277.0,0.0,0.0,모닝롤/단팥빵  우유/주스 계란후라이 누룽지탕/쌀밥 (쌀:국내산) 버섯매운탕  땅콩조림  포기김치 (김치:국내산) ,단호박영양밥 (쌀:국내산) 가쯔오장국  돈육칠리강정  모듬묵샐러드  숙주나물  깍두기 (김치:국내산) ,쌀밥/잡곡밥 (쌀:국내산) 배추된장국  쇠고기장조림  호박부추전  풋마늘초무침  포기김치 (김치:국내산) ,817.0,424.0,2303.0,0.35475466782457665,2.7374999999999994,11.1,-4.1,,66.0,,True
2017-11-23,목,2644.0,122.0,288.0,305.0,0.0,모닝롤/씨크립샌드  우유/주스 스크램블에그 쇠고기죽/쌀밥 (쌀:국내산) 콩나물국  김잔파무침  포기김치 (김치:국내산) ,쌀밥/잡곡밥 (쌀:국내산) 쇠고기무국  갈치구이  고추잡채*꽃빵  오이무침  포기김치 (김치:국내산) ,꼬마김밥*겨자장 (쌀:국내산) 김치우동  치킨핑거  시저샐러드  무피클  배추겉절이 (김치:국내산) ,758.0,433.0,2234.0,0.3393017009847807,5.916666666666667,13.2,-0.6,,64.79166666666667,,True
2017-11-24,금,2644.0,210.0,303.0,63.0,0.0,모닝롤/치즈프레즐  우유/주스 계란후라이 김치죽/쌀밥 (쌀:국내산) 북어국  멸치크랜베리볶음  포기김치 (김치:국내산) ,쌀밥/잡곡밥 (쌀:국내산) 꽃게탕  돈육굴소스볶음  새송이버섯전  물미역*초장  포기김치 (김치:국내산) ,쌀밥/잡곡밥 (쌀:국내산) 육개장  새우까스*탈탈소스  마파두부  유채나물  포기김치 (김치:국내산) ,563.0,378.0,2131.0,0.2641952135147818,3.9125,8.9,-0.7,,45.708333333333336,,True
2017-11-27,월,2644.0,132.0,262.0,402.0,0.0,모닝롤/와플  우유/주스 계란후라이 누룽지탕/쌀밥 (쌀:국내산) 감자국  브로컬리들깨찜  포기김치 (김치:국내산) ,쌀밥/잡곡밥 (쌀:국내산) 아욱국  버섯불고기  골뱅이무침*소면  무나물  포기김치 (김치:국내산) ,쌀밥/잡곡밥 (쌀:국내산) 쇠고기미역국  닭갈비  두부스테이크  청경채무침  포기김치 (김치:국내산) ,1065.0,483.0,2250.0,0.47333333333333333,7.070833333333333,16.2,0.3,,70.08333333333333,,True
2017-11-28,화,2644.0,112.0,265.0,347.0,0.0,모닝롤/햄야채샌드  우유/주스 계란후라이 표고버섯죽/쌀밥 (쌀:국내산) 맑은만두육개장  호박나물  포기김치 (김치:국내산) ,쌀밥/잡곡밥 (쌀:국내산) 연두부탕  사천식탕수육  견과류조림  참나물생채  포기김치 (김치:국내산) ,참치주먹밥 (쌀:국내산) 짬뽕  고구마그라탕  꽃빵튀김*연유  오복지  깍두기 (김치:국내산) ,929.0,517.0,2267.0,0.4097926775474195,5.304166666666667,13.7,-1.4,,72.625,,True
2017-11-29,수,2644.0,78.0,261.0,0.0,0.0,모닝롤/찐빵  우유/주스 계란후라이 단호박죽/쌀밥 (쌀:국내산) 차돌박이찌개  시금치나물  포기김치 (김치:국내산) ,나물비빔밥 (쌀:국내산) 미소장국  코다리조림  과일샐러드  군고구마  깍두기 (김치:국내산) ,    *        ,903.0,0.0,2305.0,0.39175704989154014,8.025,17.7,0.6,,78.16666666666667,,True
2017-11-30,목,2644.0,97.0,267.0,256.0,0.0,모닝롤/바나나샌드  우유/주스 스크램블에그 누룽지탕/쌀밥 (쌀:국내산) 고추장찌개  도라지나물  포기김치 (김치:국내산) ,쌀밥/잡곡밥 (쌀:국내산) 들깨시래기국  제육볶음  메추리알조림  콩나물무침  알타리김치 (김치:국내산) ,목살필라프 (쌀:국내산) 로제파스타/스프  홍시드레싱샐러드  마늘바게뜨  감자튀김/피클  포기김치 (김치:국내산) ,781.0,511.0,2280.0,0.3425438596491228,9.204166666666667,16.2,3.1,,59.375,,True
2017-12-01,금,2665.0,243.0,268.0,136.0,0.0,모닝롤/베이글  우유/주스 계란후라이 땅콩죽/쌀밥 (쌀:국내산) 피바지락국  미역줄기볶음  포기김치 (김치:국내산) ,쌀밥/잡곡밥 (쌀:국내산) 동태탕  찜닭  옥수수전  취나물  포기김치 (김치:국내산) ,쌀밥/잡곡밥 (쌀:국내산) 열무된장국  수제돈가스  탕평채  치커리사과무침  포기김치 (김치:국내산) ,660.0,381.0,2154.0,0.3064066852367688,6.454166666666667,10.3,1.8,,24.041666666666668,,True
2017-12-04,월,2665.0,117.0,206.0,868.0,0.0,모닝롤/마늘빵  우유/주스 계란후라이 누룽지탕/쌀밥 (쌀:국내산) 콩나물국  명엽채볶음  포기김치 (김치:국내산) ,쌀밥/잡곡밥 (쌀:국내산) 들깨무채국  돈육피망볶음 (돼지고기:국내산) 모둠쌈  해파리겨자채  포기김치 (김치:국내산) ,쌀밥/잡곡밥 (쌀:국내산) 김치찌개  유린기  느타리호박볶음  도토리묵무침  알타리김치 (김치:국내산) ,1142.0,625.0,2342.0,0.48761742100768574,2.141666666666666,11.7,-5.6,,67.95833333333333,,True
2017-12-05,화,2665.0,60.0,225.0,871.0,0.0,모닝롤/단호박샌드  우유/주스 계란후라이 흑임자죽/쌀밥 (쌀:국내산) 버섯매운탕  감자채햄볶음  포기김치 (김치:국내산) ,쌀밥/잡곡밥 (쌀:국내산) 소고기된장찌개  낙지볶음  계란찜  오이생채  배추겉절이 (김치:국내산) ,참치회덮밥 (쌀:국내산) 미소장국  또띠아피자  모둠과일  락교  포기김치 (김치:국내산) ,939.0,571.0,2380.0,0.3945378151260504,3.65,9.7,-2.3,,56.04166666666666,,True
2017-12-06,수,2665.0,78.0,254.0,0.0,0.0,모닝롤/프렌치토스트  우유/주스 계란후라이 누룽지탕/쌀밥 (쌀:국내산) 매생이굴국  숙주나물  포기김치 (김치:국내산) ,콩나물밥 (쌀:국내산) 유부주머니국  생선까스&탈탈소스  두부양념조림  단호박범벅  포기김치 (김치:국내산) ,쌀밥/잡곡밥 (쌀:국내산) 쇠고기샤브국  꽁치김치찜  잡채  참나물무침  깍두기 (김치:국내산) ,860.0,414.0,2333.0,0.36862408915559364,-1.0666666666666669,5.0,-5.8,,44.91666666666666,,True
2017-12-07,목,2665.0,98.0,270.0,608.0,0.0,모닝롤/베이컨샌드  우유/주스 스크램블에그 팥죽/쌀밥 (쌀:국내산) 홍합탕  아삭고추무침  포기김치 (김치:국내산) ,쌀밥/잡곡밥 (쌀:국내산) 봄동된장국  닭볶음탕  부추전  마늘쫑건새우볶음  포기김치 (김치:국내산) ,김밥 (쌀:국내산) 잔치국수  타코야끼  콥샐러드  요플레  포기김치 (김치:국내산) ,740.0,509.0,2297.0,0.3221593382673052,-0.4583333333333333,8.7,-7.8,,60.25,,True
2017-12-08,금,2665.0,169.0,304.0,141.0,0.0,모닝롤/애플파이  우유/주스 계란후라이 소라살죽/쌀밥 (쌀:국내산) 닭개장  연근조림  포기김치 (김치:국내산) ,쌀밥/잡곡밥 (쌀:국내산) 부대찌개  미트볼케찹조림  사각어묵볶음  김구이*달래간장  포기김치 (김치:국내산) ,쌀밥/잡곡밥 (쌀:국내산) 설렁탕  김치전  오징어젓무침  야채스틱/과일  석박지 (김치:국내산) ,682.0,407.0,2192.0,0.31113138686131386,1.6125,10.8,-5.3,,66.29166666666667,,True
2017-12-11,월,2665.0,93.0,219.0,748.0,0.0,모닝롤/꿀호떡  우유/주스 계란후라이 누룽지탕/쌀밥 (쌀:국내산) 북어국  김잔파무침  포기김치 (김치:국내산) ,쌀밥/잡곡밥 (쌀:국내산) 해물된장찌개  돈육굴소스볶음  홍어채무침  양념깻잎지  포기김치 (김치:국내산) ,쌀밥/잡곡밥 (쌀:국내산) 배추국  쇠고기장조림  갈치구이  도라지생채  포기김치 (김치:국내산) ,1165.0,536.0,2353.0,0.4951126221844454,3.583333333333333,9.9,-1.6,,70.79166666666667,1.0,True
2017-12-12,화,2665.0,73.0,237.0,604.0,0.0,모닝롤/옥수수샌드  우유/주스 계란후라이 닭죽/쌀밥 (쌀:국내산) 선지해장국  감자조림  포기김치 (김치:국내산) ,쌀밥/잡곡밥 (쌀:국내산) 차돌박이찌개  해물누룽지탕  계란말이  오이미역무침  깍두기 (김치:국내산) ,"김치볶음밥 (쌀:국내산) 어묵우동  미니햄버거  감자샐러드  수제피클/사과  포기김치 (무,고추가루:국내산) ",884.0,641.0,2355.0,0.3753715498938429,1.0625,4.3,-2.3,,39.875,,True
2017-12-13,수,2665.0,67.0,246.0,0.0,0.0,모닝롤/와플  우유/주스 계란후라이 누룽지탕/쌀밥 (쌀:국내산) 김치국  치커리유자청무침  포기김치 (김치:국내산) ,카레라이스 (쌀:국내산) 미소장국  떡갈비조림  모듬묵*양념장  요플레/오복지  포기김치 (김치:국내산) ,쌀밥/잡곡밥 (쌀:국내산) 새알미역국  닭갈비  늙은호박전  청경채생채  포기김치 (김치:국내산) ,978.0,430.0,2352.0,0.41581632653061223,-2.5,1.4,-5.4,,32.0,,True
2017-12-14,목,2665.0,105.0,266.0,309.0,0.0,모닝롤/식빵피자  우유/주스 스크램블에그 녹두죽/쌀밥 (쌀:국내산) 어묵국  꽈리고추찜  포기김치 (김치:국내산) ,쌀밥/잡곡밥 (쌀:국내산) 우거지해장국  명태코다리조림  비엔나케찹볶음  시금치나물  배추겉절이 (김치:국내산) ,멸치주먹밥 (쌀:국내산) 나가사끼짬뽕  소고기퀘사디아  꽃맛살샐러드  부추생채  포기김치 (김치:국내산) ,875.0,405.0,2294.0,0.3814298169136879,-3.1750000000000007,3.3,-9.2,,35.041666666666664,,True
2017-12-15,금,2665.0,208.0,288.0,48.0,0.0,모닝롤/고구마파이  우유/주스 계란후라이 땅콩죽/쌀밥 (쌀:국내산) 꽃게탕  두부쑥갓무침  포기김치 (김치:국내산) ,쌀밥/잡곡밥 (쌀:국내산) 들깨시래기국  표고버섯탕수육  두부오꼬노미야끼  마늘쫑무침  포기김치 (김치:국내산) ,쌀밥/잡곡밥 (쌀:국내산) 올갱이아욱국  등갈비김치찜  들깨버섯무침  숙주나물  알타리김치 (김치:국내산) ,618.0,426.0,2169.0,0.28492392807745504,-3.583333333333333,5.4,-11.6,,37.29166666666666,,True
2017-12-18,월,2665.0,140.0,230.0,156.0,0.0,모닝롤/팬케익  우유/주스 계란후라이 누룽지탕/쌀밥 (쌀:국내산) 호박젓국찌개  쥐포무침  포기김치 (김치:국내산) ,쌀밥/잡곡밥 (쌀:국내산) 오징어국  버섯불고기  실곤약초무침  상추쑥갓생채  포기김치 (김치:국내산) ,쌀밥/잡곡밥 (쌀:국내산) 돈육김치찌개  가자미카레튀김  우엉잡채  물파래무침  깍두기 (김치:국내산) ,1149.0,418.0,2295.0,0.5006535947712418,-1.9416666666666669,3.2,-6.4,,39.41666666666666,,True
2017-12-19,화,2665.0,109.0,269.0,146.0,0.0,모닝롤/토마토샌드  우유/주스 계란후라이 야채죽/쌀밥 (쌀:국내산) 대구매운탕  감자채볶음  포기김치 (김치:국내산) ,쌀밥/잡곡밥 (쌀:국내산) 달래된장국  주꾸미볶음  시금치프리타타  물미역*초장  포기김치 (김치:국내산) ,볶음밥*짜장소스 (쌀:국내산) 맑은국  닭오븐구이  멕시칸샐러드  단무지  포기김치 (김치:국내산) ,715.0,345.0,2287.0,0.31263664188893747,-0.25,7.3,-8.9,,57.66666666666666,,True
2017-12-20,수,2665.0,108.0,262.0,0.0,0.0,모닝롤/브라우니  우유/주스 계란후라이 누룽지탕/쌀밥 (쌀:국내산) 쇠고기무국  멸치볶음  포기김치 (김치:국내산) ,쌀밥/잡곡밥 (쌀:국내산) 민물새우찌개  동파육  새송이버섯전  파채콩나물무침  배추겉절이 (김치:국내산) ,쌀밥/잡곡밥 (쌀:국내산) 근대국  고추잡채*꽃빵  두부계란부침  오이무침  포기김치 (김치:국내산) ,814.0,396.0,2295.0,0.35468409586056643,0.5458333333333333,5.3,-5.5,,52.66666666666666,,True
2017-12-21,목,2665.0,127.0,262.0,102.0,0.0,모닝롤/에그샌드  우유/주스 스크램블에그 양송이죽/쌀밥 (쌀:국내산) 고추장찌개  김자반  포기김치 (김치:국내산) ,쌀밥/잡곡밥 (쌀:국내산) 순두부찌개  훈제오리구이  어묵볶음  쌈무/부추생채  포기김치 (김치:국내산) ,작은밥 (쌀:국내산) 바지락수제비  찹쌀순대볶음  모둠튀김  유채나물  포기김치 (김치:국내산) ,692.0,380.0,2276.0,0.30404217926186294,-2.3125,6.2,-9.2,,52.375,,True
2017-12-22,금,2665.0,239.0,270.0,34.0,0.0,모닝롤/미니케익  우유/주스 계란후라이 김치죽/쌀밥 (쌀:국내산) 시금치된장국  브로컬리무침  포기김치 (김치:국내산) ,쌀밥/잡곡밥 (쌀:국내산) 콩나물국  간장마늘치킨  오징어초무침  무나물  포기김치 (김치:국내산) ,쌀밥/잡곡밥 (쌀:국내산) 황태무채국  유자청제육볶음  해물김치전  시래기조림  알타리김치 (김치:국내산) ,565.0,482.0,2156.0,0.26205936920222633,-0.8625000000000002,9.1,-7.7,,60.083333333333336,,True
2017-12-26,화,2665.0,267.0,227.0,62.0,0.0,모닝롤/찐빵  우유/주스 계란후라이 잣죽/쌀밥 (쌀:국내산) 김치두부국  진미채무침  포기김치 (김치:국내산) ,쌀밥/잡곡밥 (쌀:국내산) 꽃게탕  언양식불고기  날치알계란찜  호박나물  포기김치 (김치:국내산) ,쌀밥/잡곡밥 (쌀:국내산) 청국장찌개  돈육계란장조림  꽃맛살볶음  도라지오이생채  포기김치 (김치:국내산) ,915.0,176.0,2171.0,0.4214647627821281,2.7208333333333337,6.6,-3.6,,36.458333333333336,,True
2017-12-27,수,2665.0,169.0,255.0,0.0,0.0,모닝롤/씨크립샌드  우유/주스 계란후라이 누룽지탕/쌀밥 (쌀:국내산) 북어콩나물국  새송이볶음  포기김치 (김치:국내산) ,쌀밥/잡곡밥 (쌀:국내산) 쇠고기미역국  오징어볶음  동그랑땡전  무쌈말이  포기김치 (김치:국내산) ,    *        ,571.0,0.0,2241.0,0.25479696564033916,0.1708333333333334,7.4,-5.6,,47.708333333333336,,True
2017-12-28,목,2665.0,240.0,260.0,55.0,0.0,모닝롤/치즈프레즐  우유/주스 스크램블에그 견과류죽/쌀밥 (쌀:국내산) 피바지락국  치커리사과무침  포기김치 (김치:국내산) ,쌀밥/잡곡밥 (쌀:국내산) 아욱된장국  돼지갈비찜  콩나물겨자채  참나물무침  포기김치 (김치:국내산) ,쌀밥/잡곡밥 (쌀:국내산) 옛날왕돈까스  크림스프  감자범벅/오이피클  과일샐러드  알타리김치 (김치:국내산) ,311.0,245.0,2165.0,0.14364896073903002,-1.2333333333333334,4.1,-7.6,,26.33333333333333,,True
2017-12-29,금,2665.0,489.0,242.0,5.0,0.0,모닝롤/크로와상  우유/주스 계란후라이 해물죽/쌀밥 (쌀:국내산) 냉이된장국  마늘쫑건새우볶음  포기김치 (김치:국내산) ,쌀밥/잡곡밥 (쌀:국내산) 어묵국  닭볶음탕  연근땅콩조림  파래김*양념  배추겉절이 (김치:국내산) ,쌀밥/잡곡밥 (쌀:국내산) 육개장  자반고등어구이  비엔나감자볶음  청경채무침  포기김치 (김치:국내산) ,394.0,209.0,1934.0,0.20372285418821096,-1.5833333333333333,5.2,-7.4,,52.208333333333336,,True
2018-01-02,화,2655.0,73.0,102.0,301.0,0.0,모닝롤/와플  우유/주스 계란후라이 흑임자죽/쌀밥 (쌀:국내산) 시래기국  명엽채무침  포기김치 (김치:국내산) ,쌀밥/잡곡밥 (쌀:국내산) 사골떡국  한방소갈비찜  김치전  오이무침/식혜  포기김치 (김치:국내산) ,쌀밥/잡곡밥 (쌀:국내산) 대구매운탕  유산슬  메추리알조림  얼갈이나물  포기김치 (김치:국내산) ,1148.0,432.0,2480.0,0.4629032258064516,0.8375,7.2,-5.0,,46.54166666666666,,True
2018-01-03,수,2655.0,60.0,207.0,0.0,0.0,모닝롤/에그샌드  우유/주스 계란후라이 누룽지탕/쌀밥 (쌀:국내산) 어묵국  치커리사과무침  포기김치 (김치:국내산) ,곤드레밥*간장양념 (쌀:국내산) 청량된장찌개  굴비구이  궁중떡볶이  무생채  포기김치 (김치:국내산) ,쌀밥/잡곡밥 (쌀:국내산) 홍합탕  사천식탕수육 (쇠고기:호주산) 두부양념조림  시금치나물  배추겉절이 (김치:국내산) ,883.0,441.0,2388.0,0.36976549413735343,0.5458333333333333,8.6,-7.2,,55.91666666666666,,True
2018-01-04,목,2655.0,67.0,226.0,326.0,0.0,모닝롤/마늘빵  우유/주스 스크램블에그 닭죽/쌀밥 (쌀:국내산) 선지해장국  브로컬리들깨찜  포기김치 (김치:국내산) ,쌀밥/잡곡밥 (쌀:국내산) 콩가루배추국  제육볶음  고구마그라탕  모둠쌈*쌈장  깍두기 (김치:국내산) ,날치알김치볶음밥 (쌀:국내산) 어묵우동  새우또띠아  시저샐러드  피크닉  포기김치 (김치:국내산) ,893.0,435.0,2362.0,0.378069432684166,1.8291666666666664,6.2,-2.8,,28.916666666666668,,True
2018-01-05,금,2655.0,152.0,246.0,58.0,0.0,모닝롤/토마토샌드  우유/주스 계란후라이 시금치죽/쌀밥 (쌀:국내산) 매생이굴국  가지두반장볶음  포기김치 (김치:국내산) ,쌀밥/잡곡밥 (쌀:국내산) 부대찌개  깐풍기  곤약어묵볶음  매운콩나물무침  깍두기 (김치:국내산) ,쌀밥/잡곡밥 (쌀:국내산) 연두부탕  순대오징어볶음  계란말이  검정콩조림/귤  알타리김치 (김치:국내산) ,762.0,509.0,2257.0,0.33761630482941957,1.2916666666666667,5.2,-2.0,,30.375,,True
2018-01-08,월,2655.0,100.0,194.0,377.0,0.0,모닝롤/찐빵  우유/주스 계란후라이 누룽지탕/쌀밥 (쌀:국내산) 민물새우찌개  김자반  포기김치 (김치:국내산) ,쌀밥/잡곡밥  황태국  소불고기  계란찜  청경채사과생채  포기김치 (김치:국내산) ,쌀밥/잡곡밥  냉이된장국  등갈비김치찜  오징어&브로컬리숙회  해초무침  포기김치 (김치:국내산) ,1178.0,554.0,2361.0,0.49894112664125373,-0.9041666666666668,4.9,-6.7,,60.375,,True
2018-01-09,화,2655.0,70.0,215.0,298.0,0.0,모닝롤/식빵피자  우유/주스 스크램블에그 견과류죽/쌀밥 (쌀:국내산) 감자국  멸치볶음  포기김치 (김치:국내산) ,쌀밥/잡곡밥 (쌀:국내산) 근대국  양파치킨  비엔나케찹볶음  유채나물  포기김치 (김치:국내산) ,목살필라프 (쌀:국내산) 옥수수스프  토마토스파게티  시리얼과일샐러드  수제피클  깍두기 (김치:국내산) ,816.0,349.0,2370.0,0.34430379746835443,2.8166666666666664,5.2,0.0,,86.66666666666667,1.0,True
2018-01-10,수,2655.0,58.0,210.0,0.0,0.0,모닝롤/바나나샌드  우유/주스 계란후라이 누룽지탕/쌀밥 (쌀:국내산) 유부김치국  두부쑥갓무침  포기김치 (김치:국내산) ,콩나물밥 (쌀:국내산) 맑은국  고추잡채*꽃빵  해물까스  참나물생채  포기김치 (김치:국내산) ,쌀밥/잡곡밥 (쌀:국내산) 쇠고기미역국  주꾸미굴소스볶음  모둠묵*양념장  오이도라지무침  포기김치 (김치:국내산) ,865.0,423.0,2387.0,0.362379555927943,2.0458333333333334,4.5,0.1,,42.833333333333336,,True
2018-01-11,목,2655.0,73.0,238.0,337.0,0.0,모닝롤/시금치핫케익  우유/주스 스크램블에그 녹두죽/쌀밥 (쌀:국내산) 닭개장  감자채볶음  포기김치 (김치:국내산) ,쌀밥/잡곡밥 (쌀:국내산) 봄동된장국  오징어돈육볶음  참치야채전  호박나물  배추겉절이 (김치:국내산) ,쌀밥/잡곡밥 (쌀:국내산) 뼈감자탕  삼치된장구이  두부카프레제  단배추나물  석박지 (김치:국내산) ,911.0,430.0,2344.0,0.3886518771331058,-1.3083333333333331,0.5,-4.6,,57.75,1.0,True
2018-01-12,금,2655.0,163.0,266.0,59.0,0.0,모닝롤/핫도그  우유/주스 계란후라이 야채죽/쌀밥 (쌀:국내산) 콩나물국  미역줄기볶음  포기김치 (김치:국내산) ,쌀밥/잡곡밥 (쌀:국내산) 차돌박이찌개  명태코다리강정  모둠버섯볶음  양념깻잎지  포기김치 (김치:국내산) ,쌀밥/잡곡밥 (쌀:국내산) 시래기국  훈제오리구이  무쌈/양파/부추생채  실곤약초무침  포기김치 (김치:국내산) ,679.0,398.0,2226.0,0.3050314465408805,-5.191666666666666,-0.1,-9.6,,45.875,,True
2018-01-15,월,2655.0,112.0,192.0,443.0,0.0,모닝롤/베이글  우유/주스 계란후라이 누룽지탕/쌀밥 (쌀:국내산) 감자고추장찌개  시금치나물  포기김치 (김치:국내산) ,쌀밥/잡곡밥 (쌀:국내산) 아욱국  유자청제육볶음  해물파전  숙주나물  포기김치 (김치:국내산) ,쌀밥/잡곡밥 (쌀:국내산) 매운버섯국  굴비구이  소시지오븐구이  올방개묵무침  포기김치 (김치:국내산) ,1256.0,480.0,2351.0,0.5342407486176095,-1.4416666666666669,8.1,-8.2,,72.08333333333333,,True
2018-01-16,화,2655.0,73.0,216.0,405.0,0.0,모닝롤/참치샌드  우유/주스 스크램블에그 홍게살죽/쌀밥 (쌀:국내산) 열무된장국  느타리호박볶음  포기김치 (김치:국내산) ,쌀밥/잡곡밥 (쌀:국내산) 꽃게탕  미니채소떡갈비  쫄면무침  참나물땅콩무침  포기김치 (김치:국내산) ,김치주먹밥 (쌀:국내산) 쌀국수  국물떡볶이  고구마튀김  과일  깍두기 (김치:국내산) ,1076.0,523.0,2366.0,0.4547759932375317,4.066666666666666,14.2,-2.6,,64.75,,True
2018-01-17,수,2655.0,70.0,223.0,0.0,0.0,모닝롤/단팥빵  우유/주스 계란후라이 누룽지탕/쌀밥 (쌀:국내산) 대구매운탕  아삭고추무침  포기김치 (김치:국내산) ,나물비빔밥 (쌀:국내산) 가쯔오장국  치킨핑거  마늘쫑볶음  요플레  포기김치 (김치:국내산) ,쌀밥/잡곡밥 (쌀:국내산) 콩나물국  삼겹살구이  어묵볶음  쫑상추무침  포기김치 (김치:국내산) ,969.0,466.0,2362.0,0.4102455546147333,2.4125,5.8,-2.1,,85.45833333333333,1.0,True
2018-01-18,목,2655.0,98.0,233.0,325.0,0.0,모닝롤/야채샌드  우유/주스 스크램블에그 브로컬리죽/쌀밥 (쌀:국내산) 호박젓국찌개  검정콩조림  포기김치 (김치:국내산) ,쌀밥/잡곡밥 (쌀:국내산) 된장찌개  쇠고기장조림  해파리냉채  통도라지구이  알타리김치 (김치:국내산) ,오므라이스 (쌀:국내산) 팽이장국  돈육강정  감자샐러드  호빵/오렌지주스  포기김치 (김치:국내산) ,830.0,472.0,2324.0,0.35714285714285715,4.9,9.3,1.3,,86.58333333333333,1.0,True
2018-01-19,금,2655.0,224.0,275.0,77.0,0.0,모닝롤/꿀호떡  우유/주스 계란후라이 팥죽/쌀밥 (쌀:국내산) 피바지락국  고구마순볶음  포기김치 (김치:국내산) ,쌀밥/잡곡밥 (쌀:국내산) 육개장  탕수어  버섯잡채  무생채  포기김치 (김치:국내산) ,쌀밥/잡곡밥 (쌀:국내산) 순두부찌개  닭갈비  메추리알곤약조림  가지나물  포기김치 (김치:국내산) ,654.0,419.0,2156.0,0.3033395176252319,2.9708333333333337,10.9,-1.1,,81.41666666666667,,True
2018-01-22,월,2655.0,103.0,211.0,371.0,0.0,모닝롤/후르츠팬케익  우유/주스 계란후라이 누룽지탕/쌀밥 (쌀:국내산) 쇠고기무국  두부양념조림  포기김치 (김치:국내산) ,쌀밥/잡곡밥 (쌀:국내산) 북어국  쇠고기숙주볶음  골뱅이무침  세발나물무침  포기김치 (김치:국내산) ,쌀밥/잡곡밥 (쌀:국내산) 돈육김치찌개  갈치구이  비엔나감자볶음  무쌈말이  알타리김치 (김치:국내산) ,1241.0,492.0,2341.0,0.5301153353267835,0.8666666666666667,8.9,-5.5,,62.0,,True
2018-01-23,화,2655.0,66.0,230.0,297.0,0.0,모닝롤/베이컨샌드  우유/주스 스크램블에그 양송이죽/쌀밥 (쌀:국내산) 조랭이미역국  꽈리고추찜  포기김치 (김치:국내산) ,쌀밥/잡곡밥 (쌀:국내산) 시금치된장국  오징어볶음  고기전  봄동겉절이  포기김치 (김치:국내산) ,김밥 (쌀:국내산) 유부장국  해물볶음우동  꽃맛살샐러드  바나나  포기김치 (김치:국내산) ,872.0,488.0,2359.0,0.36964815599830436,4.2625,8.9,0.0,,55.625,,True
2018-01-24,수,2655.0,51.0,224.0,0.0,0.0,모닝롤/사과파이  우유/주스 계란후라이 누룽지탕/쌀밥 (쌀:국내산) 홍합탕  시래기조림  포기김치 (김치:국내산) ,짜장덮밥 (쌀:국내산) 맑은국  과일탕수육  개성감자만두  단무지  배추겉절이 (김치:국내산) ,쌀밥/잡곡밥 (쌀:국내산) 근대국  안동찜닭  마파두부  청경채무침  깍두기 (김치:국내산) ,845.0,274.0,2380.0,0.3550420168067227,-2.1166666666666667,5.3,-6.9,,39.333333333333336,,True
2018-01-25,목,2655.0,57.0,225.0,261.0,0.0,모닝롤/햄치즈샌드  우유/주스 스크램블에그 땅콩죽/쌀밥 (쌀:국내산) 달래된장찌개  김잔파무침  포기김치 (김치:국내산) ,쌀밥/잡곡밥 (쌀:국내산) 김치콩나물국  돈육굴소스볶음  황태양념구이  모듬쌈  포기김치 (김치:국내산) ,야채볶음밥 (쌀:국내산) 짬뽕  수제고로케  시금치흑임자샐러드  군고구마  포기김치 (김치:국내산) ,754.0,513.0,2373.0,0.31774125579435314,-6.516666666666666,-1.9,-9.9,,31.375,,True
2018-01-26,금,2655.0,166.0,262.0,43.0,0.0,모닝롤/메론롤케익  우유/주스 계란후라이 해물죽/쌀밥 (쌀:국내산) 감자국  톳두부무침  포기김치 (김치:국내산) ,쌀밥/잡곡밥 (쌀:국내산) 연두부탕  순살파닭  늙은호박전  오이사과무침  포기김치 (김치:국내산) ,쌀밥/잡곡밥 (쌀:국내산) 쇠고기샤브국  미트볼케찹조림  계란찜  물파래무침  포기김치 (김치:국내산) ,722.0,418.0,2227.0,0.3242029636281994,-5.933333333333333,-1.1,-11.2,,23.166666666666668,,True
2018-01-29,월,2655.0,70.0,192.0,454.0,0.0,모닝롤/마늘빵  우유/주스 계란후라이 누룽지탕/쌀밥 (쌀:국내산)  꽃게탕  김구이  포기김치 (김치:국내산) ,쌀밥/잡곡밥 (쌀:국내산) 봄동된장국  가래떡돼지갈비찜  콩나물겨자채  참나물무침  포기김치 (김치:국내산) ,쌀밥/잡곡밥 (쌀:국내산) 청국장찌개  류산슬  생선커틀릿*탈탈소스  단배추나물  깍두기 (김치:국내산) ,1417.0,689.0,2393.0,0.5921437526117844,0.2083333333333332,5.6,-3.4,,37.0,,True
2018-01-30,화,2655.0,60.0,216.0,433.0,0.0,모닝롤/옥수수샌드  우유/주스 스크램블에그 크림누룽지탕/쌀밥 (쌀:국내산) 매생이떡국  카레감자볶음  포기김치 (김치:국내산) ,쌀밥/잡곡밥 (쌀:국내산) 어묵국  닭볶음  새송이버섯전  가지나물  포기김치 (김치:국내산) ,"유부초밥 (쌀:국내산) 새우튀김우동  시저샐러드  오꼬노미야끼  단무지무침  포기김치 (배추,고추가루:국내산) ",1054.0,689.0,2379.0,0.4430432955023119,-2.6375,2.3,-7.9,,32.958333333333336,,True
2018-01-31,수,2655.0,56.0,223.0,0.0,0.0,모닝롤/와플  우유/주스 계란후라이 누룽지탕/쌀밥 (쌀:국내산) 콩가루배추국  명엽채무침  포기김치 (김치:국내산) ,김치제육덮밥  미소장국  양장피잡채  계란찜  아삭고추무침/귤  알타리김치 (김치:국내산) ,    *        ,1138.0,0.0,2376.0,0.47895622895622897,-4.070833333333334,2.1,-10.8,,45.0,,True
2018-02-01,목,2707.0,73.0,254.0,401.0,0.0,모닝롤/바나나샌드  우유/주스 스크램블에그 흑임자죽/쌀밥 (쌀:국내산) 피바지락국  마늘쫑건새우무침  포기김치 (김치:국내산) ,쌀밥/잡곡밥 (쌀:국내산) 닭곰탕  매콤미니함박  삼치구이  부추생채  포기김치 (김치:국내산) ,후난식볶음밥 (쌀:국내산) 잔치국수  돈가스또띠아  견과류조림  음료  포기김치 (김치:국내산) ,1002.0,620.0,2380.0,0.42100840336134454,-2.058333333333333,4.8,-9.3,,53.958333333333336,,True
2018-02-02,금,2707.0,153.0,278.0,88.0,0.0,모닝롤/찐빵  우유/주스 계란후라이 호박죽/쌀밥 (쌀:국내산) 맑은만두육개장  곰피초장  포기김치 (김치:국내산) ,쌀밥/잡곡밥 (쌀:국내산) 차돌박이찌개  표고버섯탕수육  해물김치전  숙주나물  배추겉절이 (김치:국내산) ,쌀밥/잡곡밥 (쌀:국내산) 알탕  주꾸미굴소스볶음  모듬소세지구이  치커리생채  포기김치 (김치:국내산) ,760.0,503.0,2276.0,0.3339191564147627,-0.8916666666666666,7.4,-7.6,,50.708333333333336,,True
2018-02-05,월,2707.0,76.0,213.0,560.0,0.0,모닝롤/핫케익  우유/주스 계란후라이 누룽지탕/쌀밥 (쌀:국내산) 황태국  애호박나물  포기김치 (김치:국내산) ,쌀밥/잡곡밥 (쌀:국내산) 순두부찌개  돈육볶음  홍어채무침  시래기조림  포기김치 (김치:국내산) ,쌀밥/잡곡밥 (쌀:국내산) 참치김치찌개  꽁치오븐구이  비엔나컬리플라워볶음  청경채무침  깍두기 (김치:국내산) ,1372.0,673.0,2418.0,0.5674110835401158,-4.4750000000000005,-1.1,-7.3,,29.416666666666668,,True
2018-02-06,화,2707.0,50.0,235.0,491.0,0.0,모닝롤/에그샌드  우유/주스 스크램블에그 닭죽/쌀밥 (쌀:국내산) 선지해장국  김자반  포기김치 (김치:국내산) ,쌀밥/잡곡밥 (쌀:국내산) 해물된장찌개  쇠고기장조림  참치야채전  콩나물무침  알타리김치 (김치:국내산) ,낙지볶음덮밥 (쌀:국내산) 팽이장국  야채튀김  양배추샐러드  조각사과  포기김치 (김치:국내산) ,1085.0,601.0,2422.0,0.4479768786127168,-5.091666666666667,-0.9,-10.9,,34.541666666666664,,True
2018-02-07,수,2707.0,59.0,253.0,0.0,0.0,모닝롤/브라우니  우유/주스 계란후라이 누룽지탕/쌀밥 (쌀:국내산) 연두부국  브로컬리들깨찜  포기김치 (김치:국내산) ,콩나물밥 (쌀:국내산) 유부주머니국  언양식불고기  치즈계란말이  도라지오이무침  포기김치 (김치:국내산) ,쌀밥/잡곡밥 (쌀:국내산) 시금치된장국  매운닭찜  검정콩조림  미역무침  포기김치 (김치:국내산) ,1107.0,540.0,2395.0,0.4622129436325679,-5.025,-1.5,-9.0,,29.375,,True
2018-02-08,목,2707.0,71.0,273.0,378.0,0.0,모닝롤/고구마샌드  우유/주스 스크램블에그 양송이죽/쌀밥 (쌀:국내산) 쇠고기미역국  마늘쫑무침  포기김치 (김치:국내산) ,쌀밥/잡곡밥 (쌀:국내산) 열무된장국  동파삼겹수육  연두부*양념장  양념깻잎지  배추겉절이 (김치:국내산) ,쌀밥/잡곡밥 (쌀:국내산) 옛날왕돈까스  옥수수스프  감자범벅/오이피클  키위드레싱샐러드  포기김치 (김치:국내산) ,984.0,543.0,2363.0,0.41641980533220485,-6.116666666666667,2.9,-13.8,,43.29166666666666,,True
2018-02-09,금,2707.0,149.0,296.0,86.0,0.0,모닝롤/크로와상  우유/주스 계란후라이 김치죽/쌀밥 (쌀:국내산) 오징어국  꽈리고추찜  포기김치 (김치:국내산) ,쌀밥/잡곡밥 (쌀:국내산) 부대찌개  해물청경채볶음  메밀전  도토리묵무침  깍두기 (김치:국내산) ,쌀밥/잡곡밥 (쌀:국내산) 감자고추장찌개  유린기  느타리버섯볶음  고추장멸치볶음  포기김치 (김치:국내산) ,724.0,518.0,2262.0,0.32007073386383733,-4.2,5.9,-12.6,,43.458333333333336,,True
2018-02-12,월,2707.0,103.0,244.0,476.0,0.0,모닝롤/프렌치토스트  우유/주스 계란후라이 누룽지탕/쌀밥 (쌀:국내산) 봄동된장국  숙주나물  포기김치 (김치:국내산) ,쌀밥/잡곡밥 (쌀:국내산) 차돌박이찌개  닭갈비  실곤약초무침  양배추쌈*쌈장  포기김치 (김치:국내산) ,쌀밥/잡곡밥 (쌀:국내산) 육개장  가자미카레튀김  동그랑땡전  탕평채  포기김치 (김치:국내산) ,1251.0,541.0,2360.0,0.5300847457627119,-1.475,2.1,-4.4,,39.75,,True
2018-02-13,화,2707.0,106.0,235.0,371.0,0.0,모닝롤/씨크립샌드  우유/주스 스크램블에그 새우살죽/쌀밥 (쌀:국내산) 북어계란국  도라지나물  포기김치 (김치:국내산) ,쌀밥/잡곡밥 (쌀:국내산) 아욱된장국  사천식탕수육  모둠버섯볶음  쑥갓두부무침  포기김치 (김치:국내산) ,베이컨김치볶음밥 (쌀:국내산) 단호박스프  로제파스타  감자튀김/무피클  마늘바게트/샐러드  알타리김치 (김치:국내산) ,955.0,552.0,2366.0,0.4036348267117498,-1.775,2.1,-5.9,,46.0,,True
2018-02-14,수,2707.0,418.0,159.0,0.0,0.0,모닝롤/고구마파이  우유/주스 계란후라이 땅콩죽/쌀밥 (쌀:국내산) 콩나물국  어묵볶음  포기김치 (김치:국내산) ,쌀밥/잡곡밥 (쌀:국내산) 떡국  버섯불고기  오징어숙회무침  취나물  배추겉절이 (김치:국내산) ,쌀밥/잡곡밥 (쌀:국내산) 쇠고기무국  고추잡채*꽃빵  계란찜  오이무침  포기김치 (김치:국내산) ,850.0,0.0,2130.0,0.39906103286384975,-0.1,6.6,-6.7,,43.208333333333336,,True
2018-02-19,월,2707.0,255.0,171.0,604.0,0.0,모카카스테라/베이글  우유/주스 계란후라이 누룽지탕/쌀밥 (쌀:국내산) 시래기된장국  진미채무침  포기김치 (김치:국내산) ,쌀밥/잡곡밥 (쌀:국내산) 들깨미역국  훈제오리구이  두부양념조림  쌈무/부추생채  포기김치 (김치:국내산) ,쌀밥/잡곡밥 (쌀:국내산) 콩비지찌개  명태조림  계란말이  파래김*양념장  깍두기 (김치:국내산) ,1298.0,657.0,2281.0,0.5690486628671635,2.8083333333333336,10.4,-4.0,,25.0,,True
2018-02-20,화,2707.0,82.0,231.0,521.0,0.0,모닝롤/토마토샌드  우유/주스 스크램블에그 잣죽/쌀밥 (쌀:국내산) 민물새우찌개  단배추나물  포기김치 (김치:국내산) ,쌀밥/잡곡밥 (쌀:국내산) 배추된장국  짬뽕불고기  늙은호박전  청경채사과무침  알타리김치 (김치:국내산) ,해물굴소스볶음밥 (쌀:국내산) 가쯔오장국  닭오븐구이  딸기드레싱샐러드  해초무침  포기김치 (김치:국내산) ,1105.0,609.0,2394.0,0.4615705931495405,,,,,37.625,,False
2018-02-21,수,2707.0,74.0,243.0,0.0,0.0,모닝롤/와플  우유/주스 계란후라이 누룽지탕/쌀밥 (쌀:국내산) 꽃게탕  감자채볶음  포기김치 (김치:국내산) ,카레덮밥 (쌀:국내산) 맑은국  고구마치즈구이  파스타샐러드  오이무침  포기김치 (김치:국내산) ,쌀밥/잡곡밥 (쌀:국내산) 우거지해장국  고등어자반찜  궁중떡볶음  무쌈말이  포기김치 (김치:국내산) ,1087.0,522.0,2390.0,0.45481171548117155,,,,,41.79166666666666,,False
2018-02-22,목,2707.0,82.0,277.0,400.0,0.0,모닝롤/식빵피자  우유/주스 스크램블에그 녹두죽/쌀밥 (쌀:국내산) 느타리버섯국  우엉조림  포기김치 (김치:국내산) ,쌀밥/잡곡밥 (쌀:국내산) 콩나물국  마늘치킨  모둠묵*양념장  미역줄기볶음  포기김치 (김치:국내산) ,볶음밥(김밥재료) (쌀:국내산) 김치우동  오징어튀김  또띠아견과칩  바나나/오복지  포기김치 (김치:국내산) ,988.0,578.0,2348.0,0.42078364565587734,3.5291666666666663,6.6,-2.8,,20.375,,True
2018-02-23,금,2707.0,161.0,304.0,69.0,0.0,모닝롤/팥호빵  우유/주스 계란후라이 야채죽/쌀밥 (쌀:국내산) 호박젓국찌개  가지나물  포기김치 (김치:국내산) ,쌀밥/잡곡밥 (쌀:국내산) 시금치된장국  등갈비김치찜  맛살냉채  쫑상추무침  깍두기 (김치:국내산) ,쌀밥/잡곡밥 (쌀:국내산) 대구매운탕  돈육장조림  부추호박전  무생채  포기김치 (김치:국내산) ,651.0,522.0,2242.0,0.2903657448706512,0.3625,8.5,-7.6,,37.0,,True
2018-02-26,월,2707.0,105.0,231.0,491.0,0.0,모닝롤/사과파이  우유/주스 계란후라이 누룽지탕/쌀밥 (쌀:국내산) 쑥국  애호박나물  포기김치 (김치:국내산) ,쌀밥/잡곡밥 (쌀:국내산) 황태국  소고기숙주볶음  새송이버섯전  치커리무침  포기김치 (김치:국내산) ,쌀밥/잡곡밥 (쌀:국내산) 쇠고기미역국  닭매운찜  두부스테이크  아삭고추무침  알타리김치 (김치:국내산) ,1192.0,585.0,2371.0,0.5027414592998735,6.320833333333333,12.7,1.0,,61.54166666666666,,True
2018-02-27,화,2707.0,81.0,263.0,332.0,0.0,모닝롤/바나나샌드  우유/주스 스크램블에그 땅콩죽/쌀밥 (쌀:국내산) 올챙이만두국  브로컬리들깨찜  포기김치 (김치:국내산) ,쌀밥/잡곡밥 (쌀:국내산) 아욱된장국  돼지갈비찜  마늘쫑볶음  곰피초장  포기김치 (김치:국내산) ,짜장잡채덮밥 (쌀:국내산) 계란국  연근/고구마튀김  씨리얼과일샐러드  쨔샤이무침/음료  포기김치 (김치:국내산) ,934.0,438.0,2363.0,0.3952602623783326,,,,,51.91666666666666,,False
2018-02-28,수,2707.0,134.0,278.0,0.0,0.0,모닝롤/메론롤케익  우유/주스 계란후라이 누룽지탕/쌀밥 (쌀:국내산) 바지락국  시금치나물  포기김치 (김치:국내산) ,곤드레밥*강된장 (쌀:국내산) 어묵국  치킨핑거*요거트소스  도토리묵무침  콩조림  배추겉절이 (김치:국내산) ,    *        ,786.0,0.0,2295.0,0.34248366013071896,5.366666666666667,15.0,-3.0,,61.79166666666666,,True
2018-03-02,금,2714.0,840.0,206.0,57.0,0.0,모닝롤/옥수수샌드  우유/주스 계란후라이 팥죽/쌀밥 (쌀:국내산) 감자국  명엽채무침  포기김치 (김치:국내산) ,쌀밥/오곡밥 (쌀:국내산) 차돌박이된장찌개  조기구이  오징어숙회무침  보름나물/구이김  부럼/포기김치 (김치:국내산) ,쌀밥/잡곡밥 (쌀:국내산) 콩나물김치국  돈육굴소스볶음  들깨버섯무침  오이도라지생채  깍두기 (김치:국내산) ,508.0,349.0,1668.0,0.30455635491606714,6.141666666666667,10.5,1.3,,42.5,1.0,True
2018-03-05,월,2714.0,92.0,211.0,593.0,0.0,모닝롤/마늘빵  우유/주스 계란후라이 누룽지탕/쌀밥 (쌀:국내산) 시래기국  오이무침  포기김치 (김치:국내산) ,쌀밥/잡곡밥 (쌀:국내산) 해물순두부찌개  소고기장조림  해파리냉채  청경채생채  알타리김치 (김치:국내산) ,쌀밥/잡곡밥 (쌀:국내산) 콩나물국  돈육고추장볶음  단호박달걀찜  모듬쌈  포기김치 (김치:국내산) ,1355.0,687.0,2411.0,0.5620074657818332,9.016666666666666,13.2,4.3,,85.125,1.0,True
2018-03-06,화,2714.0,54.0,242.0,547.0,0.0,모닝롤/에그샌드  우유/주스 스크램블에그 닭죽/쌀밥 (쌀:국내산) 선지해장국  쑥갓두부무침  포기김치 (김치:국내산) ,쌀밥/잡곡밥 (쌀:국내산) 근대된장국  닭강정  해물파전  단배추나물/치킨무  포기김치 (김치:국내산) ,김밥 (쌀:국내산) 잔치국수  해물떡볶이  김말이튀김  매실주스  포기김치 (김치:국내산) ,1020.0,671.0,2418.0,0.4218362282878412,7.554166666666667,11.2,4.7,,83.83333333333333,1.0,True
2018-03-07,수,2714.0,41.0,238.0,0.0,0.0,모닝롤/초코핫케익  우유/주스 계란후라이 누룽지탕/쌀밥 (쌀:국내산) 고추장찌개  크렌베리멸치볶음  포기김치 (김치:국내산) ,콩나물밥 (쌀:국내산) 가쯔오국  삼치구이  떡잡채  얼갈이나물  깍두기 (김치:국내산) ,쌀밥/잡곡밥 (쌀:국내산) 된장찌개  삼겹살구이  쫄면무침  봄동겉절이  포기김치 (김치:국내산) ,1057.0,600.0,2435.0,0.43408624229979464,6.0375000000000005,12.7,-0.2,,58.04166666666666,,True
2018-03-08,목,2714.0,38.0,268.0,406.0,0.0,모닝롤/고구마샌드  우유/주스 스크램블에그 단호박죽/쌀밥 (쌀:국내산) 무채국  콩나물무침  포기김치 (김치:국내산) ,쌀밥/잡곡밥 (쌀:국내산) 홍합탕  오리불고기  탕평채  간장깻잎지  포기김치 (김치:국내산) ,산채비빔밥 (쌀:국내산) 유부장국  수제고로케  꽃맛살샐러드  오복지무침  포기김치 (김치:국내산) ,973.0,553.0,2408.0,0.40406976744186046,4.616666666666667,8.0,0.9,,68.75,1.0,True
2018-03-09,금,2714.0,123.0,294.0,77.0,0.0,모닝롤/크로와상  우유/주스 계란후라이 해물죽/쌀밥 (쌀:국내산) 오징어국  김자반  포기김치 (김치:국내산) ,쌀밥/잡곡밥 (쌀:국내산) 쇠고기샤브국  주꾸미볶음  두부새싹구이  참나물무침  포기김치 (김치:국내산) ,쌀밥/잡곡밥 (쌀:국내산) 설렁탕  김치전  오징어젓무침  야채스틱/방울토마토  깍두기 (김치:국내산) ,716.0,580.0,2297.0,0.31171092729647365,4.6625000000000005,7.9,2.5,,78.375,1.0,True
2018-03-12,월,2714.0,69.0,217.0,591.0,0.0,모닝롤/찐빵  우유/주스 계란후라이 누룽지탕/쌀밥 (쌀:국내산) 호박젓국찌개  브로컬리초장  포기김치 (김치:국내산) ,쌀밥/잡곡밥 (쌀:국내산) 배추된장국  버섯불고기  시금치프리타타  부추생채  포기김치 (김치:국내산) ,쌀밥/잡곡밥 (쌀:국내산) 닭개장  갈치구이  비엔나볶음  치커리사과무침  포기김치 (김치:국내산) ,1361.0,663.0,2428.0,0.5605436573311368,,,,,60.958333333333336,,False
2018-03-13,화,2714.0,39.0,249.0,556.0,0.0,모닝롤/베이글  우유/주스 스크램블에그 야채죽/쌀밥 (쌀:국내산) 황태국  느타리호박볶음  포기김치 (김치:국내산) ,쌀밥/잡곡밥 (쌀:국내산) 쇠고기무국  미트볼케찹조림  우엉잡채  가지나물  포기김치 (김치:국내산) ,김치볶음밥 (쌀:국내산) 어묵우동  쇠고기퀘사디아  감자만두  단무지무침  깍두기 (김치:국내산) ,997.0,639.0,2426.0,0.41096455070074195,7.2,16.2,-1.7,,66.20833333333333,,True
2018-03-14,수,2714.0,56.0,245.0,0.0,0.0,모닝롤/단호박샌드  우유/주스 계란후라이 누룽지탕/쌀밥 (쌀:국내산) 조랭이미역국  아삭고추무침  포기김치 (김치:국내산) ,쌀밥/잡곡밥 (쌀:국내산) 시금치된장국  탕수어  두부*김치볶음  시래기지짐  깍두기 (김치:국내산) ,쌀밥/잡곡밥 (쌀:국내산) 콩비지찌개  유자청돈육볶음  옥수수전  무생채  포기김치 (김치:국내산) ,948.0,464.0,2413.0,0.3928719436386241,9.75,19.0,0.8,,71.33333333333333,,True
2018-03-15,목,2714.0,47.0,270.0,359.0,0.0,모닝롤/단팥빵  우유/주스 스크램블에그 잣죽/쌀밥 (쌀:국내산) 근대국  김잔파무침  포기김치 (김치:국내산) ,쌀밥/잡곡밥 (쌀:국내산) 동태탕  닭데리야끼조림  어묵볶음  숙주나물  포기김치 (김치:국내산) ,작은밥 (쌀:국내산) 바지락수제비  사천식탕수육  카레감자채볶음  마늘쫑무침  포기김치 (김치:국내산) ,975.0,489.0,2397.0,0.4067584480600751,13.416666666666666,20.7,5.5,,71.75,,True
2018-03-16,금,2714.0,135.0,302.0,75.0,0.0,모닝롤/참치샌드  우유/주스 계란후라이 단호박죽/쌀밥 (쌀:국내산) 김치콩나물국  취나물  포기김치 (김치:국내산) ,쌀밥/잡곡밥 (쌀:국내산) 얼갈이국  오징어볶음  동그랑땡전  세발나물  배추겉절이 (김치:국내산) ,쌀밥/잡곡밥 (쌀:국내산) 콩나물국  닭갈비  연두부*양념장  호박채나물  포기김치 (김치:국내산) ,707.0,487.0,2277.0,0.31049626701800614,14.0375,16.1,10.7,,91.0,1.0,True
2018-03-19,월,2714.0,80.0,224.0,503.0,0.0,모닝롤/프렌치토스트  우유/주스 계란후라이 누룽지탕/쌀밥 (쌀:국내산) 감자국  두부조림  포기김치 (김치:국내산) ,쌀밥/잡곡밥 (쌀:국내산) 어묵국  돈육간장볶음  골뱅이무침*소면  무나물  포기김치 (김치:국내산) ,쌀밥/잡곡밥 (쌀:국내산) 부대찌개  고등어구이  닭가슴살냉채  오이사과무침  포기김치 (김치:국내산) ,1159.0,559.0,2410.0,0.48091286307053943,6.079166666666667,11.5,0.3,,82.83333333333333,1.0,True
2018-03-20,화,2714.0,46.0,246.0,445.0,0.0,모닝롤/야채샌드  우유/주스 스크램블에그 흑임자죽/쌀밥 (쌀:국내산) 꽃게탕  미역줄기볶음  포기김치 (김치:국내산) ,쌀밥/잡곡밥 (쌀:국내산) 된장찌개  해물누룽지탕  고기전  견과류조림  포기김치 (김치:국내산) ,오므라이스 (쌀:국내산) 가쯔오장국  모둠튀김*칠리소스  멕시칸샐러드  음료  알타리김치 (김치:국내산) ,1040.0,571.0,2422.0,0.42939719240297275,9.325,11.9,5.9,,90.83333333333331,1.0,True
2018-03-21,수,2714.0,45.0,263.0,0.0,0.0,모닝롤/모카카스테라  우유/주스 계란후라이 누룽지탕/쌀밥 (쌀:국내산) 대구찌개  도라지나물  포기김치 (김치:국내산) ,쌀밥/잡곡밥 (쌀:국내산) 쇠고기미역국  닭볶음탕  도토리묵무침  양배추쌈*쌈장  포기김치 (김치:국내산) ,쌀밥/잡곡밥 (쌀:국내산) 연두부탕  돈육장조림  김치녹두전  쫑상추무침  포기김치 (김치:국내산) ,1092.0,482.0,2406.0,0.4538653366583541,5.904166666666666,9.7,1.6,,54.54166666666666,1.0,True
2018-03-22,목,2714.0,56.0,290.0,327.0,0.0,모닝롤/씨크립샌드  우유/주스 스크램블에그 양송이죽/쌀밥 (쌀:국내산) 아욱국  진미채무침  포기김치 (김치:국내산) ,쌀밥/잡곡밥 (쌀:국내산) 우거지해장국  코다리강정  계란말이  청경채나물  깍두기 (김치:국내산) ,빠에야 (쌀:국내산) 쌀국수  웨지감자  옥수수샐러드  오렌지  포기김치 (김치:국내산) ,899.0,492.0,2368.0,0.3796452702702703,1.7958333333333332,3.3,0.2,,81.83333333333333,1.0,True
2018-03-23,금,2714.0,174.0,307.0,51.0,0.0,모닝롤/고구마파이  우유/주스 계란후라이 녹두죽/쌀밥 (쌀:국내산) 고추장찌개  검정콩조림  포기김치 (김치:국내산) ,쌀밥/잡곡밥 (쌀:국내산) 열무된장국  수제돈까스  메추리알곤약조림  참나물생채  포기김치 (김치:국내산) ,쌀밥/잡곡밥 (쌀:국내산) 버섯매운국  새우까스*탈탈소스  마파두부  풋마늘대무침  포기김치 (김치:국내산) ,759.0,454.0,2233.0,0.3399014778325123,5.945833333333333,13.4,1.0,,61.333333333333336,,True
2018-03-26,월,2714.0,125.0,226.0,448.0,0.0,모닝롤/마늘빵  우유/주스 계란후라이 누룽지탕/쌀밥 (쌀:국내산) 민물새우찌개  김구이  포기김치 (김치:국내산) ,쌀밥/잡곡밥 (쌀:국내산) 차돌박이찌개 (쇠고기:호주산) 닭갈비 (닭:국내산) 새송이버섯조림  치커리사과무침  포기김치 (김치:국내산) ,쌀밥/잡곡밥 (쌀:국내산) 황태국  소고기숙주볶음  가자미양념조림  머위대나물  포기김치 (김치:국내산) ,1276.0,604.0,2363.0,0.5399915361828185,10.691666666666668,20.0,1.8,,62.5,,True
2018-03-27,화,2714.0,52.0,258.0,408.0,0.0,모닝롤/고구마샌드  우유/주스 스크램블에그 닭죽/쌀밥 (쌀:국내산) 무채국  문어꽈리초조림  포기김치 (김치:국내산) ,쌀밥/잡곡밥 (쌀:국내산) 콩나물국  등갈비김치찜  부추전  흑임자연근샐러드  알타리김치 (김치:국내산) ,김밥 (쌀:국내산) 나가사끼짬뽕  후르츠탕수육(황도)  단무지  요플레  포기김치 (김치:국내산) ,1005.0,599.0,2404.0,0.4180532445923461,11.4375,21.3,1.7,,59.333333333333336,,True
2018-03-28,수,2714.0,45.0,252.0,0.0,0.0,모닝롤/와플  우유/주스 계란후라이 누룽지탕/쌀밥 (쌀:국내산) 조랭이떡국  시금치나물  포기김치 (김치:국내산) ,단호박카레라이스 (쌀:국내산) 유부장국  유린기  볼어묵볶음  오복지  포기김치 (김치:국내산) ,      *      ,926.0,0.0,2417.0,0.38311956971452216,12.170833333333333,21.2,2.5,,58.91666666666666,,True
2018-03-29,목,2714.0,51.0,273.0,302.0,0.0,모닝롤/인절미토스트  우유/주스 스크램블에그 김치죽/쌀밥 (쌀:국내산) 냉이된장국  멸치볶음  포기김치 (김치:국내산) ,쌀밥/잡곡밥 (쌀:국내산) 얼큰소고기국  고추잡채*꽃빵  계란찜  숙주나물  포기김치 (김치:국내산) ,참치회덮밥 (쌀:국내산) 미소장국  봄나물튀김  해물볶음우동  바나나/락교  포기김치 (김치:국내산) ,936.0,523.0,2390.0,0.3916317991631799,13.15,22.4,3.8,,61.333333333333336,,True
2018-03-30,금,2714.0,196.0,296.0,43.0,0.0,모닝롤/고구마파이  우유/주스 계란후라이 견과류죽/쌀밥 (쌀:국내산) 오징어국  청포묵무침  포기김치 (김치:국내산) ,쌀밥/잡곡밥 (쌀:국내산) 참치김치찌개  주꾸미볶음  미니함박조림  취나물무침  깍두기 (김치:국내산) ,쌀밥/잡곡밥 (쌀:국내산) 시래기국  돼지갈비찜  감자전  미역초무침  포기김치 (김치:국내산) ,616.0,466.0,2222.0,0.27722772277227725,14.058333333333332,23.6,6.6,,66.5,,True
2018-04-02,월,2714.0,83.0,224.0,481.0,0.0,모닝롤/베이글  우유/주스 계란후라이 누룽지탕/쌀밥 (쌀:국내산) 미역국  연근조림  포기김치 (김치:국내산) ,쌀밥/잡곡밥 (쌀:국내산) 들깨버섯국  소고기낙지볶음  비엔나간장볶음  아삭고추무침  알타리김치 (김치:국내산) ,쌀밥/잡곡밥 (쌀:국내산) 육개장 (닭고기:국내산) 꽁치오븐구이 (동태포:러시아산) 모둠버섯초무침  고구마순나물  포기김치 (김치:국내산) ,1212.0,586.0,2407.0,0.5035313668466971,14.366666666666667,21.7,7.0,,65.29166666666667,,True
2018-04-03,화,2714.0,56.0,266.0,438.0,0.0,모닝롤/햄치즈샌드  우유/주스 스크램블에그 해물죽/쌀밥 (쌀:국내산) 콩가루배추국  감자채볶음  포기김치 (김치:국내산) ,쌀밥/잡곡밥 (쌀:국내산) 동태매운탕  언양식불고기  잡채  쑥갓두부무침  포기김치 (김치:국내산) ,멸치주먹밥 (쌀:국내산) 잔치국수  훈제오리냉채  멕시칸샐러드  꼬들단무지  포기김치 (김치:국내산) ,800.0,486.0,2392.0,0.33444816053511706,16.258333333333336,22.8,9.7,,74.54166666666667,,True
2018-04-04,수,2714.0,64.0,267.0,0.0,0.0,모닝롤/크로와상  우유/주스 계란후라이 누룽지탕/쌀밥 (쌀:국내산) 김치콩나물국  모둠묵*장  포기김치 (김치:국내산) ,곤드레밥*강된장 (쌀:국내산) 가쯔오장국  닭오븐구이  오징어숙회무침  시저샐러드  포기김치 (김치:국내산) ,쌀밥/잡곡밥 (쌀:국내산) 시금치된장국  동파삼겹수육  실곤약흑임자무침  방풍나물  포기김치 (김치:국내산) ,903.0,519.0,2383.0,0.3789341166596727,17.420833333333334,23.2,12.5,,76.20833333333333,,True
2018-04-05,목,2714.0,69.0,285.0,378.0,0.0,모닝롤/바나나샌드  우유/주스 스크램블에그 팥죽/쌀밥 (쌀:국내산) 선지해장국  가지나물  포기김치 (김치:국내산) ,쌀밥/잡곡밥 (쌀:국내산) 쑥된장국  류산슬  오꼬노미야끼계란말이  오이도라지생채  포기김치 (김치:국내산) ,볶음밥&짜장소스 (쌀:국내산) 꼬지어묵탕  케이준치킨샐러드  단무지무침   딸기와플  포기김치 (김치:국내산) ,849.0,569.0,2360.0,0.3597457627118644,14.558333333333335,18.4,9.1,,85.79166666666667,1.0,True
2018-04-06,금,2714.0,220.0,295.0,49.0,0.0,모닝롤/사과파이  우유/주스 계란후라이 참치야채죽/쌀밥 (쌀:국내산) 황태국  김잔파무침  포기김치 (김치:국내산) ,쌀밥/잡곡밥 (쌀:국내산) 수제비국  양념치킨  연두부*달래장  진미채무침  열무김치 (김치:국내산) ,쌀밥/잡곡밥 (쌀:국내산) 쇠고기샤브국  동태포전  꽃맛살볶음  콩나물무침/음료  포기김치 (김치:국내산) ,741.0,394.0,2199.0,0.3369713506139154,8.8375,9.7,8.1,,88.54166666666667,1.0,True
2018-04-09,월,2714.0,118.0,221.0,523.0,0.0,모닝롤/프렌치토스트  우유/주스 계란후라이 누룽지탕/쌀밥 (쌀:국내산) 시금치된장국  명엽채무침  포기김치 (김치:국내산) ,쌀밥/잡곡밥 (쌀:국내산) 콩나물국  제육볶음  해파리냉채  모듬쌈  포기김치 (김치:국내산) ,쌀밥/잡곡밥 (쌀:국내산) 소고기매운국  굴비구이  셀프무쌈말이  마늘쫑무침  포기김치 (김치:국내산) ,1283.0,588.0,2375.0,0.5402105263157895,7.854166666666667,12.9,-0.5,,50.375,,True
2018-04-10,화,2714.0,66.0,256.0,420.0,0.0,모닝롤/참치샌드  우유/주스 스크램블에그 표고버섯죽/쌀밥 (쌀:국내산) 감자국  느타리볶음  포기김치 (김치:국내산) ,쌀밥/잡곡밥 (쌀:국내산) 민물새우찌개  소고기장조림  홍어채무침  참나물땅콩무침  알타리김치 (김치:국내산) ,베이컨김치볶음밥 (쌀:국내산) 새우튀김우동  찹쌀순대볶음  부추만두  비트무생채  포기김치 (김치:국내산) ,855.0,522.0,2392.0,0.35744147157190637,13.270833333333334,20.4,6.9,,51.16666666666666,,True
2018-04-11,수,2714.0,23.0,239.0,0.0,0.0,모닝롤/브라우니  우유/주스 계란후라이 누룽지탕/쌀밥 (쌀:국내산) 들깨시래기국  브로컬리초장  포기김치 (김치:국내산) ,쌀밥/잡곡밥 (쌀:국내산) 아욱국  오징어볶음  새싹두부구이  해초무침  배추겉절이 (김치:국내산) ,쌀밥/잡곡밥 (쌀:국내산) 꽃게탕  레몬탕수육  어묵꽈리고추볶음  양념깻잎지  포기김치 (김치:국내산) ,804.0,540.0,2452.0,0.3278955954323002,12.8125,20.2,3.2,,71.25,,True
2018-04-12,목,2714.0,40.0,268.0,384.0,0.0,모닝롤/에그샌드  우유/주스 스크램블에그 땅콩죽/쌀밥 (쌀:국내산) 두부젓국찌개  취나물  포기김치 (김치:국내산) ,쌀밥/잡곡밥 (쌀:국내산) 순두부찌개  코다리양념조림  모듬소시지구이  청경채사과무침  포기김치 (김치:국내산) ,후난식볶음밥 (쌀:국내산) 도토리묵냉국  닭강정  고구마치즈구이  오이무침/음료  포기김치 (김치:국내산) ,796.0,535.0,2406.0,0.33083956774729845,19.354166666666668,24.5,15.0,,43.66666666666666,1.0,True
2018-04-13,금,2714.0,164.0,292.0,45.0,0.0,모닝롤/팬케익  우유/주스 계란후라이 쇠고기죽/쌀밥 (쌀:국내산) 김치두부국  김자반  포기김치 (김치:국내산) ,쌀밥/잡곡밥 (쌀:국내산) 근대국  안동찜닭  해물김치전  부추생채  열무김치 (김치:국내산) ,쌀밥/잡곡밥 (쌀:국내산) 어묵국  버섯불고기  황태양념구이  치커리유자청무침  포기김치 (김치:국내산) ,652.0,444.0,2258.0,0.2887511071744907,13.7875,20.9,5.1,,37.125,,True
2018-04-16,월,2714.0,84.0,234.0,484.0,0.0,모닝롤/찐빵  우유/주스 계란후라이 누룽지탕/쌀밥 (쌀:국내산) 북어계란국  숙주나물  포기김치 (김치:국내산) ,쌀밥/잡곡밥 (쌀:국내산) 배추된장국  짬뽕불고기  버섯잡채  청포묵무침  포기김치 (김치:국내산) ,쌀밥/잡곡밥 (쌀:국내산) 차돌박이찌개  유린기  연근땅콩조림  시금치초무침  포기김치 (김치:국내산) ,1195.0,599.0,2396.0,0.49874791318864775,13.354166666666666,19.1,9.1,,42.958333333333336,,True
2018-04-17,화,2714.0,39.0,261.0,413.0,0.0,모닝롤/야채샌드  우유/주스 스크램블에그 고구마죽/쌀밥 (쌀:국내산) 옹심이만두떡국  어묵볶음  포기김치 (김치:국내산) ,쌀밥/잡곡밥 (쌀:국내산) 무채국  훈제오리구이  두부조림  양파절임/쌈무  배추겉절이 (김치:국내산) ,충무김밥 (쌀:국내산) 김치말이국수  오징어무침  미트볼조림  과일샐러드  석박지 (김치:국내산) ,900.0,537.0,2414.0,0.3728251864125932,11.520833333333334,17.8,3.5,,55.41666666666666,,True
2018-04-18,수,2714.0,49.0,268.0,0.0,0.0,모닝롤/단팥빵  우유/주스 계란후라이 누룽지탕/쌀밥 (쌀:국내산) 대구찌개  비름나물  포기김치 (김치:국내산) ,콩나물밥 (쌀:국내산) 열무된장국  치킨핑거  궁중떡볶음  오이미역무침  포기김치 (김치:국내산) ,쌀밥/잡곡밥 (쌀:국내산) 콩비지찌개  쇠고기야채볶음  삼치구이  참나물생채  포기김치 (김치:국내산) ,922.0,456.0,2397.0,0.38464747601168126,12.879166666666668,20.4,6.2,,63.208333333333336,,True
2018-04-19,목,2714.0,98.0,288.0,285.0,0.0,모닝롤/씨크립샌드  우유/주스 스크램블에그 녹두죽/쌀밥 (쌀:국내산) 고추장찌개  마늘쫑새우볶음  포기김치 (김치:국내산) ,쌀밥/잡곡밥 (쌀:국내산) 알탕  돈육간장볶음  실곤약초무침  가지나물  포기김치 (김치:국내산) ,참치주먹밥 (쌀:국내산) 로제스파게티  미소장국  돈까스또띠아  무피클/오렌지  포기김치 (김치:국내산) ,846.0,499.0,2328.0,0.3634020618556701,13.3375,21.6,5.4,,60.54166666666666,,True
2018-04-20,금,2714.0,194.0,303.0,42.0,0.0,모닝롤/꿀호떡  우유/주스 계란후라이 호박죽/쌀밥 (쌀:국내산) 오징어국  콩나물무침  포기김치 (김치:국내산) ,쌀밥/잡곡밥 (쌀:국내산) 돈육김치찌개  가자미카레튀김  야채계란찜  쫑상추무침  알타리김치 (김치:국내산) ,쌀밥/잡곡밥 (쌀:국내산) 소고기무국  닭갈비  옥수수전  미역줄기볶음  포기김치 (김치:국내산) ,605.0,409.0,2217.0,0.2728912945421741,14.195833333333336,24.5,5.1,,58.583333333333336,,True
2018-04-23,월,2714.0,89.0,235.0,440.0,0.0,모닝롤/프렌치토스트  우유/주스 계란후라이 누룽지탕/쌀밥 (쌀:국내산) 감자국  김구이  포기김치 (김치:국내산) ,쌀밥/잡곡밥 (쌀:국내산) 콩나물국  류산슬  계란말이  오이도라지무침  포기김치 (김치:국내산) ,쌀밥/잡곡밥 (쌀:국내산) 청국장찌개  돼지갈비찜  해물까스*탈탈소스  머위순나물  포기김치 (김치:국내산) ,1246.0,569.0,2390.0,0.5213389121338912,15.9125,19.8,13.3,,81.625,1.0,True
2018-04-24,화,2714.0,60.0,274.0,360.0,0.0,모닝롤/참치샌드  우유/주스 스크램블에그 야채죽/쌀밥 (쌀:국내산) 들깨버섯국  도토리묵무침  포기김치 (김치:국내산) ,쌀밥/잡곡밥 (쌀:국내산) 쇠고기미역국  깐풍기  꽁치김치말이  청경채새송이볶음  포기김치 (김치:국내산) ,하와이안필라프  쌀국수  미니햄버거  감자튀김  청포도  포기김치 (김치:국내산) ,940.0,587.0,2380.0,0.3949579831932773,11.5,14.8,10.9,,90.70833333333331,1.0,True
2018-04-25,수,2714.0,66.0,285.0,0.0,0.0,모닝롤/롤케익  우유/주스 계란후라이 누룽지탕/쌀밥 (쌀:국내산) 아욱된장국  감자채피망볶음  포기김치 (김치:국내산) ,비빔밥 (쌀:국내산) 유부장국  오징어튀김  떡밤초  요플레  포기김치 (김치:국내산) ,            ,851.0,0.0,2363.0,0.36013542107490476,12.191666666666668,14.3,10.4,,81.41666666666667,1.0,True
2018-04-26,목,2714.0,69.0,293.0,266.0,0.0,모닝롤/단호박샌드  우유/주스 스크램블에그 팥죽/쌀밥 (쌀:국내산) 꽃게탕  콩자반  포기김치 (김치:국내산) ,쌀밥/잡곡밥 (쌀:국내산) 시래기국  닭매운찜  호박전  쑥갓두부무침  포기김치 (김치:국내산) ,유부초밥  우동  표고버섯탕수육  참치샐러드  음료  포기김치 (김치:국내산) ,761.0,483.0,2352.0,0.32355442176870747,13.929166666666664,21.6,6.2,,51.29166666666666,,True
2018-04-27,금,2714.0,205.0,304.0,40.0,0.0,모닝롤/와플  우유/주스 계란후라이 잣죽/쌀밥 (쌀:국내산) 냉이된장국  진미채무침  포기김치 (김치:국내산) ,쌀밥/잡곡밥 (쌀:국내산) 순두부찌개  삼겹살구이  쫄면무침  상추부추생채  알타리김치 (김치:국내산) ,쌀밥/잡곡밥 (쌀:국내산) 쇠고기샤브국  주꾸미떡볶음  두부카프레제  아삭고추무침  포기김치 (김치:국내산) ,674.0,380.0,2205.0,0.3056689342403628,13.745833333333335,24.0,4.2,,62.0,,True
2018-04-30,월,2714.0,646.0,180.0,107.0,0.0,모닝롤/마늘빵  우유/주스 계란후라이 누룽지탕/쌀밥 (쌀:국내산) 북어해장국  애호박나물  포기김치 (김치:국내산) ,쌀밥/잡곡밥 (쌀:국내산) 어묵국  닭데리야끼조림  꽃맛살볶음  치커리무침  포기김치 (김치:국내산) ,쌀밥/잡곡밥 (쌀:국내산) 육개장  해물누룽지탕  부추전  김자반볶음  포기김치 (김치:국내산) ,629.0,317.0,1888.0,0.3331567796610169,15.762499999999998,22.8,10.2,,67.95833333333333,,True
2018-05-02,수,2721.0,110.0,247.0,0.0,0.0,모닝롤/고구마파이  우유/주스 계란후라이 누룽지탕/쌀밥 (쌀:국내산) 떡국  숙주나물  포기김치 (김치:국내산) ,김치제육덮밥  유부장국  양장피잡채  오꼬노미야끼  오렌지  알타리김치 (김치:국내산) ,쌀밥/잡곡밥 (쌀:국내산) 올갱이아욱국  소고기버섯볶음  깐풍연근  셀프무쌈말이  포기김치 (김치:국내산) ,1137.0,535.0,2364.0,0.48096446700507617,16.512500000000003,19.9,12.0,,81.54166666666667,,True
2018-05-03,목,2721.0,102.0,296.0,332.0,0.0,모닝롤/바나나샌드  우유/주스 스크램블에그 참치죽/쌀밥 (쌀:국내산) 호밧젓국찌개  멸치볶음  포기김치 (김치:국내산) ,쌀밥/잡곡밥 (쌀:국내산) 도토리묵냉국  수제돈까스*칠리소스  어묵볶음  오이미역무침  열무김치 (김치:국내산) ,김밥 (쌀:국내산) 잔치국수  해물떡볶이  만두/고구마튀김  감자샐러드  포기김치 (김치:국내산) ,883.0,436.0,2323.0,0.38011192423590184,16.941666666666666,18.7,12.7,,89.20833333333333,1.0,True
2018-05-04,금,2721.0,241.0,284.0,57.0,0.0,모닝롤/크로와상  우유/주스 계란후라이 새우살죽/쌀밥 (쌀:국내산) 콩나물김치국  브로컬리*초장  포기김치 (김치:국내산) ,쌀밥/잡곡밥 (쌀:국내산) 무청된장국  콩나물제육볶음  임연수구이  취나물무침  포기김치 (김치:국내산) ,쌀밥/잡곡밥 (쌀:국내산) 감자국  쇠고기장조림  비엔나케찹볶음  세발나물  포기김치 (김치:국내산) ,630.0,440.0,2196.0,0.28688524590163933,13.791666666666666,18.7,9.5,,44.333333333333336,,True
2018-05-08,화,2721.0,133.0,231.0,590.0,0.0,모닝롤/핫도그  우유/주스 스크램블에그 누룽지탕/쌀밥 (쌀:국내산) 들깨미역국  아삭고추무침  포기김치 (김치:국내산) ,쌀밥/잡곡밥 (쌀:국내산) 배추된장국  버섯불고기  시금치프리타타  무생채  포기김치 (김치:국내산) ,쌀밥/잡곡밥 (쌀:국내산) 삼계국밥  삼치양념찜  당면계란만두  비름나물  알타리김치 (김치:국내산) ,1225.0,625.0,2357.0,0.5197284683920238,16.425,19.4,12.4,,89.125,1.0,True
2018-05-09,수,2721.0,86.0,269.0,0.0,0.0,모닝롤/치즈프레즐  우유/주스 계란후라이 표고버섯죽/쌀밥 (쌀:국내산) 열무된장국  김가루실파무침  포기김치 (김치:국내산) ,쌀밥/잡곡밥 (쌀:국내산) 돈육김치찌개  탕수어  우엉잡채  도라지무침  열무김치 (김치:국내산) ,쌀밥/잡곡밥 (쌀:국내산) 대구매운탕  언양식불고기  견과류조림  청경채겉절이  포기김치 (김치:국내산) ,919.0,413.0,2366.0,0.3884192730346577,14.766666666666667,18.4,11.5,,68.41666666666667,,True
2018-05-10,목,2721.0,80.0,291.0,369.0,0.0,모닝롤/옥수수샌드  우유/주스 스크램블에그 흑임자죽/쌀밥 (쌀:국내산) 매운버섯국  마늘쫑볶음  포기김치 (김치:국내산) ,쌀밥/잡곡밥 (쌀:국내산) 근대국  돈육굴소스볶음  해파리겨자채  양배추쌈*쌈장  포기김치 (김치:국내산) ,볶음밥*짜장소스 (쌀:국내산) 맑은국  사천식탕수육  하와이안샐러드  단무지  포기김치 (김치:국내산) ,763.0,441.0,2350.0,0.32468085106382977,13.745833333333332,19.3,7.4,,61.125,,True
2018-05-11,금,2721.0,183.0,296.0,48.0,0.0,모닝롤/브라우니  우유/주스 계란후라이 쇠고기죽/쌀밥 (쌀:국내산) 북어계란국  오이사과무침  포기김치 (김치:국내산) ,쌀밥/잡곡밥 (쌀:국내산) 소고기무국  오징어볶음  두부계란부침  미역줄기볶음  배추겉절이 (김치:국내산) ,쌀밥/잡곡밥 (쌀:국내산) 꽃게탕  유린기  모듬묵샐러드  느타리호박볶음  포기김치 (김치:국내산) ,602.0,445.0,2242.0,0.26851025869759143,15.970833333333331,22.6,9.7,,62.25,,True
2018-05-14,월,2721.0,100.0,229.0,490.0,0.0,모닝롤/팬케익  우유/주스 계란후라이 누룽지탕/쌀밥 (쌀:국내산) 어묵국  땅콩조림  포기김치 (김치:국내산) ,쌀밥/잡곡밥 (쌀:국내산) 시금치된장국  훈제오리구이  실곤약무침  무쌈/양파절임  포기김치 (김치:국내산) ,쌀밥/잡곡밥 (쌀:국내산) 닭개장  고추잡채*꽃빵  계란찜  해초무침  알타리김치 (김치:국내산) ,1229.0,536.0,2392.0,0.5137959866220736,19.97083333333333,26.2,15.5,,73.625,1.0,True
2018-05-15,화,2721.0,64.0,272.0,457.0,0.0,모닝롤/카스텔라  우유/주스 스크램블에그 호박죽/쌀밥 (쌀:국내산) 쇠고기무국  가지나물  포기김치 (김치:국내산) ,쌀밥/잡곡밥 (쌀:국내산) 얼갈이된장국  등갈비김치찜  새송이버섯전  참나물생채  열무김치 (김치:국내산) ,오므라이스 (쌀:국내산) 가쯔오장국  생선까스*탈탈소스  망고드레싱샐러드  요플레/무피클  포기김치 (김치:국내산) ,1004.0,620.0,2385.0,0.4209643605870021,19.0625,26.5,10.6,,64.04166666666667,,True
2018-05-16,수,2721.0,58.0,264.0,0.0,0.0,모닝롤/베이글  우유/주스 계란후라이 누룽지탕/쌀밥 (쌀:국내산) 오징어국  쑥갓두부무침  포기김치 (김치:국내산) ,카레덮밥 (쌀:국내산) 맑은국  고구마치즈구이  어묵꽈리고추볶음  오이무침  포기김치 (김치:국내산) ,쌀밥/잡곡밥 (쌀:국내산) 고추장찌개  갈치구이  햄감자채볶음  방풍나물  포기김치 (김치:국내산) ,1031.0,472.0,2399.0,0.42976240100041685,20.15,27.9,12.9,,72.04166666666667,,True
2018-05-17,목,2721.0,71.0,278.0,343.0,0.0,모닝롤/햄치즈샌드  우유/주스 스크램블에그 양송이죽/쌀밥 (쌀:국내산) 선지해장국  브로컬리들깨찜  포기김치 (김치:국내산) ,쌀밥/잡곡밥 (쌀:국내산) 콩나물국  닭볶음탕  탕평채  영양부추무침  포기김치 (김치:국내산) ,멸치주먹밥 (쌀:국내산) 김치국수  깐풍육  꽃맛살샐러드  오복지/바나나  포기김치 (김치:국내산) ,811.0,473.0,2372.0,0.34190556492411467,20.929166666666664,21.6,20.1,,93.08333333333331,1.0,True
2018-05-18,금,2721.0,145.0,302.0,29.0,0.0,모닝롤/사과파이  우유/주스 계란후라이 녹두죽/쌀밥 (쌀:국내산) 동태탕  명엽채무침  포기김치 (김치:국내산) ,쌀밥/잡곡밥 (쌀:국내산) 차돌박이된장찌개  주꾸미볶음  동그랑땡전  양념깻잎지  포기김치 (김치:국내산) ,쌀밥/잡곡밥 (쌀:국내산) 연두부탕  미니채소떡갈비  쫄면무침  시금치나물  포기김치 (김치:국내산) ,563.0,399.0,2274.0,0.24758135444151275,21.64583333333333,24.5,20.8,,91.375,1.0,True
2018-05-21,월,2721.0,861.0,144.0,139.0,0.0,모닝롤/프렌치토스트  우유/주스 계란후라이 누룽지탕/쌀밥 (쌀:국내산) 북어계란국  도라지나물  포기김치 (김치:국내산) ,쌀밥/잡곡밥 (쌀:국내산) 시래기들깨탕  짬뽕불고기  멸치볶음  상추파무침  포기김치 (김치:국내산) ,쌀밥/잡곡밥 (쌀:국내산) 콩나물김치국  모듬장조림(소고기)  계란말이  깻순나물  알타리김치 (김치:국내산) ,543.0,234.0,1716.0,0.31643356643356646,15.370833333333335,22.1,8.7,,55.16666666666666,,True
2018-05-23,수,2721.0,89.0,246.0,0.0,0.0,모닝롤/단팥빵  우유/주스 계란후라이 누룽지탕/쌀밥 (쌀:국내산) 감자국  마늘쫑무침  포기김치 (김치:국내산) ,곤드레밥*강된장 (쌀:국내산) 얼갈이된장국  마늘치킨  오징어&브로컬리*초장  고추지무침  포기김치 (김치:국내산) ,쌀밥/잡곡밥 (쌀:국내산) 해물된장찌개  돈육칠리강정  동태전  콩나물무침  포기김치 (김치:국내산) ,1065.0,477.0,2386.0,0.4463537300922045,17.566666666666666,23.6,10.9,,69.83333333333333,1.0,True
2018-05-24,목,2721.0,64.0,281.0,379.0,0.0,모닝롤/참치샌드  우유/주스 스크램블에그 닭죽/쌀밥 (쌀:국내산) 김치순두부찌개  도토리묵*장  포기김치 (김치:국내산) ,쌀밥/잡곡밥 (쌀:국내산) 조랭이떡국  돼지갈비찜  두부구이  치커리생채  포기김치 (김치:국내산) ,토마토스파게티 (쌀:국내산) 완두콩스프  함박스테이크  굴소스볶음밥/샐러드  오렌지주스/피클  포기김치 (김치:국내산) ,754.0,494.0,2376.0,0.31734006734006737,20.10833333333333,26.9,13.9,,61.0,1.0,True
2018-05-25,금,2721.0,136.0,293.0,70.0,0.0,모닝롤/메론롤케익  우유/주스 계란후라이 흑임자죽/쌀밥 (쌀:국내산) 소고기미역국  꽈리고추찜  포기김치 (김치:국내산) ,쌀밥/잡곡밥 (쌀:국내산) 사과오이냉국  꽁치오븐구이  떡갈비조림  청경채무침  포기김치 (김치:국내산) ,쌀밥/잡곡밥 (쌀:국내산) 쇠고기무국  닭겨자냉채  비엔나감자구이  어묵무침  포기김치 (김치:국내산) ,594.0,432.0,2292.0,0.2591623036649215,18.7375,28.3,9.0,,56.16666666666666,,True
2018-05-28,월,2721.0,92.0,221.0,495.0,0.0,모닝롤/마늘빵  우유/주스 계란후라이 누룽지탕/쌀밥 (쌀:국내산) 열무된장국  진미채볶음  포기김치 (김치:국내산) ,쌀밥/잡곡밥 (쌀:국내산) 미역국  제육볶음  두부양념조림  모듬쌈*쌈장  포기김치 (김치:국내산) ,쌀밥/잡곡밥 (쌀:국내산) 고추장찌개  쇠고기숙주볶음  해물김치전  파래김*양념장  알타리김치 (김치:국내산) ,1306.0,594.0,2408.0,0.542358803986711,19.90833333333333,25.9,13.3,,66.95833333333333,,True
2018-05-29,화,2721.0,73.0,258.0,422.0,0.0,모닝롤/인절미샌드  우유/주스 스크램블에그 잣죽/쌀밥 (쌀:국내산) 황태국  우엉조림  포기김치 (김치:국내산) ,쌀밥/잡곡밥  김치찌개  해물청경채볶음  버섯잡채  올방개묵무침  알타리김치 (김치:국내산) ,"볶음밥 (쌀,현미흑미:국내산) 짬뽕  깐풍기  양배추샐러드  조각사과  포기김치 (김치:국내산) ",931.0,552.0,2390.0,0.3895397489539749,19.179166666666667,22.0,17.6,,83.79166666666667,1.0,True
2018-05-30,수,2721.0,80.0,281.0,0.0,0.0,모닝롤/꿀호떡  우유/주스 계란후라이 누룽지탕/쌀밥 (쌀:국내산) 맑은만두육개장  참나물땅콩무침  포기김치 (김치:국내산) ,콩나물밥 (쌀:국내산) 유부장국  수제돈가스  파스타샐러드  무생채  포기김치 (김치:국내산) ,            ,876.0,0.0,2360.0,0.3711864406779661,21.6,26.8,18.0,,77.54166666666667,,True
2018-05-31,목,2721.0,90.0,283.0,242.0,0.0,모닝롤/단호박샌드  우유/주스 스크램블에그 해물죽/쌀밥 (쌀:국내산) 콩나물김치국  감자채볶음  포기김치 (김치:국내산) ,쌀밥/잡곡밥 (쌀:국내산) 오징어국  동파삼겹수육  메밀부추전  깻잎지  포기김치 (김치:국내산) ,"충무김밥 (쌀,현미흑미:국내산) 우동  오징어초무침  핫도그  바나나/샐러드  석박지 (김치:국내산) ",856.0,525.0,2348.0,0.3645655877342419,22.04583333333333,26.5,18.2,,76.66666666666667,,True
2018-06-01,금,2728.0,180.0,291.0,55.0,0.0,모닝롤/크로와상  우유/주스 계란후라이 버섯죽/쌀밥 (쌀:국내산) 민물새우찌개  숙주나물  포기김치 (김치:국내산) ,쌀밥/잡곡밥 (쌀:국내산) 우거지해장국  치킨핑거  명태양념조림  오이생채  포기김치 (김치:국내산) ,쌀밥/잡곡밥 (쌀:국내산) 콩비지찌개  레몬탕수육  견과류조림  미역줄기볶음  열무김치 (김치:국내산) ,649.0,395.0,2257.0,0.2875498449268941,20.291666666666668,26.0,14.8,,61.04166666666666,,True
2018-06-04,월,2728.0,158.0,215.0,519.0,0.0,모닝롤/찐빵  우유/주스 계란후라이 누룽지탕/쌀밥 (쌀:국내산) 시금치된장국  구운어묵볶음  포기김치 (김치:국내산) ,쌀밥/잡곡밥 (쌀:국내산) 콩나물국  돈육간장볶음  계란말이  부추생채  알타리김치 (김치:국내산) ,쌀밥/잡곡밥 (쌀:국내산) 쇠고기샤브국  가자미양념찜  꽃맛살볶음  비트무생채  포기김치 (김치:국내산) ,1211.0,564.0,2355.0,0.5142250530785563,22.08333333333333,29.1,15.7,,64.08333333333333,,True
2018-06-05,화,2728.0,163.0,233.0,253.0,0.0,모닝롤/야채샌드  우유/주스 스크램블에그 견과류죽/쌀밥 (쌀:국내산) 꽃게탕  김구이  포기김치 (김치:국내산) ,쌀밥/잡곡밥 (쌀:국내산) 된장찌개  닭갈비  해파리겨자채  취나물  포기김치 (김치:국내산) ,참치주먹밥 (쌀:국내산) 잔치국수  새우까스*칠리소스  과일샐러드  단무지무침  포기김치 (김치:국내산) ,884.0,526.0,2332.0,0.379073756432247,21.82916666666667,28.1,15.5,,65.45833333333333,,True
2018-06-07,목,2728.0,187.0,265.0,379.0,0.0,모닝롤/씨크립샌드  우유/주스 계란후라이 야채죽/쌀밥 (쌀:국내산) 호박젓국찌개  아삭고추무침  포기김치 (김치:국내산) ,쌀밥/잡곡밥 (쌀:국내산) 순두부찌개  고추잡채*꽃빵  갈치구이  도라지생채  포기김치 (김치:국내산) ,"쌀밥/잡곡밥 (쌀,현미흑미:국내산) 조랭이떡미역국  돈육장조림  김치녹두전  치커리유자청무침  열무김치 (김치:국내산) ",890.0,475.0,2276.0,0.39103690685413006,22.075,30.0,16.1,,69.58333333333333,,True
2018-06-08,금,2728.0,252.0,288.0,65.0,0.0,모닝롤/고구마파이  우유/주스 계란후라이 김치죽/쌀밥 (쌀:국내산) 아욱국  청포묵무침  포기김치 (김치:국내산) ,쌀밥/잡곡밥 (쌀:국내산) 대구매운탕  완자전  곤약메추리알조림  마늘쫑볶음  배추겉절이 (김치:국내산) ,쌀밥/잡곡밥 (쌀:국내산) 얼갈이된장국  닭오븐구이  비엔나컬리플라워볶음  시금치나물  포기김치 (김치:국내산) ,631.0,458.0,2188.0,0.2883912248628885,23.091666666666665,31.1,16.5,,67.83333333333333,,True
2018-06-11,월,2728.0,153.0,195.0,490.0,0.0,모닝롤/베이글  우유/주스 계란후라이 누룽지탕/쌀밥 (쌀:국내산) 감자국  문어꽈리초조림  포기김치 (김치:국내산) ,쌀밥/잡곡밥 (쌀:국내산) 배추된장국  버섯불고기  골뱅이무침*소면  콩나물무침  포기김치 (김치:국내산) ,쌀밥/잡곡밥 (쌀:국내산) 무채국  닭볶음탕  해물동그랑땡전  오이사과무침  포기김치 (김치:국내산) ,1228.0,557.0,2380.0,0.5159663865546219,19.716666666666665,22.4,16.4,,67.16666666666667,1.0,True
2018-06-12,화,2728.0,156.0,234.0,249.0,0.0,모닝롤/치즈프레즐  우유/주스 스크램블에그 새우살죽/쌀밥 (쌀:국내산) 동태탕  느타리볶음  포기김치 (김치:국내산) ,쌀밥/잡곡밥 (쌀:국내산) 육개장  고등어김치말이  모듬소시지구이  청경채무침  알타리김치 (김치:국내산) ,쌀밥/잡곡밥 (쌀:국내산) 고추장찌개  언양식불고기  날치알계란찜  양배추쌈*쌈장  포기김치 (김치:국내산) ,905.0,441.0,2338.0,0.3870829769033362,17.78333333333333,20.7,15.4,,81.20833333333333,1.0,True
2018-06-14,목,2728.0,190.0,260.0,381.0,0.0,모닝롤/에그샌드  우유/주스 계란후라이 녹두죽/쌀밥 (쌀:국내산) 매운버섯국  김자반  포기김치 (김치:국내산) ,쌀밥/잡곡밥 (쌀:국내산) 근대국  순살파닭  카레감자채볶음  호박나물  포기김치 (김치:국내산) ,산채비빔밥 (쌀:국내산) 유부장국  모둠튀김*초간장  콘샐러드  수박  포기김치 (김치:국내산) ,936.0,464.0,2278.0,0.4108867427568042,20.058333333333334,24.7,17.5,,73.125,,True
2018-06-15,금,2728.0,234.0,295.0,44.0,0.0,모닝롤/마늘빵  우유/주스 계란후라이 팥죽/쌀밥 (쌀:국내산) 북어해장국  깻순나물  포기김치 (김치:국내산) ,쌀밥/잡곡밥 (쌀:국내산) 부대찌개  오징어볶음  연두부*양념장  브로컬리맛살볶음  배추겉절이 (김치:국내산) ,쌀밥/잡곡밥 (쌀:국내산) 어묵국  돈육굴소스볶음  참치야채전  참나물생채  포기김치 (김치:국내산) ,639.0,442.0,2199.0,0.29058663028649384,20.5,25.4,16.3,,67.875,,True
2018-06-18,월,2728.0,87.0,229.0,335.0,0.0,모닝롤/꿀호떡  우유/주스 계란후라이 누룽지탕/쌀밥 (쌀:국내산) 김치국  멸치볶음  포기김치 (김치:국내산) ,쌀밥/잡곡밥 (쌀:국내산) 미역국  훈제오리구이  쫄면무침  무쌈/양파절임  포기김치 (김치:국내산) ,쌀밥/잡곡밥 (쌀:국내산) 콩나물국  후르츠탕수육  해물파전  부추생채  포기김치 (김치:국내산) ,1069.0,485.0,2412.0,0.4432006633499171,20.320833333333336,26.4,13.0,,67.95833333333333,,True
2018-06-19,화,2728.0,68.0,247.0,415.0,0.0,모닝롤/참치샌드  우유/주스 스크램블에그 잣죽/쌀밥 (쌀:국내산) 순두부찌개  연근조림  포기김치 (김치:국내산) ,쌀밥/잡곡밥 (쌀:국내산) 꽃게탕  삼치데리야끼  비엔나케찹볶음  아삭고추무침  포기김치 (김치:국내산) ,마파두부덮밥  맑은국  소고기퀘사디아  씨리얼과일샐러드  쨔샤이무침  포기김치 (김치:국내산) ,952.0,537.0,2413.0,0.3945296311645255,22.979166666666668,28.8,17.1,,66.45833333333333,,True
2018-06-20,수,2728.0,73.0,257.0,0.0,0.0,모닝롤/메론롤케익  우유/주스 계란후라이 누룽지탕/쌀밥 <120명 새우살죽> 시금치국  애호박나물  포기김치  ,열무비빔밥 (쌀:국내산) 팽이장국  미니채소떡갈비  땅콩조림  방울토마토  깍두기 (김치:국내산) ,쌀밥/잡곡밥  된장찌개  유린기  모둠버섯볶음  오이맛살무침  배추겉절이  ,875.0,448.0,2398.0,0.3648874061718098,21.429166666666664,26.0,19.2,,80.70833333333333,1.0,True
2018-06-21,목,2728.0,72.0,282.0,329.0,0.0,모닝롤/고구마샌드  우유/주스 계란후라이 양송이죽/쌀밥 (쌀:국내산) 호박젓국찌개  김구이  포기김치 (김치:국내산) ,쌀밥/잡곡밥 (쌀:국내산) 오이냉국  짬뽕불고기  명란계란말이  상추파무침  포기김치 (김치:국내산) ,김밥 (쌀:국내산) 잔치국수  떡볶이  김말이튀김  청포도피클  포기김치 (김치:국내산) ,791.0,550.0,2374.0,0.33319292333614153,23.266666666666666,29.0,17.3,,69.91666666666667,1.0,True
2018-06-22,금,2728.0,178.0,305.0,50.0,0.0,모닝롤/애플파이  우유/주스 계란후라이 호박죽/쌀밥 (쌀:국내산) 열무된장국  숙주나물무침  포기김치 (김치:국내산) ,쌀밥/잡곡밥 (쌀:국내산) 닭개장  코다리강정  잡채  도토리묵무침  포기김치 (김치:국내산) ,      *      ,552.0,448.0,2245.0,0.24587973273942093,23.99166666666667,31.2,17.1,,60.333333333333336,,True
2018-06-25,월,2728.0,104.0,240.0,424.0,0.0,모닝롤/프렌치토스트  우유/주스 계란후라이 누룽지탕/쌀밥 (쌀:국내산) 무채국  김잔파무침  포기김치 (김치:국내산) ,쌀밥/잡곡밥 (쌀:국내산) 어묵국  닭갈비  시금치프리타타  해초무침  포기김치 (김치:국내산) ,쌀밥/잡곡밥 (쌀:국내산) 시래기국  삼겹살구이  두부양념조림  모듬쌈*쌈장  포기김치 (김치:국내산) ,1128.0,537.0,2384.0,0.47315436241610737,24.729166666666668,32.4,16.9,,63.54166666666666,,True
2018-06-26,화,2728.0,71.0,243.0,384.0,0.0,모닝롤/옥수수샌드  우유/주스 스크램블에그 견과류죽/쌀밥 (쌀:국내산) 차돌박이찌개  취나물무침  포기김치 (김치:국내산) ,쌀밥/잡곡밥 (쌀:국내산) 돈육김치찌개  류산슬  생선커틀릿*탈탈소스  영양부추무침  열무김치 (김치:국내산) ,유부초밥  콩국수  순대야채볶음  콥샐러드  수박  포기김치 (김치:국내산) ,1012.0,583.0,2414.0,0.41922120961060483,24.641666666666666,31.7,18.5,,65.41666666666667,,True
2018-06-27,수,2728.0,66.0,277.0,0.0,0.0,모닝롤/크로와상  우유/주스 계란후라이 누룽지탕/쌀밥 (쌀:국내산) 감자고추장찌개  꽈리고추찜  포기김치 (김치:국내산) ,카레덮밥 (쌀:국내산) 가쯔오장국  깐풍육  구운채소 *발사믹소스 오복지무침  포기김치 (김치:국내산) ,     *       ,957.0,0.0,2385.0,0.40125786163522015,22.754166666666663,26.3,20.1,,84.41666666666667,1.0,True
2018-06-28,목,2728.0,83.0,286.0,234.0,0.0,모닝롤/씨크립샌드  우유/주스 계란후라이 닭죽/쌀밥 (쌀:국내산) 오징어국  노각무침  포기김치 (김치:국내산) ,쌀밥/잡곡밥 (쌀:국내산) 들깨버섯국  매운돼지갈비찜 (돼지고기:국내산) 메추리알곤약조림  도라지오이생채  포기김치 (김치:국내산) ,쌀밥/잡곡밥 (쌀:국내산) 옛날돈가스  단호박스프  샐러드파스타  단무지/음료  포기김치 (김치:국내산) ,803.0,449.0,2359.0,0.3403984739296312,25.179166666666664,28.5,22.8,,79.20833333333333,1.0,True
2018-06-29,금,2728.0,210.0,299.0,12.0,0.0,모닝롤/와플  우유/주스 계란후라이 크림누룽지탕/쌀밥 (쌀:국내산) 조랭이떡국  콩나물무침  포기김치 (김치:국내산) ,쌀밥/잡곡밥 (쌀:국내산) 육개장 (쇠고기:호주산) 동태무조림  메밀전병만두  올방개묵무침  포기김치 (김치:국내산) ,쌀밥/잡곡밥  북어계란국  소고기불고기  감자채햄볶음  치커리무침  알타리김치  ,507.0,371.0,2219.0,0.2284812978819288,22.09583333333333,23.9,20.5,,89.29166666666667,1.0,True
2018-07-02,월,2704.0,96.0,209.0,130.0,0.0,모닝롤/팬케익  우유/주스 계란후라이 누룽지탕/쌀밥 (쌀:국내산) 연두부탕  명엽채무침  포기김치 (김치:국내산) ,쌀밥/잡곡밥 (쌀:국내산) 콩나물국  유자청제육볶음  계란말이  미역줄기볶음  포기김치 (김치:국내산) ,쌀밥/잡곡밥 (쌀:국내산) 옹심이만두국  간장치킨  비엔나컬리플라워볶음  청경채무침  포기김치 (김치:국내산) ,1258.0,609.0,2399.0,0.5243851604835348,23.54583333333333,28.2,19.6,,83.25,1.0,True
2018-07-03,화,2704.0,71.0,220.0,232.0,0.0,모닝롤/바나나샌드  우유/주스 스크램블에그 밤죽/쌀밥 (쌀:국내산) 민물새우찌개  검정콩조림  포기김치 (김치:국내산) ,쌀밥/잡곡밥 (쌀:국내산) 아욱국  소고기장조림  홍어채무침  가지나물  알타리김치 (김치:국내산) ,후난식볶음밥 (쌀:국내산) 가쯔오장국  돈육강정  시저샐러드  조각사과  포기김치 (김치:국내산) ,975.0,528.0,2413.0,0.4040613344384584,,,,,,1.0,False
2018-07-04,수,2704.0,94.0,237.0,0.0,0.0,모닝롤/카스텔라  우유/주스 스크램블에그 누룽지탕/쌀밥 (쌀:국내산) 대구찌개  시금치나물  포기김치 (김치:국내산) ,곤드레밥*양념장 (쌀:국내산) 맑은국  탕수어  오이무침  찐옥수수  포기김치 (김치:국내산) ,쌀밥/잡곡밥 (쌀:국내산) 들깨미역국  주꾸미볶음  두부계란부침*양념  셀프무쌈말이  포기김치 (김치:국내산) ,791.0,488.0,2373.0,0.3333333333333333,23.525,24.3,22.8,,86.0,1.0,True
2018-07-05,목,2704.0,93.0,270.0,234.0,0.0,모닝롤/야채샌드  우유/주스 계란후라이 쇠고기죽/쌀밥 (쌀:국내산) 감자국  건새우마늘쫑볶음  포기김치 (김치:국내산) ,쌀밥/잡곡밥 (쌀:국내산) 근대국  닭볶음탕  해물파전  도라지나물  포기김치 (김치:국내산) ,멸치주먹밥 (쌀:국내산) 열무김치국수  부추만두  멕시칸샐러드  무피클  포기김치 (김치:국내산) ,876.0,509.0,2341.0,0.3741990602306707,26.354166666666668,30.9,20.9,,71.29166666666667,,True
2018-07-06,금,2704.0,194.0,289.0,36.0,0.0,모닝롤/브라우니  우유/주스 계란후라이 해물죽/쌀밥 (쌀:국내산) 우거지해장국  브로컬리들깨찜  포기김치 (김치:국내산) ,쌀밥/잡곡밥 (쌀:국내산) 도토리묵냉국  동파삼겹수육  매운어묵볶음  쫑상추무침  배추겉절이 (김치:국내산) ,쌀밥/잡곡밥 (쌀:국내산) 배추된장국  가자미카레튀김  꽃맛살볶음  참나물생채  포기김치 (김치:국내산) ,661.0,389.0,2221.0,0.2976136875281405,23.65833333333333,26.2,22.5,,86.66666666666667,1.0,True
2018-07-09,월,2704.0,139.0,228.0,300.0,0.0,모닝롤/핫도그  우유/주스 계란후라이 누룽지탕/쌀밥 (쌀:국내산) 김치두부국  김구이  포기김치 (김치:국내산) ,쌀밥/잡곡밥 (쌀:국내산) 고추장찌개  돈육굴소스볶음  브로컬리오징어숙회  숙주나물  포기김치 (김치:국내산) ,쌀밥/잡곡밥 (쌀:국내산) 닭개장  갈치구이  고추잡채*꽃빵  머위대초무침  포기김치 (김치:국내산) ,1097.0,519.0,2337.0,0.46940522036799315,20.758333333333333,23.8,18.2,,66.41666666666667,,True
2018-07-10,화,2704.0,96.0,251.0,292.0,0.0,모닝롤/식빵피자  우유/주스 스크램블에그 홍게살죽/쌀밥 (쌀:국내산) 시래기국  쑥갓두부무침  포기김치 (김치:국내산) ,쌀밥/잡곡밥 (쌀:국내산) 쇠고기매운국  훈제오리구이  우엉잡채  양파절임/쌈무  열무김치 (김치:국내산) ,볶음밥/짜장소스 (쌀:국내산) 맑은국  사천식탕수육  하와이안샐러드  오이지무침  포기김치 (김치:국내산) ,838.0,524.0,2357.0,0.3555366991938905,19.245833333333334,20.1,18.1,,88.79166666666667,1.0,True
2018-07-11,수,2704.0,95.0,255.0,1.0,0.0,모닝롤/단팥빵  우유/주스 계란후라이 누룽지탕/쌀밥 (쌀:국내산) 동태탕  진미채무침  포기김치 (김치:국내산) ,나물비빔밥 (쌀:국내산) 미소장국  오징어튀김  견과류조림  과일샐러드  포기김치 (김치:국내산) ,쌀밥/잡곡밥 (쌀:국내산) 무채국  콩나물불고기  옥수수전  부추생채  포기김치 (김치:국내산) ,894.0,435.0,2354.0,0.3797790994052676,23.820833333333336,28.6,19.9,,81.66666666666667,,True
2018-07-12,목,2704.0,102.0,270.0,244.0,0.0,모닝롤/베이컨샌드  우유/주스 계란후라이 녹두죽/쌀밥 (쌀:국내산) 두부젓국찌개  열무나물  포기김치 (김치:국내산) ,쌀밥/잡곡밥 (쌀:국내산) 호박잎된장찌개  깐풍기  해파리겨자채  도토리묵*양념장  포기김치 (김치:국내산) ,빠에야 (쌀:국내산) 냉모밀국수  감자치즈구이  비빔만두  수박  포기김치 (김치:국내산) ,764.0,487.0,2332.0,0.3276157804459691,26.4875,31.1,21.8,,75.91666666666667,,True
2018-07-13,금,2704.0,200.0,302.0,29.0,0.0,모닝롤/마늘빵  우유/주스 계란후라이 팥죽/쌀밥 (쌀:국내산) 오징어국  아삭고추무침  포기김치 (김치:국내산) ,쌀밥/잡곡밥 (쌀:국내산) 어묵국  등갈비김치찜  연두부*양념장  콩나물무침  알타리김치 (김치:국내산) ,쌀밥/잡곡밥 (쌀:국내산) 시금치국  해물누룽지탕  미트볼케찹조림  양념깻잎지  포기김치 (김치:국내산) ,585.0,394.0,2202.0,0.2656675749318801,27.0625,31.7,22.4,,74.875,,True
2018-07-16,월,2704.0,150.0,199.0,318.0,0.0,모닝롤/와플  우유/주스 계란후라이 누룽지탕/쌀밥 (쌀:국내산) 감자국  동전쥐포무침  포기김치 (김치:국내산) ,쌀밥/잡곡밥 (쌀:국내산) 된장찌개  소불고기  동그랑땡전  실곤약야채무침  포기김치 (김치:국내산) ,쌀밥/잡곡밥 (쌀:국내산) 돈육김치찌개  꽁치오븐구이  모듬소세지구이  오이맛살냉채  알타리김치 (김치:국내산) ,1061.0,529.0,2355.0,0.4505307855626327,28.27083333333333,34.3,22.8,,69.95833333333333,,True
2018-07-17,화,2704.0,111.0,256.0,307.0,0.0,모닝롤/햄치즈샌드  우유/주스 스크램블에그 흑임자죽/쌀밥 (쌀:국내산) 콩나물국  두반장가지볶음  포기김치 (김치:국내산) ,삼계탕 (쌀:국내산) 찹쌀밥  생야채  참나물생채  수박  석박지 (김치:국내산) ,해물굴소스볶음밥 (쌀:국내산) 가쯔오국  로제파스타  감자튀김  청포도피클  포기김치 (김치:국내산) ,1116.0,451.0,2337.0,0.47753530166880614,28.016666666666666,33.1,22.7,,70.08333333333333,,True
2018-07-18,수,2704.0,108.0,254.0,0.0,0.0,모닝롤/베이글  우유/주스 계란후라이 누룽지탕/쌀밥 (쌀:국내산) 조랭이떡국  무생채  포기김치 (김치:국내산) ,콩나물밥 (쌀:국내산) 유부장국  해물까스*칠리소스  메추리알조림  찐햇감자  배추겉절이 (김치:국내산) ,쌀밥/잡곡밥 (쌀:국내산) 소고기미역국  오징어볶음  명란계란찜  두부카프레제  포기김치 (김치:국내산) ,839.0,407.0,2342.0,0.3582408198121264,27.39583333333333,32.4,22.0,,70.91666666666667,,True
2018-07-19,목,2704.0,113.0,285.0,265.0,0.0,모닝롤/참치샌드  우유/주스 계란후라이 야채죽/쌀밥 (쌀:국내산) 북어해장국  김자반  포기김치 (김치:국내산) ,쌀밥/잡곡밥 (쌀:국내산) 해물순두부찌개  안동찜닭  부추전  청경채무침  포기김치 (김치:국내산) ,김밥 (쌀:국내산) 김치말이국수  떡볶이  찐옥수수  꼬들단무지/음료  포기김치 (김치:국내산) ,748.0,554.0,2306.0,0.32437120555073723,28.041666666666668,34.0,22.8,,68.625,,True
2018-07-20,금,2704.0,273.0,291.0,49.0,0.0,모닝롤/고구마파이  우유/주스 계란후라이 해물죽/쌀밥 (쌀:국내산) 대구찌개  오이무침  포기김치 (김치:국내산) ,쌀밥/잡곡밥 (쌀:국내산) 우무콩국  유자청제육볶음  통도라지구이  호박잎*양배추쌈  포기김치 (김치:국내산) ,쌀밥/잡곡밥 (쌀:국내산) 꽃게탕  돈육간장강정  두부구이  아몬드멸치볶음  포기김치 (김치:국내산) ,489.0,394.0,2140.0,0.22850467289719625,28.091666666666665,34.3,22.2,,67.625,,True
2018-07-23,월,2704.0,224.0,223.0,341.0,0.0,모닝롤/마늘빵  우유/주스 계란후라이 누룽지탕/쌀밥 (쌀:국내산) 김치국  김구이  포기김치 (김치:국내산) ,쌀밥/잡곡밥 (쌀:국내산) 어묵국  돈육굴소스볶음  오징어야채무침  간장깻잎지  포기김치 (김치:국내산) ,쌀밥/잡곡밥 (쌀:국내산) 매운소고기국  유산슬  비엔나야채볶음  얼갈이나물  열무김치 (김치:국내산) ,991.0,515.0,2257.0,0.43907842268498004,28.0875,33.2,24.1,,70.04166666666667,,True
2018-07-24,화,2704.0,201.0,232.0,392.0,0.0,모닝롤/바나나샌드  우유/주스 스크램블에그 새우살죽/쌀밥 (쌀:국내산) 들깨버섯국  진미채무침  포기김치 (김치:국내산) ,쌀밥/잡곡밥 (쌀:국내산) 우거지해장국  삼치양념구이  함박스테이크  아삭고추무침  포기김치 (김치:국내산) ,김치볶음밥 (쌀:국내산) 유부장국  탄두리치킨  모듬묵샐러드  천도복숭아  깍두기 (김치:국내산) ,886.0,526.0,2271.0,0.3901365037428446,28.58333333333333,33.5,24.1,,69.375,,True
2018-07-25,수,2704.0,226.0,256.0,1.0,0.0,모닝롤/찐빵  우유/주스 계란후라이 누룽지탕/쌀밥 (쌀:국내산) 새알만두국  애호박나물  포기김치 (김치:국내산) ,쌀밥/잡곡밥 (쌀:국내산) 쇠고기샤브국  유린기  사각어묵볶음  오이사과생채  포기김치 (김치:국내산) ,            ,760.0,0.0,2222.0,0.342034203420342,28.67083333333333,33.0,23.6,,71.66666666666667,,True
2018-07-26,목,2704.0,272.0,265.0,299.0,0.0,모닝롤/고구마샌드  우유/주스 계란후라이 참치죽/쌀밥 (쌀:국내산) 된장찌개  문어꽈리초조림  포기김치 (김치:국내산) ,쌀밥/잡곡밥 (쌀:국내산) 오이지냉국  매운돼지갈비찜  콩나물냉채  참나물땅콩무침  포기김치 (김치:국내산) ,멸치주먹밥 (쌀:국내산) 우동  표고버섯탕수육  햄치즈또띠아  요플레  포기김치 (김치:국내산) ,714.0,484.0,2167.0,0.3294877711121366,29.45833333333333,34.9,24.5,,69.04166666666667,,True
2018-07-27,금,2704.0,403.0,271.0,59.0,0.0,모닝롤/크로와상  우유/주스 계란후라이 소고기죽/쌀밥 (쌀:국내산) 건새우아욱국  연근조림  포기김치 (김치:국내산) ,쌀밥/잡곡밥 (쌀:국내산) 닭곰탕  주꾸미떡볶음  새송이버섯전  치커리유자청무침  포기김치 (김치:국내산) ,쌀밥/잡곡밥 (쌀:국내산) 차돌박이찌개  쇠고기장조림  감자채볶음  상추겉절이  포기김치 (김치:국내산) ,589.0,388.0,2030.0,0.29014778325123153,30.495833333333337,36.7,24.9,,64.0,,True
2018-07-30,월,2704.0,487.0,193.0,401.0,0.0,모닝롤/프렌치토스트  우유/주스 계란후라이 누룽지탕/쌀밥 (쌀:국내산) 무채국  김잔파무침  포기김치 (김치:국내산) ,쌀밥/잡곡밥 (쌀:국내산) 근대국  닭갈비 (닭:국내산) 시금치프리타타  도라지오이생채  포기김치 (김치:국내산) ,쌀밥/잡곡밥 (쌀:국내산) 호박젓국찌개  장어강정  실곤약흑임자무침  부추생채  포기김치 (김치:국내산) ,944.0,436.0,2024.0,0.466403162055336,30.2375,35.9,23.6,,57.375,,True
2018-07-31,화,2704.0,433.0,228.0,287.0,0.0,모닝롤/에그샌드  우유/주스 스크램블에그 홍게살죽/쌀밥 (쌀:국내산) 북어국 (북어:러시아산) 숙주나물  포기김치 (김치:국내산) ,"쌀밥/잡곡밥 (쌀:국내산) 콩나물국  짬뽕불고기 (돈육:국내,오징어:뉴질랜드) 버섯잡채  가지나물  포기김치 (김치:국내산) ",김밥볶음밥 (쌀:국내산) 꼬치어묵탕  케이준샐러드  순대볶음  노각무침  포기김치 (김치:국내산) ,789.0,494.0,2043.0,0.38619676945668135,28.616666666666664,33.9,25.1,,67.20833333333333,1.0,True
2018-08-01,수,2996.0,489.0,209.0,0.0,0.0,모닝롤/꿀호떡  우유/주스 계란후라이 누룽지탕/쌀밥 (쌀:국내산) 고추장찌개  땅콩조림  포기김치 (김치:국내산) ,카레덮밥 (쌀:국내산) 가쯔오장국  떡갈비조림 (돈육:국내산) 감자만두  오복지/과일  포기김치 (김치:국내산) ,쌀밥/잡곡밥 (쌀:국내산) 쇠고기무국 (쇠고기:호주산) 꽁치김치말이  고기전  셀프무쌈말이  알타리김치 (김치:국내산) ,820.0,395.0,2298.0,0.3568320278503046,28.491666666666664,33.9,23.0,,64.79166666666667,,True
2018-08-02,목,2996.0,548.0,229.0,209.0,0.0,모닝롤/씨크립샌드  우유/주스 계란후라이 야채죽/쌀밥 (쌀:국내산) 감자국  느타리볶음  포기김치 (김치:국내산) ,쌀밥/잡곡밥 (쌀:국내산) 돈육김치찌개 (돈육:국내산) 갈치양념조림 (갈치:세네갈) 옥수수전  청경채사과무침  열무김치 (김치:국내산) ,야채주먹밥 (쌀:국내산) 잔치국수  훈제오리냉채 (오리:국내산) 단호박범벅  수제오이피클  포기김치 (김치:국내산) ,631.0,425.0,2219.0,0.28436232537178907,29.15,35.5,22.7,,62.833333333333336,,True
2018-08-03,금,2996.0,665.0,242.0,34.0,0.0,모닝롤/치즈프레즐  우유/주스 계란후라이 견과류죽/쌀밥 (쌀:국내산) 오징어국 (오징어:뉴질랜드) 시래기조림  포기김치 (김치:국내산) ,쌀밥/잡곡밥 (쌀:국내산) 연두부탕  닭오븐구이 (닭:꾹내산) 꽈리고추어묵조림  브로컬리*초장  포기김치 (김치:국내산) ,쌀밥/잡곡밥 (쌀:국내산) 콩가루배추국  언양식불고기 (돈육:외국산) 황태양념구이 (황태:러시아산) 무생채  포기김치 (김치:국내산) ,540.0,367.0,2089.0,0.2584968884633796,29.34166666666667,35.2,23.4,,61.333333333333336,,True
2018-08-06,월,2996.0,504.0,158.0,333.0,0.0,모닝롤/시금치핫케익  우유/주스 계란후라이 누룽지탕/쌀밥 (쌀:국내산) 들깨미역국  건새우마늘쫑볶음 아오리사과 포기김치 (김치:국내산) ,쌀밥/잡곡밥 (쌀:국내산) 콩나물김치국  소불고기  골뱅이무침*소면  호박나물  알타리김치 (김치:국내산) ,쌀밥/잡곡밥 (쌀:국내산) 어묵국  닭볶음탕  연두부*양념  치커리생채  포기김치 (김치:국내산) ,1092.0,522.0,2334.0,0.46786632390745503,30.825,36.7,24.9,,60.833333333333336,,True
2018-08-07,화,2996.0,469.0,206.0,366.0,0.0,모닝롤/토마토샌드  우유/주스 스크램블에그 밤죽/쌀밥 (쌀:국내산) 민물새우찌개  김구이  포기김치 (김치:국내산) ,쌀밥/잡곡밥 (쌀:국내산) 얼갈이된장국  오징어볶음  닭살겨자냉채  미역줄기볶음  포기김치 (김치:국내산) ,목살필라프 (쌀:국내산) 미니우동  생선까스*탈탈소스  오이무침  또띠아견과칩  포기김치 (김치:국내산) ,773.0,534.0,2321.0,0.3330461008186127,29.916666666666668,36.3,24.8,,67.04166666666667,,True
2018-08-08,수,2996.0,470.0,235.0,0.0,0.0,모닝롤/카스텔라  우유/주스 계란후라이 누룽지탕/쌀밥 (쌀:국내산) 대구찌개  깻순나물 수박 포기김치 (김치:국내산) ,열무보리비빔밥 (쌀:국내산) 맑은국  깐풍육  꽃맛살샐러드  찐옥수수  포기김치 (김치:국내산) ,쌀밥/잡곡밥 (쌀:국내산) 육개장  고추잡채*꽃빵  계란말이  양배추쌈*쌈장  포기김치 (김치:국내산) ,896.0,421.0,2291.0,0.39109559144478395,28.45416666666667,34.2,26.0,,74.625,1.0,True
2018-08-09,목,2996.0,491.0,227.0,271.0,0.0,모닝롤/야채샌드  우유/주스 계란후라이 브로컬리죽/쌀밥 (쌀:국내산) 시금치국  지리멸치볶음  포기김치 (김치:국내산) ,쌀밥/잡곡밥 (쌀:국내산) 미역오이냉국  돈육장조림  온두부  양념깻잎지  볶음김치 (김치:국내산) ,쌀밥/잡곡밥 (쌀:국내산) 옛날돈까스  미소장국  딸기드레싱샐러드  감자범벅/무피클 주스 포기김치 (김치:국내산) ,821.0,509.0,2278.0,0.3604038630377524,27.8,35.6,23.8,,76.625,1.0,True
2018-08-10,금,2996.0,562.0,254.0,30.0,0.0,모닝롤/단팥빵  우유/주스 계란후라이 단호박죽/쌀밥 (쌀:국내산) 선지해장국  꽈리고추찜  포기김치 (김치:국내산) ,쌀밥/잡곡밥 (쌀:국내산) 된장찌개  굴비구이  미트볼케찹조림  사과맛살초무침  포기김치 (김치:국내산) ,쌀밥/잡곡밥 (쌀:국내산) 시래기국  돈삼겹보쌈  매운어묵볶음  미역레몬초무침  배추겉절이 (김치:국내산) ,548.0,467.0,2180.0,0.25137614678899084,28.73333333333333,34.5,25.5,,75.75,,True
2018-08-13,월,2996.0,575.0,184.0,297.0,0.0,모닝롤/마늘빵  우유/주스 계란후라이 누룽지탕/쌀밥 (쌀:국내산) 오징어국  김자반  포기김치 (김치:국내산) ,쌀밥/잡곡밥 (쌀:국내산) 들깨버섯국  제육볶음  계란찜  참나물무침  포기김치 (김치:국내산) ,쌀밥/잡곡밥 (쌀:국내산) 콩나물국  닭데리야끼구이  신김치도토리묵  시금치무침  알타리김치 (김치:국내산) ,930.0,465.0,2237.0,0.41573535985695126,27.1875,31.9,23.3,,74.08333333333333,1.0,True
2018-08-14,화,2996.0,551.0,217.0,153.0,0.0,모닝롤/참치샌드  우유/주스 스크램블에그 김치죽/쌀밥 (쌀:국내산) 황태국  노각무침  포기김치 (김치:국내산) ,쌀밥/잡곡밥 (쌀:국내산) 차돌박이된장찌개  해물누룽지탕  쫄면야채무침  해초무침  열무김치 (김치:국내산) ,곤드레밥*강된장 (쌀:국내산) 맑은국  후르츠탕수육  오이초무침  찐감자  포기김치 (김치:국내산) ,772.0,393.0,2228.0,0.3464991023339318,29.40416666666667,34.5,24.9,,66.20833333333333,,True
2018-08-16,목,2996.0,481.0,228.0,228.0,0.0,모닝롤/야채샌드  우유/주스 계란후라이 양송이죽/쌀밥 (쌀:국내산) 고추장찌개  시래기조림  포기김치 (김치:국내산) ,쌀밥/잡곡밥 (쌀:국내산) 닭개장 (닭고기:국내산) 동태포전 (동태포:러시아산) 주꾸미굴소스볶음  아삭고추무침  포기김치 (김치:국내산) ,충무김밥 (쌀:국내산) 콩국수  오징어초무침  홍시드레싱샐러드  바나나  석박지 (김치:국내산) ,789.0,488.0,2287.0,0.344993441189331,28.60833333333333,36.8,23.2,,68.08333333333333,1.0,True
2018-08-17,금,2996.0,530.0,245.0,30.0,0.0,모닝롤/고구마파이  우유/주스 계란후라이 잣죽/쌀밥 (쌀:국내산) 열무된장국  영양부추생채  포기김치 (김치:국내산) ,쌀밥/잡곡밥 (쌀:국내산) 알탕  쇠고기단호박조림  두부오꼬노미야끼  콩나물무침  포기김치 (김치:국내산) ,쌀밥/잡곡밥 (쌀:국내산) 부대찌개  등갈비바베큐조림  어묵잡채  쫑상추무침  포기김치 (김치:국내산) ,646.0,482.0,2221.0,0.2908599729851418,26.008333333333336,30.7,23.5,,81.16666666666667,1.0,True
2018-08-20,월,2996.0,204.0,206.0,475.0,0.0,모닝롤/팬케익  우유/주스 계란후라이 누룽지탕/쌀밥 (쌀:국내산) 감자국  두부쑥갓무침  포기김치 (김치:국내산) ,쌀밥/잡곡밥 (쌀:국내산) 시금치된장국  훈제오리구이  실곤약무침  무쌈/양파절임  포기김치 (김치:국내산) ,쌀밥/잡곡밥 (쌀:국내산) 호박새우젓국  매운닭찜  모듬소세지  마늘쫑건새우  포기김치 (김치:국내산) ,1199.0,563.0,2586.0,0.46365042536736273,24.212499999999995,31.0,18.4,,68.04166666666667,,True
2018-08-21,화,2996.0,168.0,237.0,355.0,0.0,모닝롤/고구마샌드  우유/주스 스크램블에그 닭죽/쌀밥 (쌀:국내산) 김치국  동전쥐포무침  포기김치 (김치:국내산) ,쌀밥/잡곡밥 (쌀:국내산) 미역국  소고기불고기  양념두부조림  도라지나물  열무김치 (김치:국내산) ,"투움바스파게티 (쌀:국내산) 가쯔오국  함박스테이크  감자튀김  피클,음료  포기김치 (김치:국내산) ",972.0,629.0,2591.0,0.37514473176379776,24.745833333333334,30.5,18.9,,68.70833333333333,,True
2018-08-22,수,2996.0,147.0,238.0,0.0,0.0,모닝롤/베이글  우유/주스 스크램블에그 누룽지탕죽/쌀밥 (쌀:국내산) 소고기무국  가지볶음  포기김치 (김치:국내산) ,비빔밥  미소장국  해물까스  궁중떡볶이  영양모듬견과  포기김치 (김치:국내산) ,쌀밥/잡곡밥 (쌀:국내산) 시래기국  양념갈비찜  감자채볶음  부추생채  포기김치 (김치:국내산) ,1000.0,536.0,2611.0,0.38299502106472616,26.525,33.3,19.5,,65.625,,True
2018-08-23,목,2996.0,132.0,263.0,289.0,0.0,모닝롤/햄치즈샌드  우유/주스 계란후라이 야채죽/쌀밥 (쌀:국내산) 연두부탕  연근조림  포기김치 (김치:국내산) ,쌀밥/잡곡밥 (쌀:국내산) 된장찌개  꽁치레몬구이  동그랑땡  무생채  포기김치 (김치:국내산) ,멸치주먹밥 (쌀:국내산) 나가사끼짬뽕  새우또띠아  꽃맛살샐러드  수박  포기김치 (김치:국내산) ,835.0,577.0,2601.0,0.32103037293348713,28.39583333333333,33.8,23.0,,64.83333333333333,,True
2018-08-24,금,2996.0,219.0,284.0,46.0,0.0,모닝롤/치즈프레즐  우유/주스 계란후라이 녹두죽/쌀밥 (쌀:국내산) 무채국  감자조림  포기김치 (김치:국내산) ,쌀밥/잡곡밥 (쌀:국내산) 우무묵냉국  마늘치킨  계란말이  치커리생채  포기김치 (김치:국내산) ,쌀밥/잡곡밥 (쌀:국내산) 어묵국  오징어볶음  비엔나케찹볶음  열무나물  포기김치 (김치:국내산) ,678.0,529.0,2493.0,0.2719614921780987,26.725,29.6,24.3,,77.25,1.0,True
2018-08-27,월,2996.0,138.0,226.0,492.0,0.0,모닝롤/와플  우유/주스 계란후라이 누룽지탕/쌀밥 (쌀:국내산) 버섯매운국  명엽채무침  포기김치 (김치:국내산) ,쌀밥/잡곡밥 (쌀:국내산) 배추된장국  돈육간장불고기  홍어채무침  어묵볶음  포기김치 (김치:국내산) ,쌀밥/잡곡밥 (쌀:국내산) 차돌박이찌개  코다리조림  해물김치전  청경채생채  열무김치 (김치:국내산) ,1221.0,560.0,2632.0,0.46390577507598785,22.433333333333334,24.2,21.2,,90.16666666666669,1.0,True
2018-08-28,화,2996.0,104.0,243.0,376.0,0.0,모닝롤/식빵피자  우유/주스 스크램블에그 팥죽/쌀밥 (쌀:국내산) 콩나물국  느타리버섯볶음  포기김치 (김치:국내산) ,쌀밥/잡곡밥 (쌀:국내산) 쇠고기샤브국  탕수어  쫄면무침  참나물땅콩무침  포기김치 (김치:국내산) ,볶음밥*짜장소스 (쌀:국내산) 맑은국  깐풍기  감자치즈구이  단무지/과일  포기김치 (김치:국내산) ,873.0,593.0,2649.0,0.32955832389580975,23.59166666666667,26.3,21.2,,92.45833333333331,1.0,True
2018-08-29,수,2996.0,103.0,258.0,0.0,0.0,모닝롤/브라우니  우유/주스 계란후라이 누룽지탕/쌀밥 (쌀:국내산) 대구탕  검정콩조림  포기김치 (김치:국내산) ,콩나물밥 (쌀:국내산) 팽이장국  치킨핑거  메추리알조림  과일샐러드  배추겉절이 (김치:국내산) ,    *        ,915.0,0.0,2635.0,0.34724857685009486,25.96666666666667,31.3,22.3,,82.375,1.0,True
2018-08-30,목,2996.0,106.0,264.0,304.0,0.0,모닝롤/바나나샌드  우유/주스 계란후라이 새송이죽/쌀밥 (쌀:국내산) 고추장찌개  크랜베리멸치볶음  포기김치 (김치:국내산) ,쌀밥/잡곡밥 (쌀:국내산) 근대국  모듬장조림  마파두부  숙주나물  포기김치 (김치:국내산) ,오므라이스 (쌀:국내산) 미역장국  모듬튀김*칠리소스  멕시칸샐러드  오이무침  포기김치 (김치:국내산) ,849.0,556.0,2626.0,0.3233054074638233,26.241666666666664,30.1,22.4,,77.08333333333333,,True
2018-08-31,금,2996.0,216.0,289.0,70.0,0.0,모닝롤/애플파이  우유/주스 계란후라이 호두죽/쌀밥 (쌀:국내산) 맑은만두육개장  김자반  포기김치 (김치:국내산) ,쌀밥/잡곡밥 (쌀:국내산) 조랭이떡국  소고기낙지볶음  두부새싹구이  도라지생채  포기김치 (김치:국내산) ,쌀밥/잡곡밥 (쌀:국내산) 황태국  유자청제육볶음  해파리냉채  호박나물  포기김치 (김치:국내산) ,817.0,424.0,2491.0,0.32798073063026895,26.67083333333333,29.4,24.6,,79.16666666666667,1.0,True
2018-09-03,월,2763.0,122.0,233.0,393.0,0.0,모닝롤/찐빵  우유/주스 계란후라이 누룽지탕/쌀밥 (쌀:국내산) 동태찌개  진미채무침  포기김치 (김치:국내산) ,쌀밥/잡곡밥 (쌀:국내산) 콩나물국  버섯불고기  브로컬리오징어숙회  취나물  포기김치 (김치:국내산) ,쌀밥/잡곡밥 (쌀:국내산) 돈육김치찌개  유산슬  계란찜  땅콩조림  알타리김치 (김치:국내산) ,1213.0,577.0,2408.0,0.5037375415282392,21.091666666666665,22.8,19.9,,79.5,1.0,True
2018-09-04,화,2763.0,91.0,262.0,404.0,0.0,모닝롤/야채샌드  우유/주스 스크램블에그 참치죽/쌀밥 (쌀:국내산) 아욱국  미역줄기볶음  포기김치 (김치:국내산) ,쌀밥/잡곡밥 (쌀:국내산) 들깨시래기국  동파삼겹수육  녹두전  야채스틱*쌈장  배추겉절이 (김치:국내산) ,닭갈비볶음밥 (쌀:국내산) 가쯔오장국  크림카레우동  왕만두  양배추샐러드/무피클  포기김치 (김치:국내산) ,938.0,604.0,2410.0,0.3892116182572614,22.975,25.3,20.7,,88.875,1.0,True
2018-09-05,수,2763.0,93.0,269.0,0.0,0.0,모닝롤/메론롤케익  우유/주스 계란후라이 누룽지탕/쌀밥 (쌀:국내산) 김치콩나물국  문어꽈리초조림  포기김치 (김치:국내산) ,김치제육덮밥 (쌀:국내산) 맑은국  샐러드파스타  오징어튀김  무생채  열무김치 (김치:국내산) ,쌀밥/잡곡밥 (쌀:국내산) 육개장  고등어구이  훈제오리냉채  우엉곤약조림  포기김치 (김치:국내산) ,829.0,425.0,2401.0,0.3452728029987505,24.52916666666667,31.1,18.9,,68.70833333333333,1.0,True
2018-09-06,목,2763.0,106.0,283.0,280.0,0.0,모닝롤/씨크립샌드  우유/주스 계란후라이 쇠고기죽/쌀밥 (쌀:국내산) 어묵국  아삭고추무침  포기김치 (김치:국내산) ,쌀밥/잡곡밥 (쌀:국내산) 꽃게탕  간장찜닭  연두부*양념장  마늘쫑무침  포기김치 (김치:국내산) ,꼬마김밥*겨자장 (쌀:국내산) 잔치국수  돈육강정  키위드레싱샐러드  요플레  포기김치 (김치:국내산) ,830.0,538.0,2374.0,0.34962089300758215,22.3125,29.2,15.4,,68.625,,True
2018-09-07,금,2763.0,164.0,303.0,56.0,0.0,모닝롤/꿀호떡  우유/주스 계란후라이 홍게살죽/쌀밥 (쌀:국내산) 열무된장국  가지나물  포기김치 (김치:국내산) ,쌀밥/잡곡밥 (쌀:국내산) 미역국  매운주꾸미볶음  새송이버섯전  건파래무침  포기김치 (김치:국내산) ,쌀밥/잡곡밥 (쌀:국내산) 콩비지찌개  생선까스*칠리소스  두부양념조림  청포묵무침  포기김치 (김치:국내산) ,581.0,467.0,2296.0,0.2530487804878049,21.5625,25.1,17.4,,78.04166666666667,,True
2018-09-10,월,2763.0,99.0,243.0,343.0,0.0,모닝롤/단팥빵  우유/주스 계란후라이 누룽지탕/쌀밥 (쌀:국내산) 감자국  김구이  포기김치 (김치:국내산) ,쌀밥/잡곡밥 (쌀:국내산) 연두부국  돈육고추장불고기  감자채볶음  양배추쌈  포기김치 (김치:국내산) ,쌀밥/잡곡밥 (쌀:국내산) 청국장찌개  가자미튀김  돈육잡채  양념깻잎지  포기김치 (김치:국내산) ,1144.0,535.0,2421.0,0.4725320115654688,20.191666666666663,27.8,13.0,,69.0,,True
2018-09-11,화,2763.0,67.0,272.0,370.0,0.0,모닝롤/인절미샌드  우유/주스 스크램블에그 김치죽/쌀밥 (쌀:국내산) 북어해장국  동전쥐포무침  포기김치 (김치:국내산) ,쌀밥/잡곡밥 (쌀:국내산) 쇠고기미역국  닭매운찜  두부스테이크  흑임자연근샐러드  포기김치 (김치:국내산) ,김밥 (쌀:국내산) 김치말이국수  떡볶이  찐옥수수  꼬들단무지/음료  포기김치 (김치:국내산) ,960.0,570.0,2424.0,0.39603960396039606,20.5625,25.9,15.7,,62.625,,True
2018-09-12,수,2763.0,73.0,300.0,0.0,0.0,모닝롤/초코핫케익  우유/주스 계란후라이 누룽지탕/쌀밥 (쌀:국내산) 배추된장국  무나물  포기김치 (김치:국내산) ,소불고기덮밥 (쌀:국내산) 가쯔오장국  오징어튀김  구운채소 *발사믹소스 오복지무침  포기김치 (김치:국내산) ,쌀밥/잡곡밥 (쌀:국내산) 매운쇠고기국  유린기  어묵무침  참나물생채  포기김치 (김치:국내산) ,805.0,435.0,2390.0,0.3368200836820084,19.383333333333336,24.4,13.6,,63.04166666666666,,True
2018-09-13,목,2763.0,67.0,306.0,297.0,0.0,모닝롤/토마토샌드  우유/주스 계란후라이 야채죽/쌀밥 (쌀:국내산) 된장찌개  두부브로컬리무침  포기김치 (김치:국내산) ,쌀밥/잡곡밥 (쌀:국내산) 시래기국  등갈비김치찜  부추전  콩나물무침  포기김치 (김치:국내산) ,쌀밥/잡곡밥 (쌀:국내산) 크림스프  수제돈까스*칠리소스  푸실리샐러드  오이미역무침  열무김치 (김치:국내산) ,882.0,571.0,2390.0,0.36903765690376567,21.5,28.4,15.4,,69.66666666666667,,True
2018-09-14,금,2763.0,174.0,313.0,132.0,0.0,모닝롤/크로와상  우유/주스 계란후라이 해물죽/쌀밥 (쌀:국내산) 선지해장국  멸치볶음  포기김치 (김치:국내산) ,쌀밥/잡곡밥 (쌀:국내산) 고추장찌개  언양식불고기  계란말이  상추파무침  포기김치 (김치:국내산) ,쌀밥/잡곡밥 (쌀:국내산) 도토리묵냉국  해물누룽지탕  동그랑땡전  도라지무침  포기김치 (김치:국내산) ,405.0,375.0,2276.0,0.17794376098418277,20.70416666666667,22.3,18.9,,84.04166666666667,1.0,True
2018-09-17,월,2763.0,91.0,252.0,465.0,0.0,모닝롤/마늘빵  우유/주스 계란후라이 누룽지탕/쌀밥 (쌀:국내산) 무채국  김자반  포기김치 (김치:국내산) ,쌀밥/잡곡밥 (쌀:국내산) 어묵국  돈육굴소스볶음  골뱅이무침*소면  무생채  포기김치 (김치:국내산) ,쌀밥/잡곡밥 (쌀:국내산) 들깨버섯국  오징어볶음  단호박계란찜  셀프무쌈말이  포기김치 (김치:국내산) ,1189.0,522.0,2420.0,0.49132231404958676,24.016666666666666,28.9,20.8,,78.125,,True
2018-09-18,화,2763.0,67.0,289.0,446.0,0.0,모닝롤/피자샌드  우유/주스 스크램블에그 잣죽/쌀밥 (쌀:국내산) 열무된장국  연근조림  포기김치 (김치:국내산) ,쌀밥/잡곡밥 (쌀:국내산) 닭개장  류산슬  김치전  아삭고추무침  포기김치 (김치:국내산) ,유부초밥 (쌀:국내산) 우동  순대야채볶음  참치샐러드  음료  포기김치 (김치:국내산) ,946.0,597.0,2407.0,0.3930203572912339,23.21666666666667,27.8,20.1,,74.41666666666667,,True
2018-09-19,수,2763.0,77.0,288.0,0.0,0.0,모닝롤/오렌지빵  우유/주스 계란후라이 누룽지탕/쌀밥 (쌀:국내산) 떡국  숙주나물  포기김치 (김치:국내산) ,카레덮밥 (쌀:국내산) 유부장국  감자프리타타  메밀전병만두  쨔샤이무침/과일  포기김치 (김치:국내산) ,            ,833.0,0.0,2398.0,0.34737281067556297,22.758333333333336,28.7,19.4,,74.0,,True
2018-09-20,목,2763.0,93.0,277.0,385.0,0.0,모닝롤/옥수수샌드  우유/주스 계란후라이 양송이죽/쌀밥 (쌀:국내산) 콩나물국  취나물무침  포기김치 (김치:국내산) ,쌀밥/잡곡밥 (쌀:국내산) 꽃게탕  소고기장조림  명태조림  파래김*양념장  포기김치 (김치:국내산) ,김치볶음밥/계란 (쌀:국내산) 유부주머니국  해물까스*탈탈소스  단호박범벅  수제피클  알타리김치 (김치:국내산) ,817.0,468.0,2393.0,0.3414124529878813,20.425,23.9,16.1,,78.125,,True
2018-09-21,금,2763.0,260.0,241.0,51.0,0.0,모닝롤/애플파이  우유/주스 계란후라이 해물죽/쌀밥 (쌀:국내산) 오징어국  오이무침  포기김치 (김치:국내산) ,쌀밥/잡곡밥 (쌀:국내산) 아욱된장국  돼지갈비찜/잡채  쭈꾸미숙회무침  송편/식혜  배추겉절이 (김치:국내산) ,쌀밥/잡곡밥 (쌀:국내산) 시금치된장국  미니채소떡갈비  흑임자곤약샐러드  얼갈이생채  포기김치 (김치:국내산) ,929.0,247.0,2262.0,0.41069849690539345,20.433333333333334,22.2,19.3,,88.75,1.0,True
2018-10-08,월,2805.0,424.0,233.0,216.0,0.0,모닝롤/찐빵  우유/주스 계란후라이 누룽지탕/쌀밥 (쌀:국내산) 된장찌개  멸치볶음  포기김치 (김치:국내산) ,쌀밥/잡곡밥 (쌀:국내산) 어묵탕  돈육고추장불고기  감자채볶음  모듬쌈  포기김치 (김치:국내산) ,쌀밥/잡곡밥 (쌀:국내산) 참치김치찌개  안동찜닭  고추잡채*꽃빵  가지무침  알타리김치 (김치:국내산) ,895.0,442.0,2148.0,0.4166666666666667,18.45,26.5,12.8,,76.0,,True
2018-10-10,수,2805.0,80.0,232.0,1044.0,0.0,모닝롤/오렌지케익빵  우유/주스 계란후라이 누룽지탕/쌀밥 (쌀:국내산) 알탕  시금치나물  포기김치 (김치:국내산) ,곤드레밥*강된장 (쌀:국내산) 맑은국  돈육강정  사과고구마그라탱  오이초무침  포기김치 (김치:국내산) ,쌀밥/잡곡밥 (쌀:국내산) 쇠고기샤브국  가자미양념찜  꽃맛살볶음  비트무생채  포기김치 (김치:국내산) ,1319.0,751.0,2493.0,0.5290814279983955,14.558333333333332,18.5,10.9,,73.54166666666667,,True
2018-10-11,목,2805.0,67.0,240.0,430.0,0.0,모닝롤/씨크립샌드  우유/주스 계란후라이 쇠고기죽/쌀밥 (쌀:국내산) 시래기국  미역나물  포기김치 (김치:국내산) ,쌀밥/잡곡밥 (쌀:국내산) 들깨버섯국  오징어볶음  단호박계란찜  청경채사과무침  포기김치 (김치:국내산) ,김치주먹밥 (쌀:국내산) 우동  타코야끼  콥샐러드  귤  열무김치 (김치:국내산) ,1211.0,743.0,2498.0,0.48478783026421135,15.237500000000002,18.8,12.0,,63.708333333333336,,True
2018-10-12,금,2805.0,192.0,288.0,28.0,0.0,모닝롤/꿀호떡  우유/주스 계란후라이 홍게살죽/쌀밥 (쌀:국내산) 연두부국  진미채무침  포기김치 (김치:국내산) ,쌀밥/잡곡밥 (쌀:국내산) 설렁탕  김치전  오징어젓무침  야채스틱/과일  석박지 (김치:국내산) ,쌀밥/잡곡밥 (쌀:국내산) 호박젓국찌개  장어강정  실곤약흑임자무침  부추생채  포기김치 (김치:국내산) ,622.0,467.0,2325.0,0.2675268817204301,12.420833333333333,17.7,5.8,,45.79166666666666,,True
2018-10-15,월,2805.0,101.0,243.0,268.0,0.0,모닝롤/마늘빵  우유/주스 계란후라이 누룽지탕/쌀밥 (쌀:국내산) 콩나물국  김구이  포기김치 (김치:국내산) ,쌀밥/잡곡밥 (쌀:국내산) 열무된장국  버섯불고기  맛살겨자채  깻잎지  포기김치 (김치:국내산) ,쌀밥/잡곡밥 (쌀:국내산) 동태찌개  쇠고기장조림  계란말이  미역줄기볶음  포기김치 (김치:국내산) ,1235.0,533.0,2461.0,0.5018285249898415,13.379166666666668,20.3,7.1,,74.25,,True
2018-10-16,화,2805.0,63.0,273.0,315.0,0.0,모닝롤/참치샌드  우유/주스 스크램블에그 김치죽/쌀밥 (쌀:국내산) 꽃게탕  꽈리고추찜  포기김치 (김치:국내산) ,쌀밥/잡곡밥 (쌀:국내산) 매운소고기무국  조기구이  우엉잡채  참나물생채  포기김치 (김치:국내산) ,해물굴소스볶음밥 (쌀:국내산) 가쯔오장국  닭오븐구이  딸기드레싱샐러드  음료  포기김치 (김치:국내산) ,928.0,570.0,2469.0,0.3758606723369785,14.529166666666669,22.1,8.6,,71.79166666666667,,True
2018-10-17,수,2805.0,68.0,294.0,0.0,0.0,모닝롤/크로와상  우유/주스 계란후라이 누룽지탕/쌀밥 (쌀:국내산) 북어해장국  모듬묵샐러드  포기김치 (김치:국내산) ,콩나물밥 (쌀:국내산) 유부장국  생선가스*칠리소스  가래떡구이*조청  땅콩조림  포기김치 (김치:국내산) ,쌀밥/잡곡밥 (쌀:국내산) 차돌박이된장찌개  꽁치구이  미트볼조림  청경채무침  포기김치 (김치:국내산) ,761.0,422.0,2443.0,0.31150225133033155,12.141666666666666,16.8,7.9,,78.83333333333333,,True
2018-10-18,목,2805.0,74.0,299.0,175.0,0.0,모닝롤/토마토샌드  우유/주스 계란후라이 야채죽/쌀밥 (쌀:국내산) 새알미역국  연근조림  포기김치 (김치:국내산) ,쌀밥/잡곡밥 (쌀:국내산) 감자국  김치제육볶음  해물파전  브로컬리들깨찜  열무김치 (김치:국내산) ,유부초밥 (쌀:국내산) 짬뽕  탕수육  생과일플레인샐러드  단무지  포기김치 (김치:국내산) ,857.0,532.0,2432.0,0.35238486842105265,12.370833333333332,20.4,5.7,,73.375,,True
2018-10-19,금,2805.0,207.0,303.0,40.0,0.0,모닝롤/사과파이  우유/주스 계란후라이 크림누룽지탕/쌀밥 (쌀:국내산) 올갱이아욱국  단배추나물  포기김치 (김치:국내산) ,쌀밥/잡곡밥 (쌀:국내산) 오징어국  닭갈비  연두부*양념장  호박나물  포기김치 (김치:국내산) ,쌀밥/잡곡밥 (쌀:국내산) 닭곰탕  류산슬  비엔나감자구이  아삭고추무침  포기김치 (김치:국내산) ,627.0,430.0,2295.0,0.27320261437908494,12.316666666666668,19.7,5.1,,61.0,,True
2018-10-22,월,2805.0,141.0,236.0,290.0,0.0,모닝롤/시금치핫케익  우유/주스 계란후라이 누룽지탕/쌀밥 (쌀:국내산) 김치두부국  가지나물  포기김치 (김치:국내산) ,쌀밥/잡곡밥 (쌀:국내산) 고추장찌개  돈육간장불고기  야채계란찜  오이무침  포기김치 (김치:국내산) ,쌀밥/잡곡밥 (쌀:국내산) 옹심이만두국  코다리조림  꽃맛살볶음  양배추쌈*쌈장  포기김치 (김치:국내산) ,1176.0,498.0,2428.0,0.4843492586490939,10.775,21.2,3.3,,68.08333333333333,,True
2018-10-23,화,2805.0,73.0,277.0,243.0,0.0,모닝롤/에그샌드  우유/주스 스크램블에그 팥죽/쌀밥 (쌀:국내산) 연두부탕  시래기조림  포기김치 (김치:국내산) ,쌀밥/잡곡밥 (쌀:국내산) 콩비지찌개  닭볶음탕  메밀전병만두  파래김*양념장  포기김치 (김치:국내산) ,볶음밥*짜장소스 (쌀:국내산) 맑은국  탕수어  감자범벅  수제피클/과일  포기김치 (김치:국내산) ,902.0,446.0,2455.0,0.3674134419551935,11.9,19.7,5.5,,75.54166666666667,,True
2018-10-24,수,2805.0,82.0,299.0,1.0,0.0,모닝롤/메론롤케익  우유/주스 계란후라이 누룽지탕/쌀밥 (쌀:국내산) 된장찌개  건새우마늘쫑볶음  포기김치 (김치:국내산) ,쌀밥/잡곡밥 (쌀:국내산) 콩나물국  등갈비김치찜  어묵볶음  톳두부무침  깍두기 (김치:국내산) ,쌀밥/잡곡밥 (쌀:국내산) 대구찌개  언양식불고기  멸치아몬드볶음  셀프무쌈말이  포기김치 (김치:국내산) ,777.0,464.0,2424.0,0.32054455445544555,14.1,21.1,9.4,,77.25,,True
2018-10-25,목,2805.0,110.0,315.0,158.0,0.0,모닝롤/베이컨샌드  우유/주스 계란후라이 잣죽/쌀밥 (쌀:국내산) 배추된장국  고구마순나물  포기김치 (김치:국내산) ,쌀밥/잡곡밥 (쌀:국내산) 얼갈이국  쇠고기낙지볶음  시금치프리타타  방풍나물  포기김치 (김치:국내산) ,야채주먹밥 (쌀:국내산) 김치우동  깐풍기  멕시칸샐러드  꼬들단무지/요플레  포기김치 (김치:국내산) ,722.0,469.0,2380.0,0.3033613445378151,11.904166666666669,21.0,5.2,,71.33333333333333,,True
2018-10-26,금,2805.0,263.0,308.0,25.0,0.0,모닝롤/브라우니  우유/주스 계란후라이 녹두죽/쌀밥 (쌀:국내산) 우거지해장국  문어꽈리초조림  포기김치 (김치:국내산) ,쌀밥/잡곡밥 (쌀:국내산) 근대국  오징어볶음  두부새싹구이  시금치나물  배추겉절이 (김치:국내산) ,쌀밥/잡곡밥 (쌀:국내산) 육개장  가자미카레튀김  메추리알조림  치커리무침  포기김치 (김치:국내산) ,528.0,370.0,2234.0,0.23634735899731424,11.245833333333335,20.1,4.3,,69.375,,True
2018-10-29,월,2805.0,155.0,250.0,316.0,0.0,모닝롤/프렌치토스트  우유/주스 계란후라이 누룽지탕/쌀밥 (쌀:국내산) 들깨버섯국  진미채무침  포기김치 (김치:국내산) ,쌀밥/잡곡밥 (쌀:국내산) 황태국  소불고기  홍어채무침  콩나물무침  포기김치 (김치:국내산) ,쌀밥/잡곡밥 (쌀:국내산) 해물된장찌개  짬뽕불고기  도토리묵무침  취나물  포기김치 (김치:국내산) ,1156.0,596.0,2400.0,0.4816666666666667,10.533333333333331,18.2,2.3,,70.04166666666667,1.0,True
2018-10-30,화,2805.0,89.0,300.0,206.0,0.0,모닝롤/바나나샌드  우유/주스 스크램블에그 흑임자죽/쌀밥 (쌀:국내산) 무채국  김자반  포기김치 (김치:국내산) ,쌀밥/잡곡밥 (쌀:국내산) 어묵국  동파삼겹수육  실곤약야채무침  쫑상추무침  배추겉절이 (김치:국내산) ,쌀밥/잡곡밥 (쌀:국내산) 부대찌개  갈치구이  버섯잡채  오이맛살초무침  깍두기 (김치:국내산) ,932.0,449.0,2416.0,0.38576158940397354,10.966666666666669,18.8,5.9,,74.625,1.0,True
2018-10-31,수,2805.0,111.0,306.0,0.0,0.0,모닝롤/단팥빵  우유/주스 계란후라이 누룽지탕/쌀밥 (쌀:국내산) 민물새우찌개  느타리볶음  포기김치 (김치:국내산) ,쌀밥/잡곡밥 (쌀:국내산) 콩나물국  수제돈가스  닭살겨자채  반달호박나물  포기김치 (김치:국내산) ,    자기계발의날        ,930.0,0.0,2388.0,0.38944723618090454,8.070833333333333,15.3,2.7,,65.41666666666667,,True
2018-11-01,목,2815.0,89.0,299.0,172.0,0.0,모닝롤/씨크립샌드  우유/주스 계란후라이 고구마죽/쌀밥 (쌀:국내산) 피바지락국  유채나물  포기김치 (김치:국내산) ,쌀밥/잡곡밥 (쌀:국내산) 시래기국  마늘간장치킨  새송이버섯전  청경채생채  포기김치 (김치:국내산) ,목살필라프 (쌀:국내산) 가쯔오장국  로제스파게티  웨지감자  무피클/샐러드  포기김치 (김치:국내산) ,703.0,483.0,2427.0,0.2896580140090647,8.0625,16.6,1.8,,68.625,,True
2018-11-02,금,2815.0,211.0,299.0,43.0,0.0,모닝롤/와플  우유/주스 계란후라이 새우살죽/쌀밥 (쌀:국내산) 쇠고기무국  숙주나물  포기김치 (김치:국내산) ,쌀밥/잡곡밥 (쌀:국내산) 배추된장국  훈제오리구이  참치야채전  무쌈/양파절임  포기김치 (김치:국내산) ,쌀밥/잡곡밥 (쌀:국내산) 순두부찌개  해물누룽지탕  계란말이  견과류조림  포기김치 (김치:국내산) ,539.0,434.0,2305.0,0.23383947939262473,,,,,,,False
2018-11-05,월,2815.0,104.0,248.0,391.0,0.0,모닝롤/호빵  우유/주스 계란후라이 누룽지탕/쌀밥 (쌀:국내산) 열무된장국  명엽채볶음  포기김치 (김치:국내산) ,쌀밥/잡곡밥 (쌀:국내산) 쇠고기샤브국  오징어볶음  단호박계란찜  도라지초무침  포기김치 (김치:국내산) ,쌀밥/잡곡밥 (쌀:국내산) 감자국  돈육간장불고기  쫄면무침  콩나물파채무침  포기김치 (김치:국내산) ,1088.0,542.0,2463.0,0.44173771822980107,9.279166666666669,20.5,1.4,,67.375,,True
2018-11-06,화,2815.0,69.0,269.0,393.0,0.0,모닝롤/인절미샌드  우유/주스 스크램블에그 브로컬리죽/쌀밥 (쌀:국내산) 북어해장국  김구이  포기김치 (김치:국내산) ,쌀밥/잡곡밥  매운콩나물국  닭데리야끼구이 (닭:국내산) 해파리냉채  치커리생채  배추겉절이 (김치:국내산) ,참치회덮밥 (쌀:국내산) 미소장국  쇠고기퀘사디아  과일샐러드  락교  포기김치 (김치:국내산) ,813.0,540.0,2477.0,0.32821962050867987,9.620833333333334,20.1,1.9,,70.04166666666667,,True
2018-11-07,수,2815.0,68.0,299.0,0.0,0.0,모닝롤/오렌지케익빵  우유/주스 계란후라이 누룽지탕/쌀밥 (쌀:국내산) 꽃게탕  어묵꽈리고추볶음  포기김치 (김치:국내산) ,곤드레밥*강된장 (쌀:국내산) 맑은국  사천식탕수육  탕평채  오징어젓무침  포기김치 (김치:국내산) ,쌀밥/잡곡밥 (쌀:국내산) 된장찌개  해물청경채볶음  두부커틀릿  깻잎지  포기김치 (김치:국내산) ,860.0,379.0,2448.0,0.35130718954248363,10.6,19.9,3.7,,74.58333333333333,,True
2018-11-08,목,2815.0,72.0,285.0,305.0,0.0,모닝롤/치킨샌드  우유/주스 계란후라이 쇠고기죽/쌀밥 (쌀:국내산) 선지해장국  가지나물  포기김치 (김치:국내산) ,쌀밥/잡곡밥 (쌀:국내산) 미역국  닭갈비  동태포전  무생채  포기김치 (김치:국내산) ,쌀밥/잡곡밥 (쌀:국내산) 뼈감자탕  해물까스*탈탈소스  풍기샐러드  부추무침  깍두기 (김치:국내산) ,926.0,443.0,2458.0,0.37672904800650936,12.420833333333333,17.5,8.1,,81.83333333333333,1.0,True
2018-11-09,금,2815.0,185.0,302.0,38.0,0.0,모닝롤/꿀호떡  우유/주스 계란후라이 홍게살죽/쌀밥 (쌀:국내산) 근대국  카레감자채볶음  포기김치 (김치:국내산) ,쌀밥/잡곡밥 (쌀:국내산) 육개장  고등어구이  비엔나케찹볶음  연근조림  포기김치 (김치:국내산) ,쌀밥/잡곡밥 (쌀:국내산) 콩비지찌개  쇠고기장조림  메밀전병만두  오이무침  포기김치 (김치:국내산) ,496.0,454.0,2328.0,0.21305841924398625,13.841666666666669,17.5,12.2,,89.66666666666667,1.0,True
2018-11-12,월,2815.0,123.0,228.0,401.0,0.0,모닝롤/마늘빵  우유/주스 계란후라이 누룽지탕/쌀밥 (쌀:국내산) 김치국  멸치볶음  포기김치 (김치:국내산) ,쌀밥/잡곡밥 (쌀:국내산) 순두부찌개  소고기불고기  골뱅이무침*소면  아삭고추무침  포기김치 (김치:국내산) ,쌀밥/잡곡밥 (쌀:국내산) 차돌박이찌개  유린기  마파두부  단배추나물  포기김치 (김치:국내산) ,1154.0,574.0,2464.0,0.46834415584415584,9.579166666666666,16.5,3.3,,80.125,1.0,True
2018-11-13,화,2815.0,91.0,280.0,328.0,0.0,모닝롤/햄치즈샌드  우유/주스 스크램블에그 호박죽/쌀밥 (쌀:국내산) 홍합탕  마늘쫑무침  포기김치 (김치:국내산) ,쌀밥/잡곡밥  청국장찌개  돈육강정  두부양념조림  유채나물  포기김치 (김치:국내산) ,통새우김밥 (쌀:국내산) 미니짬뽕  고구마그라탕  키위드레싱샐러드  단무지무침  포기김치 (김치:국내산) ,783.0,468.0,2444.0,0.32037643207855976,10.983333333333334,16.4,5.5,,75.70833333333333,1.0,True
2018-11-14,수,2815.0,89.0,263.0,0.0,0.0,모닝롤/시금치핫케익  우유/주스 계란후라이 누룽지탕/쌀밥 (쌀:국내산) 맑은만두국  무나물  포기김치 (김치:국내산) ,콩나물밥*양념장 (쌀:국내산) 팽이장국  치킨핑거*요거트드레싱  꽃맛살샐러드  얼갈이겉절이  포기김치 (김치:국내산) ,쌀밥/잡곡밥 (쌀:국내산) 시금치된장국  매운돼지갈비찜  옥수수계란찜  청경채생채  포기김치 (김치:국내산) ,800.0,391.0,2463.0,0.32480714575720665,9.1625,16.3,2.7,,76.66666666666667,,True
2018-11-15,목,2815.0,147.0,282.0,291.0,0.0,모닝롤/피자토스트  우유/주스 계란후라이 해물죽/쌀밥 (쌀:국내산) 대구매운탕  숙주나물  포기김치 (김치:국내산) ,쌀밥/잡곡밥 (쌀:국내산) 아욱국  유자청제육볶음  오징어숙회무침  상추무침  포기김치 (김치:국내산) ,볶음밥*짜장소스 (쌀:국내산) 유부장국  닭오븐구이  멕시칸샐러드  음료  포기김치 (김치:국내산) ,747.0,540.0,2386.0,0.31307627829002516,9.133333333333333,16.6,3.7,,75.54166666666667,,True
2018-11-16,금,2815.0,251.0,295.0,59.0,0.0,모닝롤/애플샌드  우유/주스 계란후라이 잣죽/쌀밥 (쌀:국내산) 어묵국  미역줄기볶음  포기김치 (김치:국내산) ,쌀밥/잡곡밥 (쌀:국내산) 알탕  언양식불고기  부추깻잎전  도토리묵무침  깍두기 (김치:국내산) ,쌀밥/잡곡밥 (쌀:국내산) 콩가루배추국  미트볼케찹조림  황태양념구이  검정콩조림  포기김치 (김치:국내산) ,616.0,435.0,2269.0,0.27148523578669015,8.549999999999999,17.6,1.9,,74.58333333333333,,True
2018-11-19,월,2815.0,118.0,230.0,416.0,0.0,모닝롤/핫도그  우유/주스 계란후라이 누룽지탕/쌀밥 (쌀:국내산) 얼갈이국  꽃맛살볶음  포기김치 (김치:국내산) ,쌀밥/잡곡밥 (쌀:국내산) 꽃게탕  돈육굴소스볶음 (돈육:국내산) 매운어묵볶음  콩나물무침  포기김치 (김치:국내산) ,쌀밥/잡곡밥 (쌀:국내산) 닭개장 (닭:국내산) 코다리양념조림 (코다리:러시아산) 모듬소세지구이  치커리사과무침  포기김치 (김치:국내산) ,1124.0,442.0,2467.0,0.4556141062018646,5.404166666666666,10.5,1.0,,67.83333333333333,,True
2018-11-20,화,2815.0,70.0,278.0,344.0,0.0,모닝롤/참치샌드  우유/주스 스크램블에그 땅콩죽/쌀밥 (쌀:국내산) 무채국  동전쥐포무침  포기김치 (김치:국내산) ,쌀밥/잡곡밥 (쌀:국내산) 들깨시래기국  주꾸미볶음  메추리알조림  통도라지구이  포기김치 (김치:국내산) ,김치볶음밥/계란 (쌀:국내산) 가쯔오장국  탄두리치킨 (닭:국내산) 콥샐러드  단무지  깍두기 (김치:국내산) ,740.0,485.0,2467.0,0.29995946493717063,7.149999999999999,14.8,1.3,,62.375,,True
2018-11-21,수,2815.0,81.0,290.0,0.0,0.0,모닝롤/크로와상  우유/주스 계란후라이 누룽지탕/쌀밥 (쌀:국내산) 오징어국 (오징어:뉴질랜드) 꽈리고추찜  포기김치 (김치:국내산) ,"카레덮밥 (쌀:국내산,돈육:국내산) 맑은국  새우까스*탈탈소스  파스타샐러드 (소고기채:호주산) 오이무침  포기김치 (김치:국내산) ",쌀밥/잡곡밥 (쌀:국내산) 열무된장국  삼겹살구이 (돈육:칠레산) 감자채볶음  쫑상추무침  포기김치 (김치:국내산) ,832.0,411.0,2444.0,0.3404255319148936,5.858333333333334,14.2,-0.3,,59.79166666666666,,True
2018-11-22,목,2815.0,80.0,287.0,325.0,0.0,모닝롤/토마토샌드  우유/주스 계란후라이 흑임자죽/쌀밥 (쌀:국내산) 된장찌개  가지나물  포기김치 (김치:국내산) ,쌀밥/잡곡밥 (쌀:국내산) 콩나물국  닭볶음탕 (닭:국내산) 두부구이*양념장  물파래무침  포기김치 (김치:국내산) ,멸치주먹밥 (쌀:국내산) 해물수제비  양장피잡채  부추만두  요플레  포기김치 (김치:국내산) ,718.0,436.0,2448.0,0.29330065359477125,5.0375000000000005,10.0,-0.2,,66.16666666666667,,True
2018-11-23,금,2815.0,222.0,305.0,57.0,0.0,모닝롤/치즈프레즐  우유/주스 계란후라이 홍게살죽/쌀밥 (쌀:국내산) 우거지해장국 (소고기:호주산) 진미채무침  포기김치 (김치:국내산) ,쌀밥/잡곡밥 (쌀:국내산) 근대국  버섯불고기 (소고기:호주산) 쫄면무침  취나물  배추겉절이 (김치:국내산) ,쌀밥/잡곡밥 (쌀:국내산) 고추장찌개  돈육장조림 (돈육:국내산) 김치전  고구마순나물  포기김치 (김치:국내산) ,527.0,363.0,2288.0,0.23033216783216784,6.275000000000001,10.1,0.0,,40.16666666666666,,True
2018-11-26,월,2815.0,107.0,215.0,447.0,0.0,모닝롤/프렌치토스트  우유/주스 계란후라이 누룽지탕/쌀밥 (쌀:국내산) 민물새우찌개  김구이  포기김치 (김치:국내산) ,쌀밥/잡곡밥 (쌀:국내산) 얼갈이국  닭갈비 (닭:국내산) 감자프리타타  참나물생채  포기김치 (김치:국내산) ,쌀밥/잡곡밥 (쌀:국내산) 부대찌개 (쇠고기:호주산) 굴비구이  우엉잡채  마늘쫑무침  깍두기 (김치:국내산) ,1077.0,476.0,2493.0,0.43200962695547535,5.229166666666667,11.8,2.5,,88.45833333333333,,True
2018-11-27,화,2815.0,60.0,264.0,418.0,0.0,모닝롤/에그샌드  우유/주스 스크램블에그 야채죽/쌀밥 (쌀:국내산) 감자국  쑥갓두부무침  포기김치 (김치:국내산) ,쌀밥/잡곡밥 (쌀:국내산) 배추된장국  짬뽕불고기 (돈육:국내산) 늙은호박전  연두부*양념장  포기김치 (김치:국내산) ,참치주먹밥 (쌀:국내산) 잔치국수  돈육강정 (돈육:국내산) 시금치흑임자샐러드  귤  포기김치 (김치:국내산) ,839.0,529.0,2491.0,0.33681252509032517,5.208333333333334,15.4,-0.9,,77.25,,True
2018-11-28,수,2815.0,69.0,298.0,1.0,0.0,모닝롤/단팥빵  우유/주스 계란후라이 누룽지탕/쌀밥 (쌀:국내산) 재첩국  명엽채무침  포기김치 (김치:국내산) ,나물비빔밥 (쌀:국내산) 가쯔오장국  오징어튀김 (오징어:뉴질랜드) 과일샐러드  군고구마  포기김치 (김치:국내산) ,    *        ,862.0,0.0,2448.0,0.352124183006536,6.395833333333333,17.6,-0.8,,73.375,,True
2018-11-29,목,2815.0,86.0,293.0,354.0,0.0,모닝롤/단호박샌드  우유/주스 계란후라이 견과류죽/쌀밥 (쌀:국내산) 냉이된장국  청포묵무침  포기김치 (김치:국내산) ,쌀밥/잡곡밥 (쌀:국내산) 두부김치국  레몬탕수육 (돈육:국내산) 어묵꽈리고추볶음  물미역*초장  알타리김치 (김치:국내산) ,"쌀밥/잡곡밥 (쌀:국내산) 연두부탕  미니함박조림 (돈육:국내,쇠고기:호주) 해파리겨자채  치커리사과생채  포기김치 (김치:국내산) ",794.0,454.0,2436.0,0.32594417077175697,6.279166666666666,14.9,-0.1,,60.458333333333336,,True
2018-11-30,금,2815.0,196.0,314.0,60.0,0.0,"모닝롤/카스텔라  우유/주스 계란후라이 닭죽/쌀밥 (쌀:국내산,닭:국내) 북어국  시금치나물  포기김치 (김치:국내산) ",쌀밥/잡곡밥 (쌀:국내산) 매운버섯국 (양지:호주산) 해물누룽지탕 (오징어:뉴질랜드) 계란말이  얼갈이생채  포기김치 (김치:국내산) ,쌀밥/잡곡밥 (쌀:국내산) 어묵국  깐풍기 (닭:국내산) 새송이버섯전  부추생채  포기김치 (김치:국내산) ,543.0,362.0,2305.0,0.23557483731019524,4.6625,14.0,-2.5,,53.91666666666666,,True
2018-12-03,월,2846.0,80.0,187.0,798.0,0.0,모닝롤/초코핫케익  우유/주스 계란후라이 누룽지탕/쌀밥 (쌀:국내산) 고추장찌개  시래기조림  포기김치 (김치:국내산) ,쌀밥/잡곡밥 (쌀:국내산) 미역국  쇠고기낙지볶음  계란찜  세발나물  포기김치 (김치:국내산) ,쌀밥/잡곡밥 (쌀:국내산) 된장찌개  돈육간장불고기  해물파전  양배추쌈*쌈장  포기김치 (김치:국내산) ,1248.0,544.0,2579.0,0.4839084916634354,8.125,16.7,-0.1,,71.95833333333333,,True
2018-12-04,화,2846.0,64.0,246.0,802.0,0.0,모닝롤/식빵피자  우유/주스 스크램블에그 팥죽/쌀밥 (쌀:국내산) 바지락국  모듬묵*장  포기김치 (김치:국내산) ,쌀밥/잡곡밥  차돌박이찌개  유린기  모듬버섯볶음  도라지초무침  배추겉절이 (김치:국내산) ,토마토스파게티 (쌀:국내산) 옥수수스프  굴소스볶음밥  쇠고기퀘사디아  키위드레싱샐러드/피클  포기김치 (김치:국내산) ,911.0,617.0,2536.0,0.3592271293375394,12.754166666666668,15.3,11.1,,89.79166666666667,1.0,True
2018-12-05,수,2846.0,87.0,254.0,0.0,0.0,모닝롤/찐빵  우유/주스 계란후라이 누룽지탕/쌀밥 (쌀:국내산) 매생이굴국  감자채볶음  포기김치 (김치:국내산) ,단호박영양밥 (쌀:국내산) 유부장국  언양식불고기  주꾸미초무침  파래김*양념장  포기김치 (김치:국내산) ,쌀밥/잡곡밥 (쌀:국내산) 육개장  삼치구이  모듬소세지볶음  근대나물무침  포기김치 (김치:국내산) ,885.0,414.0,2505.0,0.3532934131736527,13.5125,16.9,10.0,,74.0,1.0,True
2018-12-06,목,2846.0,90.0,266.0,589.0,0.0,모닝롤/옥수수샌드  우유/주스 계란후라이 참치야채죽/쌀밥 (쌀:국내산) 꽃게탕  진미채무침  포기김치 (김치:국내산) ,쌀밥/잡곡밥 (쌀:국내산) 콩나물국  오리불고기  셀프무쌈말이  쫑상추무침  포기김치 (김치:국내산) ,빠에야 (쌀:국내산) 쌀국수  웨지감자  하와이안샐러드  과일주스  알타리김치 (김치:국내산) ,765.0,515.0,2490.0,0.3072289156626506,7.5375,11.9,3.7,,39.25,,True
2018-12-07,금,2846.0,182.0,300.0,83.0,0.0,모닝롤/고구마파이  우유/주스 계란후라이 김치죽/쌀밥 (쌀:국내산) 콩가루배추국  아삭고추무침  포기김치 (김치:국내산) ,쌀밥/잡곡밥 (쌀:국내산) 떡만두국  쇠고기모듬장조림  동그랑땡전  깻잎지  포기김치 (김치:국내산) ,쌀밥/잡곡밥 (쌀:국내산) 쇠고기샤브국  오징어볶음  두부계란부침  무생채  포기김치 (김치:국내산) ,674.0,353.0,2364.0,0.28510998307952623,5.925,8.0,4.3,,68.08333333333333,1.0,True
2018-12-10,월,2846.0,98.0,204.0,863.0,0.0,모닝롤/마늘빵  우유/주스 계란후라이 누룽지탕/쌀밥 (쌀:국내산) 김치국  자반김  포기김치 (김치:국내산) ,쌀밥/잡곡밥 (쌀:국내산) 아욱국  제육볶음  감자그라탕  콩나물파채무침  포기김치 (김치:국내산) ,쌀밥/잡곡밥 (쌀:국내산) 순두부찌개  미트볼케찹조림  돈육잡채  통도라지구이  포기김치 (김치:국내산) ,1201.0,597.0,2544.0,0.47209119496855345,-1.5208333333333333,3.8,-5.1,,32.833333333333336,,True
2018-12-11,화,2846.0,69.0,250.0,716.0,0.0,모닝롤/고구마샌드  우유/주스 스크램블에그 호박죽/쌀밥 (쌀:국내산) 감자국  미역줄기볶음  포기김치 (김치:국내산) ,"쌀밥/잡곡밥 (쌀,현미흑미:국내산) 시금치국  등갈비김치찜 (돈등갈비:국내산) 메밀전  도토리묵무침  알타리김치 (김치:국내산) ",생선초밥 (쌀:국내산) 우동  떡볶이  과일샐러드  락교  포기김치 (김치:국내산) ,883.0,569.0,2527.0,0.3494261970716264,-1.95,7.8,-8.2,,41.958333333333336,,True
2018-12-12,수,2846.0,75.0,262.0,0.0,0.0,모닝롤/호떡  우유/주스 계란후라이 누룽지탕/쌀밥 (쌀:국내산) 선지해장국  멸치볶음  포기김치 (김치:국내산) ,"콩나물밥*양념장 (쌀:국내산,쇠고기:호주산) 가쯔오국  가자미튀김  고추잡채*꽃빵  실곤약초무침  배추겉절이 (김치:국내산) ",쌀밥/잡곡밥 (쌀:국내산) 오징어국  양념치킨  오꼬노미야끼계란말이  청경채생채  포기김치 (김치:국내산) ,788.0,354.0,2509.0,0.3140693503387804,1.5833333333333333,4.9,-3.8,,74.16666666666667,1.0,True
2018-12-13,목,2846.0,65.0,253.0,652.0,0.0,모닝롤/참치샌드  우유/주스 계란후라이 야채죽/쌀밥 (쌀:국내산) 홍합탕  시금치나물  포기김치 (김치:국내산) ,쌀밥/잡곡밥 (쌀:국내산) 매운어묵국  동파삼겹수육  맛살전  참나물겉절이  포기김치 (김치:국내산) ,짜장밥 (쌀:국내산) 계란국  사천식탕수육  부추만두  단무지무침  포기김치 (김치:국내산) ,765.0,475.0,2528.0,0.3026107594936709,1.8708333333333331,6.0,-3.8,,52.833333333333336,,True
2018-12-14,금,2846.0,160.0,277.0,113.0,0.0,모닝롤/베이글  우유/주스 계란후라이 낙지죽/쌀밥 (쌀:국내산) 시래기국  쑥갓두부무침  포기김치 (김치:국내산) ,쌀밥/잡곡밥 (쌀:국내산) 동태찌개  치즈함박스테이크  두부조림  방풍나물  포기김치 (김치:국내산) ,쌀밥/잡곡밥 (쌀:국내산) 김치찌개  안동찜닭  새송이고추장구이  열무나물무침  포기김치 (김치:국내산) ,664.0,411.0,2409.0,0.27563304275633044,0.3083333333333333,7.1,-7.1,,57.29166666666666,,True
2018-12-17,월,2846.0,90.0,201.0,602.0,0.0,모닝롤/팬케익  우유/주스 계란후라이 누룽지탕/쌀밥 (쌀:국내산) 얼갈이된장국  꽈리고추찜  포기김치 (김치:국내산) ,쌀밥/잡곡밥 (쌀:국내산) 콩나물국  짬뽕불고기  메추리알조림  건새우마늘쫑볶음  포기김치 (김치:국내산) ,쌀밥/잡곡밥 (쌀:국내산) 된장찌개  주꾸미볶음  비엔나감자볶음  숙주나물  포기김치 (김치:국내산) ,1170.0,421.0,2555.0,0.45792563600782776,-0.2499999999999999,3.4,-4.7,,73.08333333333333,1.0,True
2018-12-18,화,2846.0,87.0,243.0,525.0,0.0,모닝롤/에그샌드  우유/주스 스크램블에그 표고버섯죽/쌀밥 (쌀:국내산) 무채국  브로컬리들깨찜  포기김치 (김치:국내산) ,쌀밥/잡곡밥 (쌀:국내산) 연두부탕  닭볶음탕  해물김치전  물파래무침  배추겉절이 (김치:국내산) ,충무김밥 (쌀:국내산) 김치말이국수  오징어초무침  꽃맛살샐러드  귤  석박지 (김치:국내산) ,813.0,432.0,2516.0,0.32313195548489665,2.1833333333333336,9.3,-0.8,,73.20833333333333,,True
2018-12-19,수,2846.0,86.0,256.0,0.0,0.0,모닝롤/와플  우유/주스 계란후라이 누룽지탕/쌀밥 (쌀:국내산) 호박젓국찌개  명엽채무침  포기김치 (김치:국내산) ,곤드레밥*강된장 (쌀:국내산) 팽이장국  탕수어  쫄면무침  치커리유자청생채  포기김치 (김치:국내산) ,쌀밥/잡곡밥 (쌀:국내산) 콩비지찌개  고등어구이  닭살겨자냉채  가지나물  포기김치 (김치:국내산) ,710.0,390.0,2504.0,0.28354632587859424,1.6291666666666664,10.4,-4.3,,67.91666666666667,,True
2018-12-20,목,2846.0,106.0,242.0,235.0,0.0,모닝롤/야채샌드  우유/주스 계란후라이 녹두죽/쌀밥 (쌀:국내산) 버섯매운탕  연근조림  포기김치 (김치:국내산) ,쌀밥/잡곡밥 (쌀:국내산) 근대국  돼지갈비찜  두부새싹구이  호박나물  알타리김치 (김치:국내산) ,쌀밥/잡곡밥 (쌀:국내산) 옛날돈까스  크림스프  감자범벅/양배추샐러드  수제피클/음료  포기김치 (김치:국내산) ,784.0,373.0,2498.0,0.31385108086469177,3.8541666666666665,13.8,-3.7,,66.04166666666667,,True
2018-12-21,금,2846.0,175.0,261.0,163.0,0.0,모닝롤/단팥빵  우유/주스 계란후라이 쇠고기죽/쌀밥 (쌀:국내산) 북어계란국  톳두부무침  포기김치 (김치:국내산) ,쌀밥/잡곡밥 (쌀:국내산) 닭개장  갈치양념조림  고기전  비트무생채  포기김치 (김치:국내산) ,쌀밥/잡곡밥 (쌀:국내산) 쇠고기미역국  생선까스*탈탈소스  마파두부  콩나물무침  포기김치 (김치:국내산) ,456.0,456.0,2410.0,0.1892116182572614,4.791666666666667,9.6,0.0,,73.0,,True
2018-12-24,월,2846.0,894.0,159.0,26.0,0.0,모닝롤/프렌치토스트  우유/주스 계란후라이 누룽지탕/쌀밥 (쌀:국내산) 콩나물김치국  쥐포무침  포기김치 (김치:국내산) ,쌀밥/잡곡밥 (쌀:국내산) 열무된장국  훈제오리구이  매운어묵볶음  쌈무/부추생채 크리스마스케익 포기김치 (김치:국내산) ,쌀밥/잡곡밥 (쌀:국내산) 민물새우찌개  닭갈비  버섯잡채  오이무침  포기김치 (김치:국내산) ,296.0,104.0,1793.0,0.16508644729503624,7.908333333333332,11.8,2.7,,53.5,1.0,True
2018-12-26,수,2846.0,184.0,241.0,0.0,0.0,모닝롤/브라우니  우유/주스 계란후라이 누룽지탕/쌀밥 (쌀:국내산) 꽃게탕  김구이  포기김치 (김치:국내산) ,쌀밥/잡곡밥 (쌀:국내산) 아욱국  돈육굴소스볶음  골뱅이무침*소면  얼갈이나물  포기김치 (김치:국내산) ,    자기계발의날        ,695.0,0.0,2421.0,0.28707145807517553,0.3916666666666666,6.6,-6.0,,49.0,,True
2018-12-27,목,2846.0,182.0,253.0,132.0,0.0,모닝롤/옥수수샌드  우유/주스 계란후라이 소라살죽/쌀밥 (쌀:국내산) 소고기무국  시래기지짐  포기김치 (김치:국내산) ,쌀밥/잡곡밥 (쌀:국내산) 순두부찌개  오징어볶음  계란말이  참나물땅콩무침  포기김치 (김치:국내산) ,김밥볶음밥 (쌀:국내산) 짬뽕  깐풍기  키위드레싱샐러드  오복지무침  포기김치 (김치:국내산) ,517.0,251.0,2411.0,0.21443384487764414,5.204166666666667,10.2,1.5,,36.333333333333336,,True
2018-12-28,금,2846.0,315.0,264.0,18.0,0.0,모닝롤/카스텔라  우유/주스 계란후라이 양송이죽/쌀밥 (쌀:국내산) 대구매운탕  검정콩조림  포기김치 (김치:국내산) ,쌀밥/잡곡밥 (쌀:국내산) 고추장찌개  버섯불고기  해물동그랑땡  유채나물  포기김치 (김치:국내산) ,쌀밥/잡곡밥 (쌀:국내산) 육개장  코다리조림  꽃맛살볶음  견과류조림  포기김치 (김치:국내산) ,491.0,406.0,2267.0,0.21658579620644022,0.1333333333333334,3.0,-4.8,,16.083333333333332,,True
2018-12-31,월,2846.0,1085.0,132.0,28.0,0.0,모닝롤/마늘빵  우유/주스 계란후라이 누룽지탕/쌀밥 (쌀:국내산) 된장찌개  단배추나물  포기김치 (김치:국내산) ,쌀밥/잡곡밥 (쌀:국내산) 콩나물국  돈육고추장불고기 (돼지고기:국내산) 감자채볶음  양배추쌈  포기김치 (김치:국내산) ,쌀밥/잡곡밥 (쌀:국내산) 들깨시래기국  훈제오리볶음  계란찜  참나물생채  포기김치 (김치:국내산) ,332.0,135.0,1629.0,0.2038060159607121,-1.6666666666666667,3.8,-5.2,,34.416666666666664,,True
2019-01-02,수,2985.0,108.0,129.0,0.0,0.0,모닝롤/크로와상  우유/주스 계란후라이 누룽지탕/쌀밥 (쌀:국내산) 어묵국  김자반  포기김치 (김치:국내산) ,"쌀밥/잡곡밥 (쌀:국내산) 떡국 (우양지,우잡뼈:호주산) 소갈비찜 (소고기:호주산) 해물파전  도라지오이무침/식혜  포기김치 (김치:국내산) ","쌀밥/잡곡밥 (쌀:국내산) 부대찌개  마늘간장치킨 (닭고기:국내산) 두부양념조림  유채나물된장무침  배추겉절이 (배추,고추가루:국내산) ",1201.0,407.0,2748.0,0.4370451237263464,-1.4791666666666667,5.5,-7.4,,48.54166666666666,,True
2019-01-03,목,2985.0,120.0,207.0,444.0,0.0,모닝롤/바나나샌드  우유/주스 계란후라이 해물죽/쌀밥 (쌀:국내산) 감자국  무생채  포기김치 (김치:국내산) ,쌀밥/잡곡밥 (쌀:국내산) 차돌박이찌개  안동찜닭 (닭고기:국내산) 주꾸미초무침  꽈리고추찜  포기김치 (김치:국내산) ,"새우볶음밥 (쌀,현미흑미:국내산) 우동  깐풍육 (돼지고기:국내산) 콘샐러드  락교  포기김치 (김치:국내산) ",858.0,494.0,2658.0,0.3227990970654628,-0.7000000000000001,6.4,-6.3,,49.25,,True
2019-01-04,금,2985.0,218.0,234.0,65.0,0.0,모닝롤/치즈프레즐  우유/주스 계란후라이 잣죽/쌀밥 (쌀:국내산) 쇠고기샤브국  멸치볶음  포기김치 (김치:국내산) ,쌀밥/잡곡밥 (쌀:국내산) 두부김치국  언양식불고기  삼치구이  물미역무침  포기김치 (김치:국내산) ,"쌀밥/잡곡밥 (쌀:국내산) 북어계란국  미트볼떡조림 (돼지고기:국내산,소고기:호주산) 도토리묵무침  호박나물  포기김치 (김치:국내산) ",668.0,482.0,2533.0,0.26371891038294515,-1.7333333333333332,8.2,-8.4,,50.375,,True
2019-01-07,월,2985.0,113.0,211.0,439.0,0.0,모닝롤/초코핫케익  우유/주스 계란후라이 누룽지탕/쌀밥 (쌀:국내산) 호박젓국찌개  구이김  포기김치 (김치:국내산) ,쌀밥/잡곡밥 (쌀:국내산) 시래기국  쇠고기숙주볶음  늙은호박전  부추생채  포기김치 (김치:국내산) ,쌀밥/잡곡밥 (쌀:국내산) 미역국  매운돼지갈비찜  연두부*양념장  물파래무침  포기김치 (김치:국내산) ,1072.0,407.0,2661.0,0.4028560691469372,0.0333333333333334,8.9,-4.8,,38.708333333333336,,True
2019-01-08,화,2985.0,98.0,223.0,444.0,0.0,모닝롤/식빵피자  우유/주스 계란후라이 참치야채/쌀밥 (쌀:국내산) 냉이된장국  모듬묵*장  포기김치 (김치:국내산) ,쌀밥/잡곡밥 (쌀:국내산) 콩나물국  치즈함박스테이크  고등어구이  청경채생채  포기김치 (김치:국내산) ,"멸치주먹밥 (쌀:국내산) 잔치국수  유린기  매쉬드포테이토  무피클  포기김치 (배추,고추가루:국내산) ",839.0,417.0,2664.0,0.31493993993993996,-0.2625,8.7,-7.3,,44.833333333333336,,True
2019-01-09,수,2985.0,85.0,225.0,0.0,0.0,모닝롤/땅콩크림빵  우유/주스 계란후라이 누룽지탕/쌀밥 (쌀:국내산) 매생이굴국  브로컬리들깨무침  포기김치 (김치:국내산) ,비빔밥 (쌀:국내산) 맑은국  치킨핑거*요거트소스  하와이안샐러드  검정콩조림  포기김치 (김치:국내산) ,쌀밥/잡곡밥 (쌀:국내산) 닭곰탕  오징어볶음  오꼬노미야끼계란말이  가지나물  배추겉절이 (김치:국내산) ,778.0,335.0,2675.0,0.2908411214953271,0.8250000000000001,7.9,-4.9,,46.54166666666666,,True
2019-01-10,목,2985.0,94.0,243.0,363.0,0.0,모닝롤/바나나샌드  우유/주스 계란후라이 야채죽/쌀밥 (쌀:국내산) 선지해장국  미역줄기볶음  포기김치 (김치:국내산) ,쌀밥/잡곡밥 (쌀:국내산) 육개장  탕수육  감자프리타타  깻잎지  깍두기 (김치:국내산) ,닭갈비볶음밥 (쌀:국내산) 가쯔오국  크림카레우동  해물까스*칠리소스  양배추샐러드/귤  포기김치 (김치:국내산) ,767.0,475.0,2648.0,0.28965256797583083,-0.3583333333333334,4.8,-3.7,,36.083333333333336,,True
2019-01-11,금,2985.0,177.0,251.0,1.0,0.0,모닝롤/조각케익  우유/주스 계란후라이 호박죽/쌀밥 (쌀:국내산) 바지락국  무채나물  포기김치 (김치:국내산) ,쌀밥/잡곡밥 (쌀:국내산) 꽃게탕  고추잡채*꽃빵  메밀전  시금치나물  포기김치 (김치:국내산) ,쌀밥/잡곡밥 (쌀:국내산) 해물순두부찌개  닭데리야끼구이  셀프무쌈말이  세발나물  포기김치 (김치:국내산) ,627.0,430.0,2557.0,0.24520922956589752,2.4125,8.6,-2.3,,46.54166666666666,,True
2019-01-14,월,2985.0,99.0,186.0,487.0,0.0,모닝롤/찐빵  우유/주스 계란후라이 누룽지탕/쌀밥 (쌀:국내산) 북어국 (북어:러시아) 진미채무침  포기김치 (김치:국내산) ,쌀밥/잡곡밥 (쌀:국내산) 알탕  돈육굴소스볶음 (돈육:국내산) 감자채볶음  마늘쫑무침  포기김치 (김치:국내산) ,쌀밥/잡곡밥 (쌀:국내산) 김치찌개 (돈육:국내산) 굴비구이  모듬소세지볶음  파래김*양념장  깍두기 (김치:국내산) ,1163.0,573.0,2700.0,0.43074074074074076,1.7458333333333331,11.4,-3.1,,76.875,,True
2019-01-15,화,2985.0,71.0,223.0,417.0,0.0,"모닝롤/씨크립샌드  우유/주스 스크램블에그 닭죽/쌀밥 (쌀,닭:국내산) 근대국  땅콩조림  포기김치 (김치:국내산) ",쌀밥/잡곡밥 (쌀:국내산) 어묵국  등갈비김치말이 (등갈비:국내산) 해파리냉채  치커리유자청생채  알타리김치 (김치:국내산) ,"목살필라프 (쌀,돈육:국내산) 팽이가쯔오장국  로제파스타  키위드레싱샐러드  마늘빵/주스  포기김치 (김치:국내산) ",963.0,569.0,2691.0,0.35785953177257523,1.0499999999999998,11.3,-5.3,,67.66666666666667,,True
2019-01-16,수,2985.0,80.0,228.0,0.0,0.0,모닝롤/사과파이  우유/주스 계란후라이 누룽지탕/쌀밥 (쌀:국내산) 소고기무국 (소고기:호주산) 곰피초장  포기김치 (김치:국내산) ,"짜장덮밥 (쌀,돈육:국내산) 맑은국  유산슬 (소고기:호주산) 군만두  단무지/오렌지  포기김치 (김치:국내산) ",쌀밥/잡곡밥 (쌀:국내산) 된장찌개  돈육장조림 (돈육:국내산) 해물김치전  콩나물무침  포기김치 (김치:국내산) ,1021.0,356.0,2677.0,0.38139708629062385,2.191666666666667,9.4,-2.5,,58.208333333333336,,True
2019-01-17,목,2985.0,71.0,247.0,326.0,0.0,모닝롤/에그샌드  우유/주스 계란후라이 밤죽/쌀밥 (쌀:국내산) 동태찌개 (동태:러시아) 열무된장나물  포기김치 (김치:국내산) ,"쌀밥/잡곡밥 (쌀:국내산) 봄동된장국  쇠고기낙지볶음 (소고기:호주,낙지:중국) 두부스테이크  오이무침  배추겉절이 (김치:국내산) ",오므라이스 (쌀:국내산) 미역장국  모듬튀김*칠리소스  멕시칸샐러드  수제피클  포기김치 (김치:국내산) ,837.0,515.0,2667.0,0.3138357705286839,-0.6791666666666667,5.7,-6.3,,30.041666666666668,,True
2019-01-18,금,2985.0,196.0,276.0,1.0,0.0,모닝롤/핫도그  우유/주스 계란후라이 홍게살죽/쌀밥 (쌀:국내산) 홍합탕  김잔파무침  포기김치 (김치:국내산) ,쌀밥/잡곡밥 (쌀:국내산) 콩나물김치국  순살파닭 (닭:국내산) 실곤약초무침  우엉조림  포기김치 (김치:국내산) ,쌀밥/잡곡밥 (쌀:국내산) 닭개장 (닭:국내산) 해물청경채볶음  버섯잡채  아삭고추무침  포기김치 (김치:국내산) ,585.0,386.0,2513.0,0.23278949462793475,-0.1208333333333333,6.3,-8.0,,49.458333333333336,,True
2019-01-21,월,2985.0,114.0,199.0,468.0,0.0,"모닝롤/꿀호떡  우유/주스 계란후라이 누룽지탕/쌀밥 (쌀:국내산) 감자국  김자반  포기김치 (배추:국산,고추가루:중국) ","쌀밥/잡곡밥 (쌀:국내산) 고추장찌개  버섯불고기 (쇠고기:호주산) 야채계란찜  오이사과무침  포기김치 (배추:국산,고추가루:중국) ","쌀밥/잡곡밥 (쌀:국내산) 차돌박이찌개 (차돌박이:미국산) 주꾸미볶음  두부새싹구이  부추생채  포기김치 (배추:국산,고추가루:중국) ",1270.0,579.0,2672.0,0.4752994011976048,4.0375000000000005,8.5,-0.8,,54.25,,True
2019-01-22,화,2985.0,73.0,230.0,436.0,0.0,"모닝롤/참치샌드  우유/주스 스크램블에그 양송이죽/쌀밥 (쌀:국내산) 버섯매운탕 (쇠고기:호주산) 꽈리고추찜  포기김치 (배추:국산,고추가루:중국) ","쌀밥/잡곡밥 (쌀:국내산) 배추된장국  닭볶음탕 (닭:국내산) 새송이버섯전  청경채생채  알타리김치 (배추:국산,고추가루:중국) ","참치회덮밥 (쌀:국내산) 미소장국  또띠아피자  과일샐러드  락교  포기김치 (배추:국산,고추가루:중국) ",889.0,564.0,2682.0,0.331469052945563,-0.325,8.4,-6.9,,51.833333333333336,,True
2019-01-23,수,2985.0,86.0,224.0,0.0,0.0,"모닝롤/단팥빵  우유/주스 계란후라이 누룽지탕/쌀밥 (쌀:국내산) 대구탕  두부양념조림  포기김치 (배추:국산,고추가루:중국) ","콩나물밥 (쌀:국내,쇠고기:호주) 맑은국  생선까스*탈탈소스  파스타샐러드 (쇠고기:호주산) 오복지무침  포기김치 (배추:국산,고추가루:중국) ","쌀밥/잡곡밥 (쌀:국내산) 아욱국  돈육강정 (돈육:국내산) 신김치도토리묵  숙주나물  깍두기 (배추:국산,고추가루:중국) ",958.0,392.0,2675.0,0.35813084112149535,0.4125000000000001,10.3,-7.0,,62.29166666666666,,True
2019-01-24,목,2985.0,91.0,241.0,401.0,0.0,"모닝롤/햄치즈샌드  우유/주스 계란후라이 쇠고기죽/쌀밥 (쌀:국내,쇠고기:호주) 김치두부국  느타리호박볶음  포기김치 (배추:국산,고추가루:중국) ","쌀밥/잡곡밥 (쌀:국내산) 얼갈이국  누룽지탕수육 (돈육:국내산) 오징어초무침  취나물  포기김치 (배추:국산,고추가루:중국) ","김치주먹밥 (쌀:국내산) 쌀국수 (닭:국내산) 국물떡볶이  시저샐러드  요플레  포기김치 (배추:국산,고추가루:중국) ",827.0,520.0,2653.0,0.31172257821334337,1.8958333333333333,11.5,-6.6,,55.208333333333336,,True
2019-01-25,금,2985.0,186.0,267.0,1.0,0.0,"모닝롤/크로와상  우유/주스 계란후라이 고구마죽/쌀밥 (쌀:국내산) 오징어국  어묵볶음  포기김치 (배추:국산,고추가루:중국) ","쌀밥/잡곡밥 (쌀:국내산) 수제비국  짬뽕불고기 (돈육:국내산) 멸치호두볶음  도라지나물  배추겉절이 (배추:국산,고추가루:중국) ","쌀밥/잡곡밥 (쌀:국내산) 콩비지찌개 (돈육:국내산) 닭갈비 (닭:국내산) 동태전  물파래무침  포기김치 (배추:국산,고추가루:중국) ",667.0,431.0,2532.0,0.26342812006319116,0.8666666666666666,10.7,-5.7,,51.083333333333336,,True
2019-01-28,월,2985.0,94.0,203.0,426.0,0.0,모닝롤/프렌치토스트  우유/주스 계란후라이 누룽지탕/쌀밥 (쌀:국내산) 무채국  진미채무침  포기김치 (김치:국내산) ,쌀밥/잡곡밥 (쌀:국내산) 된장찌개  김치제육볶음  사과고구마그라탱  브로컬리들깨찜  포기김치 (김치:국내산) ,쌀밥/잡곡밥 (쌀:국내산) 배추된장국  양념갈비찜 (돼지고기:국내산) 탕평채  미역레몬초무침  포기김치 (김치:국내산) ,1140.0,511.0,2688.0,0.42410714285714285,-1.5499999999999998,8.3,-10.0,,46.79166666666666,,True
2019-01-29,화,2985.0,61.0,219.0,385.0,0.0,"모닝롤/토마토샌드  우유/주스 스크램블에그 닭죽/쌀밥 (쌀,닭:국내산) 북어해장국  땅콩조림  포기김치 (김치:국내산) ",쌀밥/잡곡밥 (쌀:국내산) 새알만두국  양파치킨  돈육잡채  유채나물/치킨무  포기김치 (김치:국내산) ,김밥 (쌀:국내산) 나가사끼짬뽕  순대야채볶음  딸기드레싱샐러드  매실주스  포기김치 (김치:국내산) ,968.0,278.0,2705.0,0.3578558225508318,1.4,9.8,-5.5,,47.375,,True
2019-01-30,수,2985.0,66.0,226.0,1.0,0.0,모닝롤/소보루빵  우유/주스 계란후라이 누룽지탕/쌀밥 (쌀:국내산) 콩나물국  치커리사과무침  포기김치 (김치:국내산) ,"카레덮밥 (쌀:국내산,돈육:국내산) 유부장국  새우까스*칠리소스  쫄면무침  오이무침  포기김치 (김치:국내산) ",    자기개발의날        ,679.0,0.0,2693.0,0.25213516524322316,0.4083333333333332,9.9,-6.9,,47.708333333333336,,True
2019-01-31,목,2985.0,96.0,218.0,325.0,0.0,모닝롤/인절미샌드  우유/주스 계란후라이 단팥죽/쌀밥 (쌀:국내산) 꽃게탕  마늘쫑볶음  포기김치 (김치:국내산) ,쌀밥/잡곡밥 (쌀:국내산) 청국장찌개  갈치구이  비엔나감자볶음  콩나물겨자채무침  포기김치 (김치:국내산) ,쌀밥/잡곡밥  옛날왕돈까스  옥수수스프  감자범벅/피클  양배추샐러드/주스  포기김치 (김치:국내산) ,765.0,524.0,2671.0,0.2864095844253089,3.058333333333333,11.2,-4.3,,48.25,,True
2019-02-01,금,2806.0,283.0,180.0,2.0,0.0,모닝롤/고구마파이  우유/주스 계란후라이 야채죽/쌀밥 (쌀:국내산) 바지락국  새송이버섯볶음  포기김치 (김치:국내산) ,쌀밥/잡곡밥 (쌀:국내산) 시금치국  동파삼겹수육  해물파전  간장깻잎지  포기김치 (김치:국내산) ,쌀밥/잡곡밥  참치김치찌개  소고기모듬장조림  셀프무쌈말이  구이김  알타리김치 (김치:국내산) ,804.0,171.0,2343.0,0.34314980793854033,1.866666666666667,6.7,-2.9,,67.83333333333333,1.0,True
2019-02-07,목,2806.0,392.0,101.0,447.0,0.0,모닝롤/핫케익  우유/주스 계란후라이 견과류죽/쌀밥 (쌀:국내산) 김치두부국  김자반  포기김치 (김치:국내산) ,쌀밥/잡곡밥 (쌀:국내산) 열무된장국  훈제오리구이  매운어묵볶음  쌈무/부추생채  포기김치 (김치:국내산) ,쌀밥/잡곡밥 (쌀:국내산) 연두부탕  양념치킨  견과류조림  무생채  포기김치 (김치:국내산) ,1144.0,553.0,2313.0,0.49459576307825337,4.704166666666667,14.3,-3.4,,55.958333333333336,,True
2019-02-08,금,2806.0,373.0,190.0,3.0,0.0,모닝롤/찐빵  우유/주스 계란후라이 누룽지탕/쌀밥 (쌀:국내산) 시래기국  멸치볶음  포기김치 (김치:국내산) ,쌀밥/잡곡밥 (쌀:국내산) 황태국  제육볶음  들깨버섯무침  숙주나물  알타리김치 (김치:국내산) ,쌀밥/잡곡밥 (쌀:국내산) 쇠고기국  해물누룽지탕  미트볼케찹조림  양념깻잎지  포기김치 (김치:국내산) ,970.0,532.0,2243.0,0.43245653143111906,5.454166666666667,10.3,1.9,,51.54166666666666,,True
2019-02-11,월,2806.0,67.0,159.0,758.0,0.0,모닝롤/초코핫케익  우유/주스 계란후라이 누룽지탕/쌀밥 (쌀:국내산) 콩나물국  두부쑥갓무침  포기김치 (김치:국내산) ,쌀밥/잡곡밥 (쌀:국내산) 어묵국  소불고기 (소고기:호주산) 계란말이  실곤약초무침  포기김치 (김치:국내산) ,쌀밥/잡곡밥 (쌀:국내산) 된장찌개  닭볶음탕 (닭:국내산) 부추호박전  오이사과생채  포기김치 (김치:국내산) ,1459.0,772.0,2580.0,0.5655038759689922,1.8375,6.9,-2.8,,34.916666666666664,,True
2019-02-12,화,2806.0,51.0,240.0,648.0,0.0,모닝롤/와플  우유/주스 스크램블에그 땅콩죽/쌀밥 (쌀:국내산) 동태찌개 (동태:러시아산) 아삭고추무침  포기김치 (김치:국내산) ,쌀밥/잡곡밥 (쌀:국내산) 순두부찌개  돈육장조림 (돈육:국내산) 옥수수전  물미역*초장  포기김치 (김치:국내산) ,볶음밥*짜장소스 (쌀:국내산) 가쯔오장국  사천식탕수육 (돈육:국내산) 콘샐러드  단무지/주스  포기김치 (김치:국내산) ,1102.0,649.0,2515.0,0.43817097415506956,1.5958333333333332,6.6,-2.7,,32.708333333333336,,True
2019-02-13,수,2806.0,61.0,231.0,0.0,0.0,모닝롤/애플파이  우유/주스 계란후라이 누룽지탕/쌀밥 (쌀:국내산) 조랭이미역국  쥐포무침  포기김치 (김치:국내산) ,"낙지비빔밥 (쌀:국내,낙지:중국산) 맑은국  메추리알조림  고구마튀김  오복지무침  포기김치 (김치:국내산) ",쌀밥/잡곡밥 (쌀:국내산) 근대국  돈육간장볶음 (돈육:국내산) 마파두부 (돈육:국내산) 콩나물무침  포기김치 (김치:국내산) ,1044.0,497.0,2514.0,0.4152744630071599,0.3208333333333333,8.0,-6.7,,48.25,,True
2019-02-14,목,2806.0,73.0,239.0,605.0,0.0,모닝롤/씨크립샌드  우유/주스 계란후라이 표고버섯죽/쌀밥 (쌀:국내산) 호박젓국찌개  브로컬리초장  포기김치 (김치:국내산) ,"쌀밥/잡곡밥 (쌀:국내산) 꽃게탕  미니채소떡갈비 (소고기:호주,돈육:국내) 카레감자채볶음  양배추쌈*쌈장  포기김치 (김치:국내산) ",참치주먹밥 (쌀:국내산) 우동  케이준샐러드  또띠아견과칩  오이피클/과일  포기김치 (김치:국내산) ,963.0,578.0,2494.0,0.38612670408981553,3.0625,8.5,-2.4,,36.75,,True
2019-02-15,금,2806.0,159.0,278.0,1.0,0.0,모닝롤/프렌치토스트  우유/주스 계란후라이 녹두죽/쌀밥 (쌀:국내산) 홍합탕  시금치나물  포기김치 (김치:국내산) ,쌀밥/잡곡밥 (쌀:국내산) 봄동된장국  오징어볶음 (오징어:뉴질랜드) 연두부*양념장  미역줄기볶음  포기김치 (김치:국내산) ,쌀밥/잡곡밥 (쌀:국내산) 육개장 (소고기:호주산) 탕수어 (동태살:러시아) 우엉잡채  취나물  포기김치 (김치:국내산) ,682.0,450.0,2369.0,0.28788518362178134,2.766666666666666,9.1,-1.4,,33.416666666666664,,True
2019-02-18,월,2806.0,104.0,195.0,728.0,0.0,모닝롤/꿀호떡  우유/주스 계란후라이 누룽지탕/쌀밥 (쌀:국내산) 냉이된장국  명엽채무침  포기김치 (김치:국내산) ,"쌀밥/잡곡밥 (쌀:국내산) 콩비지찌개 (돈육:국내산) 치즈함박스테이크 (돈육:국내산,수입산) 새송이버섯전  유채나물  포기김치 (김치:국내산) ",쌀밥/잡곡밥 (쌀:국내산) 얼갈이국  돈육굴소스볶음 (돈육:국내산) 홍어채무침  세발나물  포기김치 (김치:국내산) ,1314.0,678.0,2507.0,0.5241324291982449,0.8958333333333334,8.5,-4.1,,40.54166666666666,,True
2019-02-19,화,2806.0,62.0,228.0,663.0,0.0,모닝롤/야채샌드  우유/주스 스크램블에그 잣죽/쌀밥 (쌀:국내산) 감자국  꽈리고추찜  포기김치 (김치:국내산) ,쌀밥/오곡밥 (쌀:국내산) 차돌박이찌개 (차돌박이:미국산) 굴비구이  오징어야채무침  보름나물/구이김  부럼/포기김치 (김치:국내산) ,김치볶음밥/계란 (쌀:국내산) 가쯔오장국  탄두리치킨 (닭:국내산) 딸기드레싱샐러드  오렌지  포기김치 (김치:국내산) ,1052.0,653.0,2516.0,0.41812400635930047,1.9375,7.2,-4.0,,43.16666666666666,,True
2019-02-20,수,2806.0,65.0,241.0,0.0,0.0,모닝롤/치즈프레즐  우유/주스 계란후라이 누룽지탕/쌀밥 (쌀:국내산) 대구탕  느타리호박볶음  포기김치 (김치:국내산) ,곤드레밥*양념장 (쌀:국내산) 맑은국  치킨핑거 (닭:국내산) 김치찐만두  무생채/요플레  포기김치 (김치:국내산) ,쌀밥/잡곡밥 (쌀:국내산) 매운버섯국 (소고기:호주산) 가자미튀김  모듬소세지구이  진미채무침  깍두기 (김치:국내산) ,1005.0,472.0,2500.0,0.402,4.429166666666666,8.3,1.5,,84.41666666666667,1.0,True
2019-02-21,목,2806.0,81.0,269.0,540.0,0.0,모닝롤/고구마샌드  우유/주스 계란후라이 호박죽/쌀밥 (쌀:국내산) 황태국 (황태:러시아) 가지나물  포기김치 (김치:국내산) ,쌀밥/잡곡밥 (쌀:국내산) 아욱국  돼지갈비찜 (돈육:국내산) 시금치프리타타  오이무침  알타리김치 (김치:국내산) ,"목살필라프 (쌀:국내산,돈육:국내) 미니잔치국수  생선까스*칠리소스  콥샐러드  무피클/사과주스  포기김치 (김치:국내산) ",955.0,620.0,2456.0,0.38884364820846906,4.445833333333333,10.3,-0.6,,61.41666666666666,,True
2019-02-22,금,2806.0,178.0,301.0,1.0,0.0,모닝롤/마늘빵  우유/주스 계란후라이 해물죽/쌀밥 (쌀:국내산) 맑은만두육개장 (소고기:소주산) 땅콩조림  포기김치 (김치:국내산) ,쌀밥/잡곡밥 (쌀:국내산) 돈육김치찌개 (돈육:국내산) 언양식불고기  맛살냉채  마늘쫑건새우볶음  포기김치 (김치:국내산) ,쌀밥/잡곡밥 (쌀:국내산) 오징어국 (오징어:뉴질랜드) 닭갈비 (닭:국내산) 동그랑땡전  참나물생채  포기김치 (김치:국내산) ,631.0,478.0,2327.0,0.2711645896003438,3.945833333333333,11.6,-2.5,,57.125,,True
2019-02-25,월,2806.0,122.0,214.0,752.0,0.0,모닝롤/찐빵  우유/주스 계란후라이 누룽지탕/쌀밥 (쌀:국내산) 어묵탕  시금치나물  포기김치 (김치:국내산) ,쌀밥/잡곡밥 (쌀:국내산) 고추장찌개  버섯불고기  두부양념조림  참나물  포기김치 (김치:국내산) ,쌀밥/잡곡밥 (쌀:국내산) 콩나물국  류산슬  돈육잡채  물파래무침  포기김치 (김치:국내산) ,1299.0,645.0,2470.0,0.525910931174089,5.925,15.5,-1.8,,65.375,,True
2019-02-26,화,2806.0,109.0,239.0,644.0,0.0,모닝롤/피자빵  우유/주스 스크램블에그 견과류죽/쌀밥 (쌀:국내산) 연두부탕  모듬묵*장  포기김치 (김치:국내산) ,"쌀밥/잡곡밥 (쌀,현미흑미:국내산) 쇠고기미역국 (쇠고기:호주산) 미트볼칠리조림 (돼지고기:국내산) 고등어구이  숙주나물  배추겉절이 (배추,고추가루:국내산) ",유부초밥 (쌀:국내산) 짬뽕  깐풍기  생과일플레인샐러드  단무지  포기김치 (김치:국내산) ,924.0,566.0,2458.0,0.37591537835638733,6.679166666666667,17.1,-1.5,,57.5,,True
2019-02-27,수,2806.0,100.0,274.0,0.0,0.0,모닝롤/사과파이  우유/주스 계란후라이 누룽지탕/쌀밥 (쌀:국내산) 된장찌개  도라지나물  포기김치 (김치:국내산) ,비빔밥 (쌀:국내산) 유부장국  오징어튀김  떡밤초  음료  포기김치 (김치:국내산) ,    *  자기계발의날  *    ,944.0,0.0,2432.0,0.3881578947368421,6.220833333333332,15.0,-1.9,,51.708333333333336,,True
2019-02-28,목,2806.0,254.0,271.0,116.0,0.0,모닝롤/햄치즈샌드  우유/주스 계란후라이 소고기죽/쌀밥 (쌀:국내산) 김치국  아삭고추무침  포기김치 (김치:국내산) ,쌀밥/잡곡밥 (쌀:국내산) 콩가루배추된장국  돈삼겹보쌈  매운어묵볶음  무말랭이  포기김치 (김치:국내산) ,쌀밥/잡곡밥 (쌀:국내산) 소고기무국  주꾸미볶음  맛살전  부추생채  깍두기 (김치:국내산) ,772.0,464.0,2281.0,0.33844804910127135,7.8625,13.2,4.4,,63.833333333333336,1.0,True
2019-03-04,월,2836.0,213.0,172.0,708.0,0.0,모닝롤/베이글  우유/주스 계란후라이 누룽지탕/쌀밥 (쌀:국내산) 감자국  김구이  포기김치 (김치:국내산) ,쌀밥/잡곡밥 (쌀:국내산) 해물된장찌개  돈육간장불고기  옥수수계란찜  모듬쌈  포기김치 (김치:국내산) ,쌀밥/잡곡밥 (쌀:국내산) 김치순두부찌개  소고기장조림  도토리묵야채무침  치커리생채  알타리김치 (김치:국내산) ,1274.0,658.0,2451.0,0.5197878416972664,10.145833333333334,14.5,6.1,,60.833333333333336,,True
2019-03-05,화,2836.0,67.0,230.0,736.0,0.0,"모닝롤/토마토샌드  우유/주스 스크램블에그 닭죽/쌀밥 (쌀,닭:국내산) 냉이된장국  미역레몬초무침  포기김치 (김치:국내산) ",쌀밥/잡곡밥 (쌀:국내산) 육개장  고추잡채*꽃빵  삼치구이  얼갈이나물  포기김치 (김치:국내산) ,김밥 (쌀:국내산) 미니우동  떡볶이  김말이&만두튀김  단무지/방울토마토  포기김치 (김치:국내산) ,940.0,646.0,2539.0,0.37022449783379285,10.558333333333332,17.2,5.5,,63.0,,True
2019-03-06,수,2836.0,56.0,238.0,0.0,0.0,모닝롤/소보루빵  우유/주스 계란후라이 누룽지탕/쌀밥 (쌀:국내산) 들깨무채국  멸치볶음  포기김치 (김치:국내산) ,"콩나물밥 (쌀:국내산,돈육:국내산) 미역장국  코다리강정  닭가슴살냉채  유채나물겉절이  알타리김치 (김치:국내산) ",쌀밥/잡곡밥  쇠고기샤브국  오징어볶음  고구마그라탕  애호박나물  포기김치 (김치:국내산) ,1061.0,443.0,2542.0,0.4173878835562549,8.191666666666668,15.1,-0.3,,67.54166666666667,,True
2019-03-07,목,2836.0,45.0,265.0,589.0,0.0,모닝롤/치킨샌드  우유/주스 계란후라이 단팥죽/쌀밥 (쌀:국내산) 동태탕  감자채볶음  포기김치 (김치:국내산) ,쌀밥/잡곡밥 (쌀:국내산) 북어해장국  소고기낙지볶음  녹두전  돌나물*초장  포기김치 (김치:국내산) ,볶음밥  단호박스프  로제스파게티  쇠고기퀘사디아  홍시드레싱샐러드/음료  포기김치 (김치:국내산) ,845.0,637.0,2526.0,0.3345209817893903,9.5625,13.8,6.6,,78.125,1.0,True
2019-03-08,금,2836.0,130.0,300.0,4.0,0.0,모닝롤/고구마파이  우유/주스 계란후라이 야채죽/쌀밥 (쌀:국내산) 조랭이떡국  실곤약흑임자무침  포기김치 (김치:국내산) ,쌀밥/잡곡밥 (쌀:국내산) 차돌박이찌개  해물누룽지탕  비엔나컬리플라워조림  열무나물무침  배추겉절이 (김치:국내산) ,쌀밥/잡곡밥  시금치국  수원왕갈비통닭  오꼬노미야끼계란말이  치킨무/사과오이무침  포기김치 (김치:국내산) ,663.0,542.0,2406.0,0.27556109725685785,7.850000000000001,14.7,0.9,,62.583333333333336,,True
2019-03-11,월,2836.0,81.0,205.0,690.0,0.0,모닝롤/핫도그  우유/주스 계란후라이 누룽지탕/쌀밥 (쌀:국내산) 연두부탕  유채나물  포기김치 (김치:국내산) ,쌀밥/잡곡밥 (쌀:국내산) 어묵국  쇠고기숙주볶음 (쇠고기:호주산) 감자프리타타  건새우마늘쫑볶음  포기김치 (김치:국내산) ,쌀밥/잡곡밥 (쌀:국내산) 된장찌개  유자청제육볶음 (돈육:국내산) 두부구이*양념장  청경채생채  포기김치 (김치:국내산) ,1277.0,707.0,2550.0,0.5007843137254901,7.570833333333333,9.3,3.5,,91.79166666666669,1.0,True
2019-03-12,화,2836.0,59.0,244.0,642.0,0.0,모닝롤/씨크립샌드  우유/주스 스크램블에그 새우살죽/쌀밥 (쌀:국내산) 호박젓국찌개  검정콩조림  포기김치 (김치:국내산) ,쌀밥/잡곡밥 (쌀:국내산) 쑥국  안동찜닭 (닭:국내산) 해물김치전  풋마늘대무침  포기김치 (김치:국내산) ,오므라이스 (쌀:국내산) 미소장국  모듬튀김*칠리소스  멕시칸샐러드  무피클/오렌지  포기김치 (김치:국내산) ,956.0,653.0,2533.0,0.37741808132649035,6.550000000000001,14.1,1.0,,81.04166666666667,,True
2019-03-13,수,2836.0,61.0,244.0,0.0,0.0,모닝롤/소보루빵  우유/주스 계란후라이 누룽지탕/쌀밥 (쌀:국내산) 꽃게탕  김자반  포기김치 (김치:국내산) ,"카레덮밥 (쌀,돈육:국내산) 가쯔오장국  고구마치즈구이  쫄면무침  무말랭이  포기김치 (김치:국내산) ",쌀밥/잡곡밥 (쌀:국내산) 수제비국  순살파닭 (닭:국내산) 꽃맛살볶음  콩나물무침  깍두기 (김치:국내산) ,953.0,442.0,2531.0,0.3765310154089293,6.933333333333334,13.8,0.8,,69.66666666666667,,True
2019-03-14,목,2836.0,62.0,286.0,417.0,0.0,모닝롤/참치샌드  우유/주스 계란후라이 흑임자죽/쌀밥 (쌀:국내산) 오징어국  도라지생채  포기김치 (김치:국내산) ,쌀밥/잡곡밥 (쌀:국내산) 우거지해장국 (쇠고기:호주산) 갈치구이 (갈치:세네갈) 모듬소시지구이  양념깻잎지  열무김치 (김치:국내산) ,"쌀밥/옛날돈까스 (쌀,돈육:국내산) 양송이스프  딸기드레싱샐러드  감자범벅  오이피클/음료  포기김치 (김치:국내산) ",791.0,530.0,2488.0,0.3179260450160772,4.800000000000001,10.3,-1.4,,37.54166666666666,,True
2019-03-15,금,2836.0,174.0,304.0,4.0,0.0,모닝롤/마늘빵  우유/주스 계란후라이 고구마죽/쌀밥 (쌀:국내산) 매운버섯국 (쇠고기:호주산) 미역줄기볶음  포기김치 (김치:국내산) ,쌀밥/잡곡밥 (쌀:국내산) 열무된장국  등갈비김치찜 (등갈비:국내산) 메밀전병만두  호박나물  배추겉절이 (김치:국내산) ,쌀밥/잡곡밥 (쌀:국내산) 달래된장국  레몬탕수육 (돈육:국내산) 우엉잡채  부추생채  포기김치 (김치:국내산) ,630.0,466.0,2358.0,0.26717557251908397,4.858333333333333,12.9,-3.6,,52.25,,True
2019-03-18,월,2836.0,107.0,217.0,607.0,0.0,모닝롤/찐빵  우유/주스 계란후라이 누룽지탕/쌀밥 (쌀:국내산) 민물새우찌개  쥐포무침  포기김치 (김치:국내산) ,쌀밥/잡곡밥 (쌀:국내산) 콩나물국  버섯불고기  오징어숙회무침  세발나물  포기김치 (김치:국내산) ,쌀밥/잡곡밥 (쌀:국내산) 배추된장국  닭갈비  메추리알곤약조림  비트무생채  포기김치 (김치:국내산) ,1261.0,619.0,2512.0,0.5019904458598726,7.125,15.5,-1.0,,62.29166666666666,,True
2019-03-19,화,2836.0,72.0,248.0,553.0,0.0,모닝롤/바나나샌드  우유/주스 스크램블에그 땅콩죽/쌀밥 (쌀:국내산) 황태국  꽈리고추찜  포기김치 (김치:국내산) ,쌀밥/잡곡밥 (쌀:국내산) 아욱국  동파육  계란찜  쫑상추무침  배추겉절이 (김치:국내산) ,꼬마김밥*겨자장 (쌀:국내산) 김치우동  해물까스/케찹  시금치흑임자샐러드  파인애플주스  포기김치 (김치:국내산) ,990.0,627.0,2516.0,0.3934817170111288,7.670833333333334,14.6,-0.6,,64.125,,True
2019-03-20,수,2836.0,77.0,261.0,0.0,0.0,모닝롤/크로와상  우유/주스 계란후라이 누룽지탕/쌀밥 (쌀:국내산) 대구찌개  김잔파무침  포기김치 (김치:국내산) ,김치제육덮밥 (쌀:국내산) 맑은국  야채튀김  시저샐러드  오이무침  알타리김치 (김치:국내산) ,쌀밥/잡곡밥 (쌀:국내산) 닭개장  고등어구이  훈제오리냉채  청포묵무침  포기김치 (김치:국내산) ,970.0,412.0,2498.0,0.388310648518815,11.558333333333332,21.6,1.1,,59.91666666666666,,True
2019-03-21,목,2836.0,81.0,260.0,457.0,0.0,모닝롤/에그샌드  우유/주스 계란후라이 녹두죽/쌀밥 (쌀:국내산) 감자국  멸치아몬드볶음  포기김치 (김치:국내산) ,"쌀밥/잡곡밥 (쌀:국내산) 미역국  한방소갈비찜  동태전/새송이전  봄동겉절이 식혜,오렌지,바나나 깍두기 (김치:국내산) ",빠에야 (쌀:국내산) 쌀국수  수제고로케  과일샐러드  양배추피클  포기김치 (김치:국내산) ,1214.0,470.0,2495.0,0.4865731462925852,10.383333333333336,17.1,4.8,,79.58333333333333,1.0,True
2019-03-22,금,2836.0,168.0,295.0,3.0,0.0,모닝롤/꿀호떡  우유/주스 계란후라이 낙지김치죽/쌀밥 (쌀:국내산) 옹심이만두떡국  유채나물  포기김치 (김치:국내산) ,쌀밥/잡곡밥 (쌀:국내산) 해물된장찌개  돈육굴소스볶음  달래두부무침  양배추쌈*쌈장  포기김치 (김치:국내산) ,쌀밥/잡곡밥 (쌀:국내산) 참치김치찌개  언양식불고기  해파리냉채  시금치나물  포기김치 (김치:국내산) ,567.0,466.0,2373.0,0.23893805309734514,15.204166666666666,19.3,8.8,,63.91666666666666,1.0,True
2019-03-25,월,2836.0,111.0,232.0,585.0,0.0,모닝롤/사과잼쿠키  우유/주스 계란후라이 누룽지탕/쌀밥 (쌀:국내산) 김치국  김자반  포기김치 (김치:국내산) ,쌀밥/잡곡밥 (쌀:국내산) 꽃게탕  소고기장조림  두부구이  방풍나물  포기김치 (김치:국내산) ,쌀밥/잡곡밥 (쌀:국내산) 시래기국  삼겹살구이  감자채볶음  상추파무침  포기김치 (김치:국내산) ,1150.0,555.0,2493.0,0.46129161652627354,5.0375,12.0,-2.7,,52.91666666666666,,True
2019-03-26,화,2836.0,83.0,252.0,525.0,0.0,모닝롤/고구마샌드  우유/주스 스크램블에그 잣죽/쌀밥 (쌀:국내산) 닭곰탕  연두부*양념장  포기김치 (김치:국내산) ,쌀밥/잡곡밥 (쌀:국내산) 무채국  제육볶음  들깨버섯무침  얼갈이나물  포기김치 (김치:국내산) ,잡채밥&짜장소스 (쌀:국내산) 맑은국  간장치킨  떡꼬지  음료/단무지  포기김치 (김치:국내산) ,919.0,541.0,2501.0,0.367453018792483,5.658333333333332,12.6,-1.5,,65.25,,True
2019-03-27,수,2836.0,92.0,259.0,0.0,0.0,모닝롤/베이글  우유/주스 계란후라이 누룽지탕/쌀밥 (쌀:국내산) 된장찌개  애호박나물  포기김치 (김치:국내산) ,단호박영양밥 (쌀:국내산) 가쯔오장국  돈육칠리강정  모듬묵샐러드  숙주나물  배추겉절이 (김치:국내산) ,    *  자기개발의날  *    ,856.0,0.0,2485.0,0.344466800804829,9.420833333333333,21.1,-0.5,,61.29166666666666,,True
2019-03-28,목,2836.0,84.0,282.0,522.0,0.0,모닝롤/단팥빵  우유/주스 계란후라이 수삼닭죽/쌀밥 (쌀:국내산) 쇠고기버섯국  시금치나물  포기김치 (김치:국내산) ,쌀밥/잡곡밥 (쌀:국내산) 어묵탕  매운돼지갈비찜  야채계란말이  부추팽이겉절이  열무김치 (김치:국내산) ,"충무김밥 (쌀,현미흑미:국내산) 우동  오징어초무침  모짜렐라핫도그  바나나/샐러드  석박지 (김치:국내산) ",810.0,597.0,2470.0,0.32793522267206476,11.675,20.1,1.5,,55.5,,True
2019-03-29,금,2836.0,239.0,301.0,1.0,0.0,모닝롤/와플  우유/주스 계란후라이 야채죽/쌀밥 (쌀:국내산) 고추장찌개  도라지나물  포기김치 (김치:국내산) ,쌀밥/잡곡밥 (쌀:국내산) 알탕  미니함박조림  셀프무쌈말이  파래김*양념장  포기김치 (김치:국내산) ,쌀밥/잡곡밥 (쌀:국내산) 쇠고기샤브국  깐풍기  동그랑땡전  열무나물  포기김치 (김치:국내산) ,481.0,402.0,2296.0,0.20949477351916376,12.958333333333334,18.8,7.6,,66.375,,True
2019-04-01,월,2822.0,126.0,197.0,611.0,0.0,모닝롤/사과롤케익  우유/주스 계란후라이 누룽지탕/쌀밥 (쌀:국내산) 시금치국  김구이  포기김치 (김치:국내산) ,쌀밥/잡곡밥 (쌀:국내산) 황태국  소고기숙주볶음  계란찜  치커리무침  포기김치 (김치:국내산) ,쌀밥/잡곡밥 (쌀:국내산) 감자국  새송이너비아니구이  가자미양념찜  콩나물무침  포기김치 (김치:국내산) ,1029.0,577.0,2499.0,0.4117647058823529,7.0,11.6,3.2,,39.333333333333336,,True
2019-04-02,화,2822.0,67.0,253.0,514.0,0.0,"모닝롤/피자빵  우유/주스 스크램블에그 고구마죽/쌀밥 (쌀,닭:국내산) 달래된장찌개  진미채무침  포기김치 (김치:국내산) ",쌀밥/잡곡밥 (쌀:국내산) 연두부탕  오징어볶음  궁중떡볶음  참나물무침  포기김치 (김치:국내산) ,목살필라프 (쌀:국내산) 꼬지어묵국  탕수육  콥샐러드  무피클/사과주스  포기김치 (김치:국내산) ,855.0,491.0,2502.0,0.34172661870503596,6.179166666666666,12.9,-1.5,,40.625,,True
2019-04-03,수,2822.0,59.0,283.0,0.0,0.0,모닝롤/초코핫케익  우유/주스 계란후라이 누룽지탕/쌀밥 (쌀:국내산) 만두국  땅콩조림  포기김치 (김치:국내산) ,"곤드레밥*강된장 (쌀:국내산,돈육:국내산) 들깨시래기국  순대볶음  쫄면  온두부  볶음김치 (김치:국내산) ",쌀밥/잡곡밥  부대찌개  돈육장조림  어묵잡채  오이무침  포기김치 (김치:국내산) ,790.0,411.0,2480.0,0.3185483870967742,7.691666666666667,15.0,-1.3,,46.875,,True
2019-04-04,목,2822.0,60.0,288.0,429.0,0.0,모닝롤/햄치즈샌드  우유/주스 계란후라이 흑임자죽/쌀밥 (쌀:국내산) 호박젓국찌개  마늘쫑볶음  포기김치 (김치:국내산) ,쌀밥/잡곡밥 (쌀:국내산) 돈육김치찌개  안동찜닭  야채비빔만두  아삭고추무침  열무김치 (김치:국내산) ,쌀밥/잡곡밥 (쌀:국내산) 뼈감자탕  해물까스*와사비소스  단호박*팥찜  부추무침  깍두기 (김치:국내산) ,745.0,462.0,2474.0,0.3011317704122878,8.549999999999999,15.1,0.2,,34.666666666666664,,True
2019-04-05,금,2822.0,185.0,303.0,1.0,0.0,모닝롤/고구마파이  우유/주스 계란후라이 야채죽/쌀밥 (쌀:국내산) 소고기무국  김치도토리묵무침  포기김치 (김치:국내산) ,쌀밥/잡곡밥 (쌀:국내산) 조랭이떡미역국  짬뽕불고기  맛살전  간장깻잎지  배추겉절이 (김치:국내산) ,쌀밥/잡곡밥  청국장찌개  류산슬  치즈함박스테이크  가지나물  포기김치 (김치:국내산) ,575.0,436.0,2334.0,0.24635818337617824,10.0875,19.7,-1.3,,41.5,,True
2019-04-08,월,2822.0,104.0,222.0,592.0,0.0,모닝롤/프렌치토스트  우유/주스 계란후라이 누룽지탕/쌀밥 (쌀:국내산) 북어국 (북어채:러시아) 멸치볶음  포기김치 (김치:국내산) ,쌀밥/잡곡밥 (쌀:국내산) 된장찌개  유자청돈육볶음 (돈육:국내산) 새송이버섯전  모듬쌈*쌈장  포기김치 (김치:국내산) ,쌀밥/잡곡밥 (쌀:국내산) 김치두부국  닭갈비 (닭:국내산) 해물파전  취나물  포기김치 (김치:국내산) ,1105.0,607.0,2496.0,0.4427083333333333,11.45,18.2,6.5,,78.66666666666667,,True
2019-04-09,화,2822.0,69.0,239.0,578.0,0.0,모닝롤/참치샌드  우유/주스 스크램블에그 팥죽/쌀밥 (쌀:국내산) 미역국  쑥갓두부무침  포기김치 (김치:국내산) ,쌀밥/잡곡밥 (쌀:국내산) 순두부찌개  주꾸미볶음 (주꾸미:베트남) 감자채볶음  견과류조림  열무김치 (김치:국내산) ,참치회덮밥 (쌀:국내산) 미소장국  또띠아피자  꽃맛살샐러드  락교/오렌지  포기김치 (김치:국내산) ,876.0,590.0,2514.0,0.34844868735083534,14.395833333333334,21.2,9.0,,70.95833333333333,,True
2019-04-10,수,2822.0,64.0,245.0,0.0,0.0,모닝롤/크림롤케익  우유/주스 계란후라이 누룽지탕/쌀밥 (쌀:국내산) 피바지락국  미역줄기볶음  포기김치 (김치:국내산) ,나물비빔밥 (쌀:국내산) 가쯔오장국  오징어튀김 (오징어:포클랜드) 과일샐러드  오복지  포기김치 (김치:국내산) ,쌀밥/잡곡밥 (쌀:국내산) 육개장 (소고기:호주산) 꽁치구이*와사비장  비엔나케찹볶음  청경채생채  포기김치 (김치:국내산) ,789.0,350.0,2513.0,0.3139673696776761,10.566666666666668,16.4,6.6,,65.25,1.0,True
2019-04-11,목,2822.0,52.0,248.0,434.0,0.0,모닝롤/인기가요샌드  우유/주스 계란후라이 김치죽/쌀밥 (쌀:국내산) 근대국  김자반  포기김치 (김치:국내산) ,쌀밥/잡곡밥 (쌀:국내산) 콩나물국  수제돈까스 (돈육:국내산) 파스타샐러드  오이무침  포기김치 (김치:국내산) ,베이컨김치볶음밥 (쌀:국내산) 새우튀김우동  찐만두  키위드레싱샐러드  요플레  깍두기 (김치:국내산) ,845.0,524.0,2522.0,0.33505154639175255,8.35,11.5,5.9,,80.08333333333333,1.0,True
2019-04-12,금,2822.0,155.0,288.0,0.0,0.0,모닝롤/허니브레드  우유/주스 계란후라이 홍게살죽/쌀밥 (쌀:국내산) 대구매운탕  꽈리고추찜  포기김치 (김치:국내산) ,쌀밥/잡곡밥 (쌀:국내산) 아욱국  닭오븐구이 (닭:국내산) 옥수수전  치커리사과생채  배추겉절이 (김치:국내산) ,쌀밥/잡곡밥 (쌀:국내산) 배추된장국  돈육강정 (돈육:국내산) 계란말이  숙주나물  포기김치 (김치:국내산) ,553.0,435.0,2379.0,0.23245060949978982,8.916666666666666,14.0,2.4,,76.83333333333333,,True
2019-04-15,월,2822.0,113.0,178.0,609.0,0.0,모닝롤/꿀호떡  우유/주스 계란후라이 누룽지탕/쌀밥 (쌀:국내산) 오징어국 (오징어:포클랜드) 땅콩아몬드조림  포기김치 (김치:국내산) ,쌀밥/잡곡밥 (쌀:국내산) 매운어묵국  버섯불고기 (소고기:호주산) 시금치프리타타  도라지오이생채  포기김치 (김치:국내산) ,쌀밥/잡곡밥 (쌀:국내산) 차돌박이찌개 (차돌박이:호주산) 가자미카레튀김  마파두부 (돈육:국내산) 부추겉절이  열무김치 (김치:국내산) ,1184.0,647.0,2531.0,0.46779928881864874,12.254166666666668,16.1,7.9,,57.375,,True
2019-04-16,화,2822.0,54.0,234.0,552.0,0.0,모닝롤/야채샌드  우유/주스 스크램블에그 견과류죽/쌀밥 (쌀:국내산) 김치콩나물국  두부양념조림  포기김치 (김치:국내산) ,쌀밥/잡곡밥 (쌀:국내산) 열무된장국  닭볶음탕 (닭:국내산) 우엉잡채  고구마순나물  포기김치 (김치:국내산) ,토마토스파게티(작은밥) (쌀:국내산) 크림스프  미니햄버거  감자튀김  오이피클/음료  포기김치 (김치:국내산) ,905.0,607.0,2534.0,0.35714285714285715,11.745833333333332,20.9,1.1,,47.75,,True
2019-04-17,수,2822.0,57.0,263.0,0.0,0.0,모닝롤/단팥빵  우유/주스 계란후라이 누룽지탕/쌀밥 (쌀:국내산) 꽃게탕  김잔파무침  포기김치 (김치:국내산) ,쌀밥/잡곡밥 (쌀:국내산) 떡국  오징어볶음 (오징어:포클랜드) 계란장조림  양념깻잎지  포기김치 (김치:국내산) ,쌀밥/잡곡밥 (쌀:국내산) 콩비지찌개  간장마늘치킨 (닭:국내산) 브로컬리맛살볶음  얼갈이겉절이  깍두기 (김치:국내산) ,910.0,472.0,2502.0,0.36370903277378097,12.679166666666664,22.5,1.9,,57.125,,True
2019-04-18,목,2822.0,76.0,281.0,458.0,0.0,모닝롤/토마토샌드  우유/주스 계란후라이 녹두죽/쌀밥 (쌀:국내산) 재첩국  호박나물  포기김치 (김치:국내산) ,"쌀밥/잡곡밥 (쌀:국내산) 매운버섯국  미트볼케찹조림 (소고기:호주,돈육:국내) 어묵볶음  세발나물  열무김치 (김치:국내산) ",김밥볶음밥 (쌀:국내산) 짬뽕  크림새우  딸기드레싱샐러드  과일  포기김치 (김치:국내산) ,767.0,528.0,2465.0,0.31115618661257605,15.204166666666666,21.5,9.3,,61.0,,True
2019-04-19,금,2822.0,230.0,294.0,1.0,0.0,모닝롤/치즈프레즐  우유/주스 계란후라이 해물죽/쌀밥 (쌀:국내산) 무채국  시금치나물  포기김치 (김치:국내산) ,"짜장덮밥 (쌀,돈육국내산) 맑은국  사천식탕수육 (돈육:국내산) 군만두  단무지  포기김치 (김치:국내산) ",쌀밥/잡곡밥 (쌀:국내산) 고추장찌개  돈육굴소스볶음 (돈육:국내산) 동그랑땡전  콩나물무침  포기김치 (김치:국내산) ,683.0,412.0,2298.0,0.29721496953872933,14.9,23.0,6.0,,70.66666666666667,,True
2019-04-22,월,2822.0,109.0,253.0,533.0,0.0,모닝롤/프렌치토스트  우유/주스 계란후라이 누룽지탕/쌀밥 (쌀:국내산) 북어해장국  두반장가지볶음  포기김치 (김치:국내산) ,쌀밥/잡곡밥 (쌀:국내산) 들깨시래기국  유자청돈육볶음  콩나물겨자채  양배추쌈*쌈장  포기김치 (김치:국내산) ,쌀밥/잡곡밥 (쌀:국내산) 콩가루배추국  닭데리야끼조림  탕수만두  얼갈이나물  포기김치 (김치:국내산) ,1094.0,494.0,2460.0,0.44471544715447153,16.09166666666667,24.3,8.3,,74.5,,True
2019-04-23,화,2822.0,60.0,272.0,576.0,0.0,모닝롤/에그샌드  우유/주스 스크램블에그 새우살죽/쌀밥 (쌀:국내산) 맑은순두부국  검정콩조림  포기김치 (김치:국내산) ,쌀밥/잡곡밥 (쌀:국내산) 된장찌개  쇠고기장조림  골뱅이무침*소면  취나물무침  포기김치 (김치:국내산) ,쌀밥/잡곡밥 (쌀:국내산) 수제비국  고등어구이  고추잡채*꽃빵  청경채생채  포기김치 (김치:국내산) ,886.0,567.0,2490.0,0.35582329317269074,17.670833333333334,25.3,10.5,,73.5,,True
2019-04-24,수,2822.0,59.0,273.0,0.0,0.0,모닝롤/사과파이  우유/주스 계란후라이 누룽지탕/쌀밥 (쌀:국내산) 콩나물국  미역줄기볶음  포기김치 (김치:국내산) ,카레라이스 (쌀:국내산) 미소장국  언양식불고기  떡볶이  방울토마토  포기김치 (김치:국내산) ,    *  자기계발의날  *    ,1034.0,0.0,2490.0,0.41526104417670684,14.483333333333334,18.1,10.7,,89.91666666666667,1.0,True
2019-04-25,목,2822.0,85.0,294.0,452.0,0.0,모닝롤/단호박샌드  우유/주스 계란후라이 흑임자죽/쌀밥 (쌀:국내산) 감자국  아삭고추된장무침  포기김치 (김치:국내산) ,쌀밥/잡곡밥 (쌀:국내산) 두부김치국  해물누룽지탕  두부카프레제  무나물  열무김치 (김치:국내산) ,파인애플볶음밥 (쌀:국내산) 유부주머니국  새우까스*와사비소스  콘치즈오븐구이  단무지무침/음료  깍두기 (김치:국내산) ,702.0,500.0,2443.0,0.28735161686451083,17.554166666666664,21.2,14.6,,92.91666666666669,1.0,True
2019-04-26,금,2822.0,215.0,297.0,0.0,0.0,모닝롤/시금치팬케익  우유/주스 계란후라이 야채죽/쌀밥 (쌀:국내산) 닭곰탕  도토리묵*장  포기김치 (김치:국내산) ,"쌀밥/잡곡밥 (쌀,돈육국내산) 미역국  돈육간장강정  황태양념구이  숙주나물  포기김치 (김치:국내산) ",쌀밥/잡곡밥 (쌀:국내산) 시금치국  유린기  감자채볶음  마늘쫑무침  포기김치 (김치:국내산) ,572.0,392.0,2310.0,0.24761904761904763,15.529166666666669,17.2,13.3,,95.70833333333331,1.0,True
2019-04-29,월,2822.0,152.0,252.0,544.0,0.0,모닝롤/찐빵  우유/주스 계란후라이 누룽지탕/쌀밥 (쌀:국내산) 건새우아욱국  김구이  포기김치 (김치:국내산) ,쌀밥/잡곡밥 (쌀:국내산) 김치콩나물국  버섯불고기  계란찜  부추생채  포기김치 (김치:국내산) ,쌀밥/잡곡밥 (쌀:국내산) 매운소고기무국  삼치구이  돈육잡채  참나물생채  포기김치 (김치:국내산) ,1207.0,564.0,2418.0,0.49917287014061207,12.091666666666669,18.6,7.9,,76.16666666666667,1.0,True
2019-04-30,화,2822.0,152.0,298.0,290.0,0.0,모닝롤/인절미샌드  우유/주스 스크램블에그 참치죽/쌀밥 (쌀:국내산) 꽃게탕  시래기조림  포기김치 (김치:국내산) ,쌀밥/잡곡밥 (쌀:국내산) 소고기샤브국  오징어볶음  모듬묵샐러드  연근조림  포기김치 (김치:국내산) ,김밥 (쌀:국내산) 잔치국수  야채튀김  바나나  무비트생채(초절이)  포기김치 (김치:국내산) ,714.0,430.0,2372.0,0.30101180438448566,10.925,11.6,9.3,,93.0,1.0,True
2019-05-02,목,2825.0,247.0,303.0,384.0,0.0,모닝롤/메론빵  우유/주스 계란후라이 잣죽/쌀밥 (쌀:국내산) 호박젓국찌개  멸치볶음  포기김치 (김치:국내산) ,쌀밥/잡곡밥 (쌀:국내산) 해물된장찌개  안동찜닭  버섯볶음  치커리생채  포기김치 (김치:국내산) ,삼겹살볶음밥 (쌀:국내산) 미소장국  볶음우동  쫑상추무침  하와이안샐러드  열무김치 (김치:국내산) ,758.0,423.0,2275.0,0.3331868131868132,16.837500000000002,23.5,11.8,,73.70833333333333,,True
2019-05-03,금,2825.0,348.0,276.0,1.0,0.0,모닝롤/초코핫케익  우유/주스 계란후라이 팥죽/쌀밥 (쌀:국내산) 조랭이떡국  두부쑥갓무침  포기김치 (김치:국내산) ,"쌀밥/잡곡밥 (쌀,돈육국내산) 순두부찌개  미니채소떡갈비  사각어묵무침  단배추나물  배추겉절이 (김치:국내산) ",쌀밥/잡곡밥 (쌀:국내산) 황태국  돈육피망볶음  두부계란부침  간장깻잎지  포기김치 (김치:국내산) ,654.0,420.0,2201.0,0.2971376646978646,16.35,24.8,6.4,,57.25,,True
2019-05-07,화,2825.0,135.0,271.0,606.0,0.0,모닝롤/팬케익  우유/주스 스크램블에그 누룽지탕/쌀밥 (쌀:국내산) 미역국  명엽채무침  포기김치 (김치:국내산) ,쌀밥/잡곡밥 (쌀:국내산) 어묵국  훈제오리구이 (오리:국내산) 두부조림  양파절임/쌈무  포기김치 (김치:국내산) ,쌀밥/잡곡밥 (쌀:국내산) 콩나물국  닭갈비 (닭:국내산) 동그랑땡전  무생채  열무김치 (김치:국내산) ,1221.0,590.0,2419.0,0.5047540305911534,15.541666666666666,23.8,8.1,,65.91666666666667,,True
2019-05-08,수,2825.0,81.0,296.0,0.0,0.0,모닝롤/단팥빵  우유/주스 계란후라이 양송이죽/쌀밥 (쌀:국내산) 소고기무국 (소고기:호주산) 브로컬리들깨찜  포기김치 (김치:국내산) ,"콩나물밥 (쌀:국내,소고기:호주) 가쯔오장국  치킨핑거/요거트D (닭:국내산) 메추리알조림  청경채생채  포기김치 (김치:국내산) ",쌀밥/잡곡밥 (쌀:국내산) 육개장 (소고기:호주산) 굴비구이  모듬소세지구이  오이무침  포기김치 (김치:국내산) ,881.0,423.0,2448.0,0.3598856209150327,15.025,21.5,7.5,,56.708333333333336,,True
2019-05-09,목,2825.0,92.0,286.0,538.0,0.0,모닝롤/바나나샌드  우유/주스 계란후라이 누룽지탕/쌀밥 (쌀:국내산) 김치두부국  문어꽈리초조림  포기김치 (김치:국내산) ,쌀밥/잡곡밥 (쌀:국내산) 근대국  보쌈 (돈육:칠레산) 상추쌈/고추/마늘  무말랭이무침  배추겉절이 (김치:국내산) ,"잡채밥/짜장소스 (쌀,돈육:국내산) 맑은국  소고기퀘사디아 (소고기:호주산) 씨리얼과일샐러드  단무지/음료  포기김치 (김치:국내산) ",958.0,531.0,2447.0,0.3914997956681651,14.358333333333334,22.5,5.0,,60.875,,True
2019-05-10,금,2825.0,166.0,302.0,0.0,0.0,모닝롤/크로와상  우유/주스 계란후라이 단호박죽/쌀밥 (쌀:국내산) 고추장찌개  가지나물  포기김치 (김치:국내산) ,쌀밥/잡곡밥 (쌀:국내산) 참치김치찌개  소고기장조림 (소고기:호주산) 실곤약초무침  셀프무쌈말이  깍두기 (김치:국내산) ,쌀밥/잡곡밥 (쌀:국내산) 열무된장국  레몬탕수육 (돈육:국내산) 해물파전  마늘쫑무침  포기김치 (김치:국내산) ,607.0,438.0,2357.0,0.25753075943996606,16.558333333333334,24.3,8.3,,54.875,,True
2019-05-13,월,2825.0,119.0,231.0,599.0,0.0,모닝롤/베이글  우유/주스 스크램블에그 누룽지탕/쌀밥 (쌀:국내산) 황태국 (황태:러시아산) 시금치나물  포기김치 (김치:국내산) ,쌀밥/잡곡밥 (쌀:국내산) 아욱국  제육볶음 (돈육:국내산) 해파리겨자채  호박나물  포기김치 (김치:국내산) ,쌀밥/잡곡밥 (쌀:국내산) 부대찌개 (양지:호주산) 고등어자반찜  메밀전병만두  참나물땅콩무침  깍두기 (김치:국내산) ,1111.0,507.0,2475.0,0.4488888888888889,18.504166666666663,28.4,10.0,,53.833333333333336,,True
2019-05-14,화,2825.0,76.0,256.0,601.0,0.0,모닝롤/참치샌드  우유/주스 스크램블에그 야채죽/쌀밥 (쌀:국내산) 감자국  느타리볶음  포기김치 (김치:국내산) ,쌀밥/잡곡밥 (쌀:국내산) 차돌된장찌개  해물청경채볶음 (오징어:포클랜드) 고기전 (돈육:국내산) 미역줄기볶음  포기김치 (김치:국내산) ,멸치주먹밥 (쌀:국내산) 김치우동  고구마치즈구이  모듬튀김  오이무침/과일  열무김치 (김치:국내산) ,907.0,587.0,2493.0,0.3638186923385479,17.3,25.3,8.6,,65.54166666666667,,True
2019-05-15,수,2825.0,69.0,284.0,0.0,0.0,모닝롤/롤케익  우유/주스 계란후라이 누룽지탕/쌀밥 (쌀:국내산) 오징어국 (오징어:포클랜드) 김구이  포기김치 (김치:국내산) ,산채비빔밥 (쌀:국내산) 가쯔오장국  치킨너겟*머스타드 (닭:국내산) 콘샐러드  연근땅콩조림  포기김치 (김치:국내산) ,쌀밥/잡곡밥 (쌀:국내산) 시래기국  버섯불고기 (소고기:호주산) 매운어묵볶음  쫑상추무침  포기김치 (김치:국내산) ,888.0,368.0,2472.0,0.3592233009708738,20.904166666666665,26.2,16.7,,71.25,,True
2019-05-16,목,2825.0,72.0,283.0,482.0,0.0,모닝롤/씨크립샌드  우유/주스 계란후라이 녹두죽/쌀밥 (쌀:국내산) 배추된장국  멸치볶음  포기김치 (김치:국내산) ,쌀밥/잡곡밥 (쌀:국내산) 연두부탕  돼지갈비찜 (돈육:국내산) 계란말이  취나물  포기김치 (김치:국내산) ,"닭갈비볶음밥 (쌀,닭:국내산) 쌀국수 (소고기:호주산) 해물까스*와사비소스  핫도그  양배추피클  포기김치 (김치:국내산) ",790.0,521.0,2470.0,0.31983805668016196,20.54583333333333,28.7,14.6,,70.0,,True
2019-05-17,금,2825.0,224.0,291.0,1.0,0.0,"모닝롤/고구마파이  우유/주스 계란후라이 쇠고기죽/쌀밥 (쌀,쇠고기:국내,호주) 콩나물국  쥐포무침  포기김치 (김치:국내산) ",쌀밥/잡곡밥 (쌀:국내산) 버섯매운탕 (소고기:호주산) 탕수어 (동태:러시아산) 온두부  치커리유자청무침  볶음김치 (김치:국내산) ,"쌀밥/잡곡밥 (쌀:국내산) 닭개장 (닭:국내산) 미니함박조림 (돈육,소고기:국내,호주) 브로컬리오징어숙회 (오징어:포클랜드) 아삭고추무침  포기김치 (김치:국내산) ",408.0,362.0,2310.0,0.17662337662337663,20.941666666666663,29.3,13.6,,64.625,,True
2019-05-20,월,2825.0,100.0,223.0,602.0,0.0,모닝롤/애플파이  우유/주스 계란후라이 누룽지탕/쌀밥 (쌀:국내산) 무채국  김자반  포기김치 (김치:국내산) ,쌀밥/잡곡밥 (쌀:국내산) 된장찌개  소고기숙주나물볶음  코다리조림  방풍나물  포기김치 (김치:국내산) ,쌀밥/잡곡밥 (쌀:국내산) 떡국  고추잡채*꽃빵  통도라지구이  오이맛살초무침  포기김치 (김치:국내산) ,1174.0,516.0,2502.0,0.469224620303757,18.4,20.1,16.7,,94.83333333333331,1.0,True
2019-05-21,화,2825.0,64.0,279.0,563.0,0.0,모닝롤/야채샌드  우유/주스 스크램블에그 흑임자죽/쌀밥 (쌀:국내산) 동태탕  애호박나물  포기김치 (김치:국내산) ,쌀밥/잡곡밥 (쌀:국내산) 해물순두부찌개  수원왕갈비통닭  사각어묵볶음  참나물생채  열무김치 (김치:국내산) ,충무김밥 (쌀:국내산) 미니국수  오징어초무침  꽃맛살샐러드  방울토마토/요플레  석박지 (김치:국내산) ,844.0,567.0,2482.0,0.34004834810636586,18.441666666666663,22.9,12.5,,68.25,1.0,True
2019-05-22,수,2825.0,60.0,272.0,0.0,0.0,모닝롤/프렌치토스트  우유/주스 계란후라이 누룽지탕/쌀밥 (쌀:국내산) 근대국  머위대나물  포기김치 (김치:국내산) ,쌀밥/잡곡밥 (쌀:국내산) 꽃게탕  새송이떡갈비구이  도토리묵야채무침  연두부*양념장  포기김치 (김치:국내산) ,쌀밥/잡곡밥 (쌀:국내산) 버섯들깨탕  과일탕수육  감자비엔나볶음  청경채겉절이  포기김치 (김치:국내산) ,831.0,405.0,2493.0,0.3333333333333333,17.087500000000002,26.0,6.6,,49.04166666666666,,True
2019-05-23,목,2825.0,61.0,302.0,447.0,0.0,모닝롤/햄치즈샌드  우유/주스 계란후라이 잣죽/쌀밥 (쌀:국내산) 미역국  오징어젓갈무침  열무김치 (김치:국내산) ,쌀밥/잡곡밥 (쌀:국내산) 소고기국  가자미튀김  돈육장조림  시금치고추장무침  포기김치 (김치:국내산) ,"해물굴소스볶음밥 (쌀,닭:국내산) 스프  토마토스파게티  감자튀김*케찹  시저샐러드  포기김치 (김치:국내산) ",658.0,509.0,2462.0,0.26726238830219334,19.17083333333333,27.2,8.6,,52.458333333333336,,True
2019-05-24,금,2825.0,193.0,307.0,0.0,0.0,"모닝롤/와플  우유/주스 계란후라이 고구마죽/쌀밥 (쌀,쇠고기:국내,호주) 어묵탕  감자조림  포기김치 (김치:국내산) ",낙지비빔밥 (쌀:국내산) 콩나물국  부추전  계란찜  땅콩조림  포기김치 (김치:국내산) ,쌀밥/잡곡밥 (쌀:국내산) 고추장찌개  두부커틀릿  해물누룽지탕  간장깻잎지  포기김치 (김치:국내산) ,508.0,328.0,2325.0,0.218494623655914,20.95,31.7,11.8,,61.79166666666666,,True
2019-05-27,월,2825.0,86.0,212.0,644.0,0.0,모닝롤/치즈프레즐  우유/주스 계란후라이 누룽지탕/쌀밥 (쌀:국내산) 들깨시래기국  김가루잔파무침  포기김치 (김치:국내산) ,쌀밥/잡곡밥 (쌀:국내산) 북어국  돈육콩나물불고기  시금치프리타타  쫑상추무침  포기김치 (김치:국내산) ,쌀밥/잡곡밥 (쌀:국내산) 두부김치국  소고기장조림  양장피잡채  세발나물  열무김치 (김치:국내산) ,1219.0,550.0,2527.0,0.482390185991294,21.8875,28.0,16.0,,66.66666666666667,,True
2019-05-28,화,2825.0,54.0,229.0,632.0,0.0,모닝롤/식빵피자  우유/주스 계란후라이 땅콩죽/쌀밥 (쌀:국내산) 호박젓국찌개  두부쑥갓무침  포기김치 (김치:국내산) ,쌀밥/잡곡밥 (쌀:국내산) 오징어국  안동찜닭  감자채전  오이소박이  포기김치 (김치:국내산) ,유부초밥  가쯔오장국  야채쫄면  생선까스*칠리소스  단무지/오렌지  포기김치 (김치:국내산) ,931.0,590.0,2542.0,0.3662470495672699,20.0875,21.1,18.7,,89.08333333333333,1.0,True
2019-05-29,수,2825.0,50.0,237.0,0.0,0.0,모닝롤/찐빵 (샐러드닭가슴살 없이) 우유/주스 스크램블에그 호박죽/쌀밥 (쌀:국내산) 차돌박이찌개  청포묵무침  포기김치 (김치:국내산) ,쌀밥/잡곡밥 (쌀:국내산) 배추된장국  수제돈가스  마파두부  돈나물유자청무침  포기김치 (김치:국내산) ,    *  자기개발의날  *    ,896.0,0.0,2538.0,0.3530338849487786,18.95,26.0,12.6,,52.29166666666666,,True
2019-05-30,목,2825.0,73.0,258.0,517.0,0.0,모닝롤/베이컨샌드  우유/주스 계란후라이 누룽지탕/쌀밥 (쌀:국내산) 맑은만두국  깻순나물  열무김치 (김치:국내산) ,쌀밥/잡곡밥 (쌀:국내산) 육개장  고등어구이  야채비빔만두  파래김*양념장  깍두기 (김치:국내산) ,쇠고기숙주규동덮밥 (쌀:국내산) 미소장국  파스타샐러드  치킨퀘사디야  무피클  배추겉절이 (김치:국내산) ,836.0,527.0,2494.0,0.3352044907778669,19.575,30.2,10.1,,55.66666666666666,,True
2019-05-31,금,2825.0,179.0,291.0,0.0,0.0,"모닝롤/호떡  우유/주스 계란후라이 해물죽/쌀밥 (쌀,쇠고기:국내,호주) 감자국  꽈리고추찜  포기김치 (김치:국내산) ",봄나물비빔밥 (쌀:국내산) 맑은국  함박스테이크  동태전  마늘쫑무침  포기김치 (김치:국내산) ,쌀밥/잡곡밥 (쌀:국내산) 무청된장국  닭갈비  숙주미나리잡채  청경채겉절이  포기김치 (김치:국내산) ,640.0,378.0,2355.0,0.27176220806794055,20.27083333333333,28.5,9.7,,52.29166666666666,,True
2019-06-03,월,2758.0,87.0,225.0,702.0,0.0,모닝롤/마늘빵  우유/주스 스크램블에그 누룽지탕/쌀밥 (쌀:국내산) 황태국 (북어채:러시아) 진미채무침  포기김치 (김치:국내산) ,쌀밥/잡곡밥 (쌀:국내산) 콩나물국  짬뽕불고기 (돈육:국내산) 메추리알조림  모듬쌈*쌈장  포기김치 (김치:국내산) ,쌀밥/잡곡밥 (쌀:국내산) 순두부찌개  삼치튀김*데리소스  꽃맛살볶음  부추생채  포기김치 (김치:국내산) ,1221.0,572.0,2446.0,0.4991823385118561,20.225,27.9,13.5,,65.33333333333333,,True
2019-06-04,화,2758.0,65.0,251.0,592.0,0.0,모닝롤/에그샌드  우유/주스 스크램블에그 새우살죽/쌀밥 (쌀:국내산) 미역국  아삭고추무침  포기김치 (김치:국내산) ,쌀밥/잡곡밥 (쌀:국내산) 아욱국  등갈비김치찜 (등갈비:스페인산) 두부계란부침  콩나물무침  열무김치 (김치:국내산) ,참치주먹밥 (쌀:국내산) 우동  닭오븐구이 (닭:국내산) 딸기드레싱샐러드  또띠아견과칩/음료  포기김치 (김치:국내산) ,962.0,486.0,2442.0,0.3939393939393939,21.504166666666663,30.2,12.8,,64.66666666666667,,True
2019-06-05,수,2758.0,144.0,247.0,0.0,0.0,모닝롤/베이글  우유/주스 계란후라이 누룽지탕/쌀밥 (쌀:국내산) 대구매운탕  어묵볶음  포기김치 (김치:국내산) ,곤드레밥*양념장 (쌀:국내산) 맑은국  코다리조림 (코다리:러시아) 계란말이  과일샐러드  포기김치 (김치:국내산) ,쌀밥/잡곡밥 (쌀:국내산) 된장찌개  동파삼겹수육 (돈육:칠레산) 감자채볶음  도라지초무침  배추겉절이 (김치:국내산) ,761.0,502.0,2367.0,0.32150401351922264,22.40416666666667,30.2,14.1,,69.70833333333333,,True
2019-06-07,금,2758.0,890.0,219.0,3.0,0.0,모닝롤/팥호빵  우유/주스 계란후라이 야채죽/쌀밥 (쌀:국내산) 무채국 (우민찌:호주산) 멸치볶음  포기김치 (김치:국내산) ,쌀밥/잡곡밥 (쌀:국내산) 고추장찌개  언양식불고기  버섯잡채  오이무침  포기김치 (김치:국내산) ,쌀밥/잡곡밥 (쌀:국내산) 두부김치국  닭강정 (닭:국내산) 새송이버섯전  호박나물  깍두기 (김치:국내산) ,389.0,244.0,1649.0,0.23590054578532443,21.42083333333333,27.6,16.6,,80.625,1.0,True
2019-06-10,월,2758.0,114.0,236.0,673.0,0.0,모닝롤/프렌치토스트  우유/주스 계란후라이 누룽지탕/쌀밥 (쌀:국내산) 연두부탕  명엽채무침  포기김치 (김치:국내산) ,쌀밥/잡곡밥 (쌀:국내산) 매운어묵국  소불고기 (소고기:호주산) 골뱅이무침*소면  숙주나물  포기김치 (김치:국내산) ,쌀밥/잡곡밥 (쌀:국내산) 얼갈이된장국  삼겹살구이 (돈육:칠레산) 어묵꽈리고추볶음  상추파무침  포기김치 (김치:국내산) ,1232.0,568.0,2408.0,0.5116279069767442,20.5875,26.1,16.6,,72.79166666666667,,True
2019-06-11,화,2758.0,55.0,267.0,624.0,0.0,모닝롤/씨크립샌드  우유/주스 스크램블에그 고구마죽/쌀밥 (쌀:국내산) 시금치국  가지나물  포기김치 (김치:국내산) ,쌀밥/잡곡밥 (쌀:국내산) 부대찌개 (양지:호주산) 오징어볶음 (오징어:포클랜드) 연두부*양념장  땅콩조림  열무김치 (김치:국내산) ,김밥볶음밥 (쌀:국내산) 초계국수 (닭:국내산) 떡볶이  멕시칸샐러드  무피클  포기김치 (김치:국내산) ,804.0,555.0,2436.0,0.33004926108374383,19.195833333333333,22.7,15.8,,72.58333333333333,1.0,True
2019-06-12,수,2758.0,60.0,278.0,0.0,0.0,모닝롤/크로와상  우유/주스 계란후라이 누룽지탕/쌀밥 (쌀:국내산) 오징어국 (오징어:포클랜드) 김자반  포기김치 (김치:국내산) ,"김치제육덮밥 (쌀,돈육:국내산) 맑은국  사과고구마그라탕  맛살냉채  오복지무침  깍두기 (김치:국내산) ",쌀밥/잡곡밥 (쌀:국내산) 매운버섯국 (소고기:호주산) 갈치구이 (갈치:세네갈) 비엔나볶음  셀프무쌈말이  포기김치 (김치:국내산) ,876.0,359.0,2420.0,0.36198347107438017,18.85833333333333,24.3,15.5,,76.875,1.0,True
2019-06-13,목,2758.0,65.0,288.0,507.0,0.0,모닝롤/토마토샌드  우유/주스 계란후라이 잣죽/쌀밥 (쌀:국내산) 근대국  문어꽈리초조림  포기김치 (김치:국내산) ,쌀밥/잡곡밥 (쌀:국내산) 옹심이만두국  닭볶음탕 (닭:국내산) 신김치도토리묵  치커리유자청생채  포기김치 (김치:국내산) ,오므라이스 (쌀:국내산) 가쯔오장국  훈제오리냉채  만두튀김  과일  열무김치 (김치:국내산) ,679.0,520.0,2405.0,0.28232848232848234,20.675,26.6,15.5,,71.66666666666667,,True
2019-06-14,금,2758.0,193.0,295.0,4.0,0.0,모닝롤/허니브레드  우유/주스 계란후라이 팥죽/쌀밥 (쌀:국내산) 우거지해장국 (소고기:호주산) 열무나물  포기김치 (김치:국내산) ,쌀밥/잡곡밥 (쌀:국내산) 오이냉국  사천식탕수육 (돈육:국내산) 해물파전  양념깻잎지  포기김치 (김치:국내산) ,"쌀밥/잡곡밥 (쌀:국내산) 동태탕 (동태:러시아산) 미트볼케찹조림 (돈육,소고기:국내,호주) 새싹두부구이  양배추쌈*쌈장  포기김치 (김치:국내산) ",538.0,373.0,2270.0,0.23700440528634362,21.3875,28.1,16.8,,70.25,,True
2019-06-17,월,2758.0,95.0,240.0,640.0,0.0,모닝롤/마늘빵  우유/주스 계란후라이 누룽지탕/쌀밥 (쌀:국내산) 들깨미역국  진미채볶음  포기김치 (김치:국내산) ,쌀밥/잡곡밥 (쌀:국내산) 열무된장국  돼지고기유자청볶음  잡채  취나물무침  포기김치 (김치:국내산) ,쌀밥/잡곡밥 (쌀:국내산) 콩나물김치국  류산슬  모듬소세지구이  브로컬리*초장  열무김치 (김치:국내산) ,1099.0,534.0,2423.0,0.4535699546017334,20.825,26.8,14.2,,69.58333333333333,,True
2019-06-18,화,2758.0,65.0,264.0,558.0,0.0,모닝롤/참치샌드  우유/주스 스크램블에그 닭죽/쌀밥 (쌀:국내산) 꽃게탕  시금치나물  포기김치 (김치:국내산) ,쌀밥/잡곡밥 (쌀:국내산) 북어해장국  매운돼지갈비찜  흑임자연근샐러드  무생채  포기김치 (김치:국내산) ,베이컨볶음밥 (쌀:국내산) 유부장국  토마토스파게티  해물까스*칠리소스  야채샐러드/과일  포기김치 (김치:국내산) ,853.0,491.0,2429.0,0.3511733223548785,21.90416666666667,26.1,18.6,,72.95833333333333,,True
2019-06-19,수,2758.0,78.0,260.0,0.0,0.0,모닝롤/애플잼쿠키  우유/주스 계란후라이 누룽지탕/쌀밥 (쌀:국내산) 해물순두부찌개  멸치볶음  포기김치 (김치:국내산) ,"짜장덮밥 (쌀,돈육:국내산) 맑은국  깐풍기  물만두  단무지/쨔샤이무침  포기김치 (김치:국내산) ",쌀밥/잡곡밥 (쌀:국내산) 된장찌개  닭갈비  옥수수전  청포묵무침  포기김치 (김치:국내산) ,882.0,420.0,2420.0,0.36446280991735536,22.09583333333333,27.2,17.2,,76.83333333333333,,True
2019-06-20,목,2758.0,90.0,291.0,444.0,0.0,모닝롤/옥수수샌드  우유/주스 계란후라이 호박죽/쌀밥 (쌀:국내산) 민물새우찌개  감자채볶음  포기김치 (김치:국내산) ,쌀밥/잡곡밥 (쌀:국내산) 감자국  주꾸미볶음  시금치프리타타  아삭고추무침  포기김치 (김치:국내산) ,쌀밥/잡곡밥 (쌀:국내산) 뼈감자탕  유린기  궁중떡볶음  단호박팥찜  깍두기 (김치:국내산) ,625.0,419.0,2377.0,0.26293647454774927,22.975,29.5,17.6,,76.41666666666667,,True
2019-06-21,금,2758.0,188.0,294.0,0.0,0.0,모닝롤/와플  우유/주스 계란후라이 야채죽/쌀밥 (쌀:국내산) 차돌박이찌개  비름나물  포기김치 (김치:국내산) ,쌀밥/잡곡밥 (쌀:국내산) 청국장찌개  소고기장조림  김치전  사과오이초무침  포기김치 (김치:국내산) ,쌀밥/잡곡밥 (쌀:국내산) 쇠고기샤브국  미니야채떡갈비  어묵피망볶음  콩나물무침  포기김치 (김치:국내산) ,505.0,381.0,2276.0,0.2218804920913884,23.9875,29.6,18.5,,73.83333333333333,,True
2019-06-24,월,2758.0,101.0,213.0,692.0,0.0,모닝롤/핫케익  우유/주스 계란후라이 누룽지탕/쌀밥 (쌀:국내산) 시래기국  김구이  포기김치 (김치:국내산) ,쌀밥/잡곡밥 (쌀:국내산) 어묵국  소불고기 (소고기:호주산) 옥수수계란찜  가지나물  포기김치 (김치:국내산) ,쌀밥/잡곡밥 (쌀:국내산) 소고기매운무국  오징어굴소스볶음  모둠버섯구이  오이무침  포기김치 (김치:국내산) ,1105.0,540.0,2444.0,0.4521276595744681,21.9125,28.2,17.7,,71.58333333333333,1.0,True
2019-06-25,화,2758.0,67.0,265.0,573.0,0.0,모닝롤/햄치즈샌드  우유/주스 스크램블에그 흑임자죽/쌀밥 (쌀:국내산) 콩나물국  무나물  포기김치 (김치:국내산) ,쌀밥/잡곡밥 (쌀:국내산) 참치김치찌개  돈육장조림  맛살전  해파리냉채  열무김치 (김치:국내산) ,중국식볶음밥 (쌀:국내산) 짬뽕  고추잡채*꽃빵  과일샐러드  단무지  포기김치 (김치:국내산) ,775.0,472.0,2426.0,0.3194558944765045,21.75,26.8,17.2,,76.5,,True
2019-06-26,수,2758.0,69.0,282.0,0.0,0.0,모닝롤/고구마파이  우유/주스 계란후라이 누룽지탕/쌀밥 (쌀:국내산) 콩가루배추국  알감자조림  포기김치 (김치:국내산) ,"카레덮밥 (쌀,돈육:국내산) 가쯔오장국  고구마치즈구이  쫄면무침  무말랭이  포기김치 (김치:국내산) ",   *  자기개발의날  *     ,946.0,0.0,2407.0,0.3930203572912339,23.4125,29.3,17.6,,71.95833333333333,,True
2019-06-27,목,2758.0,85.0,280.0,478.0,0.0,모닝롤/치킨샌드  우유/주스 계란후라이 녹두죽/쌀밥 (쌀:국내산) 오징어국  참나물생채  포기김치 (김치:국내산) ,쌀밥/잡곡밥 (쌀:국내산) 소고기미역국  양념치킨  비엔나볶음  파래김*양념장  배추겉절이 (김치:국내산) ,"빠에야 (쌀,현미흑미:국내산) 올챙이만두국  소고기퀘사디아  하와이안샐러드  무피클  포기김치 (배추,고추가루:국내산) ",808.0,501.0,2393.0,0.33765148349352275,18.254166666666663,19.7,16.5,,92.58333333333331,1.0,True
2019-06-28,금,2758.0,229.0,288.0,2.0,0.0,모닝롤/베이글  우유/주스 계란후라이 소고기죽/쌀밥 (쌀:국내산) 감자고추장찌개  우엉조림  포기김치 (김치:국내산) ,콩나물밥*양념장 (쌀:국내산) 팽이장국  치킨핑거*요거트드레싱  꽃맛살샐러드  얼갈이겉절이  포기김치 (김치:국내산) ,쌀밥/잡곡밥 (쌀:국내산) 아욱국  돈육강정 (돈육:국내산) 고기전  도토리묵무침  포기김치 (김치:국내산) ,535.0,373.0,2241.0,0.23873270861222667,23.554166666666664,28.7,19.7,,89.16666666666667,1.0,True
2019-07-01,월,2760.0,115.0,218.0,512.0,0.0,모닝롤/시금치핫케익  우유/주스 계란후라이 누룽지탕/쌀밥 (쌀:국내산) 두부젓국찌개  느타리볶음  포기김치 (김치:국내산) ,"쌀밥/잡곡밥 (쌀:국내산) 순두부찌개  치즈함박스테이크 (돈육:국산,미국산) 매운어묵볶음  청경채생채  포기김치 (김치:국내산) ",쌀밥/잡곡밥 (쌀:국내산) 차돌된장찌개 (차돌박이:미국산) 고등어구이  메추리알조림  노각무침  포기김치 (김치:국내산) ,1175.0,512.0,2427.0,0.48413679439637414,23.92083333333333,29.1,19.9,,85.45833333333333,,True
2019-07-02,화,2760.0,87.0,237.0,490.0,0.0,모닝롤/야채샌드  우유/주스 스크램블에그 호박죽/쌀밥 (쌀:국내산) 무채국 (우민찌:호주산) 건새우마늘쫑볶음  포기김치 (김치:국내산) ,"쌀밥/잡곡밥 (쌀:국내산) 사과오이냉국  쇠고기낙지볶음 (쇠고기:호주,낙지:중국) 우엉잡채  쫑상추무침  포기김치 (김치:국내산) ",꼬마김밥*겨자장 (쌀:국내산) 우동  생선까스*탈탈소스  멕시칸샐러드  음료  포기김치 (김치:국내산) ,787.0,504.0,2436.0,0.3230706075533662,23.775,26.2,20.8,,86.58333333333333,1.0,True
2019-07-03,수,2760.0,82.0,265.0,0.0,0.0,모닝롤/단팥빵  우유/주스 계란후라이 누룽지탕/쌀밥 (쌀:국내산) 꽃게탕  진미채무침  포기김치 (김치:국내산) ,"마파두부덮밥 (쌀,돈육:국내산) 맑은국  치킨너겟 (닭:국내산) 파스타샐러드  찐옥수수  포기김치 (김치:국내산) ",쌀밥/잡곡밥 (쌀:국내산) 근대국  돈육간장볶음 (돈육:국내산) 두부구이*양념장  야채스틱*쌈장  포기김치 (김치:국내산) ,910.0,324.0,2413.0,0.37712391214256114,24.195833333333336,29.2,19.1,,77.625,,True
2019-07-04,목,2760.0,95.0,309.0,434.0,0.0,모닝롤/감자샌드  우유/주스 계란후라이 잣죽/쌀밥 (쌀:국내산) 콩나물국  미역줄기볶음  포기김치 (김치:국내산) ,쌀밥/잡곡밥 (쌀:국내산) 열무된장국  짬뽕불고기 (돈육:국내산) 감자채볶음  호박잎*양배추쌈  포기김치 (김치:국내산) ,베이컨김치볶음밥 (쌀:국내산) 냉모밀국수  해물부추전  만두찜  수박  깍두기 (김치:국내산) ,699.0,565.0,2356.0,0.2966893039049236,23.225000000000005,27.7,18.7,,81.0,,True
2019-07-05,금,2760.0,210.0,289.0,0.0,0.0,모닝롤/롤케익  우유/주스 계란후라이 해물죽/쌀밥 (쌀:국내산) 황태국 (황태:러시아산) 호박채나물  포기김치 (김치:국내산) ,쌀밥/잡곡밥 (쌀:국내산) 김치두부국  훈제오리구이 (오리:국내산) 동그랑땡전  쌈무/양파절임 부추겉절이 열무김치 (김치:국내산) ,쌀밥/잡곡밥 (쌀:국내산) 배추된장국  레몬탕수육 (돈육:국내산) 실곤약흑임자무침  양념깻잎지  포기김치 (김치:국내산) ,546.0,371.0,2261.0,0.24148606811145512,24.675,31.4,19.0,,72.70833333333333,,True
2019-07-08,월,2760.0,155.0,277.0,536.0,0.0,모닝롤/프렌치토스트  우유/주스 계란후라이 누룽지탕/쌀밥 (쌀:국내산) 쇠고기무국 (쇠고기:호주산) 김잔파무침  포기김치 (김치:국내산) ,쌀밥/잡곡밥 (쌀:국내산) 오징어국 (오징어:포클랜드) 버섯불고기 (쇠고기:호주산) 꽃맛살볶음  치커리유자청생채  포기김치 (김치:국내산) ,쌀밥/잡곡밥 (쌀:국내산) 콩나물국  해물누룽지탕 (오징어:포클랜드) 모듬소시지구이  미역레몬초무침  포기김치 (김치:국내산) ,985.0,465.0,2328.0,0.4231099656357388,23.179166666666664,28.0,18.3,,68.125,,True
2019-07-09,화,2760.0,75.0,275.0,466.0,0.0,모닝롤/고구마샌드  우유/주스 스크램블에그 표고버섯죽/쌀밥 (쌀:국내산) 고추장찌개  시금치나물  포기김치 (김치:국내산) ,쌀밥/잡곡밥 (쌀:국내산) 시래기국  닭볶음탕 (닭:국내산) 어묵꽈리볶음  도라지생채  포기김치 (김치:국내산) ,멸치주먹밥 (쌀:국내산) 잔치국수  케이준샐러드  단호박범벅  무피클  포기김치 (김치:국내산) ,861.0,472.0,2410.0,0.35726141078838175,23.15416666666667,27.6,17.8,,65.70833333333333,,True
2019-07-10,수,2760.0,123.0,286.0,0.0,0.0,모닝롤/사과파이  우유/주스 계란후라이 누룽지탕/쌀밥 (쌀:국내산) 동태탕 (동태:러시아산) 브로컬리초장  포기김치 (김치:국내산) ,열무보리비빔밥 (쌀:국내산) 가쯔오장국  깐풍육 (돈육:국내산) 시저샐러드  오복지무침  포기김치 (김치:국내산) ,쌀밥/잡곡밥 (쌀:국내산) 육개장 (쇠고기:호주산) 가자미튀김  계란말이  오이생채  깍두기 (김치:국내산) ,862.0,326.0,2351.0,0.36665248830284985,23.041666666666668,25.6,19.9,,67.20833333333333,,True
2019-07-11,목,2760.0,102.0,301.0,371.0,0.0,모닝롤/바나나샌드  우유/주스 계란후라이 새우살죽/쌀밥 (쌀:국내산) 감자국  멸치아몬드볶음  포기김치 (김치:국내산) ,쌀밥/잡곡밥 (쌀:국내산) 근대국  삼겹보쌈 (돈육:칠레산) 해물김치전  무말랭이  배추겉절이 (김치:국내산) ,쌀밥/잡곡밥 (쌀:국내산) 들깨미역국  언양식불고기  오징어초무침 (오징어:포클랜드) 콩나물무침  포기김치 (김치:국내산) ,730.0,475.0,2357.0,0.3097157403478999,20.791666666666668,21.8,19.3,,85.08333333333333,1.0,True
2019-07-12,금,2760.0,244.0,306.0,0.0,0.0,모닝롤/핫도그  우유/주스 계란후라이 견과류죽/쌀밥 (쌀:국내산) 매운버섯국 (쇠고기:호주산) 깻순나물  포기김치 (김치:국내산) ,"<초복특식>  삼계탕 (닭:국내산) 찹쌀밥 (찹쌀,쌀:국내산) 생야채&쌈장  수박  수제석박지 (고추가루:국내산) ",쌀밥/잡곡밥 (쌀:국내산) 된장찌개  소고기장조림 (쇠고기:호주산) 비엔나케찹볶음  마늘쫑무침  포기김치 (김치:국내산) ,856.0,385.0,2210.0,0.38733031674208146,24.03333333333333,28.5,20.3,,80.58333333333333,1.0,True
2019-07-15,월,2760.0,144.0,232.0,396.0,0.0,모닝롤/핫케이크  우유/주스 계란후라이 누룽지탕/쌀밥 (쌀:국내산) 무채국  김자반  포기김치 (김치:국내산) ,쌀밥/잡곡밥 (쌀:국내산) 차돌박이찌개  돈육굴소스볶음  주꾸미야채무침  시금치나물  포기김치 (김치:국내산) ,쌀밥/잡곡밥 (쌀:국내산) 시래기들개탕  오징어볶음*소면  고기전  실곤약초무침  포기김치 (김치:국내산) ,1127.0,453.0,2384.0,0.47273489932885904,23.600000000000005,29.0,19.2,,80.41666666666667,,True
2019-07-16,화,2760.0,100.0,227.0,426.0,0.0,모닝롤/야채샌드  우유/주스 스크램블에그 야채죽/쌀밥 (쌀:국내산) 조랭이떡국  가지나물  포기김치 (김치:국내산) ,쌀밥/잡곡밥 (쌀:국내산) 북어계란국  닭갈비  간장두부조림  셀프무쌈말이  열무김치 (김치:국내산) ,유부초밥 (쌀:국내산) 콩국수  떡볶이  군만두  수박  포기김치 (김치:국내산) ,952.0,477.0,2433.0,0.39128647759967117,24.0625,28.7,20.8,,79.33333333333333,1.0,True
2019-07-17,수,2760.0,96.0,259.0,0.0,0.0,모닝롤/꿀호떡  우유/주스 계란후라이 누룽지탕/쌀밥 (쌀:국내산) 연두부탕  명엽채무침  포기김치 (김치:국내산) ,산채비빔밥  미소장국  야채튀김  아삭고추무침  요플레  포기김치 (김치:국내산) ,쌀밥/잡곡밥 (쌀:국내산) 두부김치국  돼지고기장조림  야채계란찜  꽃상추무침  열무김치 (김치:국내산) ,814.0,274.0,2405.0,0.3384615384615385,23.637500000000003,29.2,19.3,,81.70833333333333,1.0,True
2019-07-18,목,2760.0,113.0,274.0,310.0,0.0,모닝롤/인절미샌드  우유/주스 계란후라이 녹두죽/쌀밥 (쌀:국내산) 열무된장국  영양부추생채  포기김치 (김치:국내산) ,쌀밥/잡곡밥 (쌀:국내산) 돈육김치찌개  미니채소떡갈비  모듬묵양념장  참나물생채  배추겉절이 (김치:국내산) ,쌀밥/잡곡밥 (쌀:국내산) 브로컬리크림스프  옛날왕돈가스  키위드레싱샐러드  찐옥수수/무피클  포기김치 (김치:국내산) ,734.0,455.0,2373.0,0.30931310577328275,24.308333333333337,28.6,19.4,,77.875,1.0,True
2019-07-19,금,2760.0,236.0,291.0,0.0,0.0,모닝롤/찐빵  우유/주스 계란후라이 흑임자죽/쌀밥 (쌀:국내산) 콩나물국  연근조림  포기김치 (김치:국내산) ,쌀밥/잡곡밥 (쌀:국내산) 소고기무국  갈치구이  비엔나감자볶음  무생채  포기김치 (고추가루:국내산) ,쌀밥/잡곡밥 (쌀:국내산) 꽃게탕  안동찜닭  해물겨자냉채  간장깻잎지  포기김치 (김치:국내산) ,538.0,367.0,2233.0,0.24093148231079264,22.366666666666664,24.2,20.7,,91.41666666666669,1.0,True
2019-07-22,월,2760.0,223.0,218.0,438.0,0.0,모닝롤/마늘빵  우유/주스 계란후라이 누룽지탕/쌀밥 (쌀:국내산) 호박젓국찌개  김잔파무침  포기김치 (김치:국내산) ,쌀밥/잡곡밥 (쌀:국내산) 매운어묵국  소고기숙주볶음  치킨샐러드  양파짱아찌  포기김치 (김치:국내산) ,쌀밥/잡곡밥 (쌀:국내산) 얼갈이국  오리불고기  두부구이  부추생채/상추쌈  포기김치 (김치:국내산) ,1013.0,503.0,2319.0,0.4368262181974989,25.32083333333333,28.2,23.2,,86.95833333333333,1.0,True
2019-07-23,화,2760.0,206.0,246.0,449.0,0.0,모닝롤/홍루이젠  우유/주스 스크램블에그 닭죽/쌀밥 (쌀:국내산) 감자국  동전문어조림  포기김치 (김치:국내산) ,쌀밥/잡곡밥 (쌀:국내산) 시금치된장국  등갈비김치찜  파프리카잡채  콩나물무침  깍두기 (김치:국내산) ,김밥  맑은국  해물볶음우동  나초콥샐러드  음료  포기김치 (김치:국내산) ,855.0,516.0,2308.0,0.37045060658578854,26.64166666666667,31.2,23.1,,84.95833333333333,,True
2019-07-24,수,2760.0,224.0,252.0,0.0,0.0,모닝롤/고구마파이  우유/주스 계란후라이 누룽지탕/쌀밥 (쌀:국내산) 시래기국  감자조림  포기김치 (김치:국내산) ,카레라이스  가쯔오국  갈비통통만두  쫄면야채무침  호두견과류강정  포기김치 (김치:국내산) ,쌀밥/잡곡밥 (쌀:국내산) 된장찌개  대패삼겹*파채  새송이버섯전  비름나물  열무김치 (김치:국내산) ,744.0,322.0,2284.0,0.3257443082311734,27.45833333333333,32.0,24.1,,82.125,,True
2019-07-25,목,2760.0,276.0,279.0,347.0,0.0,모닝롤/식빵피자  우유/주스 계란후라이 해물죽/쌀밥 (쌀:국내산) 올챙이만두국  어묵볶음  포기김치 (김치:국내산) ,쌀밥/잡곡밥 (쌀:국내산) 매운소고기국  유린기  코다리조림  치커리사과무침  포기김치 (김치:국내산) ,파인애플볶음밥 (쌀:국내산) 유부주머니국  사천식탕수육  콘치즈오븐구이  단무지무침  포기김치 (김치:국내산) ,668.0,370.0,2205.0,0.3029478458049887,26.304166666666664,28.2,24.7,,85.79166666666667,,True
2019-07-26,금,2760.0,396.0,280.0,1.0,0.0,모닝롤/카스텔라  우유/주스 계란후라이 잣죽/쌀밥 (쌀:국내산) 쇠고기샤브국  애호박나물  포기김치 (김치:국내산) ,쌀밥/잡곡밥 (쌀:국내산) 우묵냉국  고구마함박스테이크  김치전  오이맛살초무침  포기김치 (고추가루:국내산) ,쌀밥/잡곡밥 (쌀:국내산) 맑은연두부탕  돈육매콤조림  토마토시금치달걀볶음  콩조림  배추겉절이 (김치:국내산) ,462.0,336.0,2084.0,0.22168905950095968,26.58333333333333,29.4,25.0,,88.45833333333333,,True
2019-07-29,월,2760.0,475.0,183.0,424.0,0.0,모닝롤/프렌치토스트  우유/주스 계란후라이 누룽지탕/쌀밥 (쌀:국내산) 북어해장국 (북어채:러시아) 진미채무침  포기김치 (김치:국내산) ,쌀밥/잡곡밥 (쌀:국내산) 시금치국  유자청제육볶음 (돈육:국내산) 사과고구마그라탕  오이무침  포기김치 (김치:국내산) ,쌀밥/잡곡밥 (쌀:국내산) 무채국  버섯불고기 (쇠고기:호주산) 닭살겨자냉채 (닭:국내산) 미역줄기볶음  포기김치 (김치:국내산) ,898.0,431.0,2102.0,0.42721217887725976,27.8,30.6,25.8,,82.04166666666667,,True
2019-07-30,화,2760.0,434.0,213.0,382.0,0.0,모닝롤/에그샌드  우유/주스 스크램블에그 흑임자죽/쌀밥 (쌀:국내산) 두부김치국  깻순나물  포기김치 (김치:국내산) ,쌀밥/잡곡밥 (쌀:국내산) 사과오이냉국  장어강정 (장어:중국산) 햄감자채볶음  콩나물무침  포기김치 (김치:국내산) ,김치볶음밥 (쌀:국내산) 유부장국  탄두리치킨 (닭:국내산) 꽃맛살샐러드  과일  깍두기 (김치:국내산) ,745.0,457.0,2113.0,0.3525792711784193,27.6875,32.0,23.7,,81.75,,True
2019-07-31,수,2760.0,495.0,231.0,0.0,0.0,모닝롤/단호박찐빵  우유/주스 계란후라이 누룽지탕/쌀밥 (쌀:국내산) 열무된장국  멸치볶음  포기김치 (김치:국내산) ,곤드레밥*양념장 (쌀:국내산) 맑은국  해물누룽지탕 (오징어:원양산) 메밀전병만두  오복지/찐햇감자  포기김치 (김치:국내산) ,    자기계발의날        ,619.0,0.0,2034.0,0.30432645034414946,28.3625,32.1,25.7,,80.58333333333333,,True
2019-08-01,목,3305.0,546.0,219.0,285.0,0.0,모닝롤/씨크립샌드  우유/주스 계란후라이 표고버섯죽/쌀밥 (쌀:국내산) 민물새우찌개  노각무침  포기김치 (김치:국내산) ,쌀밥/잡곡밥 (쌀:국내산) 아욱국  닭볶음탕 (닭:국내산) 오징어브로컬리숙회 (오징어:원양산) 청경채생채  배추겉절이 (김치:국내산) ,참치주먹밥 (쌀:국내산) 열무물국수  돈육강정 (돈육:국내산) 시저샐러드  또띠아칩/음료  포기김치 (김치:국내산) ,648.0,463.0,2540.0,0.2551181102362205,28.8875,32.5,26.2,,79.125,,True
2019-08-02,금,3305.0,687.0,237.0,2.0,0.0,모닝롤/사과파이  우유/주스 계란후라이 홍게살죽/쌀밥 (쌀:국내산) 우거지해장국 (쇠고기:호주산) 땅콩조림  포기김치 (김치:국내산) ,"쌀밥/잡곡밥 (쌀:국내산) 고추장찌개  미트볼케찹조림 (돈육:국내,소고기:호주) 계란말이  꽈리고추찜  포기김치 (고추가루:국내산) ",쌀밥/잡곡밥 (쌀:국내산) 매운버섯국 (소고기:호주산) 고등어구이  두부스테이크  참나물생채  포기김치 (김치:국내산) ,440.0,274.0,2381.0,0.18479630407391853,28.52916666666667,33.3,24.0,,78.04166666666667,,True
2019-08-05,월,3305.0,462.0,183.0,392.0,0.0,모닝롤/단팥빵  우유/주스 계란후라이 누룽지탕/쌀밥 (쌀:국내산) 조랭이떡국  아삭고추무침  포기김치 (김치:국내산) ,쌀밥/잡곡밥 (쌀:국내산) 콩나물국  닭갈비  실곤약흑임자무침  건새우마늘쫑볶음  포기김치 (김치:국내산) ,쌀밥/잡곡밥 (쌀:국내산) 육개장  꽁치오븐구이  마파두부  상추파무침  포기김치 (김치:국내산) ,936.0,445.0,2660.0,0.3518796992481203,29.037500000000005,34.7,23.7,,73.70833333333333,,True
2019-08-06,화,3305.0,427.0,203.0,392.0,0.0,모닝롤/참치샌드  우유/주스 스크램블에그 녹두죽/쌀밥 (쌀:국내산) 감자국  김잔파무침  포기김치 (김치:국내산) ,쌀밥/잡곡밥 (쌀:국내산) 도토리묵냉국  짬뽕불고기  계란찜  양배추쌈*젓장  포기김치 (김치:국내산) ,해물굴소스볶음밥 (쌀:국내산) 미소장국  로제파스타  양배추샐러드  감자튀김/무피클  포기김치 (김치:국내산) ,798.0,513.0,2675.0,0.2983177570093458,28.9875,35.6,23.6,,75.16666666666667,,True
2019-08-07,수,3305.0,421.0,233.0,1.0,0.0,모닝롤/크로와상  우유/주스 계란후라이 누룽지탕/쌀밥 (쌀:국내산) 새우살미역국  느타리볶음  포기김치 (김치:국내산) ,짜장덮밥 (쌀:국내산) 맑은국  고추잡채*꽃빵  군만두  단무지무침  포기김치 (김치:국내산) ,쌀밥/잡곡밥 (쌀:국내산) 콩가루배추국  돈육장조림  콩나물겨자채  도라지생채  포기김치 (김치:국내산) ,841.0,304.0,2651.0,0.3172387778196907,26.641666666666666,29.7,23.6,,78.45833333333333,1.0,True
2019-08-08,목,3305.0,430.0,254.0,364.0,0.0,모닝롤/토마토샌드  우유/주스 계란후라이 호박죽/쌀밥 (쌀:국내산) 연두부국  가지나물  포기김치 (김치:국내산) ,쌀밥/잡곡밥 (쌀:국내산) 아욱국  돼지갈비찜  어묵볶음  치커리유자청무침  배추겉절이 (김치:국내산) ,야채볶음밥 (쌀:국내산) 김치말이국수  닭오븐구이  키위드레싱샐러드  아오리사과  열무김치 (김치:국내산) ,781.0,482.0,2621.0,0.2979778710415872,27.77916666666667,32.9,24.1,,80.04166666666667,1.0,True
2019-08-09,금,3305.0,496.0,261.0,3.0,0.0,모닝롤/치즈프레즐  우유/주스 계란후라이 김치죽/쌀밥 (쌀:국내산) 쇠고기무국  쥐포무침  포기김치 (김치:국내산) ,쌀밥/잡곡밥 (쌀:국내산) 차돌된장찌개  주꾸미볶음  옥수수전  양념깻잎지  포기김치 (김치:국내산) ,쌀밥/잡곡밥 (쌀:국내산) 얼갈이국  등뼈김치찜  두부구이  참나물생채  깍두기 (김치:국내산) ,641.0,401.0,2548.0,0.25156985871271587,28.34166666666667,33.5,24.0,,78.04166666666667,,True
2019-08-12,월,3305.0,394.0,208.0,424.0,0.0,모닝롤/사과잼쿠키  우유/주스 계란후라이 누룽지탕/쌀밥 (쌀:국내산) 두부김치국  오이맛살냉채  포기김치 (김치:국내산) ,쌀밥/잡곡밥 (쌀:국내산) 된장찌개  소고기숙주볶음  모듬묵*양념장  고추잎나물  포기김치 (김치:국내산) ,쌀밥/잡곡밥 (쌀:국내산) 북어해장국  양념치킨  오징어야채무침  치킨무  포기김치 (김치:국내산) ,1073.0,527.0,2703.0,0.39696633370329265,27.762500000000003,32.4,23.5,,75.79166666666667,,True
2019-08-13,화,3305.0,345.0,254.0,411.0,0.0,모닝롤/옥수수샌드  우유/주스 스크램블에그 팥죽/쌀밥 (쌀:국내산) 무채국  고구마줄기볶음  포기김치 (김치:국내산) ,쌀밥/잡곡밥 (쌀:국내산) 꽃게탕  언양식불고기  감자프리타타  깻잎찜  포기김치 (김치:국내산) ,제육김치덮밥  유부장국  까르보나라떡볶이  김말이강정  양상추샐러드  깍두기 (김치:국내산) ,813.0,519.0,2706.0,0.3004434589800443,28.2375,30.8,25.2,,79.20833333333333,1.0,True
2019-08-14,수,3305.0,430.0,246.0,2.0,0.0,모닝롤/와플  우유/주스 계란후라이 누룽지탕/쌀밥 (쌀:국내산) 동태탕  소시지감자볶음  포기김치 (김치:국내산) ,콩나물밥  올챙이만두국  유린기  모히토과일샐러드  쨔샤이무침  포기김치 (김치:국내산) ,쌀밥/잡곡밥 (쌀:국내산) 사과오이냉국  오징어볶음*소면  생선가스  두반장가지나물  포기김치 (김치:국내산) ,713.0,421.0,2629.0,0.2712057816660327,28.55,34.7,24.6,,81.08333333333333,1.0,True
2019-08-16,금,3305.0,1026.0,208.0,7.0,0.0,모닝롤/찐빵  우유/주스 계란후라이 해물죽/쌀밥 (쌀:국내산) 근대국  볼어묵볶음  포기김치 (김치:국내산) ,쌀밥/잡곡밥 (쌀:국내산) 닭개장  쇠고기장조림  잡채  비름나물된장무침  포기김치 (김치:국내산) ,쌀밥/잡곡밥 (쌀:국내산) 해물짬뽕국  돈육굴소스볶음  쇠고기두부찜  멸치볶음  열무김치 (김치:국내산) ,466.0,313.0,2071.0,0.22501207146306132,28.433333333333337,32.3,25.3,,75.54166666666667,1.0,True
2019-08-19,월,3305.0,264.0,212.0,569.0,0.0,모닝롤/핫케이크  우유/주스 계란후라이 누룽지탕/쌀밥 (쌀:국내산) 오징어국  김자반  포기김치 (김치:국내산) ,쌀밥/잡곡밥 (쌀:국내산) 시래기국  유자청제육볶음  해물겨자냉채  연두부*양념장  포기김치 (김치:국내산) ,쌀밥/잡곡밥 (쌀:국내산) 콩나물김치국  안동찜닭  셀프무쌈말이  땅콩조림  깍두기 (김치:국내산) ,1249.0,530.0,2829.0,0.4414987628137151,27.59583333333333,33.0,22.2,,68.91666666666667,,True
2019-08-20,화,3305.0,205.0,255.0,534.0,0.0,모닝롤/식빵피자  우유/주스 스크램블에그 흑임자죽/쌀밥 (쌀:국내산) 호박새우젓국  연근조림  포기김치 (김치:국내산) ,쌀밥/잡곡밥 (쌀:국내산) 소고기미역국  닭강정  모듬소세지구이  얼갈이겉절이  포기김치 (김치:국내산) ,유부초밥  냉모밀국수  해물까스*칠리소스  콥샐러드  단무지/음료  포기김치 (김치:국내산) ,955.0,534.0,2845.0,0.335676625659051,25.59583333333333,31.4,19.7,,74.25,,True
2019-08-21,수,3305.0,214.0,265.0,0.0,0.0,모닝롤/롤케익  우유/주스 계란후라이 누룽지탕/쌀밥 (쌀:국내산) 만두국  두부쑥갓무침  포기김치 (김치:국내산) ,산채비빔밥  미소장국  오징어튀김  아삭고추무침  요플레  포기김치 (김치:국내산) ,쌀밥/잡곡밥 (쌀:국내산) 북어해장국  소고기낙지볶음  녹두전  무생채  포기김치 (김치:국내산) ,923.0,423.0,2826.0,0.32661004953998585,26.55,30.6,22.1,,75.04166666666667,1.0,True
2019-08-22,목,3305.0,178.0,275.0,468.0,0.0,모닝롤/바나나샌드  우유/주스 계란후라이 야채죽/쌀밥 (쌀:국내산) 연두부찌개  마늘쫑볶음  포기김치 (김치:국내산) ,쌀밥/잡곡밥  닭곰탕  류산슬  오꼬노미야끼계란말이  오이도라지생채  열무김치 (김치:국내산) ,목살필라프 (쌀:국내산) 꼬지어묵국  탕수육  과일요거트샐러드  무피클  포기김치 (김치:국내산) ,880.0,514.0,2852.0,0.3085553997194951,25.65416666666667,28.5,24.5,,81.33333333333333,1.0,True
2019-08-23,금,3305.0,268.0,295.0,2.0,0.0,모닝롤/고구마파이  우유/주스 계란후라이 잣죽/쌀밥 (쌀:국내산) 된장찌개  실곤약흑임자무침  포기김치 (김치:국내산) ,쌀밥/잡곡밥 (쌀:국내산) 돈육김치찌개  미니채소떡갈비  자반고등어구이  숙주나물  배추겉절이 (김치:국내산) ,쌀밥/잡곡밥 (쌀:국내산) 건새우아욱된장국  동파삼겹수육  감자채볶음  쫑상추무침  열무김치 (김치:국내산) ,599.0,393.0,2742.0,0.21845368344274252,26.837499999999995,31.4,24.2,,87.08333333333333,1.0,True
2019-08-26,월,3305.0,162.0,230.0,596.0,0.0,모닝롤/마늘빵  우유/주스 계란후라이 누룽지탕/쌀밥 (쌀:국내산) 감자국  명엽채무침  포기김치 (김치:국내산) ,쌀밥/잡곡밥 (쌀:국내산) 꽃게탕  함박스테이크  사과고구마그라탕  콩나물무침  포기김치 (김치:국내산) ,쌀밥/잡곡밥 (쌀:국내산) 매운버섯국 (소고기:호주산) 돈육간장볶음 (돈육:국내산) 계란찜  청경채무침  포기김치 (김치:국내산) ,1221.0,547.0,2913.0,0.4191555097837281,21.995833333333337,25.6,18.8,,84.5,1.0,True
2019-08-27,화,3305.0,118.0,266.0,550.0,0.0,모닝롤/단호박샌드  우유/주스 스크램블에그 김치죽/쌀밥 (쌀:국내산) 어묵국  꽈리고추찜  포기김치 (김치:국내산) ,쌀밥/잡곡밥 (쌀:국내산) 고추장찌개  버섯불고기 (소고기:호주산) 동태전 (동태:러시아산) 레몬미역초무침  포기김치 (김치:국내산) ,베이컨김치볶음밥 (쌀:국내산) 새우튀김우동  찹쌀순대볶음  부추만두  수제오이피클  깍두기 (김치:국내산) ,921.0,516.0,2921.0,0.3153029784320438,23.71666666666667,29.9,18.3,,78.25,,True
2019-08-28,수,3305.0,123.0,274.0,0.0,0.0,모닝롤/핫도그  우유/주스 계란후라이 누룽지탕/쌀밥 (쌀:국내산) 열무된장국  메추리알조림  포기김치 (김치:국내산) ,"카레덮밥 (쌀,돈육:국내산) 맑은국  치킨핑거 (닭:국내산) 쫄면야채무침  오복지/과일  포기김치 (김치:국내산) ",    *        ,899.0,0.0,2908.0,0.3091471801925722,22.5875,24.1,21.2,,91.79166666666669,1.0,True
2019-08-29,목,3305.0,132.0,289.0,435.0,0.0,모닝롤/단팥빵  우유/주스 계란후라이 새우살야채죽/쌀밥 (쌀:국내산) 황태해장국 (황태:러시아산) 오이사과무침  포기김치 (김치:국내산) ,쌀밥/잡곡밥 (쌀:국내산) 배추된장국  훈제오리구이 (오리:국내산) 매운어묵볶음  쌈무/양파절임 부추겉절이 포기김치 (김치:국내산) ,오므라이스 (쌀:국내산) 가쯔오장국  소고기퀘사디아 (소고기:호주산) 멕시칸샐러드  음료  포기김치 (김치:국내산) ,845.0,550.0,2884.0,0.29299583911234395,23.899999999999995,27.1,22.3,,88.875,1.0,True
2019-08-30,금,3305.0,253.0,305.0,1.0,0.0,모닝롤/꿀호떡  우유/주스 계란후라이 녹두죽/쌀밥 (쌀:국내산) 대구매운탕  느타리볶음  포기김치 (김치:국내산) ,쌀밥/잡곡밥 (쌀:국내산) 부대찌개 (소고기:호주산) 굴비구이  비엔나컬리플라워볶음  김구이  배추겉절이 (김치:국내산) ,쌀밥/잡곡밥 (쌀:국내산) 들깨버섯국  마늘치킨 (닭:국내산) 동그랑땡전  치커리무침  포기김치 (김치:국내산) ,575.0,385.0,2747.0,0.2093192573716782,22.44583333333333,23.7,20.0,,89.625,1.0,True
2019-09-02,월,3111.0,137.0,213.0,564.0,0.0,모닝롤/프렌치토스트  우유/주스 계란후라이 누룽지탕/쌀밥 (쌀:국내산) 조랭이떡미역국  동전쥐포무침  포기김치 (김치:국내산) ,쌀밥/잡곡밥 (쌀:국내산) 들깨시락국  돈육김치볶음  궁중떡볶음  쫑상추무침  포기김치 (김치:국내산) ,쌀밥/잡곡밥 (쌀:국내산) 콩나물국  파닭  두부계란부침  무생채  포기김치 (김치:국내산) ,1363.0,609.0,2761.0,0.4936617167692865,21.475,24.7,18.9,,87.83333333333333,1.0,True
2019-09-03,화,3111.0,103.0,254.0,460.0,0.0,모닝롤/옥수수샌드  우유/주스 스크램블에그 땅콩죽/쌀밥 (쌀:국내산) 두부김치국  김잔파무침  포기김치 (김치:국내산) ,쌀밥/잡곡밥 (쌀:국내산) 차돌박이찌개  소고기장조림  갈치무조림  참나물생채  포기김치 (김치:국내산) ,빠에야 (쌀:국내산) 쌀국수  치킨샐러드  고구마맛탕  단무지/음료  포기김치 (김치:국내산) ,944.0,573.0,2754.0,0.3427741466957153,20.216666666666665,21.3,19.3,,94.125,1.0,True
2019-09-04,수,3111.0,102.0,270.0,0.0,0.0,모닝롤/와플  우유/주스 계란후라이 누룽지탕/쌀밥 (쌀:국내산) 시래기국  감자채볶음  포기김치 (김치:국내산) ,"단호박영양밥 (쌀,돈육:국내산) 유부장국  새송이너비아니구이  양장피  오이무침  포기김치 (김치:국내산) ",쌀밥/잡곡밥  참치김치찌개  돈육강정  계란찜  매운어묵볶음  깍두기 (김치:국내산) ,769.0,412.0,2739.0,0.280759401241329,21.791666666666668,24.5,20.2,,94.29166666666669,1.0,True
2019-09-05,목,3111.0,118.0,292.0,391.0,0.0,모닝롤/참치샌드  우유/주스 계란후라이 야채죽/쌀밥 (쌀:국내산) 오징어국  가지나물  포기김치 (김치:국내산) ,쌀밥/잡곡밥 (쌀:국내산) 토란국  매운돼지갈비찜  호박부추전  도토리묵야채무침  포기김치 (김치:국내산) ,김밥 (쌀:국내산) 김치어묵국  야채튀김  미니햄버거  꽃맛살샐러드  포기김치 (김치:국내산) ,778.0,557.0,2701.0,0.2880414661236579,23.5,25.2,22.2,,94.625,1.0,True
2019-09-06,금,3111.0,214.0,301.0,0.0,0.0,모닝롤/찐빵  우유/주스 계란후라이 해물죽/쌀밥 (쌀:국내산) 맑은만두육개장  영양부추생채  포기김치 (김치:국내산) ,쌀밥/잡곡밥 (쌀:국내산) 된장찌개  수제돈까스  통도라지구이  미역무침  배추겉절이 (김치:국내산) ,쌀밥/잡곡밥 (쌀:국내산) 고추장찌개  소고기숙주볶음  맛살냉채  단배추겉절이  포기김치 (김치:국내산) ,687.0,349.0,2596.0,0.26463790446841295,25.204166666666666,29.4,22.7,,88.95833333333333,1.0,True
2019-09-09,월,3111.0,148.0,217.0,523.0,0.0,모닝롤/녹차호떡  우유/주스 계란후라이 누룽지탕/쌀밥 (쌀:국내산) 떡국  비트무생채  포기김치 (김치:국내산) ,쌀밥/잡곡밥 (쌀:국내산) 김치콩나물국  짬뽕불고기  버섯잡채  모듬쌈*쌈장  포기김치 (김치:국내산) ,쌀밥/잡곡밥 (쌀:국내산) 황태해장국  닭갈비  두부구이*양념장  참나물땅콩무침  포기김치 (김치:국내산) ,1228.0,612.0,2746.0,0.4471959213401311,25.0,28.7,21.6,,85.625,1.0,True
2019-09-10,화,3111.0,142.0,238.0,401.0,0.0,모닝롤/감자샌드  우유/주스 스크램블에그 잣죽/쌀밥 (쌀:국내산) 열무된장국  연근조림  포기김치 (김치:국내산) ,쌀밥/잡곡밥 (쌀:국내산) 맑은순두부국  사천식탕수육  감자프리타타  청경채겉절이  포기김치 (김치:국내산) ,김치필라프 (쌀:국내산) 크림스프  토마토스파게티  시리얼과일샐러드  수제피클  깍두기 (김치:국내산) ,812.0,541.0,2731.0,0.29732698645184913,26.1,31.3,23.3,,86.79166666666667,1.0,True
2019-09-11,수,3111.0,426.0,135.0,0.0,0.0,모닝롤/사과파이  우유/주스 계란후라이 누룽지탕/쌀밥 (쌀:국내산) 감자국  얼갈이나물  포기김치 (김치:국내산) ,"나물비빔밥 (쌀,돈육:국내산) 팽이장국  생선까스*칠리소스  갈비만두  송편/식혜/과일  포기김치 (김치:국내산) ",쌀밥/잡곡밥  해물된장찌개  고추잡채*꽃빵  명태조림  김자반  포기김치 (김치:국내산) ,916.0,123.0,2550.0,0.3592156862745098,26.504166666666663,29.5,23.7,,81.04166666666667,1.0,True
2019-09-16,월,3111.0,259.0,180.0,631.0,0.0,모닝롤/프렌치토스트  우유/주스 계란후라이 누룽지탕/쌀밥 (쌀:국내산) 시래기국  두반장가지볶음  포기김치 (김치:국내산) ,쌀밥/잡곡밥 (쌀:국내산) 황태국  훈제오리고추장볶음  연두부*장  쌈무/부추생채  포기김치 (김치:국내산) ,쌀밥/잡곡밥 (쌀:국내산) 참치김치찌개  치즈함박스테이크  새송이버섯전  유채나물  배추겉절이 (김치:국내산) ,1283.0,687.0,2672.0,0.4801646706586826,24.77083333333333,30.4,20.3,,78.75,,True
2019-09-17,화,3111.0,75.0,241.0,606.0,0.0,모닝롤/에그샌드  우유/주스 스크램블에그 새우살죽/쌀밥 (쌀:국내산) 순두부국  검정콩조림  포기김치 (김치:국내산) ,쌀밥/잡곡밥 (쌀:국내산) 꽃게된장찌개  돈육굴소스볶음  날치알계란찜  꽃상추겉절이  포기김치 (김치:국내산) ,참치덮밥 (쌀:국내산) 미소장국  또띠아피자  모둠과일  락교  포기김치 (김치:국내산) ,1010.0,640.0,2795.0,0.3613595706618962,23.975,28.8,20.2,,70.58333333333333,,True
2019-09-18,수,3111.0,71.0,250.0,0.0,0.0,모닝롤/사과파이  우유/주스 계란후라이 누룽지탕/쌀밥 (쌀:국내산) 차돌박이찌개  우엉조림  포기김치 (김치:국내산) ,쌀밥/잡곡밥 (쌀:국내산) 소고기미역국  탄두리치킨  오징어숙회무침  파스타샐러드 /오렌지주스  배추겉절이/과일 (김치:국내산) ,쌀밥/잡곡밥  수제비국  쇠고기숙주볶음  두부매콤조림  오이무침  포기김치 (김치:국내산) ,1006.0,418.0,2790.0,0.36057347670250894,21.15,28.1,14.1,,69.04166666666667,,True
2019-09-19,목,3111.0,80.0,290.0,441.0,0.0,모닝롤/단호박샌드  우유/주스 계란후라이 흑임자죽/쌀밥 (쌀:국내산) 감자국  멸치볶음  포기김치 (김치:국내산) ,쌀밥/잡곡밥 (쌀:국내산) 쇠고기샤브국  주꾸미볶음  카레감자채볶음  호박나물  포기김치 (김치:국내산) ,쌀밥/잡곡밥 (쌀:국내산) 설렁탕  김치전  오징어젓무침  야채스틱/과일  석박지 (김치:국내산) ,701.0,480.0,2741.0,0.2557460780736957,20.90833333333333,30.2,14.6,,68.625,,True
2019-09-20,금,3111.0,182.0,302.0,2.0,0.0,모닝롤/시금치팬케익  우유/주스 계란후라이 야채죽/쌀밥 (쌀:국내산) 닭개장  도토리묵*장  포기김치 (김치:국내산) ,쌀밥/잡곡밥 (쌀:국내산) 열무된장국  대패삼겹*파채  사각어묵무침  비름나물  포기김치 (김치:국내산) ,쌀밥/잡곡밥  얼큰소고기무국  안동찜닭  탕평채  아삭고추된장무침  포기김치 (김치:국내산) ,662.0,415.0,2627.0,0.25199847735059,19.4125,25.8,14.1,,72.54166666666667,,True
2019-09-23,월,3111.0,114.0,214.0,569.0,0.0,모닝롤/마늘빵  우유/주스 계란후라이 누룽지탕/쌀밥 (쌀:국내산) 배추된장국  진미채무침  포기김치 (김치:국내산) ,쌀밥/잡곡밥 (쌀:국내산) 근대국  유자청제육볶음 (돈육:국내산) 동그랑땡전  얼갈이겉절이  포기김치 (김치:국내산) ,쌀밥/잡곡밥 (쌀:국내산) 육개장 (소고기:호주산) 고등어구이 (고등어:국내산) 모듬소세지볶음  오이사과생채  포기김치 (김치:국내산) ,1239.0,595.0,2783.0,0.445203018325548,17.441666666666666,19.3,16.6,,90.54166666666669,1.0,True
2019-09-24,화,3111.0,71.0,265.0,631.0,0.0,모닝롤/씨크립샌드  우유/주스 스크램블에그 고구마죽/쌀밥 (쌀:국내산) 대구탕  김구이  포기김치 (김치:국내산) ,쌀밥/잡곡밥 (쌀:국내산) 얼갈이된장국  버섯불고기 (소고기:호주산) 골뱅이무침  미역줄기볶음  포기김치 (김치:국내산) ,쌀밥/잡곡밥 (쌀:국내산) 무채국 (우민찌:호주산) 닭볶음탕 (닭:국내산) 메밀전병만두  참나물생채  배추겉절이 (김치:국내산) ,899.0,570.0,2775.0,0.323963963963964,18.475,20.3,16.7,,84.54166666666667,1.0,True
2019-09-25,수,3111.0,60.0,285.0,1.0,0.0,모닝롤/단팥빵  우유/주스 계란후라이 누룽지탕/쌀밥 (쌀:국내산) 오징어국  시래기조림  포기김치 (김치:국내산) ,곤드레밥*양념장 (쌀:국내산) 맑은국  돈육강정 (돈육:국내산) 사과고구마그라탕  오복지무침  포기김치 (김치:국내산) ,    *        ,803.0,0.0,2766.0,0.2903109182935647,18.779166666666665,25.3,14.1,,78.29166666666667,,True
2019-09-26,목,3111.0,75.0,312.0,542.0,0.0,모닝롤/대만샌드위치  우유/주스 계란후라이 땅콩죽/쌀밥 (쌀:국내산) 들깨미역국  느타리호박볶음  포기김치 (김치:국내산) ,쌀밥/잡곡밥 (쌀:국내산) 콩나물김치국  해물누룽지탕  두부스테이크  마늘쫑무침  깍두기 (김치:국내산) ,"볶음밥/짜장소스 (쌀,돈육:국내산) 계란국  깐풍기 (닭:국내산) 시저샐러드  단무지/음료  포기김치 (김치:국내산) ",620.0,474.0,2724.0,0.2276064610866373,17.575,24.8,11.6,,80.0,,True
2019-09-27,금,3111.0,177.0,309.0,2.0,0.0,모닝롤/카스텔라  우유/주스 계란후라이 참치죽/쌀밥 (쌀:국내산) 된장찌개  두부쑥갓무침  포기김치 (김치:국내산) ,쌀밥/잡곡밥 (쌀:국내산) 어묵국  언양식불고기  계란말이  청경채생채  포기김치 (김치:국내산) ,쌀밥/잡곡밥 (쌀:국내산) 아욱국  돈육간장볶음 (돈육:국내산) 닭살겨자채 (닭:국내산) 무나물  포기김치 (김치:국내산) ,722.0,368.0,2625.0,0.27504761904761904,20.254166666666663,26.5,14.5,,81.83333333333333,,True
2019-09-30,월,3111.0,283.0,231.0,366.0,0.0,모닝롤/찐빵  우유/주스 계란후라이 누룽지탕/쌀밥 (쌀:국내산) 콩나물국  꽈리고추찜  포기김치 (김치:국내산) ,쌀밥/잡곡밥 (쌀:국내산) 콩가루배추국  짬뽕불고기  메추리알조림  얼갈이겉절이  포기김치 (김치:국내산) ,쌀밥/잡곡밥 (쌀:국내산) 버섯들깨탕  오징어볶음  고기전  양배추쌈*쌈장  포기김치 (김치:국내산) ,1030.0,516.0,2597.0,0.39661147477859066,24.254166666666677,29.6,20.7,,85.58333333333333,,True
2019-10-02,수,3121.0,244.0,217.0,310.0,0.0,모닝롤/핫도그  우유/주스 계란후라이 누룽지탕/쌀밥 (쌀:국내산) 소고기무국  땅콩조림  포기김치 (김치:국내산) ,쌀밥/잡곡밥 (쌀:국내산) 돈육김치찌개  닭갈비  우엉잡채  부추겉절이  깍두기 (김치:국내산) ,쌀밥/잡곡밥 (쌀:국내산) 열무된장국  쇠고기장조림  마파두부  오이맛살초무침  포기김치 (김치:국내산) ,1241.0,743.0,2660.0,0.46654135338345865,21.67083333333333,23.3,20.4,,95.41666666666669,1.0,True
2019-10-04,금,3121.0,268.0,231.0,428.0,0.0,모닝롤/치즈프레즐  우유/주스 계란후라이 홍게살죽/쌀밥 (쌀:국내산) 황태국  쥐포무침  포기김치 (김치:국내산) ,쌀밥/잡곡밥 (쌀:국내산) 해물된장찌개  소불고기  두부양념조림  미역레몬초무침  포기김치 (김치:국내산) ,쌀밥/잡곡밥 (쌀:국내산) 순두부찌개  함박스테이크  계란찜  콩나물무침  포기김치 (김치:국내산) ,1215.0,755.0,2622.0,0.4633867276887872,23.825,27.4,19.3,,79.625,1.0,True
2019-10-07,월,3121.0,193.0,215.0,447.0,0.0,모닝롤/꿀호떡  우유/주스 계란후라이 누룽지탕/쌀밥 (쌀:국내산) 감자국  명엽채무침  포기김치 (김치:국내산) ,쌀밥/잡곡밥 (쌀:국내산) 콩비지찌개 (돈육:국내산) 돈육굴소스볶음 (돈육:국내산) 해파리겨자채  마늘쫑건새우볶음  포기김치 (김치:국내산) ,쌀밥/잡곡밥 (쌀:국내산) 닭개장 (닭:국내산) 갈치구이 (갈치:감비아산) 비엔나케찹볶음  셀프무쌈말이  포기김치 (김치:국내산) ,1133.0,492.0,2713.0,0.41761887209730925,18.695833333333333,22.2,14.6,,69.45833333333333,,True
2019-10-08,화,3121.0,214.0,262.0,247.0,0.0,"모닝롤/바나나샌드  우유/주스 계란후라이 쇠고기죽/쌀밥 (쌀:국내산,쇠고기:호주) 근대국  미역줄기볶음  포기김치 (김치:국내산) ",쌀밥/잡곡밥 (쌀:국내산) 동태탕 (동태:러시아산) 마늘간장치킨 (닭:국내산) 새송이버섯전  치커리사과무침  포기김치 (김치:국내산) ,김치볶음밥 (쌀:국내산) 새우튀김우동  고구마치즈구이  홍시드레싱샐러드  오이피클  깍두기 (김치:국내산) ,883.0,521.0,2645.0,0.3338374291115312,15.708333333333334,17.2,14.6,,89.625,1.0,True
2019-10-10,목,3121.0,284.0,269.0,398.0,0.0,모닝롤/옥수수샌드  우유/주스 계란후라이 크림누룽지탕/쌀밥 (쌀:국내산) 호박젓국찌개  김자반  포기김치 (김치:국내산) ,쌀밥/잡곡밥 (쌀:국내산) 옹심이만두국  굴비구이 (굴비:원양산) 미트볼조림  청경채무침  포기김치 (김치:국내산) ,참치주먹밥 (쌀:국내산) 잔치국수  쇠고기퀘사디아 (소고기:호주산) 꽃맛살샐러드  음료/단무지  포기김치 (김치:국내산) ,862.0,546.0,2568.0,0.3356697819314642,12.929166666666667,22.2,5.5,,68.70833333333333,,True
2019-10-11,금,3121.0,389.0,285.0,3.0,0.0,"모닝롤/크로와상  우유/주스 계란후라이 닭죽/쌀밥 (쌀,닭:국내산) 바지락국  취나물  포기김치 (김치:국내산) ",쌀밥/잡곡밥 (쌀:국내산) 아욱국  매운돼지갈비찜 (돈육:국내산) 파스타샐러드  건파래무침  배추겉절이 (김치:국내산) ,쌀밥/잡곡밥 (쌀:국내산) 쇠고기샤브국 (쇠고기:호주산) 탕수어 (동태:러시아산) 견과류조림  양념깻잎지  포기김치 (김치:국내산) ,566.0,312.0,2447.0,0.23130363710666121,14.545833333333334,23.6,7.0,,73.29166666666667,,True
2019-10-14,월,3121.0,152.0,237.0,529.0,0.0,모닝롤/찐빵  우유/주스 계란후라이 누룽지탕/쌀밥 (쌀:국내산) 얼갈이국  무생채  포기김치 (김치:국내산) ,쌀밥/잡곡밥 (쌀:국내산) 북어해장국  제육볶음  감자채볶음  야채스틱  포기김치 (김치:국내산) ,쌀밥/잡곡밥 (쌀:국내산) 참치김치찌개  주꾸미볶음  계란말이  쫑상추무침  포기김치 (김치:국내산) ,1140.0,601.0,2732.0,0.4172767203513909,16.962500000000002,22.9,11.2,,59.875,,True
2019-10-15,화,3121.0,112.0,260.0,534.0,0.0,"모닝롤/고구마샌드  우유/주스 스크램블에그 야채죽/쌀밥 (쌀:국내산,쇠고기:호주) 조랭이떡미역국  멸치볶음  포기김치 (김치:국내산) ",쌀밥/잡곡밥 (쌀:국내산) 콩나물국  닭갈비  어묵볶음  부추생채  포기김치 (김치:국내산) ,야채볶음밥 (쌀:국내산) 유부주머니국  통새우또띠아  야채쫄면무침  과일  깍두기 (김치:국내산) ,867.0,550.0,2749.0,0.31538741360494726,15.070833333333333,24.1,8.8,,76.58333333333333,,True
2019-10-16,수,3121.0,116.0,278.0,1.0,0.0,모닝롤/와플  우유/주스 계란후라이 누룽지탕/쌀밥 (쌀:국내산) 오징어국  김구이  포기김치 (김치:국내산) ,콩나물밥 (쌀:국내산) 가쯔오국  돈육강정  모히토과일샐러드  쨔샤이무침  포기김치 (김치:국내산) ,쌀밥/잡곡밥  된장찌개  꽁치구이  모듬소세지구이  오이무침  포기김치 (김치:국내산) ,765.0,334.0,2727.0,0.28052805280528054,14.95,18.3,11.6,,75.0,,True
2019-10-17,목,3121.0,144.0,301.0,364.0,0.0,모닝롤/참치새드  우유/주스 계란후라이 팥죽/쌀밥 (쌀:국내산) 시래기국  연근땅콩조림  포기김치 (김치:국내산) ,쌀밥/잡곡밥 (쌀:국내산) 알탕  해물굴소스볶음  쇠고기두부찜  치커리유자청무침  포기김치 (김치:국내산) ,쌀밥  (쌀:국내산) 떡만두국  닭매운찜  김치전  간장깻잎지/콘샐러드  포기김치 (김치:국내산) ,708.0,479.0,2676.0,0.2645739910313901,13.495833333333332,20.6,8.5,,76.95833333333333,,True
2019-10-18,금,3121.0,332.0,300.0,2.0,0.0,"모닝롤/애플파이  우유/주스 계란후라이 땅콩죽/쌀밥 (쌀,닭:국내산) 김치두부국  도라지나물  포기김치 (김치:국내산) ",쌀밥/잡곡밥 (쌀:국내산) 우거지된장국  쇠고기장조림  옥수수전  마늘쫑무침  배추겉절이 (김치:국내산) ,쌀밥/잡곡밥 (쌀:국내산) 부대찌개  후르츠탕수육  오징어초무침  애호박나물  포기김치 (김치:국내산) ,581.0,345.0,2489.0,0.2334270791482523,13.329166666666666,19.0,9.1,,80.91666666666667,,True
2019-10-21,월,3121.0,168.0,227.0,709.0,0.0,모닝롤/녹차호떡  우유/주스 계란후라이 누룽지탕/쌀밥 (쌀:국내산) 김치콩나물국  김자반  포기김치 (김치:국내산) ,쌀밥/잡곡밥 (쌀:국내산) 고추장찌개  훈제오리단호박볶음  골뱅이무침  양파절임/부추생채  포기김치 (김치:국내산) ,쌀밥/잡곡밥 (쌀:국내산) 어묵국  언양식불고기  맛살냉채  도라지오이무침  포기김치 (김치:국내산) ,1107.0,561.0,2726.0,0.4060895084372707,15.904166666666669,23.5,10.6,,79.29166666666667,,True
2019-10-22,화,3121.0,99.0,378.0,381.0,0.0,"모닝롤/야채샌드  우유/주스 스크램블에그 잣죽/쌀밥 (쌀:국내산,쇠고기:호주) 소고기무국  두부쑥갓무침  포기김치 (김치:국내산) ",쌀밥/잡곡밥 (쌀:국내산) 얼큰순두부찌개  짬뽕불고기  잡채  도토리묵무침  포기김치 (김치:국내산) ,김밥 (쌀:국내산) 잔치국수  떡볶이  김말이튀김  음료  배추겉절이 (김치:국내산) ,1090.0,446.0,2644.0,0.4122541603630862,14.925000000000002,23.0,8.3,,78.375,,True
2019-10-23,수,3121.0,89.0,286.0,2.0,0.0,모닝롤/크로와상  우유/주스 계란후라이 누룽지탕/쌀밥 (쌀:국내산) 무채국  꽈리고추찜  포기김치 (김치:국내산) ,카레라이스 (쌀:국내산) 우동국  유린기  메밀전병만두  단무지/바나나  포기김치 (김치:국내산) ,쌀밥/잡곡밥  열무된장국  소고기버섯볶음  부추호박전  브로콜리*초장  포기김치 (김치:국내산) ,785.0,419.0,2746.0,0.28587035688273854,15.629166666666668,23.2,9.6,,79.66666666666667,,True
2019-10-24,목,3121.0,129.0,313.0,410.0,0.0,모닝롤/식빵피자  우유/주스 계란후라이 김치죽/쌀밥 (쌀:국내산) 꽃게된장국  동전쥐포무침  포기김치 (김치:국내산) ,쌀밥/잡곡밥 (쌀:국내산) 건새우아욱국  등갈비김치말이  계란말이  숙주나물무침  열무김치 (김치:국내산) ,해물굴소스볶음밥 (쌀:국내산) 맑은국  돈육간장강정  흑임자시금치샐러드  무우짱아찌  포기김치 (김치:국내산) ,705.0,409.0,2679.0,0.2631578947368421,16.0,20.2,12.0,,81.08333333333333,,True
2019-10-25,금,3121.0,316.0,323.0,1.0,0.0,"모닝롤/롤케익  우유/주스 계란후라이 흑임자죽/쌀밥 (쌀,닭:국내산) 감자국  열무나물  포기김치 (김치:국내산) ","나물비빔밥 (쌀,돈육:국내산) 팽이장국  생선까스*칠리소스  갈비만두  식혜  포기김치 (김치:국내산) ",쌀밥/잡곡밥 (쌀:국내산) 차돌박이찌개  류산슬  비엔나감자조림  아삭고추무침  포기김치 (김치:국내산) ,546.0,304.0,2482.0,0.2199838839645447,17.875,21.2,13.1,,70.29166666666667,,True
2019-10-28,월,3121.0,219.0,267.0,464.0,0.0,모닝롤/마늘빵  우유/주스 계란후라이 누룽지탕/쌀밥 (쌀:국내산) 두부김치국  땅콩조림  포기김치 (김치:국내산) ,쌀밥/잡곡밥 (쌀:국내산) 소고기미역국 (쇠고기:호주산) 유자청제육볶음 (돈육:국내산) 메추리알조림  모듬쌈*쌈장  포기김치 (김치:국내산) ,쌀밥/잡곡밥 (쌀:국내산) 짬뽕국  가자미카레튀김  고기전 (돈육:국내산) 치커리무침  포기김치 (김치:국내산) ,915.0,436.0,2635.0,0.34724857685009486,10.025,18.0,4.0,,73.41666666666667,,True
2019-10-29,화,3121.0,112.0,293.0,477.0,0.0,모닝롤/베이컨샌드  우유/주스 스크램블에그 홍게살죽/쌀밥 (쌀:국내산) 배추된장국  진미채무침  포기김치 (김치:국내산) ,쌀밥/잡곡밥 (쌀:국내산) 된장찌개  오징어볶음  두부새싹구이  파래김*양념장  열무김치 (김치:국내산) ,오므라이스 (쌀:국내산) 미니우동  닭오븐구이 (닭:국내산) 고구마튀김  꼬들단무지  포기김치 (김치:국내산) ,808.0,517.0,2716.0,0.2974963181148748,10.554166666666667,18.7,2.4,,73.25,,True
2019-10-30,수,3121.0,122.0,294.0,1.0,0.0,모닝롤/오렌지케익빵  우유/주스 계란후라이 누룽지탕/쌀밥 (쌀:국내산) 황태국 (황태:러시아산) 문어꽈리초조림  포기김치 (김치:국내산) ,"마파두부덮밥 (쌀,돈육:국내산) 맑은국  치킨핑거 (닭:국내산) 시저샐러드  무비트생채  포기김치 (김치:국내산) ",    *        ,771.0,0.0,2705.0,0.2850277264325323,11.9875,20.2,6.0,,73.08333333333333,,True
2019-10-31,목,3121.0,130.0,312.0,430.0,0.0,모닝롤/단팥빵  우유/주스 계란후라이 견과류죽/쌀밥 (쌀:국내산) 아욱국  어묵볶음  포기김치 (김치:국내산) ,쌀밥/잡곡밥 (쌀:국내산) 매운콩나물국  동파삼겹수육 (돈육:국내산) 늙은호박전  쫑상추무침  배추겉절이 (김치:국내산) ,참치회덮밥 (쌀:국내산) 미소장국  또띠아피자  꽃맛살샐러드  락교/과일  포기김치 (김치:국내산) ,671.0,475.0,2679.0,0.25046659201194477,10.466666666666669,19.2,4.0,,76.20833333333333,,True
2019-11-01,금,3104.0,248.0,327.0,1.0,0.0,모닝롤/인기가요샌드  우유/주스 계란후라이 녹두죽/쌀밥 (쌀:국내산) 재첩국  시래기조림  포기김치 (김치:국내산) ,"쌀밥/옛날돈까스 (쌀,돈육:국내산) 옥수수스프  딸기드레싱샐러드  감자범벅  수제피클/음료  포기김치 (김치:국내산) ",쌀밥/잡곡밥 (쌀:국내산) 떡국  돈육장조림 (돈육:국내산) 해물김치전  참나물생채  깍두기 (김치:국내산) ,586.0,317.0,2529.0,0.2317121391854488,10.695833333333333,21.2,3.2,,76.25,,True
2019-11-04,월,3104.0,155.0,239.0,538.0,0.0,모닝롤/핫도그  우유/주스 계란후라이 누룽지탕/쌀밥 (쌀:국내산) 민물새우찌개  미역줄기볶음  포기김치 (김치:국내산) ,쌀밥/잡곡밥 (쌀:국내산) 근대국  소고기낙지볶음 (소고기:호주산) 계란찜  청경채사과생채  포기김치 (김치:국내산) ,쌀밥/잡곡밥 (쌀:국내산) 열무된장국  함박스테이크  닭살겨자냉채 (닭:국내산) 마늘쫑무침  포기김치 (김치:국내산) ,1058.0,552.0,2710.0,0.3904059040590406,13.6375,21.2,9.3,,80.04166666666667,,True
2019-11-05,화,3104.0,86.0,289.0,541.0,0.0,모닝롤/에그샌드  우유/주스 스크램블에그 야채죽/쌀밥 (쌀:국내산) 연두부국  가지나물  포기김치 (김치:국내산) ,쌀밥/잡곡밥 (쌀:국내산) 고추장찌개  순살파닭 (닭:국내산) 감자채볶음  콩나물무침  포기김치 (김치:국내산) ,멸치주먹밥 (쌀:국내산) 해물수제비  야채튀김  오징어숙회무침  오복지  깍두기 (김치:국내산) ,773.0,475.0,2729.0,0.2832539391718578,12.691666666666668,18.3,7.9,,80.5,,True
2019-11-06,수,3104.0,119.0,295.0,0.0,0.0,모닝롤/와플  우유/주스 계란후라이 누룽지탕/쌀밥 (쌀:국내산) 대구탕  연근조림  포기김치 (김치:국내산) ,"김치제육덮밥 (쌀,돈육:국내산) 가쯔오장국  시금치프리타타  동태전 (동태:러시아산) 오이무침  열무김치 (김치:국내산) ",쌀밥/잡곡밥 (쌀:국내산) 닭개장 (닭:국내산) 황태양념구이 (황태:러시아산) 고추잡채*꽃빵  톳두부무침  포기김치 (김치:국내산) ,773.0,321.0,2690.0,0.28736059479553905,12.220833333333331,20.0,7.0,,79.125,,True
2019-11-07,목,3104.0,133.0,302.0,424.0,0.0,"모닝롤/토마토샌드  우유/주스 계란후라이 소고기죽/쌀밥 (쌀:국내산,소고기:호주) 피바지락국  도토리묵무침  포기김치 (김치:국내산) ","쌀밥/잡곡밥 (쌀:국내산) 오징어국  미니채소떡갈비 (소고기:호주,돈육:국내) 멸치호두볶음  물파래무침  포기김치 (김치:국내산) ","목살필라프 (쌀,돈육:국내산) 계란국  로제파스타  양배추샐러드  해쉬포테이토*케찹  포기김치 (김치:국내산) ",700.0,460.0,2669.0,0.26227051330086176,10.579166666666666,20.1,4.1,,75.29166666666667,,True
2019-11-08,금,3104.0,271.0,309.0,1.0,0.0,모닝롤/메론롤케익  우유/주스 계란후라이 참치죽/쌀밥 (쌀:국내산) 감자국  명엽채무침  포기김치 (김치:국내산) ,야채볶음밥*짜장소스 (쌀:국내산) 미역장국  사천식탕수육 (돈육:국내산) 멕시칸샐러드  단무지  포기김치 (김치:국내산) ,쌀밥/잡곡밥 (쌀:국내산) 들깨시래기국  대패삼겹*파채 (돈삼겹:칠레산) 두부양념조림  무생채  배추겉절이 (김치:국내산) ,535.0,321.0,2524.0,0.21196513470681458,11.141666666666666,19.4,5.5,,72.66666666666667,,True
2019-11-11,월,3104.0,150.0,236.0,568.0,0.0,모닝롤/초코핫케익  우유/주스 계란후라이 누룽지탕/쌀밥 (쌀:국내산) 미역국  아삭고추무침  포기김치 (김치:국내산) ,쌀밥/잡곡밥 (쌀:국내산) 돈육김치찌개  언양식불고기*양파채  잡채  진미채무침  포기김치 (김치:국내산) ,쌀밥/잡곡밥 (쌀:국내산) 얼갈이국  훈제오리불고기  두부구이  부추생채/쌈무  포기김치 (김치:국내산) ,1079.0,489.0,2718.0,0.3969830757910228,8.466666666666667,17.1,0.8,,77.0,1.0,True
2019-11-12,화,3104.0,106.0,272.0,481.0,0.0,모닝롤/고구마샌드  우유/주스 스크램블에그 잣죽/쌀밥 (쌀:국내산) 북어해장국  연근조림  포기김치 (김치:국내산) ,쌀밥/잡곡밥 (쌀:국내산) 차돌된장찌개  주꾸미볶음  옥수수전  양념깻잎지  포기김치 (김치:국내산) ,"유부초밥 (쌀,현미흑미:국내산) 쌀국수  쇠고기퀘사디아 (쇠고기:호주산) 단무지  사과푸딩  포기김치 (배추,고추가루:국내산) ",769.0,456.0,2726.0,0.2820983125458547,12.970833333333331,19.4,7.0,,68.08333333333333,1.0,True
2019-11-13,수,3104.0,136.0,290.0,0.0,0.0,모닝롤/찐빵  우유/주스 계란후라이 누룽지탕/쌀밥 (쌀:국내산) 조랭이떡국  김자반  포기김치 (김치:국내산) ,곤드레밥*양념장 (쌀:국내산) 맑은국  돈육강정 (돈육:국내산) 사과고구마그라탕  오복지무침  배추겉절이 (김치:국내산) ,쌀밥/잡곡밥 (쌀:국내산) 해물순두부찌개  등갈비바베큐조림  고등어구이  오이생채  포기김치 (김치:국내산) ,733.0,328.0,2678.0,0.2737117251680358,9.454166666666667,17.3,2.6,,77.25,,True
2019-11-14,목,3104.0,188.0,286.0,453.0,0.0,모닝롤/참치샌드  우유/주스 계란후라이 해물죽/쌀밥 (쌀:국내산) 된장찌개  시래기조림  포기김치 (김치:국내산) ,쌀밥/잡곡밥 (쌀:국내산) 콩나물국  해물누룽지탕 (오징어:포클랜드) 모듬소시지구이  미역레몬초무침  포기김치 (김치:국내산) ,쌀밥/잡곡밥 (쌀:국내산) 설렁탕  부추전  오징어젓무침  야채스틱/과일  석박지 (김치:국내산) ,677.0,466.0,2630.0,0.25741444866920155,9.741666666666667,15.6,2.7,,74.04166666666667,,True
2019-11-15,금,3104.0,365.0,303.0,1.0,0.0,모닝롤/애플파이  우유/주스 계란후라이 팥죽/쌀밥 (쌀:국내산) 어묵국  무생채  포기김치 (김치:국내산) ,김치볶음밥 (쌀:국내산) 나가사끼짬뽕국  치킨텐더샐러드  또띠아칩  피클/방울토마토  포기김치 (김치:국내산) ,쌀밥/잡곡밥 (쌀:국내산) 부대찌개  소불고기 (쇠고기:호주산) 새송이버섯볶음  꽃상추무침  열무김치 (김치:국내산) ,543.0,342.0,2436.0,0.2229064039408867,7.283333333333334,12.8,-0.9,,45.083333333333336,,True
2019-11-18,월,3104.0,183.0,230.0,672.0,0.0,모닝롤/호빵  우유/주스 계란후라이 누룽지탕/쌀밥 (쌀:국내산) 배추시래기국  김구이  포기김치 (김치:국내산) ,쌀밥/잡곡밥 (쌀:국내산) 김치콩나물국  소고기장조림  시금치프리타타  오이무침  포기김치 (김치:국내산) ,쌀밥/잡곡밥 (쌀:국내산) 열무된장국  짬뽕불고기  버섯들깨나물  양배추쌈*쌈장  포기김치 (김치:국내산) ,1032.0,527.0,2691.0,0.3835005574136009,10.658333333333331,13.1,6.7,,93.70833333333331,1.0,True
2019-11-19,화,3104.0,139.0,285.0,562.0,0.0,모닝롤/옥수수샌드  우유/주스 스크램블에그 땅콩죽/쌀밥 (쌀:국내산) 꽃게된장찌개  감자채볶음  포기김치 (김치:국내산) ,쌀밥/잡곡밥 (쌀:국내산) 육개장 (소고기:호주산) 탕수어 (동태살:러시아) 온두부  참나물  김치볶음 (김치:국내산) ,통새우김밥 (쌀:국내산) 우동  찹쌀순대볶음  딸기드레싱샐러드  양배추피클  포기김치 (김치:국내산) ,762.0,529.0,2680.0,0.28432835820895525,12.704166666666666,19.1,6.4,,66.91666666666667,1.0,True
2019-11-20,수,3104.0,174.0,288.0,0.0,0.0,모닝롤/크림치즈프레즐  우유/주스 계란후라이 누룽지탕/쌀밥 (쌀:국내산) 홍합탕  무비트생채  포기김치 (김치:국내산) ,콩나물밥*양념장 (쌀:국내산) 미소장국  닭강정 (닭고기:국내산) 청포묵무침  오이도라지무침  포기김치 (김치:국내산) ,쌀밥/잡곡밥 (쌀:국내산) 얼갈이된장국  삼겹살구이 (돈육:칠레산) 어묵꽈리고추볶음  상추파무침  포기김치 (김치:국내산) ,759.0,386.0,2642.0,0.28728236184708555,5.1625000000000005,9.5,0.8,,61.083333333333336,,True
2019-11-21,목,3104.0,188.0,304.0,480.0,0.0,모닝롤/에그샌드  우유/주스 계란후라이 야채죽/쌀밥 (쌀:국내산) 닭곰탕  볼어묵조림  포기김치 (김치:국내산) ,쌀밥/잡곡밥 (쌀:국내산) 된장찌개  류산슬  비빔야채만두  실곤약흑임자무침  포기김치 (김치:국내산) ,쌀밥/잡곡밥 (쌀:국내산) 뼈감자탕  유린기  궁중떡볶음  단호박팥찜  깍두기 (김치:국내산) ,613.0,442.0,2612.0,0.23468606431852987,4.391666666666667,11.2,-1.0,,54.79166666666666,,True
2019-11-22,금,3104.0,329.0,310.0,1.0,0.0,모닝롤/카스텔라  우유/주스 계란후라이 김치죽/쌀밥 (쌀:국내산) 콩가루된장국  시금치나물  포기김치 (김치:국내산) ,"카레덮밥 (쌀,돈육:국내산) 맑은국  생선까스  쫄면야채무침  아몬드멸치볶음/과일  포기김치 (김치:국내산) ",쌀밥/잡곡밥 (쌀:국내산) 쇠고기샤브국  미트볼조림  맛살전  모듬묵*장  열무김치 (김치:국내산) ,551.0,313.0,2465.0,0.2235294117647059,4.758333333333334,14.2,-3.3,,59.04166666666666,,True
2019-11-25,월,3104.0,170.0,235.0,733.0,0.0,모닝롤/오렌지케익빵  우유/주스 계란후라이 누룽지탕/쌀밥 (쌀:국내산) 콩나물국  쥐포무침  포기김치 (김치:국내산) ,쌀밥/잡곡밥 (쌀:국내산) 고추장찌개  버섯불고기 (소고기:호주산) 계란말이  아삭고추무침  포기김치 (김치:국내산) ,쌀밥/잡곡밥 (쌀:국내산) 미역국  삼겹보쌈 (돈육:칠레산) 김치전  무말랭이  배추겉절이 (김치:국내산) ,1097.0,609.0,2699.0,0.4064468321600593,13.383333333333333,19.8,10.1,,87.54166666666667,1.0,True
2019-11-26,화,3104.0,129.0,270.0,634.0,0.0,"모닝롤/야채샌드  우유/주스 스크램블에그 쇠고기죽/쌀밥 (쌀,소고기:국내,호주) 감자국  쑥갓두부무침  포기김치 (김치:국내산) ",쌀밥/잡곡밥 (쌀:국내산) 김치두부국  누룽지탕수육 (돈육:국내산) 마파두부 (돈민찌:국내산) 파래김*양념장  깍두기 (김치:국내산) ,"닭갈비볶음밥 (쌀,닭:국내산) 가쯔오장국  크림카레우동  수제고로케  오이피클  포기김치 (김치:국내산) ",816.0,511.0,2705.0,0.30166358595194087,10.3375,14.7,8.3,,56.16666666666666,,True
2019-11-27,수,3104.0,134.0,288.0,1.0,0.0,모닝롤/단팥빵  우유/주스 계란후라이 누룽지탕/쌀밥 (쌀:국내산) 무채국 (우민찌:호주산) 문어꽈리초조림  포기김치 (김치:국내산) ,나물비빔밥 (쌀:국내산) 맑은국  감자치즈구이  군만두  치커리유자청생채  포기김치 (김치:국내산) ,    *        ,732.0,0.0,2682.0,0.27293064876957496,9.770833333333334,15.0,6.0,,68.33333333333333,,True
2019-11-28,목,3104.0,167.0,297.0,558.0,0.0,모닝롤/토마토샌드  우유/주스 계란후라이 호박죽/쌀밥 (쌀:국내산) 황태국 (황태:러시아산) 미역줄기볶음  포기김치 (김치:국내산) ,쌀밥/잡곡밥 (쌀:국내산) 아욱국  닭볶음탕 (닭:국내산) 해물파전  청경채생채  열무김치 (김치:국내산) ,참치주먹밥 (쌀:국내산) 잔치국수  오징어튀김  과일샐러드  단무지  포기김치 (김치:국내산) ,644.0,460.0,2640.0,0.24393939393939393,8.345833333333333,12.0,5.5,,67.08333333333333,,True
2019-11-29,금,3104.0,282.0,326.0,1.0,0.0,모닝롤/크로와상  우유/주스 계란후라이 참치죽/쌀밥 (쌀:국내산) 순두부찌개  숙주나물  포기김치 (김치:국내산) ,오므라이스 (쌀:국내산) 미소장국  모듬튀김  콘샐러드  군고구마/과일  포기김치 (김치:국내산) ,쌀밥/잡곡밥 (쌀:국내산) 소고기무국 (소고기:호주산) 굴비구이  비엔나케찹볶음  셀프무쌈말이  포기김치 (김치:국내산) ,572.0,256.0,2496.0,0.22916666666666666,6.829166666666667,12.0,1.9,,66.45833333333333,,True
2019-12-02,월,3111.0,169.0,201.0,748.0,0.0,모닝롤/핫케익  우유/주스 계란후라이 누룽지탕/쌀밥 (쌀:국내산) 대구탕  느타리호박볶음  포기김치 (김치:국내산) ,쌀밥/잡곡밥 (쌀:국내산) 열무된장국  훈제오리구이 (오리:국내산) 우엉잡채  양파절임/쌈무  포기김치 (김치:국내산) ,쌀밥/잡곡밥 (쌀:국내산) 옹심이만두국  오징어볶음  두부계란부침  물미역초무침  포기김치 (김치:국내산) ,1140.0,580.0,2741.0,0.41590660342940533,6.945833333333333,8.2,5.4,,89.95833333333333,1.0,True
2019-12-03,화,3111.0,115.0,247.0,789.0,0.0,모닝롤/씨크립샌드  우유/주스 스크램블에그 견과류죽/쌀밥 (쌀:국내산) 올갱이아욱국  명엽채무침  포기김치 (김치:국내산) ,쌀밥/잡곡밥 (쌀:국내산) 홍합탕  마늘간장치킨 (닭:국내산) 부추전  마늘쫑무침  포기김치 (김치:국내산) ,"짜장면/작은밥 (쌀,돈육:국내산) 계란국  미니햄버거  고구마맛탕  오복지무침  포기김치 (김치:국내산) ",873.0,566.0,2749.0,0.31757002546380503,6.129166666666666,9.1,2.9,,59.41666666666666,1.0,True
2019-12-04,수,3111.0,118.0,257.0,1.0,0.0,모닝롤/애플파이  우유/주스 계란후라이 누룽지탕/쌀밥 (쌀:국내산) 꽃게탕  감자채볶음  포기김치 (김치:국내산) ,김치볶음밥/계란 (쌀:국내산) 팽이장국  해물까스*칠리소스  콥샐러드  비트무생채/요플레  열무김치 (김치:국내산) ,쌀밥/잡곡밥 (쌀:국내산) 매운버섯국  돈육강정 (돈육:국내산) 물파래전  오이사과무침  포기김치 (김치:국내산) ,879.0,329.0,2736.0,0.32127192982456143,2.2291666666666665,8.0,-2.8,,72.33333333333333,,True
2019-12-05,목,3111.0,145.0,280.0,549.0,0.0,모닝롤/식빵피자  우유/주스 계란후라이 소라살죽/쌀밥 (쌀:국내산) 어묵국  얼갈이나물  포기김치 (김치:국내산) ,쌀밥/잡곡밥 (쌀:국내산) 쇠고기샤브국 (쇠고기:호주산) 닭갈비 (닭:국내산) 동태전  가지나물  포기김치 (김치:국내산) ,꼬마김밥*겨자장 (쌀:국내산) 우동  케이준샐러드  단호박범벅  무피클  포기김치 (김치:국내산) ,779.0,483.0,2686.0,0.29002233804914374,2.8083333333333336,11.6,-2.8,,71.625,,True
2019-12-06,금,3111.0,312.0,299.0,5.0,0.0,"모닝롤/마늘빵  우유/주스 계란후라이 닭죽/쌀밥 (쌀,닭:국내산) 배추된장국  김자반  포기김치 (김치:국내산) ",쌀밥/잡곡밥 (쌀:국내산) 근대국  수제돈가스 (돈육:국내산) 계란찜  양념깻잎지  깍두기 (김치:국내산) ,쌀밥/잡곡밥 (쌀:국내산) 연두부탕  함박스테이크  실곤약초무침  건파래무침  포기김치 (김치:국내산) ,631.0,315.0,2500.0,0.2524,2.341666666666667,8.6,-2.3,,58.79166666666666,,True
2019-12-09,월,3111.0,190.0,192.0,819.0,0.0,모닝롤/프렌치토스트  우유/주스 계란후라이 누룽지탕/쌀밥 (쌀:국내산) 된장찌개  사과오이초무침  포기김치 (김치:국내산) ,쌀밥/잡곡밥 (쌀:국내산) 들깨시래기국  유자청돈육볶음  콩나물겨자채  시금치나물  포기김치 (김치:국내산) ,쌀밥/잡곡밥 (쌀:국내산) 감자국  닭데리야끼조림  매운어묵볶음  참나물땅콩가루무침  포기김치 (김치:국내산) ,1120.0,521.0,2729.0,0.4104067423964822,0.6791666666666667,9.8,-4.3,,73.29166666666667,,True
2019-12-10,화,3111.0,155.0,248.0,800.0,0.0,모닝롤/인절미샌드  우유/주스 스크램블에그 녹두죽/쌀밥 (쌀:국내산) 콩나물국  연근조림  포기김치 (김치:국내산) ,쌀밥/잡곡밥 (쌀:국내산) 매운소고기국  유린기  코다리조림  치커리사과무침  포기김치 (김치:국내산) ,참치마요덮밥 (쌀:국내산) 꼬지어묵탕  해물떡볶이  키위드레싱샐러드  단무지무침  포기김치 (김치:국내산) ,742.0,519.0,2708.0,0.2740029542097489,1.0333333333333332,10.6,-6.1,,71.0,,True
2019-12-11,수,3111.0,168.0,265.0,0.0,0.0,모닝롤/고구마파이  우유/주스 계란후라이 누룽지탕/쌀밥 (쌀:국내산) 두부떡국  느타리버섯볶음  포기김치 (김치:국내산) ,"단호박영양밥 (쌀,돈육:국내산) 유부장국  새송이너비아니구이  양장피  오이무침  포기김치 (김치:국내산) ",쌀밥/잡곡밥 (쌀:국내산) 북어계란국  버섯불고기  주꾸미초무침  김구이  열무김치 (김치:국내산) ,858.0,327.0,2678.0,0.32038834951456313,4.795833333333333,15.5,-2.1,,79.41666666666667,,True
2019-12-12,목,3111.0,190.0,257.0,586.0,0.0,모닝롤/야채샌드  우유/주스 계란후라이 해물죽/쌀밥 (쌀:국내산) 바지락국  소시지볶음  포기김치 (김치:국내산) ,쌀밥/잡곡밥 (쌀:국내산) 굴미역국  매운돼지갈비찜  호박부추전  도토리묵야채무침  포기김치 (김치:국내산) ,"새우볶음밥 (쌀,현미흑미:국내산) 맑은국  깐풍육 (돼지고기:국내산) 또띠아피자  장아찌/피크닉  포기김치 (배추,고추가루:국내산) ",731.0,411.0,2664.0,0.2743993993993994,7.129166666666666,16.6,1.2,,71.875,,True
2019-12-13,금,3111.0,266.0,310.0,2.0,0.0,"모닝롤/찐빵  우유/주스 계란후라이 야채죽/쌀밥 (쌀,닭:국내산) 닭곰탕  얼갈이겉절이  포기김치 (김치:국내산) ",쌀밥/잡곡밥 (쌀:국내산) 참치김치찌개  안동찜닭  고추잡채*꽃빵  가지무침  깍두기 (김치:국내산) ,쌀밥/잡곡밥 (쌀:국내산) 고추장찌개  미니떡갈비조림  해물동그랑땡  유채나물  포기김치 (김치:국내산) ,639.0,380.0,2535.0,0.25207100591715975,3.5500000000000003,8.8,-2.3,,44.5,,True
2019-12-16,월,3111.0,206.0,211.0,709.0,0.0,모닝롤/야채호빵  우유/주스 계란후라이 누룽지탕/쌀밥 (쌀:국내산) 맑은순두부국  김구이  포기김치 (김치:국내산) ,쌀밥/잡곡밥 (쌀:국내산) 열무된장국  훈제오리볶음 (오리:국내산) 떡잡채  양파절임/쌈무  포기김치 (김치:국내산) ,쌀밥/잡곡밥 (쌀:국내산) 황태국  양념치킨  계란말이  오이도라지생채  포기김치 (김치:국내산) ,1103.0,464.0,2694.0,0.4094283593170007,4.191666666666666,13.5,-2.6,,67.08333333333333,,True
2019-12-17,화,3111.0,155.0,267.0,613.0,0.0,모닝롤/고구마샌드  우유/주스 스크램블에그 잣죽/쌀밥 (쌀:국내산) 콩나물국  시래기조림  포기김치 (김치:국내산) ,쌀밥/잡곡밥 (쌀:국내산) 무채국  소고기숙주볶음  메추리알곤약조림  유채겉절이  포기김치 (김치:국내산) ,야채주먹밥 (쌀:국내산) 잔치국수  복주머니딤섬*장  야채튀김  요플레  포기김치 (김치:국내산) ,739.0,472.0,2689.0,0.2748233544068427,5.245833333333334,14.0,-0.7,,80.33333333333333,,True
2019-12-18,수,3111.0,169.0,283.0,3.0,0.0,모닝롤/크로와상  우유/주스 계란후라이 누룽지탕/쌀밥 (쌀:국내산) 차돌박이된장찌개  미역줄기볶음  포기김치 (김치:국내산) ,"콩나물밥 (쌀,돈육:국내산) 미소장국  언양식불고기*양파채  샐러드파스타  가래떡츄러스  포기김치 (김치:국내산) ",쌀밥/잡곡밥 (쌀:국내산) 김치국  돈육간장볶음  브로컬리새우전  연근샐러드  열무김치 (김치:국내산) ,683.0,278.0,2659.0,0.25686348251222263,7.0875,13.0,0.6,,82.79166666666667,,True
2019-12-19,목,3111.0,165.0,270.0,591.0,0.0,모닝롤/바나나샌드  우유/주스 계란후라이 참치야채죽/쌀밥 (쌀:국내산) 만두국  우엉간장조림  포기김치 (김치:국내산) ,쌀밥/잡곡밥 (쌀:국내산) 된장찌개  대패삼겹*파채  해물콩나물찜  연두부*장  포기김치 (김치:국내산) ,쌀밥/잡곡밥 (쌀:국내산) 설렁탕  해물전  오징어젓무침  야채스틱/과일  석박지 (김치:국내산) ,862.0,321.0,2676.0,0.3221225710014948,7.841666666666666,14.0,2.8,,57.91666666666666,,True
2019-12-20,금,3111.0,337.0,261.0,4.0,0.0,"모닝롤/카스텔라  우유/주스 계란후라이 소고기죽/쌀밥 (쌀,닭:국내산) 동태찌개  느타리버섯장조림  포기김치 (김치:국내산) ",쌀밥/잡곡밥 (쌀:국내산) 감자양파국  매운닭찜  두부커틀릿  간장깻잎지  포기김치 (김치:국내산) ,쌀밥/잡곡밥 (쌀:국내산) 부대찌개  오징어볶음*소면  계란찜  모듬묵*장  포기김치 (김치:국내산) ,481.0,353.0,2513.0,0.19140469558296858,4.458333333333333,11.4,-1.3,,48.958333333333336,,True
2019-12-23,월,3111.0,343.0,228.0,131.0,0.0,모닝롤/꿀호떡  우유/주스 계란후라이 누룽지탕/쌀밥 (쌀:국내산) 순두부탕  어묵꽈리고추볶음  포기김치 (김치:국내산) ,쌀밥/잡곡밥 (쌀:국내산) 아욱국  돈육김치볶음 (돈육:국내산) 비엔나감자조림  모듬쌈  깍두기 (김치:국내산) ,쌀밥/잡곡밥 (쌀:국내산) 닭개장 (닭:국내산) 주꾸미볶음  고기전 (돈육:국내산) 땅콩조림  포기김치 (김치:국내산) ,741.0,124.0,2540.0,0.2917322834645669,1.6666666666666667,9.3,-3.5,,71.33333333333333,,True
2019-12-24,화,3111.0,478.0,216.0,52.0,0.0,모닝롤/에그샌드  우유/주스 스크램블에그 새우살죽/쌀밥 (쌀:국내산) 꽃게탕  진미채무침  포기김치 (김치:국내산) ,쌀밥/잡곡밥 (쌀:국내산) 오징어국  치킨핑거 (닭:국내산) 애호박전  콩나물무침 조각케익 포기김치 (김치:국내산) ,굴소스볶음밥 (쌀:국내산) 토마토스파게티  크림스프  마늘빵/감자튀김  수제오이피클 요구르트 포기김치 (김치:국내산) ,462.0,221.0,2417.0,0.1911460488208523,2.395833333333333,12.0,-3.5,,73.75,,True
2019-12-26,목,3111.0,538.0,249.0,151.0,0.0,모닝롤/옥수수샌드  우유/주스 계란후라이 크림누룽지탕/쌀밥 (쌀:국내산) 미역국  감자채볶음  포기김치 (김치:국내산) ,쌀밥/잡곡밥 (쌀:국내산) 된장찌개  짬뽕불고기 (돈육:국내산) 녹두전 (돈육:국내산) 물미역*초장  열무김치 (김치:국내산) ,빠에야 (쌀:국내산) 쌀국수 (닭:국내산) 새우또띠아  양배추샐러드  군고구마  포기김치 (김치:국내산) ,594.0,203.0,2324.0,0.25559380378657487,3.616666666666667,13.7,-4.4,,63.41666666666666,,True
2019-12-27,금,3111.0,706.0,236.0,1.0,0.0,모닝롤/시금치핫케익  우유/주스 계란후라이 홍게살죽/쌀밥 (쌀:국내산) 홍합탕  멸치아몬드볶음  포기김치 (김치:국내산) ,파인애플볶음밥 (쌀:국내산) 가쯔오장국  사천식탕수육 (돈육:국내산) 콘치즈오븐구이  단무지무침  포기김치 (김치:국내산) ,쌀밥/잡곡밥 (쌀:국내산) 매운버섯국 (쇠고기:호주산) 굴비구이  버섯잡채  아삭고추무침  배추겉절이 (김치:국내산) ,387.0,226.0,2169.0,0.17842323651452283,4.679166666666666,6.6,1.8,,72.70833333333333,1.0,True
2019-12-30,월,3111.0,563.0,192.0,98.0,0.0,모닝롤/프렌치토스트  우유/주스 계란후라이 누룽지탕/쌀밥 (쌀:국내산) 콩나물김치국  김자반  포기김치 (김치:국내산) ,쌀밥/잡곡밥 (쌀:국내산) 고추장찌개 (두부:수입산) 버섯불고기 (쇠고기:호주산) 두부양념조림  오이무침  포기김치 (김치:국내산) ,쌀밥/잡곡밥 (쌀:국내산) 소고기무국 (쇠고기:호주산) 고등어구이 (고등어:국내산) 마파두부 (돈민찌:국내산) 무생채  포기김치 (김치:국내산) ,652.0,132.0,2356.0,0.2767402376910017,0.8166666666666669,5.2,-4.6,,77.125,1.0,True
2019-12-31,화,3111.0,709.0,149.0,22.0,0.0,모닝롤/야채샌드  우유/주스 스크램블에그 고구마죽/쌀밥 (쌀:국내산) 열무된장국  두부쑥갓무침 (두부:수입산) 포기김치 (김치:국내산) ,쌀밥/잡곡밥 (쌀:국내산) 배추된장국  닭볶음탕 (닭:국내산) 부추깻잎전  양배추쌈*쌈장  포기김치 (김치:국내산) ,    *        ,349.0,0.0,2253.0,0.1549045716822015,6.075,10.8,3.2,,86.75,1.0,True
2020-01-02,목,2821.0,255.0,133.0,338.0,0.0,모닝롤/단팥빵  우유/주스 계란후라이 누룽지탕/쌀밥 (쌀:국내산) 북어계란국  콩나물무침  포기김치 (김치:국내산) ,"쌀밥/잡곡밥 (쌀:국내산) 떡국 (우잡뼈,양지:호주산) 제육볶음 (돈육:국내산) 시금치프리타타  유채나물 식혜 포기김치 (김치:국내산) ","카레라이스 (쌀:국내산,돈육:국내 맑은국  생선까스*탈탈소스  멕시칸샐러드 (스모크햄:외국산) 오복지무침  포기김치 (김치:국내산) ",985.0,362.0,2433.0,0.4048499794492396,-1.7708333333333333,6.9,-7.9,,52.958333333333336,,True
2020-01-03,금,2821.0,321.0,186.0,3.0,0.0,모닝롤/찐빵  우유/주스 계란후라이 단호박죽/쌀밥 (쌀:국내산) 대구탕  미역줄기볶음  포기김치 (김치:국내산) ,비빔밥 (쌀:국내산) 미소장국  탕수어 (동태:러시아산) 과일샐러드  마늘쫑무침  포기김치 (김치:국내산) ,쌀밥/잡곡밥 (쌀:국내산) 수제비국  돈육장조림 (돈육:국내산) 실곤약초무침  세발나물  포기김치 (김치:국내산) ,635.0,344.0,2314.0,0.27441659464131374,-0.2874999999999999,8.6,-6.1,,73.375,,True
2020-01-06,월,2821.0,119.0,203.0,424.0,5.0,모닝롤/핫케익  우유/주스 계란후라이 누룽지탕/쌀밥 (쌀:국내산) 연두부탕  김구이  포기김치 (김치:국내산) ,쌀밥/잡곡밥 (쌀:국내산) 된장찌개  돈육김치볶음  사각어묵볶음  쫑상추무침  포기김치 (김치:국내산) ,쌀밥/잡곡밥 (쌀:국내산) 열무된장국  해물누룽지탕  모듬소시지구이  미역레몬초무침  포기김치 (김치:국내산) ,1133.0,389.0,2494.0,0.4542902967121091,1.008333333333333,10.7,-6.2,,61.91666666666666,,True
2020-01-07,화,2821.0,95.0,204.0,448.0,7.0,모닝롤/씨크립샌드  우유/주스 스크램블에그 견과류죽/쌀밥 (쌀:국내산) 매생이떡국  숙주나물  포기김치 (김치:국내산) ,쌀밥/잡곡밥 (쌀:국내산) 미역국  순살파닭  감자채전  오이도라지무침  포기김치 (김치:국내산) ,참치주먹밥 (쌀:국내산) 우동  새우까스*칠리소스  고구마샐러드  단무지무침  포기김치 (김치:국내산) ,904.0,490.0,2515.0,0.3594433399602386,2.5083333333333333,4.6,-2.1,,83.625,1.0,True
2020-01-08,수,2821.0,117.0,222.0,7.0,5.0,모닝롤/애플파이  우유/주스 계란후라이 누룽지탕/쌀밥 (쌀:국내산) 어묵국  감자채볶음  포기김치 (김치:국내산) ,곤드레밥*양념장 (쌀:국내산) 맑은국  돈육강정 (돈육:국내산) 사과고구마그라탕  오복지무침  배추겉절이 (김치:국내산) ,쌀밥/잡곡밥 (쌀:국내산) 소고기무국  주꾸미볶음  계란찜  애호박나물  포기김치 (김치:국내산) ,740.0,321.0,2477.0,0.2987484860718611,9.15,16.8,4.5,,94.75,1.0,True
2020-01-09,목,2821.0,124.0,241.0,426.0,7.0,모닝롤/식빵피자  우유/주스 계란후라이 소라살죽/쌀밥 (쌀:국내산) 북어해장국  두부양념조림  포기김치 (김치:국내산) ,쌀밥/잡곡밥 (쌀:국내산) 육개장 (쇠고기:호주산) 가자미튀김  언양식불고기  치커리무침  포기김치 (김치:국내산) ,"작은밥 (쌀,현미,흑미:국내산) 옛날돈가스 (돼지고기:국내산) 양송이스프  양배추샐러드/모닝빵  수제피클  포기김치 (배추,고추가루:국내산) ",773.0,474.0,2449.0,0.3156390363413638,8.358333333333333,14.3,3.5,,65.75,1.0,True
2020-01-10,금,2821.0,264.0,262.0,0.0,3.0,"모닝롤/케익  우유/주스 계란후라이 닭죽/쌀밥 (쌀,닭:국내산) 콩비지찌개  연근조림  포기김치 (김치:국내산) ",참치회덮밥 (쌀:국내산) 미소장국  또띠아피자  과일샐러드  락교  포기김치 (김치:국내산) ,쌀밥/잡곡밥 (쌀:국내산) 청국장찌개  소고기장조림  김치전  청경채겉절이  포기김치 (김치:국내산) ,573.0,320.0,2292.0,0.25,3.4166666666666665,9.6,-1.8,,63.41666666666666,,True
2020-01-13,월,2821.0,141.0,218.0,526.0,0.0,"모닝롤/카스텔라  우유/주스 계란후라이 누룽지탕/쌀밥 (쌀:국내산) 고추장찌개  김자반  포기김치 (배추:국내산,고춧가루:중국산) ","쌀밥/잡곡밥 (쌀:국내산) 근대국  훈제오리구이 (오리고기:국내산) 마늘쫑볶음  명이절임/부추생채  포기김치 (배추:국내산,고춧가루:중국산) ","쌀밥/잡곡밥 (쌀:국내산) 돈육김치찌개 (돼지고기:국내산) 소고기숙주볶음 (소고기:호주산) 계란찜  유채나물  배추겉절이 (배추:국내산,고춧가루:중국산) ",945.0,454.0,2462.0,0.38383428107229894,3.0083333333333333,8.1,-2.3,,57.333333333333336,,True
2020-01-14,화,2821.0,96.0,236.0,388.0,0.0,"모닝롤/바나나샌드  우유/주스 스크램블에그 흑임자죽/쌀밥 (쌀:국내산) 감자양파국  멸치볶음  포기김치 (배추:국내산,고춧가루:중국산) ","쌀밥/잡곡밥 (쌀:국내산) 시래기국  함박스테이크*소스  두부구이  오이무침  포기김치 (배추:국내산,고춧가루:중국산) ","유부초밥 (쌀:국내산) 쌀국수 (양지:호주산) 떡볶이  군만두  귤/음료  포기김치 (배추:국내산,고춧가루:중국산) ",820.0,272.0,2489.0,0.32944957814383286,-0.2125,6.8,-4.9,,69.45833333333333,,True
2020-01-15,수,2821.0,97.0,235.0,4.0,0.0,"모닝롤/치즈프레즐  우유/주스 계란후라이 누룽지탕/쌀밥 (쌀:국내산) 차돌박이찌개 (차돌박이:호주산) 볼어묵조림  포기김치 (배추:국내산,고춧가루:중국산) ","단호박영양밥 (쌀:국내산) 연두부탕  오징어숙회무침 (오징어:원양산) 고기전 (돼지고기:국내산) 콩나물무침  포기김치 (배추:국내산,고춧가루:중국산) ","쌀밥/잡곡밥 (쌀:국내산) 시금치국  돈육고추장볶음  잡채  파채*소스/쌈무  포기김치 (배추:국내산,고춧가루:중국산) ",633.0,350.0,2489.0,0.25431900361591,0.8166666666666668,6.1,-3.1,,57.16666666666666,,True
2020-01-16,목,2821.0,92.0,244.0,390.0,0.0,"모닝롤/옥수수샌드  우유/주스 계란후라이 녹두죽/쌀밥 (쌀:국내산) 조랭이떡국  우엉조림  포기김치 (배추:국내산,고춧가루:중국산) ","쌀밥/잡곡밥 (쌀:국내산) 해물된장찌개  묵은지닭찜 (닭고기:국내산) 깐풍두부  아삭고추무침  포기김치 (배추:국내산,고춧가루:중국산) ","쇠고기볶음밥 (쌀:국내산,쇠고기:호주산) 팽이장국  탕수육 (돼지고기:국내산) 쫄면야채무침  바나나  포기김치 (배추:국내산,고춧가루:중국산) ",761.0,457.0,2485.0,0.3062374245472837,-0.4166666666666667,7.1,-6.5,,63.583333333333336,,True
2020-01-17,금,2821.0,242.0,269.0,0.0,0.0,"모닝롤/꿀호떡  우유/주스 계란후라이 팥죽/쌀밥 (쌀,닭:국내산) 무채국  연두부*장  포기김치 (배추:국내산,고춧가루:중국산) ","김치필라프 (쌀:국내산) 크림스프  토마토스파게티  콥샐러드  수제피클  열무김치 (열무:국내산,고춧가루:중국산) ","쌀밥/잡곡밥 (쌀:국내산) 짬뽕국  미니떡갈비조림 (돼지고기:국내산,소고기:호주산) 매생이전  참나물겉절이  포기김치 (배추:국내산,고춧가루:중국산) ",696.0,344.0,2310.0,0.3012987012987013,0.4874999999999999,7.3,-4.5,,53.083333333333336,,True
2020-01-20,월,2821.0,132.0,199.0,488.0,0.0,"모닝롤/핫도그  우유/주스 계란후라이 누룽지탕/쌀밥 (쌀:국내산) 오징어국  명엽채무침  포기김치 (배추,고춧가루:국산) ","쌀밥/잡곡밥 (쌀:국내산) 순두부찌개  닭갈비 (닭:국내산) 고등어구이 (고등어:국내산) 치커리사과유자청무침  포기김치 (배추,고춧가루:국산) ","쌀밥/잡곡밥 (쌀:국내산) 만두국  간장불고기 (돈육:국내산) 옥수수전  물파래무침  배추겉절이 (배추:국산,고춧가루:중국) ",1075.0,439.0,2490.0,0.43172690763052207,1.0291666666666666,9.6,-4.4,,64.41666666666667,,True
2020-01-21,화,2821.0,96.0,237.0,491.0,0.0,"와플/모닝에그빵  우유/주스 스크램블에그 표고버섯죽/쌀밥 (쌀:국내산) 동태탕  봄동겉절이  포기김치 (배추,고춧가루:국산) ",쌀밥/잡곡밥 (쌀:국내산) 어묵국  등갈비김치찜 (등갈비:스페인산) 콩나물냉채  땅콩조림  열무김치 (고춧가루:중국산) ,"스팸주먹밥 (쌀:국내산) 해물칼국수  감자만두  딸기드레싱샐러드  무피클  포기김치 (배추,고춧가루:국산) ",868.0,478.0,2488.0,0.34887459807073956,0.7916666666666666,9.1,-5.4,,67.625,,True
2020-01-22,수,2821.0,130.0,232.0,5.0,0.0,"모닝롤/크로와상  우유/주스 계란후라이 누룽지탕/쌀밥 (쌀:국내산) 재첩국  딤섬  포기김치 (배추,고춧가루:국산) ","불고기비빔밥 (쌀:국내산,소고기:호주) 미역장국  허니버터치킨 (닭:국내산) 모듬묵흑임자샐러드  오이무침  포기김치 (배추,고춧가루:국산) ","쌀밥/잡곡밥 (쌀:국내산) 된장찌개  주꾸미삼겹살볶음 (삼겹:독일산) 셀프무쌈말이  얼갈이나물  포기김치 (배추,고춧가루:국산) ",782.0,354.0,2459.0,0.31801545343635623,0.4041666666666667,9.1,-6.5,,53.833333333333336,,True
2020-01-23,목,2821.0,481.0,141.0,38.0,0.0,"모닝롤/토마토샌드  우유/주스 계란후라이 땅콩죽/쌀밥 (쌀:국내산) 피바지락배추국  크래미숙주무침  포기김치 (배추,고춧가루:국산) ","쌀밥/잡곡밥 (쌀:국내산) 아욱국  돼지갈비찜 (돼지갈비:국내산) 동태전 (동태:러시아산) 시금치초무침  포기김치 (배추,고춧가루:국산) ","쌀밥/잡곡밥 (쌀:국내산) 뼈감자탕 (등뼈:국내산) 해물파전  고추,양파/쌈장  부추생채 귤 석박지 (고춧가루:중국산) ",685.0,117.0,2199.0,0.31150522964984084,3.045833333333333,4.8,0.1,,73.0,1.0,True
2020-01-28,화,2821.0,284.0,143.0,670.0,0.0,"베이글/팬케익  우유/주스 계란후라이 누룽지탕/쌀밥 (쌀:국내산) 김치두부국  쥐포무침  포기김치 (배추,고춧가루:국산) ","쌀밥/잡곡밥 (쌀:국내산) 황태국 (황태:러시아산) 오리고추장볶음 (오리:국내산) 어묵꽈리고추조림  미역오이초무침  포기김치 (배추,고춧가루:국산) ",오므라이스 (쌀:국내산) 미소장국  깐풍육 (돈육:국내산) 감자튀김  단무지무침  석박지 (고춧가루:국산) ,1042.0,639.0,2394.0,0.4352548036758563,6.158333333333334,8.5,4.5,,87.75,1.0,True
2020-01-29,수,2821.0,101.0,214.0,4.0,0.0,"모닝롤/야채샌드  우유/주스 스크램블에그 고구마죽/쌀밥 (쌀:국내산) 꽃게탕  미역줄기볶음  포기김치 (배추,고춧가루:국산) ","콩나물밥*양념장 (쌀:국내산,소고기:호주) 가쯔오장국  치킨핑거 (닭:국내산) 꽃맛살샐러드  청경채생채  포기김치 (배추,고춧가루:국산) ",    자기개발의날        ,1197.0,0.0,2506.0,0.4776536312849162,8.179166666666667,11.1,5.6,,69.83333333333333,1.0,True
2020-01-30,목,2821.0,76.0,261.0,482.0,0.0,"모닝롤/호빵  우유/주스 계란후라이 누룽지탕/쌀밥 (쌀:국내산) 감자국  오징어젓갈무침  포기김치 (배추,고춧가루:국산) ","쌀밥/잡곡밥 (쌀:국내산) 들깨시래기국  닭오븐구이 (닭:국내산) 달래두부무침  시금치나물  배추겉절이 (배추,고춧가루:국산) ","참치회덮밥 (쌀:국내산) 우동  수제고로케  콘샐러드  락교  포기김치 (배추,고춧가루:국산) ",736.0,497.0,2484.0,0.2962962962962963,6.724999999999999,9.5,4.8,,82.29166666666667,1.0,True
2020-01-31,금,2821.0,183.0,265.0,0.0,0.0,"모닝롤/참치샌드  우유/주스 계란후라이 잣죽/쌀밥 (쌀:국내산) 대구탕  느타리호박볶음  포기김치 (배추,고춧가루:국산) ","김치제육덮밥 (쌀,돈육:국내산) 계란국  오징어튀김 (오징어:원양산) 시저샐러드  열무나물  포기김치 (배추,고춧가루:국산) ","쌀밥/잡곡밥 (쌀:국내산) 매운콩나물국  돈육장조림 (돈육:국내산) 맛살전  양념깻잎지  포기김치 (배추,고춧가루:국산) ",623.0,368.0,2373.0,0.26253687315634217,5.6125,10.0,0.5,,71.91666666666667,1.0,True
2020-02-03,월,2872.0,101.0,208.0,537.0,1.0,"모닝롤/소보루빵  우유/주스 계란후라이 누룽지탕/쌀밥 (쌀:국내산) 시금치국  김구이  포기김치 (배추,고추가루:국내산) ","쌀밥/잡곡밥 (쌀:국내산) 미역국  쇠고기낙지볶음  계란찜  세발나물생채  포기김치 (배추,고추가루:국내산) ","쌀밥/잡곡밥 (쌀:국내산) 시래기국  유린기  연두부*양념장  물파래무침  포기김치 (배추,고추가루:국내산) ",1081.0,495.0,2562.0,0.421935987509758,2.295833333333334,10.5,-3.3,,75.08333333333333,,True
2020-02-04,화,2872.0,72.0,222.0,471.0,0.0,"모닝롤/피자빵  우유/주스 스크램블에그 양송이죽/쌀밥 (쌀,닭:국내산) 된장찌개  진미채무침  포기김치 (배추,고추가루:국내산) ","쌀밥/잡곡밥  차돌박이찌개  돈육강정  모듬버섯볶음  도라지초무침  배추겉절이 (배추:국내산,고추가루:중국산) ","멸치주먹밥 (쌀:국내산) 잔치국수  해물까스  매쉬드포테이토  무피클  포기김치 (배추,고추가루:국내산) ",849.0,304.0,2578.0,0.32932505818463925,1.9041666666666668,9.3,-3.7,,65.75,,True
2020-02-05,수,2872.0,62.0,215.0,4.0,0.0,"모닝롤/초코핫케익  우유/주스 계란후라이 누룽지탕/쌀밥 (쌀:국내산) 만두국  땅콩조림  포기김치 (배추,고추가루:국내산) ","단호박영양밥 (쌀:국내산) 유부장국  언양식불고기  주꾸미초무침  파래김*양념장  포기김치 (배추,고추가루:국내산) ","쌀밥/잡곡밥 (쌀:국내산) 닭곰탕  오징어볶음  오꼬노미야끼계란말이  가지나물  배추겉절이 (배추:국내산,고추가루:중국산) ",660.0,276.0,2595.0,0.2543352601156069,0.1708333333333334,9.0,-6.6,,60.958333333333336,,True
2020-02-06,목,2872.0,90.0,233.0,426.0,0.0,"모닝롤/햄치즈샌드  우유/주스 계란후라이 흑임자죽/쌀밥 (쌀:국내산) 호박젓국찌개  마늘쫑볶음  포기김치 (배추,고추가루:국내산) ","쌀밥/잡곡밥 (쌀:국내산) 어묵탕  동파삼겹수육  감자채볶음  오이무침/귤  포기김치 (배추,고추가루:국내산) ","카레덮밥 (쌀:국내산) 맑은국  쫄면야채무침  야채튀김  단무지무침  포기김치 (배추,고추가루:국내산) ",637.0,369.0,2549.0,0.2499019223224794,0.1666666666666667,4.5,-2.8,,37.41666666666666,,True
2020-02-07,금,2872.0,140.0,247.0,2.0,0.0,"모닝롤/고구마파이  우유/주스 계란후라이 야채죽/쌀밥 (쌀:국내산) 소고기무국  김치도토리묵무침  포기김치 (배추,고추가루:국내산) ",쌀밥/오곡밥 (쌀:국내산) 두부김치국  굴비구이  미트볼조림  보름나물  부럼/포기김치 (김치:국내산) ,"쌀밥/잡곡밥 (쌀:국내산) 콩나물국  제육볶음  동그랑땡전  시래기조림  포기김치 (배추,고추가루:국내산) ",539.0,326.0,2485.0,0.21690140845070421,-1.7583333333333335,4.8,-7.1,,30.83333333333333,,True
2020-02-10,월,2872.0,65.0,136.0,617.0,0.0,모닝롤/롤케익  우유/주스 계란후라이 누룽지탕/쌀밥 (쌀:국내산) 새우살미역국  통아몬드멸치볶음  배추겉절이 (배추:국내산.고추가루:중국산) ,"쌀밥/잡곡밥 (쌀:국내산) 매운콩나물국  소고기숙주볶음 (소고기:호주산) 골뱅이무침*소면  유채나물  포기김치 (배추,고추가루:국내산) ","쌀밥/잡곡밥 (쌀:국내산) 들깨버섯탕  고추잡채&꽃빵 (소고기:호주산) 시금치프리타타  청경채겉절이  포기김치 (배추,고추가루:국내산) ",1233.0,633.0,2671.0,0.46162485960314487,1.0958333333333332,8.3,-6.4,,47.083333333333336,,True
2020-02-11,화,2872.0,52.0,198.0,748.0,0.0,"모닝롤/에그샌드  우유/주스 스크램블에그 녹두죽/쌀밥 (쌀:국내산) 떡국 (우양지:호주산) 알감자조림  포기김치 (배추,고추가루:국내산) ","쌀밥/잡곡밥 (쌀:국내산) 냉이된장찌개  레몬탕수육 (돈육:국내산) 실곤약흑임자무침  양념깻잎지  포기김치 (배추:국내산,고추가루:중국산) ","짜장잡채덮밥 (돈육,쌀:국내산) 계란파국  참치야채전  꽃맛살샐러드  오이사과무침  포기김치 (배추,고추가루:국내산) ",1075.0,668.0,2622.0,0.4099923722349352,2.4250000000000003,12.6,-4.7,,63.833333333333336,,True
2020-02-12,수,2872.0,65.0,210.0,5.0,0.0,"모닝롤/사과파이  우유/주스 계란후라이 누룽지탕/쌀밥 (쌀:국내산) 무채국  두부양념조림  포기김치 (배추,고추가루:국내산) ","곤드레밥*강된장 (쌀:국내산) 팽이장국  닭데리야끼조림 (닭고기:국내산) 비빔야채만두  바나나  포기김치 (배추:국내산,고추가루:중국산) ","쌀밥/잡곡밥 (쌀:국내산) 육개장 (소고기:호주산) 류산슬 (소고기:호주산) 연근튀김*칠리소스  시금치나물  포기김치 (배추:국내산,고추가루:중국산) ",1173.0,411.0,2597.0,0.4516750096264921,4.6625000000000005,13.8,-4.3,,63.66666666666666,,True
2020-02-13,목,2872.0,71.0,249.0,620.0,0.0,"모닝롤/야채샌드  우유/주스 계란후라이 크림누룽지탕/쌀밥 (쌀:국내산) 북어맑은국 (북어:러시아산) 참나물무침  포기김치 (배추,고추가루:국내산) ","쌀밥/잡곡밥 (쌀:국내산) 동태찌개 (동태:러시아산) 돈육간장볶음 (돼지고기:국내산) 사각어묵볶음  쫑상추무침  포기김치 (배추,고추가루:국내산) ","쌀밥/잡곡밥 (쌀:국내산) 설렁탕 (소고기:호주산) 부추전  오징어젓무침  야채스틱/과일  석박지 (무우:국내산,고추가루:중국산) ",834.0,575.0,2552.0,0.3268025078369906,8.341666666666667,11.3,6.2,,93.29166666666669,1.0,True
2020-02-14,금,2872.0,160.0,273.0,0.0,0.0,"모닝롤/꿀호떡  우유/주스 계란후라이 호박죽/쌀밥 (쌀:국내산) 꽃게탕  숙주나물무침  포기김치 (배추,고추가루:국내산) ",김밥볶음밥 (쌀:국내산) 미니짬뽕  크림새우  하와이안샐러드  또띠아칩  배추겉절이 (배추:국내산.고추가루:중국산) ,"쌀밥/잡곡밥 (쌀:국내산) 김치찌개  수제돈가스&소스 (돼지고기:국내산) 맛살냉채  애호박새우젓볶음  열무김치 (열무:국내산,고추가루:중국산) ",776.0,436.0,2439.0,0.31816318163181634,8.558333333333332,15.1,3.7,,84.33333333333333,,True
2020-02-17,월,2872.0,74.0,196.0,722.0,0.0,"모닝롤/프렌치토스트  우유/주스 계란후라이 누룽지탕/쌀밥 (쌀:국내산) 김치두부국 (김치:국내산) 꽈리고추찜  포기김치 (배추,고추가루:국내산) ","쌀밥/잡곡밥 (쌀,현미,흑미:국내산) 쇠고기샤브국 (쇠고기:호주산) 유자청제육볶음 (돈육:국내산) 우엉잡채  미역오이초무침  포기김치 (배추,고추가루:국내산) ","쌀밥/잡곡밥 (쌀,현미,흑미:국내산) 대구탕 (대구:러시아) 안동찜닭 (닭:국내산) 해물김치전 (김치:국내산) 취나물  깍두기 (고추가루:중국산) ",1370.0,649.0,2602.0,0.5265180630284396,5.820833333333334,10.3,-0.5,,67.375,1.0,True
2020-02-18,화,2872.0,47.0,239.0,666.0,0.0,"모닝롤/씨크립샌드  우유/주스 스크램블에그 견과류죽/쌀밥 (쌀:국내산) 얼갈이된장국  쥐포무침  포기김치 (배추,고추가루:국내산) ","쌀밥/잡곡밥 (쌀,현미,흑미:국내산) 차돌된장찌개 (차돌박이:미국산) 주꾸미볶음 (주꾸미:베트남) 고기전 (돈육:국내산) 봄동겉절이  포기김치 (배추,고추가루:국내산) ","통새우김밥 (쌀:국내산) 우동  계란떡볶이  키위드레싱샐러드  수제피클  포기김치 (배추,고추가루:국내산) ",939.0,630.0,2586.0,0.36310904872389793,-0.0041666666666666,1.9,-2.3,,51.54166666666666,,True
2020-02-19,수,2872.0,62.0,224.0,1.0,0.0,"모닝롤/단팥빵  우유/주스 계란후라이 누룽지탕/쌀밥 (쌀:국내산) 오징어국 (오징어:원양산) 김잔파무침  포기김치 (배추,고추가루:국내산) ","나물비빔밥 (쌀:국내산) 미소장국  사과고구마그라탕  메밀전병만두  도라지오이생채  포기김치 (배추,고추가루:국내산) ","쌀밥/잡곡밥 (쌀,현미,흑미:국내산) 순두부찌개 (순두부:중국산) 해물누룽지탕 (오징어:원양산) 닭가슴살냉채 (닭:국내산) 양배추쌈*쌈장  배추겉절이 (배추,고추가루:국내산) ",930.0,434.0,2586.0,0.35962877030162416,0.2958333333333334,8.1,-6.3,,47.083333333333336,,True
2020-02-20,목,2872.0,78.0,254.0,549.0,0.0,"모닝롤/참치샌드  우유/주스 계란후라이 새우살죽/쌀밥 (쌀:국내산) 감자국  볼어묵볶음  포기김치 (배추,고추가루:국내산) ","쌀밥/잡곡밥 (쌀,현미,흑미:국내산) 근대국  간장마늘치킨 (닭:국내산) 오징어초무침 (오징어:원양산) 호박채나물  열무김치 (배추,고추가루:국내산) ","파인애플볶음밥 (쌀:국내산) 맑은국  새우까스*와사비소스  메추리알조림  오복지무침  포기김치 (배추,고추가루:국내산) ",826.0,542.0,2540.0,0.3251968503937008,2.504166666666667,12.0,-5.5,,54.75,,True
2020-02-21,금,2872.0,181.0,277.0,0.0,0.0,"모닝롤/마늘빵  우유/주스 계란후라이 팥죽/쌀밥 (쌀:국내산) 버섯매운탕 (쇠고기:호주산) 땅콩조림  포기김치 (배추,고추가루:국내산) ","쌀밥/잡곡밥 (쌀,현미,흑미:국내산) 들깨미역국  짬뽕불고기 (돈육:국내산) 새송이버섯전  치커리만다린무침  포기김치 (배추,고추가루:국내산) ","쌀밥/잡곡밥 (쌀,현미,흑미:국내산) 닭개장 (닭:국내산) 고등어구이 (고등어:국내산) 두부스테이크 (두부:중국산) 부추겉절이  포기김치 (배추,고추가루:국내산) ",627.0,380.0,2414.0,0.2597348798674399,5.420833333333334,14.4,-1.9,,57.66666666666666,,True
2020-02-24,월,2872.0,144.0,156.0,846.0,0.0,"모닝롤/시금치팬케익  우유/주스 계란후라이 누룽지탕/쌀밥 (쌀:국내산) 민물새우찌개  명엽채무침  포기김치 (배추,고추가루:국내산) ","쌀밥/잡곡밥 (쌀,현미,흑미:국내산) 된장찌개  돈육김치볶음 (돈육:국내산) 계란찜  실곤약초무침  깍두기 (고추가루:중국산) ","쌀밥/잡곡밥 (쌀,현미,흑미:국내산) 소고기무국 (소고기:호주산) 가자미카레튀김  비엔나케찹볶음  셀프무쌈말이  포기김치 (배추,고추가루:국내산) ",1282.0,767.0,2572.0,0.4984447900466563,3.579166666666667,10.6,-3.6,,56.458333333333336,,True
2020-02-25,화,2872.0,117.0,158.0,806.0,0.0,"모닝롤/식빵피자  우유/주스 스크램블에그 잣죽/쌀밥 (쌀:국내산) 봄동된장국  시금치초무침  포기김치 (배추,고추가루:국내산) ","쌀밥/잡곡밥 (쌀,현미,흑미:국내산) 부대찌개 (소고기:호주산) 훈제오리구이 (훈제오리:국내산) 늙은호박전  양파절임/부추생채  열무김치 (배추,고추가루:국내산) ","야채볶음밥 (쌀:국내산) 김치말이국수 (김치:국내산) 소고기퀘사디아 (소고기:호주산) 멕시칸샐러드  무피클  포기김치 (배추,고추가루:국내산) ",1238.0,776.0,2597.0,0.4767038891028109,6.020833333333333,15.1,-3.5,,64.29166666666667,,True
2020-02-26,수,2872.0,109.0,190.0,4.0,0.0,"모닝롤/고구마파이  우유/주스 계란후라이 누룽지탕/쌀밥 (쌀:국내산) 홍합탕  감자채볶음  포기김치 (배추,고추가루:국내산) ","낙지비빔밥 (쌀:국내,낙지:중국산) 팽이장국  치킨텐더*콘소스D (닭:국내산) 과일샐러드  마늘쫑무침  포기김치 (배추,고추가루:국내산) ",    자기개발의날        ,1105.0,0.0,2573.0,0.42945977458219975,8.158333333333333,9.0,7.6,,94.70833333333331,1.0,True
2020-02-27,목,2872.0,121.0,217.0,667.0,5.0,"모닝롤/토마토샌드  우유/주스 계란후라이 홍게살죽/쌀밥 (쌀:국내산) 연두부탕  가지나물  포기김치 (배추,고추가루:국내산) ","쌀밥/잡곡밥 (쌀,현미,흑미:국내산) 북어국 (북어:러시아산) 닭갈비 (닭:국내산) 두부계란부침 (콩:중국산) 콩나물무침  포기김치 (배추,고추가루:국내산) ","짜장면/작은밥 (쌀,돈육:국내산) 계란국  사천식탕수육 (돈육:국내산) 개성감자만두  단무지  포기김치 (배추,고추가루:국내산) ",1000.0,673.0,2529.0,0.39541320680110714,9.7,14.8,5.3,,78.875,,True
2020-02-28,금,2872.0,210.0,234.0,0.0,7.0,"모닝롤/카스텔라  우유/주스 계란후라이 닭죽/쌀밥 (쌀,닭:국내산) 호박젓국찌개  김자반  포기김치 (배추,고추가루:국내산) ","쌀밥/잡곡밥 (쌀,현미,흑미:국내산) 아욱국  소고기장조림 (소고기:호주산) 황태양념구이 (황태:러시아산) 세발나물생채  포기김치 (배추,고추가루:국내산) ","쌀밥/잡곡밥 (쌀,현미,흑미:국내산) 콩나물국  돼지갈비찜 (돈육:국내산) 옥수수전  청경채생채  포기김치 (배추,고추가루:국내산) ",750.0,414.0,2421.0,0.3097893432465923,7.274999999999999,10.7,4.3,,68.83333333333333,,True
2020-03-02,월,2950.0,108.0,133.0,786.0,14.0,"모닝롤/찐빵  우유/주스 계란후라이 누룽지탕/쌀밥 (쌀:국내산) 무채국  연두부*참깨드레싱소스  포기김치 (배추,고추가루:국내산) ","쌀밥/잡곡밥 (쌀,현미,흑미:국내산) 두부김치국  소고기버섯볶음  모듬묵*장  치커리유자청무침  깍두기 (무우:국내산,고추가루:중국산) ","쌀밥/잡곡밥 (쌀,현미,흑미:국내산) 쑥된장국  삼겹살구이  어묵볶음  봄동쌈  포기김치 (배추,고추가루:국내산) ",1362.0,771.0,2695.0,0.5053803339517625,8.525,14.3,2.0,,75.54166666666667,,True
2020-03-03,화,2950.0,76.0,185.0,753.0,12.0,"모닝롤/감자샌드  우유/주스 스크램블에그 녹두죽/쌀밥 (쌀:국내산) 황태국  꽈리고추멸치볶음  포기김치 (배추,고추가루:국내산) ","쌀밥/잡곡밥 (쌀,현미,흑미:국내산) 쇠고기무국  오징어볶음*소면  꽃맛살볶음  양념깻잎지  포기김치 (배추,고추가루:국내산) ","김치볶음밥 (쌀:국내산) 유부장국  로제스파게티  콥샐러드  오이무피클  포기김치 (배추,고추가루:국내산) ",1074.0,598.0,2677.0,0.40119536794919686,8.145833333333334,13.6,2.7,,43.333333333333336,,True
2020-03-04,수,2950.0,74.0,205.0,1.0,19.0,"모닝롤/크로와상  우유/주스 계란후라이 누룽지탕/쌀밥 (쌀:국내산) 연두부국  감자조림  포기김치 (배추,고추가루:국내산) ","콩나물밥*달래장 (쌀,현미,흑미:국내산) 고추장찌개  갈치구이  떡잡채  오이무침  포기김치 (배추,고추가루:국내산) ","쌀밥/잡곡밥  해물된장찌개  미니채소떡갈비  시금치프리타타  취나물된장볶음  포기김치 (배추,고추가루:국내산) ",999.0,462.0,2652.0,0.3766968325791855,6.516666666666667,12.5,1.2,,66.625,,True
2020-03-05,목,2950.0,84.0,232.0,612.0,15.0,"모닝롤/에그샌드  우유/주스 계란후라이 해물죽/쌀밥 (쌀:국내산) 맑은만두육개장  숙주나물무침  포기김치 (배추,고추가루:국내산) ","쌀밥/잡곡밥 (쌀,현미,흑미:국내산) 미역국  수원왕갈비통닭  김치전  치킨무/돌나물무침  포기김치 (배추,고추가루:국내산) ","유부초밥 (쌀,돈육:국내산) 칼국수  순대야채볶음  야채튀김  시금치샐러드  포기김치 (배추,고추가루:국내산) ",989.0,630.0,2619.0,0.37762504772814054,6.4750000000000005,11.5,2.0,,55.79166666666666,,True
2020-03-06,금,2950.0,166.0,251.0,0.0,12.0,"모닝롤/꿀호떡  우유/주스 계란후라이 김치죽/쌀밥 (쌀,닭:국내산) 어묵국  시래기조림  포기김치 (배추,고추가루:국내산) ","곤드레밥 (쌀,현미,흑미:국내산) 건새우아욱국  돈육간장볶음  쫄면야채무침  브로컬리  배추겉절이 (배추,고추가루:국내산) ","쌀밥/잡곡밥 (쌀,현미,흑미:국내산) 나가사키짬뽕국  모듬버섯탕수육  두부조림  생파김치  포기김치 (배추,고추가루:국내산) ",642.0,379.0,2521.0,0.25466084886949625,3.4,11.3,-3.1,,46.208333333333336,,True
2020-03-09,월,2950.0,91.0,129.0,784.0,16.0,"모닝롤/치즈프레즐  우유/주스 계란후라이 누룽지탕/쌀밥 (쌀:국내산) 차돌박이찌개  진미채볶음  포기김치 (배추,고추가루:국내산) ","쌀밥/잡곡밥 (쌀,현미,흑미:국내산) 콩나물국  소불고기 (쇠고기:호주산) 옥수수계란찜  오이도라지생채  포기김치 (무우:국내산,고추가루:중국산) ","쌀밥/잡곡밥 (쌀,현미,흑미:국내산) 콩가루배추국  동파육  두부새싹구이  콩나물파채무침  포기김치 (배추,고추가루:국내산) ",1276.0,640.0,2714.0,0.47015475313190863,7.2,16.9,-0.6,,75.08333333333333,,True
2020-03-10,화,2950.0,67.0,168.0,678.0,20.0,"모닝롤/고구마샌드  우유/주스 스크램블에그 단호박죽/쌀밥 (쌀:국내산) 근대된장국  방풍나물무침  포기김치 (배추,고추가루:국내산) ","쌀밥/잡곡밥 (쌀,현미,흑미:국내산) 대파육개장*칼국수  가자미엿장조림  꼬들단무지무침  청경채겉절이  포기김치 (배추,고추가루:국내산) ",유산슬덮밥 (쌀:국내산) 계란파국  멘보샤*칠리S  짜샤이볶음  미나리나물무침  포기김치 (김치:국내산) ,1019.0,575.0,2695.0,0.37810760667903526,7.529166666666666,13.6,0.9,,84.79166666666667,1.0,True
2020-03-11,수,2950.0,74.0,197.0,0.0,23.0,"모닝롤/애플파이  우유/주스 계란후라이 누룽지탕/쌀밥 (쌀:국내산) 북어해장국  콩나물무침  포기김치 (배추,고추가루:국내산) ","카레라이스 (쌀:국내산,돈육:국내 미소시루  감자만두*양념  애기새송이버섯볶음  골뱅이야채무침  포기김치 (김치:국내산) ","쌀밥/잡곡밥  부대찌개  등갈비오븐구이  쫄면비빔만두  키위그린샐러드  포기김치 (배추,고추가루:국내산) ",967.0,487.0,2656.0,0.3640813253012048,9.429166666666667,10.8,5.9,,81.79166666666667,1.0,True
2020-03-12,목,2950.0,78.0,243.0,555.0,17.0,"모닝롤/야채샌드  우유/주스 계란후라이 흑임자죽/쌀밥 (쌀:국내산) 재첩국  볼어묵조림  포기김치 (배추,고추가루:국내산) ","쌀밥/잡곡밥 (쌀,현미,흑미:국내산) 순두부찌개  해물돼지갈비찜  가지완자튀김  꼬들빼기김치  열무김치 (배추,고추가루:국내산) ",버섯영양밥*우렁양념장 (쌀:국내산) 물만두국  메추리알치즈떡볶이  건파래볶음  얼갈이나물된장무침  포기김치 (김치:국내산) ,804.0,614.0,2612.0,0.30781010719754975,5.204166666666667,12.1,-2.0,,54.458333333333336,,True
2020-03-13,금,2950.0,165.0,259.0,0.0,20.0,"모닝롤/야채호빵  우유/주스 계란후라이 참치야채죽/쌀밥 (쌀,닭:국내산) 시래기된장국  오이맛살볶음  포기김치 (배추,고추가루:국내산) ","쌀밥/잡곡밥 (쌀,현미,흑미:국내산) 설렁탕  동태포전  야채스틱,고추*쌈장  부추겉절이  석박지 (배추,고추가루:국내산) ","쌀밥/잡곡밥 (쌀,현미,흑미:국내산) 청국장찌개  닭불고기  해물동그랑땡전  오이쑥갓겉절이  포기김치 (배추,고추가루:국내산) ",593.0,343.0,2506.0,0.23663208300079808,5.629166666666666,15.2,-3.5,,56.41666666666666,,True
2020-03-16,월,2950.0,69.0,138.0,789.0,21.0,"모닝롤/와플  우유/주스 계란후라이 누룽지탕/쌀밥 (쌀:국내산) 냉이된장국  땅콩멸치볶음  포기김치 (배추,고추가루:국내산) ","쌀밥/잡곡밥 (쌀,현미,흑미:국내산) 어묵국  돈육굴소스볶음 (돈육:국내산) 오징어숙회무침 (오징어:칠레산) 아삭고추쌈장무침  열무김치 (고추가루:국내산) ","쌀밥/잡곡밥 (쌀,현미,흑미:국내산) 열무된장국  묵은지닭찜 (닭:국내산) 수수부꾸미  무생채  포기김치 (배추,고추가루:국내산) ",1284.0,630.0,2722.0,0.47171197648787655,6.129166666666666,12.5,-1.5,,47.79166666666666,,True
2020-03-17,화,2950.0,61.0,171.0,679.0,20.0,"모닝롤/대만샌드위치  우유/주스 계란후라이 표고버섯죽/쌀밥 (쌀:국내산) 유부김치국 (김치:국내산) 호박나물  포기김치 (배추,고추가루:국내산) ","쌀밥/잡곡밥 (쌀,현미,흑미:국내산) 대구탕 (대구:원양산) 차돌박이숙주볶음 (차돌박이:미국,소고기:호주) 브로컬리,다시마*초장  시금치나물  포기김치 (배추,고추가루:국내산) ","쌀밥 (쌀:국내산) 해물손수제비 (오징어:칠레산) 미트볼피망볶음 (돈육:국내,수입산) 달래오이생채  낙지젓무침  포기김치 (배추,고추가루:국내산) ",914.0,520.0,2698.0,0.33876945885841364,5.329166666666667,11.2,-2.2,,41.625,,True
2020-03-18,수,2950.0,47.0,210.0,0.0,25.0,"모닝롤/단팥빵  우유/주스 계란후라이 누룽지탕/쌀밥 (쌀:국내산) 근대국  쥐포무침  포기김치 (배추,고추가루:국내산) ","마파두부덮밥 (쌀,돈민찌:국내산) 조갯살무국  레몬유린기 (닭:국내산) 콩나물냉채  고춧잎볶음  포기김치 (배추,고추가루:국내산) ","쌀밥/잡곡밥 (쌀,현미,흑미:국내산) 돈육김치찌개 (돈육:국내산) 코다리강정 (코다리:러시아) 간장계란장  참나물들깨무침  깍두기 (고추가루:중국산) ",831.0,383.0,2668.0,0.31146926536731634,9.1875,18.7,-1.3,,53.04166666666666,,True
2020-03-19,목,2950.0,70.0,235.0,560.0,19.0,"모닝롤/참치샌드  우유/주스 계란후라이 쇠고기죽/쌀밥 (쌀:국내산,쇠고기:호주) 콩나물국  미역줄기볶음  포기김치 (배추,고추가루:국내산) ","쌀밥/잡곡밥 (쌀,현미,흑미:국내산) 콩비지찌개 (돈육:국내산) 짜장닭볶음 (닭:국내산) 햄계란말이 (돈육:국내산,캐나다산) 고추장고구마순무침  포기김치 (배추,고추가루:국내산) ","쌀밥 (쌀:국내산) 옛날돈까스 (돈육:국내산) 팽이장국  콘치즈구이  수제피클/오렌지  포기김치 (배추,고추가루:국내산) ",829.0,541.0,2626.0,0.3156892612338157,9.2625,17.8,0.1,,58.04166666666666,,True
2020-03-20,금,2950.0,176.0,263.0,3.0,135.0,"모닝롤/허니브레드  우유/주스 계란후라이 야채죽/쌀밥 (쌀:국내산) 꽃게탕 (오징어:칠레산) 가지두반장볶음  포기김치 (배추,고추가루:국내산) ","쌀밥/잡곡밥 (쌀,현미,흑미:국내산) 갈비탕 (갈비:호주산) 칠리새우  감자채볶음  풋마늘대무침  포기김치 (배추,고추가루:국내산) ","쌀밥/잡곡밥 (쌀,현미,흑미:국내산) 건새우아욱국  치즈함박스테이크 (돈육:국내,수입, 쇠고기:국산,호주) 고등어구이 (고등어:국내산) 부추팽이겉절이  포기김치 (배추,고추가루:국내산) ",627.0,358.0,2376.0,0.2638888888888889,11.791666666666666,18.1,6.0,,53.0,,True
2020-03-23,월,2950.0,109.0,178.0,687.0,285.0,"모닝롤/베이글  우유/주스 계란후라이 누룽지탕/쌀밥 (쌀:국내산) 감자국  꽈리고추찜  포기김치 (배추,고추가루:국내산) ","쌀밥/잡곡밥 (쌀,현미,흑미:국내산) 시래기국  오리양념불고기*쌈무 (오리:국내산) 봄동전*양념  미역초무침  포기김치 (배추,고추가루:국내산) ","쌀밥/잡곡밥 (쌀,현미,흑미:국내산) 닭개장 (닭:국내산) 삼치튀김*데리야끼  한식잡채 (돈육채:국내산) 파김치  포기김치 (배추,고추가루:국내산) ",1110.0,651.0,2378.0,0.4667788057190917,14.320833333333336,21.6,8.5,,72.83333333333333,,True
2020-03-24,화,2950.0,131.0,137.0,639.0,303.0,"모닝롤/햄치즈샌드  우유/주스 계란후라이 잣죽/쌀밥 (쌀:국내산) 쑥국  수제어묵볶음  포기김치 (배추,고추가루:국내산) ","쌀밥/잡곡밥 (쌀,현미,흑미:국내산) 소고기미역국 (소고기:호주산) 해물누룽지탕 (오징어:칠레산) 김치고기전 (돈육:국내산) 치커리사과무침  깍두기 (고추가루:국내산) ","오므라이스 (쌀:국내산) 가쯔오장국  돈육고구마강정 (돈육:국내산) 과일플레인샐러드  단무지무침  포기김치 (배추,고추가루:국내산) ",1083.0,754.0,2379.0,0.4552332912988651,11.529166666666669,19.9,1.5,,50.458333333333336,,True
2020-03-25,수,2950.0,122.0,146.0,1.0,303.0,"모닝롤/고구마파이  우유/주스 계란후라이 누룽지탕/쌀밥 (쌀:국내산) 피홍합탕  감자조림  포기김치 (배추,고추가루:국내산) ","쌀밥/잡곡밥 (쌀,현미,흑미:국내산) 유부주머니국  목살스테이크 (목살:국내산) 파스타샐러드 (소고기채:호주산) 오이무침  포기김치 (배추,고추가루:국내산) ",찹쌀밥  장각닭죽  생야채*쌈짱  오렌지  하루야채주스  포기김치  ,1022.0,526.0,2379.0,0.4295922656578394,9.858333333333333,18.3,1.7,,54.29166666666666,,True
2020-03-26,목,2950.0,133.0,133.0,584.0,288.0,"모닝롤/바나나샌드  우유/주스 계란후라이 새송이죽/쌀밥 (쌀:국내산) 버섯매운탕 (소고기:호주산) 김구이  포기김치 (배추,고추가루:국내산) ","쌀밥/잡곡밥 (쌀,현미,흑미:국내산) 배추된장국  제육볶음 (돈육:국내산) 계란찜  모듬쌈*쌈장  포기김치 (배추,고추가루:국내산) ","멸치주먹밥 (쌀,현미흑미:국내산) 우동  해물까스*와사비소스  꽃맛살샐러드  무피클/요구르트  포기김치 (배추,고추가루:국내산) ",955.0,645.0,2396.0,0.39858096828046746,10.591666666666669,19.0,2.0,,60.958333333333336,,True
2020-03-27,금,2950.0,254.0,156.0,0.0,260.0,"모닝롤/카스텔라  우유/주스 계란후라이 팥죽/쌀밥 (쌀:국내산) 북어계란국  느타리호박볶음  포기김치 (배추,고추가루:국내산) ","봄나물비빔밥 (쌀:국내산) 맑은국  치킨너겟 (닭:국내,수입산) 시저샐러드  마늘쫑무침  포기김치 (배추,고추가루:국내산) ","쌀밥/잡곡밥 (쌀,현미,흑미:국내산) 시금치국  언양식불고기 (돈육:수입산) 꽁치감자조림  봄동겉절이  포기김치 (배추,고추가루:국내산) ",839.0,377.0,2280.0,0.36798245614035086,10.55,12.5,8.3,,86.08333333333333,1.0,True
2020-03-30,월,2950.0,230.0,53.0,627.0,488.0,"모닝롤/와플  우유/주스 계란후라이 누룽지탕/쌀밥 (쌀:국내산) 김치어묵국  명엽채고추장볶음  포기김치 (배추,고추가루:국내산) ","쌀밥/잡곡밥 (쌀,현미,흑미:국내산) 우렁된장찌개  주꾸미볶음  오꼬노미계란말이  연두부*장  포기김치 (배추,고추가루:국내산) ","쌀밥/잡곡밥 (쌀,현미,흑미:국내산) 무채국  더덕고추장불고기  두부카프레제샐러드  청포묵무침  배추겉절이 (배추,고추가루:국내산) ",1000.0,625.0,2179.0,0.45892611289582375,8.504166666666666,15.9,0.8,,67.25,,True
2020-03-31,화,2950.0,193.0,43.0,528.0,533.0,"모닝롤/치킨샌드  우유/주스 계란후라이 녹두죽/쌀밥 (쌀:국내산) 콩나물국  해초무침  포기김치 (배추,고추가루:국내산) ","쌀밥/잡곡밥 (쌀,현미,흑미:국내산) 고추장찌개  안동찜닭  모듬버섯볶음  참나물생채무침  포기김치 (고추가루:국내산) ","충무김밥 (쌀,현미흑미:국내산) 메밀국수  오징어어묵무침  단무지  베리베리퐁당요플레  석박지 (배추,고추가루:국내산) ",859.0,601.0,2181.0,0.39385602934433744,11.641666666666666,17.8,7.0,,62.958333333333336,,True
2020-04-01,수,2962.0,228.0,56.0,0.0,420.0,"모닝롤/딸기파이  우유/주스 계란후라이 누룽지탕/쌀밥 (쌀:국내산) 조랭이떡국  김자반  포기김치 (배추,고추가루:국내산) ","쌀밥/잡곡밥 (쌀,현미,흑미:국내산) 들깨시래기국  삼겹살수육&풋고추  오복지무침  배추깻잎*쌈장  포기김치 (배추,고추가루:국내산) ",쌀밥/잡곡밥  쇠고기샤브국  통마늘너비아니조림  녹두빈대떡  브로컬리*초장  포기김치  ,939.0,561.0,2258.0,0.4158547387068202,11.183333333333335,20.2,3.2,,66.16666666666667,,True
2020-04-02,목,2962.0,236.0,89.0,490.0,395.0,"모닝롤/토마토샌드  우유/주스 계란후라이 브로컬리죽/쌀밥 (쌀:국내산) 바지락국  비엔나소세지볶음  포기김치 (배추,고추가루:국내산) ","쌀밥/잡곡밥 (쌀,현미,흑미:국내산) 경상도식소고기국  등갈비김치찜  감자채볶음  치커리오이무침  참치김치볶음 (배추,고추가루:국내산) ","마늘베이컨볶음밥 (쌀,현미흑미:국내산) 크림스프  비프스파게티  사과양상추샐러드  바게뜨  포기김치 (배추,고추가루:국내산) ",1009.0,645.0,2242.0,0.45004460303300625,13.654166666666669,20.8,8.8,,50.0,1.0,True
2020-04-03,금,2962.0,350.0,149.0,1.0,340.0,"모닝롤/롤케익  우유/주스 계란후라이 낙지죽/쌀밥 (쌀:국내산) 동태탕  애호박나물  포기김치 (배추,고추가루:국내산) ","쌀밥/잡곡밥 (쌀:국내산) 순대국밥  고추튀김  오이&당근*쌈장  부추무침/살구복숭아주스  포기김치 (배추,고추가루:국내산) ","쌀밥/잡곡밥 (쌀,현미,흑미:국내산) 참치김치찌개  소고기메추리알장조림  맛살냉채  무채유자무침  배추겉절이 (배추,고추가루:국내산) ",802.0,318.0,2123.0,0.37776731040979744,9.995833333333334,17.3,1.4,,41.833333333333336,,True
2020-04-06,월,2962.0,206.0,152.0,713.0,477.0,"모닝롤/초코핫케익  우유/주스 계란후라이 누룽지탕/쌀밥 (쌀:국내산) 북어국  단배추나물  포기김치 (배추,고추가루:국내산) ","쌀밥/잡곡밥 (쌀,현미,흑미:국내산) 미역국  오리불고기  백김치  간장깻잎지/음료  포기김치 (배추,고추가루:국내산) ","쌀밥/잡곡밥 (쌀,현미,흑미:국내산) 배추된장국  칠리미트볼조림  김치미나리전  도토리묵무침  포기김치 (배추,고추가루:국내산) ",1161.0,655.0,2127.0,0.5458392101551481,7.974999999999999,15.8,-0.5,,39.5,,True
2020-04-07,화,2962.0,164.0,156.0,698.0,490.0,"모닝롤/씨크립샌드  우유/주스 계란후라이 땅콩죽/쌀밥 (쌀:국내산) 소고기국  물파래무침  포기김치 (배추,고추가루:국내산) ","쌀밥/잡곡밥 (쌀,현미,흑미:국내산) 꽃게된장국  후르츠탕수육  두부양념조림  유채나물무침  포기김치 (고추가루:국내산) ",참치마요덮밥 (쌀:국내산) 어묵국  고구마떡볶이  자몽샐러드  단무지무침  포기김치 (김치:국내산) ,969.0,634.0,2152.0,0.4502788104089219,8.75,17.6,-1.2,,51.708333333333336,,True
2020-04-08,수,2962.0,159.0,172.0,1.0,479.0,"모닝롤/녹차호떡  우유/주스 계란후라이 누룽지탕/쌀밥 (쌀:국내산) 오징어국  어묵토마토조림  포기김치 (배추,고추가루:국내산) ","낙지비빔밥 (쌀:국내산) 계란국  닭강정 (닭고기:국내산) 셀프무쌈말이  짜요짜요  포기김치 (배추,고추가루:국내산) ","쌀밥/잡곡밥  부대찌개&쫄면사리  꽁치한마리구이  감자전  청경채김치  포기김치 (배추,고추가루:국내산) ",1032.0,445.0,2152.0,0.4795539033457249,12.616666666666667,21.5,4.2,,50.5,,True
2020-04-09,목,2962.0,154.0,186.0,544.0,488.0,"모닝롤/에그샌드  우유/주스 계란후라이 김치죽/쌀밥 (쌀:국내산) 차돌박이찌개  느타리팽이볶음  포기김치 (배추,고추가루:국내산) ","쌀밥/잡곡밥 (쌀,현미,흑미:국내산) 두부김치국  소고기브로컬리볶음  시금치부침개  영양부추생채  배추겉절이 (배추,고추가루:국내산) ","스팸볶음밥 (쌀,현미흑미:국내산) 가쓰오장국  삼겹살야채비빔면  옥수수볼맛탕  무피클  포기김치 (배추,고추가루:국내산) ",880.0,458.0,2134.0,0.41237113402061853,12.225,19.7,3.9,,40.625,,True
2020-04-10,금,2962.0,316.0,209.0,0.0,417.0,"모닝롤/애플잼쿠키  우유/주스 계란후라이 흑임자죽/쌀밥 (쌀:국내산) 새알만두국  연근조림  포기김치 (배추,고추가루:국내산) ","고기듬뿍카레라이스 (쌀:국내산) 미니우동  고구마고로케  오렌지자몽샐러드  실곤약무침  포기김치 (배추,고추가루:국내산) ","쌀밥/잡곡밥 (쌀,현미,흑미:국내산) 된장찌개  매운돼지갈비찜  그린빈베이컨볶음  멸치견과류볶음  포기김치 (배추,고추가루:국내산) ",780.0,302.0,2020.0,0.38613861386138615,9.883333333333333,17.9,1.0,,40.958333333333336,,True
2020-04-13,월,2962.0,165.0,146.0,619.0,447.0,"모닝롤/베이글  우유/주스 계란후라이 누룽지탕/쌀밥 (쌀:국내산) 감자국  마늘쫑건새우볶음  포기김치 (배추,고추가루:국내산) ","쌀밥/잡곡밥 (쌀,현미,흑미:국내산) 아욱국  치즈닭갈비 (닭:국내산) 참치야채샐러드  숙주나물 고구마치즈빵,오렌지 포기김치 (배추,고추가루:국내산) ","쌀밥/잡곡밥 (쌀,현미,흑미:국내산) 순두부찌개  돈육두릅장조림 (돈육:국내산) 맛살전  오이무침  포기김치 (배추,고추가루:국내산) ",1145.0,564.0,2204.0,0.5195099818511797,9.158333333333331,12.7,6.6,,76.125,1.0,True
2020-04-14,화,2962.0,200.0,176.0,274.0,485.0,"모닝롤/에그갈릭토스트  우유/주스 계란후라이 고구마죽/쌀밥 (쌀:국내산) 조갯살근대국  비엔나야채볶음  포기김치 (배추,고추가루:국내산) ","쌀밥/잡곡밥 (쌀,현미,흑미:국내산) 홍초콩나물국  LA갈비구이  주꾸미세비체샐러드 새우튀김 참나물땅콩가루무침 청포도 열무김치 (고추가루:국내산) ",작은밥 (쌀:국내산) 백종원의 고추짜장 (돈육:국내산) 맑은국  칠리베이비크랩  시금치흑임자샐러드 단무지 포기김치 (김치:국내산) ,879.0,453.0,2101.0,0.4183722037125179,10.1625,16.5,4.7,,49.208333333333336,,True
2020-04-16,목,2962.0,265.0,182.0,498.0,447.0,"모닝롤/야채샌드  우유/주스 계란후라이 누룽지탕/쌀밥 (쌀:국내산) 조랭이떡미역국  아귀채무침  포기김치 (배추,고추가루:국내산) ","쌀밥/잡곡밥 (쌀,현미,흑미:국내산) 전복장각삼계탕  육전  해물잡채  얼갈이겉절이  포기김치 (배추,고추가루:국내산) ","불고기필라프 (쌀:국내산,소고기:호주) 미소장국  닭봉오븐구이 (닭:국내산) 그린요거트샐러드  수제오이피클  포기김치 (배추,고추가루:국내산) ",947.0,500.0,2068.0,0.45793036750483557,11.558333333333332,20.2,4.0,,54.125,,True
2020-04-17,금,2962.0,325.0,221.0,3.0,389.0,"모닝롤/단호박찐빵  우유/주스 계란후라이 홍게살죽/쌀밥 (쌀:국내산) 순두부백탕*간장  콩나물무침  포기김치 (배추,고추가루:국내산) ","쌀밥/잡곡밥 (쌀,현미,흑미:국내산) 소고기당면국  바질페스토스파게티  연어스테이크 머위된장무침 비트무피클  포기김치 (배추,고추가루:국내산) ","쌀밥/잡곡밥 (쌀,현미,흑미:국내산) 뼈없는감자탕  달래새우전  야채부케*쌈장  오징어젓갈무침  포기김치 (배추,고추가루:국내산) ",759.0,305.0,2027.0,0.3744449925999013,11.179166666666667,19.4,2.3,,67.45833333333333,,True
2020-04-20,월,2962.0,145.0,143.0,624.0,471.0,"모닝롤/롤케익  우유/주스 계란후라이 누룽지탕/쌀밥 (쌀:국내산) 어묵국  진미채무침  포기김치 (배추,고추가루:국내산) ","쌀밥/잡곡밥 (쌀,현미,흑미:국내산) 황태국  우엉불고기 (소고기:호주산) 야채계란말이 카프레제샐러드 오이사과생채  포기김치 (배추,고추가루:국내산) ","쌀밥/잡곡밥 (쌀,현미,흑미:국내산) 돈육김치찌개 (돈육:국내산) 고등어카레구이 (고등어:국내산) 마파두부 (돈민찌:국내산) 콩나물파채무침  포기김치 (배추,고추가루:국내산) ",1089.0,594.0,2203.0,0.4943259192010894,10.7875,13.8,9.0,,89.79166666666667,1.0,True
2020-04-21,화,2962.0,126.0,171.0,700.0,450.0,"모닝롤/햄치즈샌드  우유/주스 계란후라이 호박죽/쌀밥 (쌀:국내산) 아욱된장국  깻잎순나물볶음  포기김치 (배추,고추가루:국내산) ","쌀밥/잡곡밥 (쌀,현미,흑미:국내산) 멸치국수  오향장육  꼬막미나리초무침 베리베리샐러드 양배추,케일*우렁쌈장 식혜 깍두기 (고추가루:국내산) ",쌀밥/잡곡밥 (쌀:국내산) 두부미소된장국  오리훈제마늘볶음 무쌈깻잎 코다리강정  오이소박이  포기김치 (김치:국내산) ,911.0,542.0,2215.0,0.41128668171557564,13.470833333333331,19.9,7.3,,72.45833333333333,1.0,True
2020-04-22,수,2962.0,132.0,204.0,2.0,443.0,모닝롤/브라우니  우유/주스 계란후라이 누룽지탕/쌀밥 (쌀:국내산) 떡국  두부구이*양념  포기김치 (고추가루:국내산) ,"쌀밥/잡곡밥 (쌀,현미,흑미:국내산) 나주곰탕  춘천닭갈비  황태포무침 단호박견과류구이 가지나물무침 오미자주스 배추겉절이 (고추가루:국내산) ","쌀밥/잡곡밥 (쌀,현미,흑미:국내산) 굴미역국  오삼불고기  스팸,깻잎전  쪽파김무침  포기김치 (고추가루:국내산) ",945.0,439.0,2183.0,0.43289051763628034,11.725,17.7,6.4,,38.875,,True
2020-04-23,목,2962.0,107.0,251.0,518.0,437.0,"모닝롤/브리또  우유/주스 계란후라이 해물죽/쌀밥 (쌀:국내산) 황태두부국  유채된장무침  포기김치 (배추,고추가루:국내산) ","쌀밥/잡곡밥 (쌀,현미,흑미:국내산) 새우완자탕  고구마치즈돈까스 해물볶음우동 연어훈제샐러드 두릅새송이초무침 자몽에이드  알타리김치 (배추,고추가루:국내산) ","쌀밥/잡곡밥 (쌀:국내산,소고기:호주) 조갯살아욱국  함박스테이크  삼치데리야끼  청포묵야채무침  포기김치 (배추,고추가루:국내산) ",880.0,461.0,2167.0,0.40609137055837563,8.416666666666666,14.4,1.6,,37.958333333333336,,True
2020-04-24,금,2962.0,232.0,267.0,1.0,387.0,"모닝롤/스틱치즈케익  우유/주스 계란후라이 콩죽/쌀밥 (쌀:국내산) 매운콩나물국  섭산적구이  포기김치 (배추,고추가루:국내산) ","쌀밥/잡곡밥 (쌀,현미,흑미:국내산) 대구지리탕  카레닭볶음  모듬소세지버섯구이 그린샐러드 문어오이미역초무침 요거트드링킹 포기김치 (배추,고추가루:국내산) ","쌀밥/잡곡밥 (쌀,현미,흑미:국내산) 나가사끼짬뽕국*라면  순대야채볶음  꼬치어묵떡볶이  짜사이채무침  포기김치 (배추,고추가루:국내산) ",639.0,309.0,2076.0,0.3078034682080925,8.125,15.6,-0.3,,51.5,,True
2020-04-27,월,2962.0,125.0,192.0,706.0,418.0,"모닝롤/ 남친샌드위치 우유/주스 계란후라이/삶은계란 누룽지탕/쌀밥 사과베이비샐러드 참치김치찌개  쑥갓두부무침  포기김치 (배추,고추가루:국내산) ","쌀밥/잡곡밥 (쌀,현미,흑미:국내산) 육개장  수원왕갈비  브로콜리새송이메추리알조림  양파호박채나물 홍삼,크란치바 열무김치 (고추가루:국내산) ","쌀밥/잡곡밥 (쌀,현미,흑미:국내산) 감자만두국 (지단.김가루) 꽃삼겹김치찜   (삼겹에김치를말아서) 꿔바로우탕수육*소스  해파리냉채 토마토설탕절인 깍두기 (배추,고추가루:국내산) ",1223.0,570.0,2227.0,0.5491692860350247,13.641666666666666,20.2,4.8,,53.04166666666666,,True
2020-04-28,화,2962.0,118.0,223.0,493.0,410.0,"모닝롤/샌드위치 컵케익 우유/주스 계란후라이 흑임자죽/쌀밥 샐러드*땅콩소스 건새우아욱국  매운감자조림  포기김치 (배추,고추가루:국내산) ","건강비빔밥*약고추장 (쌀,현미,흑미:국내산) 제첩두부국  깻잎전  황태채마늘쫑무침  배추겉절이 (배추,고추가루:국내산) *잔반없는날* 이벤트행사 ","쌀밥 (쌀:국내산) 황태미역국  매운돈갈비찜 (대추,표고,밤) 두부/김치볶음  유채나물된장무침  무생채 (배추,고추가루:국내산) ",824.0,482.0,2211.0,0.3726820443238354,13.108333333333334,19.7,4.1,,51.91666666666666,,True
2020-04-29,수,2962.0,221.0,250.0,0.0,396.0,"모닝롤/ 크로아상샌드위치 우유/주스 계란후라이 누룽지탕/쌀밥 시금치샐러드 콩가루배춧국  콩나물간장조림  포기김치 (배추,고추가루:국내산) ","새우날치알볶음밥 (쌀,돈민찌:국내산) 쌀국수(숙주들어감)  장어구이*소스  춘권튀김*칠리드레질  오이무초무침 망고,복숭아아이스티 배추김치 (배추,고추가루:국내산) ","쌀밥/잡곡밥 (쌀,현미,흑미:국내산) 홍합무우국  로제찜닭*마늘빵  계란장조림 (2/1컷팅해서-고명) 숙주미나리무침 연근흑임자샐러드 배추김치 (고추가루:중국산) ",680.0,192.0,2095.0,0.324582338902148,12.408333333333337,21.2,2.8,,52.25,,True
2020-05-04,월,2962.0,1113.0,117.0,91.0,189.0,"모닝롤/애플파이  우유/주스 계란후라이 누룽지탕/쌀밥 바나나베이비샐러드 소고기무우국  방울양배추베이컨볶음  포기김치 (배추,고추가루:국내산) ","쌀밥/잡곡밥 (쌀,현미,흑미:국내산) 버섯들깨국  삼겹살더덕고추장구이  곰취,명이나물-장아찌  콩나물부추무침 청,적포도,오렌지주스 배추김치 (배추,고추가루:국내산) ","쌀밥/잡곡밥 (쌀,현미,흑미:국내산) 다슬기아욱국  갈릭파닭  돈채호박볶음  짠지오이무침 요구르트 포기김치 (배추,고추가루:국내산) ",504.0,123.0,1543.0,0.32663642255346725,16.775000000000002,18.1,15.3,,94.625,1.0,True
2020-05-06,수,2962.0,104.0,177.0,2.0,291.0,"모닝롤/생크림와플  우유/주스 계란후라이 녹두죽/쌀밥 비타민샐러드 호박새우젓국  브로콜리감자볶음  포기김치 (배추,고추가루:국내산) ","쌀밥/잡곡밥 (쌀,현미,흑미:국내산) 왕갈비탕  해물전  쫄면야채무침  꼬시래기무초무침 황도샐러드,포도주스 석박지 고추가루:중국산) ","땡초주먹밥 (쌀,현미,흑미:국내산) 근대두부된장국  치킨텐더  루꼴라샐러드  쫑상추새콤무침 망고주스 포기김치 (배추,고추가루:국내산) ",1254.0,495.0,2390.0,0.5246861924686193,17.854166666666668,20.2,15.8,,81.58333333333333,,True
2020-05-07,목,2962.0,76.0,236.0,577.0,285.0,"모닝롤/치즈프레즐  우유/주스 계란후라이/구운계란 누룽지탕/쌀밥 과일샐러드 홍합살미역국  미나리숙주무침  포기김치 (배추,고추가루:국내산) ","쌀밥/잡곡밥 (쌀,현미,흑미:국내산) 냉메밀소바  히레카츠*소스  견과류연근조림  양배추채무침 과일,프로바이오틱 포기김치 (배추,고추가루:국내산) ","쌀밥/잡곡밥 (쌀,현미,흑미:국내산) 우삼겹부대찌개  조기구이  수제어묵볶음  섬초무침  배추겉절이 고추가루:중국산) ",959.0,462.0,2365.0,0.4054968287526427,19.15,28.3,12.3,,66.75,,True
2020-05-08,금,2962.0,153.0,265.0,0.0,246.0,"모닝롤/연유후레쉬  우유/주스 계란후라이 새알팥죽/쌀밥 양상추샐러드 오징어콩나물국  고사리들깨나물  포기김치 (배추,고추가루:국내산) ","쌀밥/잡곡밥 (쌀,현미,흑미:국내산) 아욱수제비국  해물섞어찜  크레미계란말이  통오이고추무침 치커리유자샐러드,알로에주스 깍두기 고추가루:중국산) ","김치볶음밥 (쌀,현미,흑미:국내산) 유부된장국  새우로제파스타  계란후라이  취나물무침 요구르트 포기김치 (배추,고추가루:국내산) ",620.0,371.0,2298.0,0.26979982593559615,16.554166666666664,24.3,8.6,,53.125,,True
2020-05-11,월,2962.0,94.0,195.0,659.0,245.0,"모닝롤/고구마파이  우유/주스 계란후라이 누룽지탕/쌀밥 양상추샐러드*오렌지D 조랭이떡국  죽순버섯볶음  포기김치 (배추,고추가루:국내산) ","쌀밥/잡곡밥 (쌀,현미,흑미:국내산) 돈육김치찌개 (돈육:국내산) 냉족발야채무침  두부참치조림 (콩:중국산) 새송이*가지구이/양념 사과,마시는요거트 백김치 (배추,고추가루:국내산) ","부채살오므라이스 (쌀,현미,흑미:국내산) 가쓰오장국  닭윙강정튀김 (닭:국내산) 새우미역초무침  파인애플주스  포기김치 (배추,고추가루:국내산) ",1249.0,599.0,2428.0,0.5144151565074135,18.416666666666668,25.3,13.5,,71.70833333333333,,True
2020-05-12,화,2962.0,67.0,230.0,690.0,250.0,"모닝롤/토마토샌드  우유/주스 계란후라이 단호박죽/쌀밥 베이비샐러드*석류D 시금치된장국  들기름무채볶음  포기김치 (배추,고추가루:국내산) ","쌀밥/잡곡밥 (쌀,현미,흑미:국내산) 열무물국수  소갈비찜 (소갈비:호주산) 오징어링,새우튀김  호박숙*양념장 꽃맛살과일샐러드 포기김치 (배추,고추가루:국내산) ","쌀밥/잡곡밥 (쌀,현미,흑미:국내산) 전주식콩나물국 *도시락김 안동찜닭 (닭:국내산) 가자미구이  브로컬리초회  포기김치 (배추,고추가루:국내산) ",968.0,486.0,2415.0,0.40082815734989646,19.070833333333333,28.7,9.5,,61.708333333333336,,True
2020-05-13,수,2962.0,68.0,242.0,0.0,236.0,"모닝롤/롤케익  우유/주스 계란후라이 새우야채죽/쌀밥 비타민샐러드*요거트D 건새우무채국  두부계란전*양념장 (콩:중국산) 포기김치 (배추,고추가루:국내산) ","쌀밥/잡곡밥 (쌀,현미,흑미:국내산) 닭개장 (닭:국내산) 떡갈비 (돈육,소고기:국내산) 골뱅이야채무침  감자채볶음 인절미츄러스맛탕,배즙 포기김치 (배추,고추가루:국내산) ","쌀밥/잡곡밥 (쌀,현미,흑미:국내산) 얼큰동태탕 (동태:러시아산) 물만두탕수*소스  닭가슴살장조림 (닭:국내산) 오이선  포기김치 (배추,고추가루:국내산) ",844.0,403.0,2416.0,0.34933774834437087,19.89583333333333,24.7,15.1,,45.208333333333336,,True
2020-05-14,목,2962.0,71.0,281.0,488.0,212.0,"모닝롤/프렌치토스트  우유/주스 계란후라이/구운계란 누룽지탕/쌀밥 양상추샐러드*오리엔탈D 맑은조개탕  시금치두부무침  포기김치 (배추,고추가루:국내산) ","소고기콩나물밥*양념 (쌀,현미,흑미:국내산) 들깨미역국  바싹불고기*양파초절임  야채스틱*견과쌈장  고추장누들떡볶이 파인애플,요플레 포기김치 (배추,고추가루:국내산) ","쌀밥/잡곡밥 (쌀,현미,흑미:국내산) 삼선짬뽕국*칼국수  춘장돈육볶음 (돈육:국내산) 어묵잡채볶음  참나물무침  배추겉절이 고추가루:중국산) ",793.0,424.0,2398.0,0.33069224353628024,17.245833333333334,25.1,7.3,,50.125,,True
2020-05-15,금,2962.0,161.0,296.0,0.0,201.0,"모닝롤/조각케익  우유/주스 계란후라이 소고기죽/쌀밥 양상추샐러드*유자D 감자양파국  치커리오이무침  포기김치 (배추,고추가루:국내산) ","쌀밥/잡곡밥 (쌀,현미,흑미:국내산) 유부주머니된장국  생선까스*타르  블랙페퍼쉬림프  꽈리고추찹쌀무침 해초샐러드,사과즙 포기김치 (배추,고추가루:국내산) ","쌀밥/잡곡밥 (쌀,현미,흑미:국내산) 계란파국  매운등뼈조림  동그랑땡전  부추팽이무침  포기김치 (배추,고추가루:국내산) ",614.0,265.0,2304.0,0.2664930555555556,17.2875,25.5,9.2,,54.54166666666666,,True
2020-05-18,월,2962.0,96.0,223.0,701.0,246.0,"모닝롤/단호박찐빵  우유/주스 계란후라이 누룽지탕/쌀밥  떡국  건파래무침  포기김치 (배추국내,고추가루:중국산) ","쌀밥/잡곡밥 (쌀,현미,흑미:국내산) 연두부탕 (콩:중국산) 제육볶음 (돈육:국내산) 시금치프리타타  모듬쌈*쌈장  포기김치 (배추국내,고추가루:중국산) ","쌀밥/잡곡밥 (쌀,현미,흑미:국내산) 아욱국  깐풍기 (닭:국내산) 깻잎전  사과오이생채  포기김치 (배추국내,고추가루:중국산) ",1141.0,573.0,2397.0,0.476011681268252,19.35833333333333,23.6,16.0,,83.25,,True
2020-05-19,화,2962.0,78.0,235.0,617.0,237.0,"모닝롤/크래미샌드  우유/주스 계란후라이 쇠고기죽/쌀밥 (쇠고기:호주산) 새우완자국  아삭고추무침  포기김치 (배추국내,고추가루:중국산) ","쌀밥/잡곡밥 (쌀,현미,흑미:국내산) 들깨수제비  닭볶음탕 (닭:국내산) 도토리묵무침  명엽채볶음  포기김치 (배추국내,고추가루:중국산) ","계란김밥 (쌀,현미,흑미:국내산) 모듬어묵탕  고구마맛탕  꽃맛살샐러드  배/ 음료  깍두기 (배추국내,고추가루:중국산) ",935.0,440.0,2412.0,0.3876451077943615,17.96666666666667,21.1,15.4,,89.08333333333333,1.0,True
2020-05-20,수,2962.0,71.0,243.0,0.0,258.0,"모닝롤/허니브레드  우유/주스 계란후라이 녹두죽/쌀밥  옹심이만두국  취나물된장무침  포기김치 (배추국내,고추가루:중국산) ","닭살카레라이스 (쌀,닭:국내산) 미역미소시루  후르츠탕수육 (돈육:국내산) 비빔메밀면  견과류멸치볶음  포기김치 (배추국내,고추가루:중국산) ","쌀밥/잡곡밥 (쌀,현미,흑미:국내산) 매운버섯국 (우양지:호주산) 고등어구이 (고등어:국내산) 돈육잡채 (돈육채:국내산) 치커리깨소스무침  포기김치 (배추국내,고추가루:중국산) ",791.0,336.0,2390.0,0.3309623430962343,14.645833333333334,18.3,10.4,,74.95833333333333,1.0,True
2020-05-21,목,2962.0,63.0,269.0,474.0,218.0,"모닝롤/참치샌드  우유/주스 스크램블에그 누룽지탕/쌀밥  오징어무국 (오징어:페루산) 쥐포무침  포기김치 (배추국내,고추가루:중국산) ","쌀밥/잡곡밥 (쌀,현미,흑미:국내산) 차돌된장찌개 (차돌:미국산) 주꾸미볶음  두부스테이크 (콩:중국산) 청경채만다린생채  포기김치 (배추국내,고추가루:중국산) ","야채볶음밥 (쌀,현미,흑미:국내산) 김치우동  또띠아피자  비타민흑임자샐러드  수제오이피클  포기김치 (배추국내,고추가루:중국산) ",653.0,445.0,2412.0,0.2707296849087894,15.408333333333331,22.5,8.3,,74.29166666666667,,True
2020-05-22,금,2962.0,226.0,277.0,0.0,206.0,"모닝롤/베이글  우유/주스 계란후라이 닭죽/쌀밥 (닭:국내산) 꽃게탕  건새우마늘쫑볶음  포기김치 (배추국내,고추가루:중국산) ","소불고기덮밥 (쌀:국내산,소고기:호주) 맑은국  야채비빔만두  어묵볶음  땅콩조림  배추겉절이 (배추국내,고추가루:중국산) ","쌀밥/잡곡밥 (쌀,현미,흑미:국내산) 된장찌개  고구마까스*소스  샐러리샐러드  김구이*양념장  포기김치 (배추국내,고추가루:중국산) ",512.0,291.0,2253.0,0.2272525521526853,16.2625,20.7,13.0,,75.25,,True
2020-05-25,월,2962.0,98.0,206.0,732.0,229.0,"모닝롤/꿀호떡  우유/주스 계란후라이 누룽지탕/쌀밥  북어해장국  열무나물  포기김치 (배추국내,고추가루:중국산) ","쌀밥/잡곡밥 (쌀,현미,흑미:국내산) 매콤콩나물국  짬뽕불고기  연두부*장  쫑상추무침  포기김치 (배추국내,고추가루:중국산) ","쌀밥/잡곡밥 (쌀,현미,흑미:국내산) 소고기된장찌개  해물누룽지탕  김치고기전  매운콩나물무침  포기김치 (배추국내,고추가루:중국산) ",1062.0,488.0,2429.0,0.43721696171263896,19.366666666666667,24.9,13.1,,80.16666666666667,,True
2020-05-26,화,2962.0,70.0,220.0,649.0,200.0,"모닝롤/고구마샌드  우유/주스 계란후라이 야채죽/쌀밥 (쇠고기:호주산) 맑은꽃게탕  느타리버섯볶음  포기김치 (배추국내,고추가루:중국산) ","쌀밥/잡곡밥 (쌀,현미,흑미:국내산) 시래기국  고추잡채*꽃빵  동그랑땡구이  청경채겉절이  포기김치 (배추국내,고추가루:중국산) ","김밥볶음밥 (쌀,현미,흑미:국내산) 미소장국  로제파스타  회오리감자  상추부추무침  포기김치 (배추국내,고추가루:중국산) ",781.0,502.0,2472.0,0.31593851132686085,19.479166666666668,24.5,14.5,,74.33333333333333,,True
2020-05-27,수,2962.0,65.0,234.0,2.0,235.0,"모닝롤/애플파이  우유/주스 계란후라이 참치죽/쌀밥  두부김치국  감자조림  포기김치 (배추국내,고추가루:중국산) ","곤드레밥*양념장 (쌀,닭:국내산) 무채국  꽁치한마리구이  만두탕수육  쨔샤이무침  열무김치 (배추국내,고추가루:중국산) ","쌀밥/잡곡밥 (쌀,현미,흑미:국내산) 도토리묵냉국  돼지갈비찜  감자프리타타  오이도라지무침  포기김치 (배추국내,고추가루:중국산) ",704.0,339.0,2428.0,0.2899505766062603,19.15,24.7,15.1,,77.66666666666667,,True
2020-05-28,목,2962.0,66.0,270.0,431.0,212.0,"모닝롤/치킨샌드  우유/주스 스크램블에그 누룽지탕/쌀밥  올챙이만두국  무생채  포기김치 (배추국내,고추가루:중국산) ","쌀밥/잡곡밥 (쌀,현미,흑미:국내산) 콩비지찌개  오징어볶음  옥수수계란찜  간장깻잎지  깍두기 (배추국내,고추가루:중국산) ","쌀밥/잡곡밥 (쌀,현미,흑미:국내산) 돼지국밥  고추튀김  야채스틱/부추무침  음료  포기김치 (배추국내,고추가루:중국산) ",662.0,361.0,2414.0,0.2742336371168186,19.904166666666665,26.7,13.6,,64.45833333333333,,True
2020-05-29,금,2962.0,236.0,284.0,1.0,202.0,"모닝롤/와플  우유/주스 계란후라이 해물죽/쌀밥 (닭:국내산) 동태탕  칠리소스두부브로컬리볶음  포기김치 (배추국내,고추가루:중국산) ","마파두부덮밥 (쌀:국내산,소고기:호주) 유부장국  레몬유린기  두릅소고기샐러드  오이지무침  배추겉절이 (배추국내,고추가루:중국산) ","쌀밥/잡곡밥 (쌀,현미,흑미:국내산) 해물순두부국  닭가슴살겨자무침  메밀전병만두  가지나물  포기김치 (배추국내,고추가루:중국산) ",450.0,235.0,2240.0,0.20089285714285715,19.39583333333333,25.6,11.6,,66.66666666666667,,True
2020-06-01,월,2956.0,109.0,185.0,612.0,215.0,"모닝롤/찐빵  우유/주스 계란후라이 누룽지탕/쌀밥  피바지락국  진미채볶음  포기김치 (배추국내,고추가루:중국산) ","쌀밥/잡곡밥 (쌀,현미,흑미:국내산) 소고기미역국  닭갈비  콩나물잡채  셀프무쌈말이  포기김치 (배추국내,고추가루:중국산) ","쌀밥/잡곡밥 (쌀,현미,흑미:국내산) 청국장찌개  소고기불고기  실곤약야채무침  감자채볶음  포기김치 (배추국내,고추가루:중국산) ",1114.0,463.0,2447.0,0.45525132815692687,19.42083333333333,24.9,14.8,,73.5,1.0,True
2020-06-02,화,2956.0,64.0,231.0,605.0,213.0,"모닝롤/식빵피자  우유/주스 계란후라이 소고기죽/쌀밥 (쇠고기:호주산) 수제비국  김구이  포기김치 (배추국내,고추가루:중국산) ","쌀밥/잡곡밥 (쌀,현미,흑미:국내산) 된장찌개  돈육고추장볶음  사각어묵무침  모듬야채쌈  포기김치 (배추국내,고추가루:중국산) ","유부초밥 (쌀:국내산) 새우튀김우동  과일샐러드  찐옥수수  단무지  포기김치 (배추,고추가루:국내산) ",761.0,434.0,2448.0,0.31086601307189543,22.512500000000003,28.5,16.7,,62.458333333333336,,True
2020-06-03,수,2956.0,63.0,251.0,0.0,191.0,"모닝롤/크로와상  우유/주스 계란후라이 팥죽/쌀밥  시래기국  쑥갓겉절이  포기김치 (배추국내,고추가루:중국산) ",열무보리비빔밥/강된장 (쌀:국내산) 가쯔오장국  깐풍육 (돈육:국내산) 시저샐러드  매실짱아찌  포기김치 (김치:국내산) ,"쌀밥/잡곡밥 (쌀,현미,흑미:국내산) 닭곰탕  류산슬  비엔나감자구이  미역초무침  포기김치 (배추국내,고추가루:중국산) ",693.0,374.0,2451.0,0.2827417380660955,20.166666666666668,28.2,11.9,,54.958333333333336,,True
2020-06-04,목,2956.0,71.0,284.0,403.0,208.0,"모닝롤/바나나샌드  우유/주스 스크램블에그 누룽지탕/쌀밥  어묵국  오이사과무침  포기김치 (배추국내,고추가루:중국산) ","쌀밥/잡곡밥 (쌀,현미,흑미:국내산) 육개장  소고기장조림  녹두전  비름나물  포기김치 (배추국내,고추가루:중국산) ","쌀밥/잡곡밥 (쌀,현미,흑미:국내산) 감자국  미트볼조림  브로컬리오징어숙회  부추오리엔탈무침  포기김치 (배추국내,고추가루:중국산) ",657.0,353.0,2393.0,0.2745507730881738,21.14583333333333,27.8,15.4,,76.41666666666667,,True
2020-06-05,금,2956.0,233.0,291.0,0.0,176.0,"모닝롤/애플잼쿠키  우유/주스 계란후라이 김치죽/쌀밥  고추장찌개  치커리유자무침  포기김치 (배추국내,고추가루:중국산) ",베이컨김치볶음밥 (쌀:국내산) 냉모밀국수  해물부추전  야채고로케  수박  깍두기 (김치:국내산) ,"쌀밥/잡곡밥 (쌀,현미,흑미:국내산) 오징어국  매운닭찜  도토리묵야채무침  멸치볶음  포기김치 (배추국내,고추가루:중국산) ",505.0,251.0,2256.0,0.22384751773049646,24.48333333333333,30.5,19.9,,75.66666666666667,,True
2020-06-08,월,2956.0,121.0,236.0,566.0,201.0,"모닝롤/마늘바게트  우유/주스 계란후라이 누룽지탕/쌀밥  북어국 (북어:러시아산) 호박채나물  포기김치 (배추국내,고추가루:중국산) ","쌀밥/잡곡밥 (쌀,현미,흑미:국내산) 대구탕  오삼불고기 (돈육:국내산) 해물동그랑땡  오이무침 요구르트 포기김치 (배추국내,고추가루:중국산) ","쌀밥/잡곡밥 (쌀,현미,흑미:국내산) 김치두부국  갈치튀김  햄계란말이  청경채생채  포기김치 (배추국내,고추가루:중국산) ",1130.0,477.0,2398.0,0.47122602168473726,22.75,28.2,18.3,,71.58333333333333,,True
2020-06-09,화,2956.0,68.0,253.0,519.0,177.0,"모닝롤/에그샌드  우유/주스 계란후라이 버섯들깨죽/쌀밥  차돌박이찌개 (차돌박이:미국산) 계란찜  포기김치 (배추국내,고추가루:중국산) ","쌀밥/잡곡밥 (쌀,현미,흑미:국내산) 시금치된장국  닭볶음탕 (닭:국내산) 두부구이*양념장  미역줄기볶음  포기김치 (배추국내,고추가루:중국산) ","삼겹살마늘볶음밥 (쌀,현미,흑미:국내산) 콩나물국  미니돈까스  양상추메추리알샐러드  꽈배기도너츠/요구르트  포기김치 (배추,고추가루:국내산) ",823.0,449.0,2458.0,0.33482506102522375,23.09583333333333,31.9,14.1,,62.91666666666666,,True
2020-06-10,수,2956.0,75.0,248.0,4.0,201.0,"모닝롤/쿠키  우유/주스 계란후라이 누룽지탕/쌀밥  소고기샤브국 (소고기:호주산) 햄야채볶음  포기김치 (배추국내,고추가루:중국산) ",나물비빔밥 (쌀:국내산) 오이사과냉국  치킨핑거 (닭:국내산) 맛살떡샐러드  깻잎순무침 요구르트 포기김치 (김치:국내산) ,"쌀밥/잡곡밥 (쌀,현미,흑미:국내산) 근대국  돈육간장볶음 (돈육:국내산) 동태포전  치커리배생채  포기김치 (배추국내,고추가루:중국산) ",719.0,320.0,2432.0,0.2956414473684211,24.058333333333337,32.2,14.3,,66.95833333333333,,True
2020-06-11,목,2956.0,82.0,280.0,399.0,172.0,"모닝롤/야채샌드  우유/주스 스크램블에그 호박죽/쌀밥  된장찌개  골뱅이무침  포기김치 (배추국내,고추가루:중국산) ","쌀밥/잡곡밥 (쌀,현미,흑미:국내산) 매운소고기국  굴비구이  토마토프리타타  도라지오이무침  배추겉절이 (배추국내,고추가루:중국산) ","야채볶음밥 (쌀:국내산) 초계국수 (닭:국내산) 코코넛새우튀김  옥수수콘치즈  음료  포기김치 (배추국내,고추가루:중국산) ",682.0,439.0,2422.0,0.2815854665565648,24.9375,32.7,18.7,,73.70833333333333,,True
2020-06-12,금,2956.0,204.0,303.0,2.0,175.0,"모닝롤/와플  우유/주스 계란후라이 해물죽/쌀밥  순두부탕  노각무침  포기김치 (배추국내,고추가루:중국산) ","돈육버섯고추장덮밥 (쌀,돈육:국내산) 팽이무국  양파링카레튀김  모듬어묵볶음  참나물생채 요구르트 포기김치 (김치:국내산) ","쌀밥/잡곡밥 (쌀,현미,흑미:국내산) 부대찌개 (양지:호주산) 떡갈비조림  쫄면무침  무나물들깨볶음  포기김치 (배추국내,고추가루:중국산) ",516.0,266.0,2274.0,0.22691292875989447,24.65416666666667,30.7,20.7,,86.16666666666667,1.0,True
2020-07-01,수,2997.0,71.0,252.0,9.0,153.0,모닝롤/야채샌드 우유/주스 계란후라이 녹두죽/쌀밥 건새우무채국 쑥갓두부무침 오이보트샐러드 포기김치 ,쌀밥/잡곡밥 냉모밀국수 매운돈갈비찜 메밀전병*간장 고구마순볶음 포기김치 양상추샐러드*딸기요거트 ,쌀밥/잡곡밥 돈육김치찌개 깐풍기 고갈비구이 가지된장무침 포기김치 ,866.0,343.0,2521.0,0.3435144783815946,22.916666666666668,26.6,19.7,,78.375,1.0,True
2020-07-02,목,2997.0,82.0,268.0,446.0,152.0,모닝롤/크래미샌드 우유/주스 계란후라이 누룽지탕/쌀밥 참치김치찌개 느타리버섯장조림 양상추샐러드*바나나드레싱 포기김치 ,쌀밥/잡곡밥 대파육개장 홍어미나리초무침 어묵잡채 콩자반 배추겉절이 양상추샐러드*오리엔탈 ,"김밥 미니우동 구슬떡볶이 김말이,고추튀김 다시마채무초무침 포기김치 ",675.0,441.0,2495.0,0.27054108216432865,22.50833333333333,27.0,18.7,,75.66666666666667,,True
2020-07-03,금,2997.0,261.0,288.0,1.0,157.0,모닝롤/호떡 우유/주스 계란후라이 콩죽/쌀밥 북어무우국 베이컨숙주굴소스볶음 양상추샐러드*망고드레싱 포기김치 ,카레라이스 동태알탕 부추고추전*간장 쫄면야채무침 과일요거트샐러드 포기김치 요구르트 ,쌀밥/잡곡밥 김치어묵국 케이준샐러드 섭산적표고굴소스볶음 매운콩나물무침 포기김치 ,607.0,269.0,2291.0,0.26494980357922304,21.766666666666666,26.3,16.7,,81.625,,True
2020-07-06,월,2997.0,126.0,220.0,626.0,172.0,모닝롤/머핀 우유/주스 계란후라이 누룽지탕/쌀밥 꽃게탕 메추리알곤약조림 토마토샐러드*발사믹드레싱 포기김치 ,쌀밥/잡곡밥 매운소고기무국 춘천닭갈비 옥수수계란찜 감자채파프리카볶음 포기김치 양상추샐러드*흑임자드레싱 ,쌀밥/잡곡밥 스팸김치찌개 동태포전 새송이버섯장조림 열무된장나물 포기김치 ,1132.0,454.0,2479.0,0.45663574021782977,22.23333333333333,26.7,19.5,,83.625,,True
2020-07-07,화,2997.0,77.0,242.0,575.0,152.0,모닝롤/햄치즈샌드위치 우유/주스 계란후라이 콘스프/쌀밥 닭살해장국 가지두반장볶음 참나물두부샐러드 포기김치 ,쌀밥/잡곡밥 물만두국 오리불고기 콩나물맛살냉채 양배추숙쌈&쌈장 포기김치 그린샐러드*오렌지드레싱/핫도그 ,오므라이스 유부장국 깐쇼새우 꽃맛살샐러드 채소피클*할라피뇨 포기김치 ,917.0,472.0,2526.0,0.36302454473475854,21.79583333333333,23.8,19.0,,92.16666666666669,,True
2020-07-08,수,2997.0,77.0,251.0,7.0,158.0,모닝롤/애플파이 우유/주스 계란후라이 쇠고기마늘죽/쌀밥 순두부찌개 고기완자전*케찹 양배추샐러드 포기김치 ,쌀밥/잡곡밥 한방설렁탕 오징어초무침 채소스틱&쌈장 통들깨부추무침 석박지 매실음료/콩자반 ,쌀밥/잡곡밥 대구지리 바베큐함박찹스테이크 건파래볶음 치커리무침 포기김치 ,847.0,369.0,2511.0,0.33731581043409,24.575,29.1,22.0,,85.79166666666667,,True
2020-07-09,목,2997.0,99.0,290.0,449.0,159.0,모닝롤/피자빵 우유/주스 계란후라이 누룽지탕/쌀밥 맑은감자국 삼겹살김치볶음 그린샐러드 포기김치 ,쌀밥/잡곡밥 시금치된장국 닭볶음탕 건새우호박채전 도라지오이초무침 포기김치 시저샐러드*시저드레싱 ,후리가케덮밥 잔치국수 채소튀김*장 쇠고기우엉볶음 양념고추지무침 깍두기 ,717.0,401.0,2449.0,0.29277256022866477,24.84166666666667,29.5,21.0,,80.5,,True
2020-07-10,금,2997.0,233.0,290.0,0.0,135.0,모닝롤/크로와상샌드위치 우유/주스 계란후라이 채소죽/쌀밥 맑은버섯육개장 상추+양념장 양상추샐러드 포기김치 ,쌀밥/잡곡밥 맑은콩나물국 돈육고추장볶음 쌈채소&쌈장 무채와사비무침/콩자반 포기김치 양상추샐러드/마카로니샐러드 ,쌀밥/잡곡밥 된장찌개 아귀콩나물찜 부들어묵볶음 노각무침 포기김치 ,611.0,246.0,2339.0,0.2612227447627191,22.60833333333333,27.2,19.0,,89.95833333333333,1.0,True
2020-07-13,월,2997.0,118.0,225.0,632.0,148.0,모닝롤/베이글 우유/주스 계란후라이 누룽지탕/쌀밥 맑은콩나물국 양상추샐러드 마늘쫑메추리알장조림 포기김치 ,마파두부덮밥 미역미소시루 레몬유린기 만두찜*간장 숙주미나리무침 포기김치 양상추샐러드*요거트D ,쌀밥/잡곡밥 뼈감자탕 쌈추전*간장 오징어땅콩조림 부추생채무침 포기김치 ,1260.0,489.0,2506.0,0.5027932960893855,21.129166666666663,22.0,19.7,,94.75,1.0,True
2020-07-14,화,2997.0,80.0,224.0,561.0,143.0,모닝롤/참치모닝샌드 우유/주스 계란후라이 표고버섯죽/쌀밥 피바지락국 양상추샐러드 명엽체고추장볶음 포기김치 ,쌀밥/잡곡밥 건새우무채국 쭈꾸미삼겹고추장볶음 두부커틀렛*칠리 쫑상추무침 포기김치 비타민흑임자샐러드*흑임자D ,쌀밥/잡곡밥 김치콩나물국 닭카레볶음 볼어묵고추장볶음 참나물무침 포기김치 ,814.0,342.0,2550.0,0.3192156862745098,19.2875,20.1,18.5,131.3,98.83333333333331,1.0,True
2020-07-15,수,2997.0,80.0,248.0,4.0,183.0,모닝롤/야채샌드 우유/주스 계란후라이 소고기스프/쌀밥 미역국 양상추샐러드 단배추들깨무침 포기김치 ,비빔밥*약고추장 콩가루배춧국 열기어구이 도토리묵*양념간장 무말랭이무침 포기김치 치커리만다린샐러드*오렌지D ,쌀밥/잡곡밥 유부주머니된장국 돈육간장볶음 비빔만두 꼬시래기초무침 갓김치 ,842.0,343.0,2486.0,0.33869670152855996,20.27916666666667,23.1,18.9,,96.0,1.0,True
2020-07-16,목,2997.0,102.0,274.0,411.0,166.0,모닝롤/허니브레드 우유/주스 계란후라이 새알팥죽/쌀밥 두부새우젓국 양상추샐러드 시금치나물무침 포기김치 ,쌀밥/잡곡밥 장각삼계탕 해물잡채 가지찜 아삭고추쌈장무침 배추겉절이 양상추샐러드*망고D ,쌀밥/잡곡밥 매운계란파국 오리훈제마늘볶음 코다리강정 돈나물오리엔탈무침 포기김치 ,971.0,379.0,2455.0,0.3955193482688391,19.416666666666668,21.6,18.7,,98.20833333333331,1.0,True
2020-07-17,금,2997.0,249.0,291.0,2.0,148.0,모닝롤/햄치즈샌드 우유/주스 계란후라이 누룽지탕/쌀밥 떡국 양상추샐러드 알감자조림 포기김치 ,쌀밥/잡곡밥 김치우동 수제돈가스*소스 호박새우젓볶음 깍둑오이초무침 석박지 양배추샐러드*사우전D ,쌀밥/잡곡밥 들깨시래기국 묵은지닭찜 미역줄기볶음 얼갈이된장무침 포기김치 ,656.0,237.0,2309.0,0.28410567345171067,21.904166666666665,28.1,18.5,,83.625,,True
2020-07-20,월,2997.0,157.0,220.0,518.0,140.0,모닝롤/핫케익 우유/주스 계란후라이 누룽지탕/흑미밥 냉이된장국 버섯비엔나조림 양상추샐러드 포기김치 ,쌀밥/흑미밥/찰현미밥 호박맑은국 돈육김치볶음 두부맛전 모둠채소무침 포기김치 양상추샐러드*망고D ,채소볶음밥&자장소스 고기짬뽕국 해물누룽지 군만두*초간장 짜사이볶음 포기김치 ,1190.0,481.0,2480.0,0.4798387096774194,22.820833333333336,26.1,20.7,,94.625,1.0,True
2020-07-21,화,2997.0,138.0,222.0,519.0,129.0,모닝롤/건포도머핀 우유/주스 계란후라이 홍합죽/흑미밥 황태국 미나리나물 양상추샐러드 포기김치 ,쌀밥/치자밥/찰현미밥 닭개장 양장피 꽃맛살샐러드 브로콜리숙회*초장 포기김치 그린샐러드*키위D/타래과 ,흑미밥 부대찌개 생선까스*타르타르소스 감자채파프리카볶음 고춧잎무침 깍두기 ,861.0,467.0,2508.0,0.34330143540669855,26.5,29.7,24.7,,87.75,1.0,True
2020-07-22,수,2997.0,165.0,250.0,9.0,149.0,모닝롤/길거리토스트 우유/주스 계란후라이 양송이스프/흑미밥 소고기무국 연근땅콩조림 양상추샐러드 포기김치 ,쌀밥/흑미밥/찰현미밥 아욱국 오리불고기 고등어카레구이 매운콩나물무침 오이소배기 로스트치킨샐러드*오리엔탈D ,유부초밥 우동국물 열무비빔국수 소떡소떡 가지나물 포기김치 ,823.0,414.0,2433.0,0.3382655158240855,25.370833333333334,29.1,22.2,,84.33333333333333,1.0,True
2020-07-23,목,2997.0,156.0,274.0,377.0,134.0,모닝롤/베이컨맥모닝 우유/주스 계란후라이 참치채소죽/흑미밥 어묵매운국 숙주나물무침 양상추샐러드 포기김치 ,쌀밥/병아리콩밥/찰현미밥 소고기미역국 깻잎통닭*치킨소스 김치전 치킨무/콘슬로우 포기김치 새싹샐러드*오렌지D ,흑미밥 나박물김치 매운사태찜 김계란말이 청경채겉절이 포기김치 ,758.0,380.0,2433.0,0.3115495273325113,23.375,24.8,22.2,,94.70833333333331,1.0,True
2020-07-24,금,2997.0,344.0,281.0,0.0,115.0,모닝롤/스콘 우유/주스 계란후라이 누룽지탕/흑미밥 고추장찌개 시래기조림 양상추샐러드 포기김치 ,쌀밥/흑미밥/찰현미밥 해물수제비국 만가닥버섯불고기 실곤약냉채 열무나물 포기김치 양배추샐러드*요플레D ,흑미밥 만둣국 갈치무조림 감자전 상추무침 포기김치 ,450.0,237.0,2257.0,0.1993797075764289,22.5,23.6,21.7,,96.75,1.0,True
2020-07-27,월,2997.0,271.0,182.0,728.0,120.0,모닝롤/크로크무슈 우유/주스 계란후라이 누룽지탕/흑미밥 김치콩나물국 베이컨감자볶음 양상추샐러드 포기김치 ,쌀밥/흑미밥/찰현미밥 황태미역국 안동찜닭 토마토스크램블 얼갈이나물 포기김치 양상추샐러드*유자청D ,흑미밥 청국장찌개 섭산적고추장구이 느타리버섯볶음 참나물무침 포기김치 ,1118.0,552.0,2424.0,0.4612211221122112,23.85833333333333,28.7,20.7,,80.625,,True
2020-07-28,화,2997.0,252.0,213.0,565.0,150.0,모닝롤/에그포테이토샌드위치 우유/주스 계란후라이 버섯죽/흑미밥 유부장국 어묵고추장볶음 양상추샐러드 포기김치 ,쌀밥/기장밥/찰현미밥 호박된장찌개 목살스테이크 가자미엿장구이 꽈리고추감자조림 포기김치 토마토샐러드*발사믹D ,우육비빔냉면 추가밥 사골파국 도넛츠/비트채소절임 숙주나물/요구르트 석박지 ,873.0,396.0,2382.0,0.36649874055415615,21.98333333333333,25.2,20.0,,94.33333333333331,1.0,True
2020-07-29,수,2997.0,256.0,233.0,11.0,150.0,모닝롤/불고기브리또 우유/주스 계란후라이  견과류죽/흑미밥 감자양파국 두부고기조림 양상추샐러드 포기김치 ,쌀밥/흑미밥/찰현미밥 우거지국 삼겹살수육 모둠쌈*쌈장 풋고추/마늘*새우젓 부추무침/보쌈김치/수박화채 그린샐러드*참깨D ,"흑미밥 참치파개장 오징어불고기 이색전(가지,애호박)*양념장 생깻잎지 포기김치 ",871.0,280.0,2358.0,0.3693808312128923,24.212499999999995,28.9,22.1,,95.0,1.0,True
2020-07-30,목,2997.0,346.0,242.0,395.0,130.0,모닝롤/사과파이 우유/주스 계란후라이 게살죽/흑미밥 대구매운탕 오이무침 양상추샐러드 포기김치 ,낙지비빔밥*계란후라이 팽이장국 후라이드*강정소스 미나리초무침 브로콜리깨소스무침 포기김치 그린샐러드*매실D ,타워함박스테이크 크림스프/추가밥 알리오올리오파스타 샐러드*오리엔탈D 도라지오이초무침 포기김치 ,704.0,426.0,2279.0,0.30890741553312856,24.291666666666668,26.9,23.3,,96.25,1.0,True
2020-07-31,금,2997.0,496.0,261.0,0.0,125.0,모닝롤/계란빵 우유/주스 계란후라이 누룽지탕/흑미밥 버섯맑은국 명엽채고추장볶음 양상추샐러드 포기김치 ,쌀밥/흑미밥/찰현미밥 짜글이돼지찌개 새우까스*소스 어묵고추장떡 마늘종숙회 포기김치 양배추샐러드*딸기요거트D ,흑미밥 짬뽕순두부찌개 꽁치양파조림 취나물볶음 노각무침 포기김치 ,477.0,231.0,2115.0,0.225531914893617,24.34166666666667,29.2,22.1,,94.375,1.0,True
2020-08-03,월,2989.0,494.0,155.0,446.0,115.0,모닝롤/프렌치토스트 우유/주스 계란후라이 누룽지탕/흑미밥 우거지해장국 해물완자전*케찹 양상추샐러드 포기김치 ,쌀밥/흑미밥/찰현미밥 김치두부국 오리대패불고기 골뱅이채소무침 열무나물 포기김치 양상추샐러드*사우전D ,흑미밥 꽃게탕 춘천닭갈비 탕평채 땅콩멸치조림 포기김치 ,1033.0,440.0,2225.0,0.4642696629213483,27.40416666666667,30.9,24.7,,84.29166666666667,,True
2020-08-04,화,2989.0,464.0,172.0,463.0,115.0,모닝롤/스태프핫도그 우유/주스 계란후라이 소고기죽/흑미밥 오색떡국 어묵고추장무침 양상추샐러드 포기김치 ,쌀밥/수수밥/찰현미밥 냉이된장국 돈갈비찜 오징어튀김*초간장 삼색콜리*초고추장 포기김치 견과류샐러드*땅콩D ,흑미밥 계란파국 고구마치즈돈까스 쫄면채소무침 미역줄기볶음 석박지 ,776.0,446.0,2238.0,0.34673815907059874,27.308333333333334,30.3,25.8,,84.83333333333333,,True
2020-08-05,수,2989.0,490.0,182.0,7.0,115.0,모닝롤/고르곤졸라피자 우유/주스 계란후라이 녹두죽/흑미밥 근대국 버섯햄볶음 양상추샐러드 포기김치 ,쌀밥/흑미밥/찰현미밥 맑은콩나물국 장어강정 꽈리고추메추리알조림 오이양파무침 배추겉절이/탱크보이 눈꽃치즈샐러드*오리엔탈D ,오리훈제볶음밥 미소장국 샤워크림새우 두부양념조림 부추팽이버섯생채무침 포기김치 ,720.0,337.0,2202.0,0.32697547683923706,27.25,30.8,23.2,,86.125,,True
2020-08-06,목,2989.0,482.0,218.0,364.0,109.0,모닝롤/모닝사라다빵 우유/주스 계란후라이 단호박죽/흑미밥 북엇국 돈육장조림 양상추샐러드 포기김치 ,쌀밥/검정콩밥/찰현미밥 건새우아욱국 쭈삼불고기 분홍소시지전/새송이전 파프리카해초무침 포기김치/찐옥수수 콜리샐러드*발사믹D ,흑미밥 감자만두국 등심찹쌀꿔바로우 코다리무조림 시금치초고추장무침 포기김치 ,763.0,373.0,2180.0,0.35,27.02083333333333,29.2,24.5,,90.5,1.0,True
2020-08-07,금,2989.0,605.0,239.0,1.0,142.0,모닝롤/마약토스트 우유/주스 계란후라이 누룽지탕/흑미밥 순두부백탕 양념깻잎찜 양상추샐러드 포기김치 ,쌀밥/흑미밥/찰현미밥 얼갈이된장국 닭다리바베큐오븐구이 아귀순살찜 유부채소겨자냉채 포기김치 시리얼샐러드*요플레D ,폭탄주먹밥 꼬치어묵국 매운떡볶이 순대찜*소금 모둠튀김(만두*고추*통계란) 포기김치 ,476.0,261.0,2003.0,0.23764353469795307,26.79583333333333,27.8,26.2,,89.375,1.0,True
2020-08-10,월,2989.0,476.0,191.0,548.0,95.0,모닝롤/바나나시나몬토스트 우유/주스 계란후라이 누룽지탕/흑미밥 매운콩나물국 멸치볶음 양상추샐러드 포기김치 ,쌀밥/흑미밥/찰현미밥 뼈없는감자탕 생선까스&소스 해파리무침 근대나물 포기김치 양상추샐러드*파인애플D ,카레라이스 우동국물 비빔채소만두 포테이토오븐구이 오이무침 포기김치 ,1011.0,520.0,2227.0,0.4539739559946116,27.42083333333333,30.2,24.8,,84.75,1.0,True
2020-08-11,화,2989.0,456.0,188.0,465.0,102.0,모닝롤/베이컨치즈베이글 우유/주스 계란후라이 채소죽/흑미밥 시금치된장국 애호박건새우볶음 양상추샐러드 포기김치 ,쌀밥/렌틸콩밥/찰현미밥 떡국 매운쇠고기버섯볶음 양배추/케일숙쌈*양념간장 더덕무침 포기김치/수떡수떡화채 푸실리파스타샐러드 ,흑미밥 아욱국 묵은지닭볶음탕 콘치즈 건파래볶음 포기김치 ,805.0,342.0,2243.0,0.3588943379402586,25.84166666666667,27.7,25.1,,94.45833333333331,1.0,True
2020-08-12,수,2989.0,449.0,213.0,12.0,111.0,모닝롤/미니햄버거 우유/주스 계란후라이 잣죽/흑미밥 닭살해장국 가지양파무침 양상추샐러드 포기김치 ,쌀밥/흑미밥/찰현미밥 북어채국 오징어볶음&소면사리 타꼬야끼 청경채깨장나물 열무김치 그린샐러드*오리엔탈D ,흑미밥 두부된장찌개 돈육고추장불고기 채소쌈*쌈장 청양해물파전 포기김치 ,701.0,337.0,2216.0,0.31633574007220217,26.508333333333336,29.4,25.6,,90.0,1.0,True
2020-08-13,목,2989.0,504.0,245.0,353.0,112.0,모닝롤/대만식연유샌드위치 우유/주스 계란후라이 미역죽/흑미밥 옹심이만둣국 고들빼기무침 양상추샐러드 포기김치 ,쌀밥/차조밥/찰현미밥 유부장국 바베큐폭립 부들어묵볶음 참나물두부무침 포기김치 황도샐러드*밀감D ,흑미밥 소고기무국 삼치엿장구이 감자햄조림 깻순나물 포기김치 ,594.0,270.0,2128.0,0.2791353383458647,27.524999999999995,29.8,25.8,,89.66666666666667,1.0,True
2020-08-14,금,2989.0,644.0,256.0,1.0,116.0,모닝롤/시나몬페스츄리 우유/주스 계란후라이 누룽지탕/흑미밥 순두부된장국 참치김치볶음 양상추샐러드 깍두기 ,쌀밥/흑미밥/찰현미밥 동태탕 살살치킨&칠리소스 브로콜리버섯볶음 부추와사비무침 포기김치 사과푸딩샐러드*요플레D ,계란볶음밥 숙주고기짬뽕 고추잡채 연유꽃빵튀김 짜사이볶음 포기김치 ,477.0,212.0,1973.0,0.2417638114546376,27.95,32.2,24.2,,85.04166666666667,,True
2020-08-18,화,2989.0,469.0,195.0,534.0,105.0,모닝롤/애플파이 우유/주스 계란후라이 흑임자죽/흑미밥 호박맑은국 통마늘너비아니조림 양상추샐러드 포기김치 ,쌀밥/보리밥/찰현미밥 부대찌개 치즈닭갈비 단호박/김말이튀김 상추무침*양념장 포기김치 나쵸콥샐러드*토마토살사소스 ,쇠고기규동덮밥 미소장국 숯불양념꼬치어묵 오이볶음 영양부추무침 석박지 ,971.0,501.0,2220.0,0.43738738738738736,28.45416666666667,34.5,24.6,,80.16666666666667,,True
2020-08-19,수,2989.0,420.0,227.0,10.0,126.0,모닝롤/비엘티샌드위치 우유/주스 계란후라이 낙지죽/흑미밥 우거지올갱이국 메추리알곤약조림 양상추샐러드 포기김치 ,쌀밥/흑미밥/찰현미밥 맑은버섯육개장 매콤해물볶음 채소계란말이 고구마순무침 깍두기 그린샐러드*참깨D ,청양멸치주먹밥 유부우동국물 비빔칼국수 새우만두*장 콩나물무침 포기김치 ,801.0,375.0,2216.0,0.36146209386281586,28.59583333333333,34.5,23.7,,79.41666666666667,,True
2020-08-20,목,2989.0,390.0,232.0,477.0,125.0,모닝롤/치즈볼 우유/주스 계란후라이 채소죽/흑미밥 북엇국 고기완자전*케찹 양상추샐러드 포기김치 ,쌀밥/흑미밥/찰현미밥 순남시래기국 오리불고기 갈릭버섯탕수 검은깨올방개묵무침 포기김치/츄러스 마카로니콘샐러드 ,흑미밥 오징어무국 치킨까스*소스 연근조림 취나물무침 포기김치 ,749.0,433.0,2242.0,0.33407671721677074,28.391666666666666,34.6,23.0,,78.25,,True
2020-08-21,금,2989.0,497.0,249.0,0.0,149.0,모닝롤/모닝샌드 우유/주스 계란후라이 누룽지탕/흑미밥 감자양파국 고사리들깨볶음 양상추샐러드 포기김치 ,쌀밥/흑미밥/찰현미밥 어묵국 오향장육 모둠쌈*씨앗쌈장 고추지무침 김치볶음/요구르트 크루통샐러드*참깨D ,흑미밥 김치수제비국 갈치조림 녹두빈대떡*장 브로콜리숙회 포기김치 ,514.0,240.0,2094.0,0.2454632282712512,28.325,35.3,22.7,,77.91666666666667,,True
2020-08-24,월,2989.0,302.0,185.0,683.0,249.0,모닝롤/카스테라 우유/주스 계란후라이 누룽지탕/흑미밥 김치두부국 진미채간장조림 양상추샐러드 포기김치 ,쌀밥/흑미밥/찰현미밥 바지락미역국 콩나물두루치기 버섯메추리알장조림 더덕오이생채 포기김치 양상추샐러드*매실D ,산채비빔밥 팽이장국 주꾸미볶음 고추튀김*장 계란후라이 포기김치 ,1178.0,608.0,2253.0,0.5228584110075455,26.629166666666663,32.2,22.8,,79.625,,True
2020-08-25,화,2989.0,219.0,190.0,757.0,285.0,모닝롤/토마토샌드위치 우유/주스 계란후라이 단호박죽/흑미밥 대구탕 마늘쫑햄볶음 양상추샐러드 포기김치 ,쌀밥/수수밥/찰현미밥 시금치된장국 카레닭찜 김치빈대떡 고구마순볶음 포기김치 시리얼&요거트 ,흑미밥 감자고추장찌개 언양식바싹불고기 자반고등어구이 꼬시래기무침 포기김치/요구르트 ,1046.0,632.0,2295.0,0.45577342047930286,27.191666666666663,32.9,22.9,,78.79166666666667,,True
2020-08-26,수,2989.0,215.0,197.0,2.0,363.0,모닝롤/트위스터버거 우유/주스 계란후라이 녹두죽/흑미밥 근대국 새우완자전*케찹 양상추샐러드 포기김치 ,쌀밥/흑미밥/찰현미밥 나주곰탕 적어구이&양념장 한식잡채 얼갈이나물 석박지 그린샐러드*오리엔탈D ,흑미밥 냉메밀소바 돈육가지두반장볶음 새우튀김*크림소스 연두부*양념장 포기김치 ,897.0,495.0,2214.0,0.4051490514905149,27.975000000000005,33.7,22.3,,76.33333333333333,,True
2020-08-27,목,2989.0,205.0,211.0,575.0,316.0,모닝롤/베이컨샌드위치 우유/주스 계란후라이 오곡죽/흑미밥 콩나물국 애호박볶음 양상추샐러드 포기김치 ,쌀밥/검정콩밥/찰현미밥 다슬기아욱국 돈사태김치찜 닭살겨자냉채 삼색유자청무침 열무김치 모닝샌드/요구르트 ,흑미밥 잡채말이어묵국 오리훈제마늘볶음 토마토계란찜 고들빼기무침 포기김치 ,963.0,522.0,2257.0,0.4266725742135578,27.35,32.3,25.1,,85.41666666666667,1.0,True
2020-08-28,금,2989.0,320.0,230.0,0.0,297.0,모닝롤/갈릭파이 우유/주스 계란후라이 누룽지탕/흑미밥 버섯국 두부고기조림 양상추샐러드 깍두기 ,쌀밥/흑미밥/찰현미밥 순두부찌개 소불고기 코다리강정 노각생채 포기김치 견과류샐러드*딸기D ,흑미밥 콩가루배추국 아쿠아돈까스 밀떡볶이/허니슈스트링감자 생깻잎지  포기김치 ,784.0,354.0,2142.0,0.3660130718954248,27.46666666666667,30.5,25.7,,88.33333333333333,1.0,True
2020-08-31,월,2989.0,183.0,163.0,648.0,464.0,모닝롤/치즈베이글 우유/주스 계란후라이 누룽지탕/흑미밥 매운소고기국 건파래볶음 양상추샐러드 포기김치 ,쌀밥/흑미밥/찰현미밥 황태콩나물해장국 (New)궁보계정 시금치프리타타 가지고추장무침 포기김치/요구르트 양상추샐러드*석류D ,흑미밥 김치두부국 제육간장불고기 감자채카레볶음 통고추쌈장무침 포기김치 ,1243.0,649.0,2179.0,0.5704451583295089,27.7875,33.5,24.5,,83.70833333333333,,True
2020-09-01,화,3132.0,73.0,111.0,630.0,527.0,모닝롤/사과샌드위치 우유/주스 계란후라이 콩죽/흑미밥 꽃게탕 양념깻잎지 연두부샐러드*소스 포기김치 ,쌀밥/기장밥/찰현미밥 우거지국 매콤돼지갈비찜 삼색만두채소무침 호박채나물볶음 포기김치/우무콩국 황도샐러드*황도D ,흑미밥 육개장 가자미엿장구이 오꼬노미계란말이 깍둑오이초무침 포기김치 ,1021.0,497.0,2421.0,0.42172655927302766,26.71666666666667,29.7,23.8,,82.41666666666667,1.0,True
2020-09-02,수,3132.0,78.0,155.0,0.0,522.0,모닝롤/단호박피자빵 우유/주스 계란후라이 누룽지탕/흑미밥 참치김치찌개 우엉채조림 양상추샐러드 포기김치 ,쌀밥/흑미밥/찰현미밥 (New)오리들깨탕 냉족발야채무침 (New)수제오미산적 부추샐러드*오리엔탈 포기김치/바나나 꽃맛살샐러드 ,흑미밥 미역국 닭볶음탕 돈채표고버섯볶음 꼬들단무지무침 포기김치/요구르트 ,1006.0,390.0,2377.0,0.4232225494320572,25.85833333333333,29.8,22.8,,78.95833333333333,,True
2020-09-03,목,3132.0,119.0,195.0,531.0,511.0,모닝롤/크로와상샌드위치 우유/주스 계란후라이 잣죽/흑미밥 떡국 베이컨숙주볶음 양상추샐러드 포기김치 ,쌀밥/찰보리밥/찰현미밥 매운계란파국 마파두부 치킨핑거 쫄면채소무침 열무김치 그린샐러드*요거트D ,흑미밥 유부주머니우동국 새우까스*소스 꽈리고추찹쌀무침 비트피클 포기김치 ,924.0,445.0,2307.0,0.40052015604681407,25.19583333333333,27.1,23.9,,90.66666666666669,1.0,True
2020-09-04,금,3132.0,208.0,221.0,3.0,462.0,모닝롤/페스츄리 우유/주스 계란후라이 채소죽/흑미밥 감자된장찌개 계란장조림 양상추샐러드 포기김치 ,쌀밥/흑미밥/찰현미밥 옹심이만두국 대패삽겹숙주볶음 오징어초무침 양배추숙쌈 포기김치/딸기푸딩 양상추샐러드*딸기D ,흑미밥 부대찌개 꽁치한마리구이 감자양념조림 두부계란전*양념장 포기김치 ,746.0,341.0,2241.0,0.33288710397144133,26.3875,30.1,21.9,,66.125,1.0,True
2020-09-07,월,3132.0,122.0,163.0,774.0,439.0,모닝롤/갈릭파이 우유/주스 계란후라이 누룽지탕/흑미밥 콩나물해장국 모둠장조림 양상추샐러드 포기김치 ,쌀밥/흑미밥/찰현미밥 아욱된장국 생선까스*소스 마카로니치즈범벅 오이사과무침 포기김치/나쵸칩 양상추샐러드*요거트D ,흑미밥 얼큰감자국 안동찜닭 옥수수맛살전 도토리묵채소무침 포기김치 ,1186.0,603.0,2408.0,0.4925249169435216,20.254166666666663,22.2,18.0,,89.125,1.0,True
2020-09-08,화,3132.0,91.0,173.0,730.0,441.0,모닝롤/모닝샌드위치 우유/주스 계란후라이 흑미두부죽/흑미밥 사골우거지국 고구마순볶음 양상추샐러드 포기김치 ,계란채소볶음밥 짬뽕국 짜장소스 군만두*장 취나물쌈장무침 포기김치/열대과일 양상추샐러드*망고D ,흑미밥 열무된장국 우불고기 (NeW)깐풍아귀 치커리무침 포기김치 ,986.0,478.0,2427.0,0.40626287597857436,21.820833333333336,24.8,19.6,,82.25,1.0,True
2020-09-09,수,3132.0,102.0,180.0,3.0,424.0,모닝롤/에그맥모닝 우유/주스 계란후라이 누룽지탕/흑미밥 호박된장국 느타리버섯볶음 양상추샐러드 포기김치 ,쌀밥/흑미밥/찰현미밥 홍합살미역국 수육*새우젓*쌈장 매콤볼어묵볶음 와사비무쌈 포기김치 양상추샐러드*키위D ,흑미밥 동태매운탕 궁중떡볶이 해초레몬무침 청경채나물 포기김치 ,965.0,374.0,2426.0,0.39777411376751853,24.425,28.5,21.7,,78.04166666666667,1.0,True
2020-09-10,목,3132.0,106.0,220.0,600.0,430.0,모닝롤/BLT샌드위치 우유/주스 계란후라이 고구마죽/흑미밥 순두부백탕 꽁치김치조림 양상추샐러드 포기김치 ,쌀밥/수수밥/찰현미밥 돈육김치찌개 수완왕갈비맛통닭 콩나물볶음 미나리초장무침 포기김치 그린샐러드*살구D ,충무김밥 우동장국 오징어무침 채소튀김*장 수제무말랭이무침 포기김치/요구르트 ,881.0,514.0,2376.0,0.3707912457912458,22.52083333333333,26.1,18.6,,85.20833333333333,1.0,True
2020-09-11,금,3132.0,211.0,259.0,2.0,376.0,모닝롤/프레즐 우유/주스 계란후라이 미역죽/흑미밥 근대국 몽골식돈육볶음 양상추샐러드 포기김치 ,쌀밥/흑미밥/찰현미밥 잔치국수 (New)수제어묵소세지핫도그 순대채소볶음 참나물두부무침 알타리김치 양상추샐러드*참깨D ,흑미밥 소고기무국 삼치구이 마늘쫑메추리알조림 매콤시래기된장지짐 포기김치 ,661.0,287.0,2286.0,0.2891513560804899,22.9375,28.2,19.8,,83.95833333333333,1.0,True
2020-09-14,월,3132.0,102.0,188.0,725.0,368.0,모닝롤/시나몬페스츄리 우유/주스 계란후라이 누룽지탕/흑미밥 황태해장국 감자채피망볶음 양상추샐러드 포기김치 ,쌀밥/흑미밥/찰현미밥 배추국 오리고추장불고기 모둠쌈*쌈장 미트볼채소볶음 포기김치/사과나무주스 양상추샐러드*오리엔탈D ,흑미밥 미역국 오징어채소볶음 (New)수제고기깻잎전 쪽파김무침 포기김치 ,1191.0,547.0,2474.0,0.48140662894098624,20.441666666666663,23.2,18.5,,86.29166666666667,1.0,True
2020-09-15,화,3132.0,79.0,209.0,676.0,422.0,모닝롤/토마토샌드위치 우유/주스 계란후라이 소고기죽/흑미밥 두부김칫국 새송이조림 양상추샐러드 포기김치 ,쌀밥/귀리밥/찰현미밥 순두부찌개 류산슬 가자미엿장구이 오이양파무침 포기김치/햇고구마오븐구이 견과류샐러드*땅콩D ,흑미밥 얼갈이된장국 닭간장볶음 라볶이 영양부추무침 포기김치 ,855.0,421.0,2422.0,0.35301403798513625,22.104166666666668,27.1,19.2,,82.125,,True
2020-09-16,수,3132.0,72.0,229.0,0.0,361.0,모닝롤/절편 우유/주스 계란후라이 누룽지탕/흑미밥 우거지국 콩나물무침 양상추샐러드 포기김치 ,쌀밥/흑미밥/찰현미밥 유부장국 목살찹스테이크 (New)빠네파스타 할라피뇨채소피클 포기김치 양상추샐러드*석류D ,흑미밥 매운닭개장 소고기계란장조림 타꼬야끼 열무나물 포기김치 ,953.0,362.0,2470.0,0.38582995951417004,22.625,28.1,18.3,,80.54166666666667,,True
2020-09-17,목,3132.0,84.0,245.0,588.0,368.0,모닝롤/야채샌드위치 우유/주스 계란후라이 흑임자죽/흑미밥 고추장찌개 야채소시지전*케찹 양상추샐러드 포기김치 ,쌀밥/흑미밥/찰현미밥 감자수제비국 쇠고기낙지볶음 채소탕수(연근/브로콜리/단호박) 건새우호박볶음 포기김치 양상추샐러드*매실D ,흑미밥 스팸김치찌개 수제돈까스 수제마늘바게트 가지무침 깍두기 ,797.0,504.0,2435.0,0.3273100616016427,21.354166666666668,22.8,20.0,,91.41666666666669,1.0,True
2020-09-18,금,3132.0,241.0,281.0,1.0,310.0,모닝롤/치즈볼 우유/주스 계란후라이 게살죽/흑미밥 매운어묵국 깻잎순볶음 양상추샐러드 포기김치 ,쌀밥/병아리콩/찰현미밥 버섯국 (New)고추마요치킨 비엔나떡조림 통도라지고추장구이 포기김치 시리얼샐러드*요거트D ,흑미밥 콩비지찌개 갈치카레구이 어묵잡채 오이보트샐러드 포기김치 ,570.0,256.0,2300.0,0.24782608695652175,20.77083333333333,23.3,18.2,,92.91666666666669,1.0,True
2020-09-21,월,3132.0,105.0,210.0,742.0,354.0,모닝롤/녹차카스테라 우유/주스 계란후라이 누룽지탕/흑미밥 호박된장국 연두부샐러드 양상추샐러드 포기김치 ,쌀밥/흑미밥/찰현미밥 옹심이만둣국 춘천닭갈비 주꾸미브로콜리숙회 청경채겉절이 포기김치/딸기푸딩 양상추샐러드*딸기D ,흑미밥 소고기무국 (New)오징어순대 스팸계란말이 풋고추양파무침 포기김치 ,1176.0,616.0,2463.0,0.4774665042630938,18.2375,26.6,10.8,,72.04166666666667,,True
2020-09-22,화,3132.0,99.0,224.0,600.0,342.0,모닝롤/BLT샌드위치 우유/주스 계란후라이 얼큰낙지죽/흑미밥 냉이국 가자미양념찜 양상추샐러드 포기김치 ,쌀밥/수수밥/찰현미밥 매운콩나물국 돈갈비찜 김말이강정 참나물무침 포기김치 과일샐러드 ,흑미밥 된장찌개 우불고기 어묵볶음 진미채오이무침 포기김치 ,908.0,384.0,2467.0,0.36805837049047424,17.266666666666666,24.3,11.3,,73.08333333333333,,True
2020-09-23,수,3132.0,88.0,234.0,1.0,345.0,모닝롤/대만샌드위치 우유/주스 계란후라이 누룽지탕/흑미밥 김칫국 취나물볶음 양상추샐러드 포기김치 ,쌀밥/흑미밥/찰현미밥 갈비탕 오향장육 한식잡채 부추고추장무침 석박지 양상추샐러드*오리엔탈D ,채소라면 김밥 가래떡오븐구이 꽃맛살샐러드 단무지 포기김치 ,970.0,412.0,2465.0,0.3935091277890467,17.691666666666666,23.0,13.9,,75.79166666666667,,True
2020-09-24,목,3132.0,102.0,262.0,505.0,314.0,모닝롤/치즈베이글 우유/주스 계란후라이 고구마죽/흑미밥 열무된장국 가지쇠고기볶음 양상추샐러드 포기김치 ,쌀밥/찰보리밥/찰현미밥 북엇국 콩나물파채불고기 해물파전 실곤약야채무침 겉절이김치/나쵸칩 그린샐러드*요거트D ,흑미밥 홍합탕 (New)등심찹쌀꿔바로우 건도토리묵파프리카볶음 연근깨소스무침 포기김치 ,739.0,392.0,2454.0,0.30114099429502855,18.675,22.3,13.6,,71.5,,True
2020-09-25,금,3132.0,237.0,287.0,1.0,265.0,모닝롤/모닝샌드 우유/주스 계란후라이 버섯죽/흑미밥 사골파국 오이생채 양상추샐러드 포기김치 ,쌀밥/흑미밥/찰현미밥 동태탕 닭다리살스테이크 고구마순볶음 감자조림 포기김치 황도샐러드*황도D ,흑미밥 근대국 고등어김치찜 두부고기조림 옛날소시지전*케찹 포기김치 ,540.0,230.0,2343.0,0.23047375160051217,20.375,24.4,15.9,,69.29166666666667,,True
2020-09-28,월,3132.0,985.0,188.0,81.0,142.0,모닝롤/애플파이 우유/주스 계란후라이 누룽지탕/흑미밥 유부김칫국 베이컨숙주볶음 양상추샐러드 포기김치 ,쌀밥/흑미밥/찰현미밥 떡만두국 오리대패불고기 꽁치캔김치조림 파프리카해초무침 포기김치/사과/식혜 양상추샐러드*딸기D ,흑미밥 우거지된장국 닭볶음탕 섭산적데리야끼조림 콩나물무침 포기김치 ,358.0,165.0,1817.0,0.19702806824435884,18.391666666666666,24.5,13.7,,76.125,,True
2020-10-05,월,3008.0,91.0,131.0,825.0,292.0,모닝롤/흑미쌀찐빵 우유/주스 계란후라이 누룽지탕/흑미밥 북엇국 메추리알곤약조림 양상추샐러드 포기김치 ,쌀밥/흑미밥/찰현미밥 건새우미역국 매운소불고기 춘권튀김*칠리소스 쫄면채소무침 포기김치 양상추샐러드*오미자D ,흑미밥 된장찌개 (New)코코뱅 고구마치즈구이 오이생채 포기김치 ,1252.0,595.0,2494.0,0.5020048115477145,19.829166666666666,24.7,16.2,,82.5,1.0,True
2020-10-06,화,3008.0,64.0,183.0,804.0,279.0,모닝롤/햄에그샌드위치 우유/주스 계란후라이 홍합죽/흑미밥 아욱국 비엔나브로콜리볶음 양상추샐러드 포기김치 ,단호박카레라이스 통계란꼬치어묵탕 두부강정 고추장누들떡볶이 치커리무침 열무김치 요거트파르페 ,흑미밥 콩나물국 돈육김치볶음 (New)명란연근전 꼬시래기무침 포기김치 ,977.0,545.0,2482.0,0.3936341659951652,16.1125,21.1,10.8,,51.583333333333336,,True
2020-10-07,수,3008.0,54.0,232.0,6.0,292.0,모닝롤/고르곤졸라피자 우유/주스 계란후라이 오곡죽/흑미밥 바지락살국 토란탕 연두부샐러드 포기김치 ,쌀밥/흑미밥/찰현미밥 꽃게탕 바베큐장각오븐구이 버섯초무침 파프리카감자채볶음 포기김치/인절미 시금치샐러드*오리엔탈D ,흑미밥 매운순대국밥 고추튀김*장 채소스틱 애호박새우젓나물 겉절이김치 ,880.0,547.0,2430.0,0.36213991769547327,15.295833333333334,22.6,8.3,,61.25,,True
2020-10-08,목,3008.0,88.0,225.0,734.0,249.0,모닝롤/야채샌드위치 우유/주스 계란후라이 누룽지탕/흑미밥 순두부백탕 고기완자전*케찹 양상추샐러드 포기김치 ,쌀밥/렌틸콩밥/찰현미밥 우거지된장국 (New)하와이언치즈함박스테이크 닭살겨자냉채 부추무침 총각김치 양상추샐러드*살구D ,흑미밥 쇠고기무국 시래기삼치조림 계란찜 사과청경채무침 포기김치 ,923.0,345.0,2446.0,0.3773507767784137,16.729166666666668,22.7,10.8,,61.958333333333336,,True
2020-10-12,월,3008.0,105.0,215.0,555.0,221.0,모닝롤/와플&생크림 우유/주스 계란후라이 누룽지탕/흑미밥 매운버섯국 취나물볶음 연두부샐러드 포기김치 ,쌀밥/흑미밥/찰현미밥 김칫국 훈제오리볶음 오이볶음 시금치고추장나물 포기김치/찹쌀호떡 양상추샐러드*매실D ,흑미밥 유부주머니된장국 돈사태떡찜 마카로니치즈범벅 고들빼기무침 포기김치 ,1096.0,466.0,2467.0,0.44426428860964734,16.55,22.4,11.1,,71.83333333333333,,True
2020-10-13,화,3008.0,72.0,248.0,534.0,188.0,모닝롤/모닝샌드위치 우유/주스 계란후라이 잣죽/흑미밥 맑은감자국 연근땅콩조림 양상추샐러드 포기김치 ,쌀밥/수수밥/찰현미밥 순남시래기국 장어고추장양념구이 알배기/깻잎/생강채*쌈장 청양부추전 포기김치/배도라지주스 양상추샐러드*파인애플D ,흑미밥 배추된장국 닭간장조림 미더덕콩나물찜 마늘쫑볶음 포기김치 ,839.0,420.0,2500.0,0.3356,17.216666666666665,24.8,12.1,,73.16666666666667,,True
2020-10-14,수,3008.0,68.0,267.0,3.0,171.0,모닝롤/라즈베리빵 우유/주스 계란후라이 바지락죽/흑미밥 참치김치찌개 스팸구이 양상추샐러드 포기김치 ,쌀밥/흑미밥/찰현미밥 두부된장찌개 (New)해물보쌈&채소숙회 츄러스채소맛탕 도라지나물볶음 겉절이김치 만다린샐러드*오렌지D ,흑미밥 어묵매운탕 등심돈까스 꽁치한마리구이*와사비장 얼갈이나물 포기김치 ,797.0,382.0,2502.0,0.31854516386890486,14.666666666666666,22.1,9.1,,63.75,,True
2020-10-15,목,3008.0,97.0,269.0,898.0,175.0,모닝롤/프렌치토스트 우유/주스 계란후라이 누룽지탕/흑미밥 들깨무채국 감자맛살볶음 양상추샐러드 포기김치 ,쌀밥/흑미밥/찰현미밥 홍합살무국 돈갈비양념구이 두반장가지볶음 청경채무침 포기김치/(New)수제단호박식혜 시리얼샐러드*요거트D ,(New)케일쌈밥*씨앗쌈장 미역국 대패삼겹숙주볶음 연두부계란찜 상추무침 포기김치 ,793.0,400.0,2467.0,0.32144304823672476,13.175,21.9,6.7,,62.29166666666666,,True
2020-10-16,금,3008.0,180.0,270.0,4.0,180.0,모닝롤/야채샌드위치 우유/주스 계란후라이 낙지죽/흑미밥 콩나물국 생깻잎지 양상추샐러드 포기김치 ,쌀밥/흑미밥/찰현미밥 매운쇠고기국 갈릭순살치킨 임연수무조림 브로콜리쌈장무침 열무김치 양상추샐러드*오리엔탈D ,흑미밥 짬뽕국 해물볶음우동 (New)수제불고기버거 매콤호박볶음 포기김치 ,660.0,436.0,2378.0,0.27754415475189237,14.029166666666669,22.3,8.6,,52.625,,True
2020-10-19,월,3008.0,143.0,211.0,588.0,135.0,모닝롤/촉촉한치즈빵 우유/주스 계란후라이 누룽지탕/흑미밥 순두부계란국 시금치나물 양상추샐러드 포기김치 ,쌀밥/흑미밥/찰현미밥 얼갈이된장국 쭈꾸미삼겹살볶음 단호박어묵탕수 쌈추/와사비무쌈*쌈장 포기김치/푸딩 양상추샐러드*딸기D ,흑미밥 닭개장 삼치구이*데리야끼소스 건도토리묵파프리카볶음 부추무침 포기김치 ,1035.0,457.0,2519.0,0.4108773322747122,13.841666666666669,21.7,7.5,,72.20833333333333,,True
2020-10-20,화,3008.0,84.0,241.0,518.0,144.0,모닝롤/BLT샌드위치 우유/주스 계란후라이 게살죽/흑미밥 냉이바지락국 모둠장조림 양상추샐러드 포기김치 ,쌀밥/찰보리밥/찰현미밥 유부김칫국 치킨까스&소스 아귀콩나물찜 연근유자피클 포기김치/요플레 크루통샐러드*오리엔탈D ,(New)꼬막비빔밥 우거지국 김말이강정 김치전 해초무침 포기김치 ,851.0,372.0,2539.0,0.33517132729421034,12.85,21.8,5.5,,68.29166666666667,,True
2020-10-21,수,3008.0,107.0,239.0,6.0,160.0,모닝롤/흑미쌀찐빵 우유/주스 계란후라이 누룽지탕/흑미밥 근대국 파래김*양념장 연두부샐러드 포기김치 ,쌀밥/흑미밥/찰현미밥 미역미소시루국 (New)연어스테이크 차돌비빔국수 토마토계란볶음 쌈추겉절이/핫도그 양상추샐러드*키위D ,흑미밥 고추장찌개 소불고기 진미채무말랭이무침 햄감자볶음 포기김치/열무김치볶음 ,887.0,336.0,2502.0,0.3545163868904876,12.8125,23.0,5.2,,68.79166666666667,,True
2020-10-22,목,3008.0,116.0,271.0,791.0,162.0,모닝롤/모닝샌드위치 우유/주스 계란후라이 고구마죽/흑미밥 대구지리탕 시래기지짐 양상추샐러드 포기김치 ,쌀밥/ 곤드레밥/찰현미밥 된장찌개 돼지고추장불고기 버섯잡채 삼색물만두무침 겉절이김치/양념장 견과류샐러드*요거트D ,흑미밥 부대찌개 샤워크림새우 두부조림 콘슬로우 깍두기 ,799.0,423.0,2459.0,0.32492883285888574,12.929166666666667,17.8,8.6,,85.41666666666667,1.0,True
2020-10-23,금,3008.0,223.0,283.0,2.0,135.0,모닝롤/삼색샌드위치 우유/주스 계란후라이 흑임자죽/흑미밥 어묵국 가지양파나물 양상추샐러드 포기김치 ,쌀밥/흑미밥/찰현미밥 북엇국 춘천닭갈비 건새우호박채전 오이생채 포기김치 양상추샐러드*오렌지D ,흑미밥 아욱국 고르곤졸라피자 (New)봉골레파스타 참나물초장무침 포기김치/마늘바게트 ,648.0,389.0,2367.0,0.2737642585551331,14.7875,18.4,12.1,,82.54166666666667,1.0,True
2020-10-26,월,3008.0,156.0,228.0,570.0,144.0,모닝롤/치즈케익 우유/주스/아메리카노 계란후라이 누룽지탕/흑미밥 황태해장국 애호박새우젓볶음 연두부샐러드 포기김치 ,쌀밥/흑미밥/찰현미밥 맑은콩나물국 묵은지닭볶음탕 생선까스&타르타르소스 브로콜리숙회 포기김치/요구르트 양상추샐러드*매실D ,흑미밥 순두부찌개 제육춘장볶음 오이보트샐러드 상추*양념장 포기김치 ,1069.0,444.0,2480.0,0.4310483870967742,10.608333333333333,20.9,2.5,,72.29166666666667,,True
2020-10-27,화,3008.0,105.0,265.0,496.0,136.0,모닝롤/게살모닝샌드위치 우유/주스 계란후라이 단호박죽/흑미밥 시금치국 고사리들깨볶음 양상추샐러드 포기김치 ,쌀밥/기장밥/찰현미밥 쇠고기미역국 오삼불고기 계란말이 유부채소겨자무침 포기김치 감자고구마샐러드 ,애플카레라이스 우동국물 (NEW)가지탕수 숯불양념꼬치어묵 단무지양념무침 포기김치 ,839.0,392.0,2502.0,0.33533173461231014,11.208333333333334,21.0,3.9,,74.375,,True
2020-10-28,수,3008.0,105.0,287.0,3.0,138.0,모닝롤/베이글 우유/주스 계란후라이 누룽지탕/흑미밥 바지락무국 참치채소볶음 양상추샐러드 포기김치 ,쌀밥/흑미밥/찰현미밥 삼계탕 고기완자전 방풍나물 채소스틱&쌈장/석박지 (New)수제토마토청에이드 양상추샐러드*유자D ,흑미밥 사골옹심이만둣국 스태프핫도그 가자미양념찜 쪽파김무침 포기김치 ,791.0,293.0,2478.0,0.3192090395480226,11.479166666666666,21.5,5.1,,74.875,,True
2020-10-29,목,3008.0,131.0,298.0,418.0,137.0,모닝롤/야채샌드위치 우유/주스 계란후라이 버섯굴죽/흑미밥 된장찌개 비엔나채소볶음 양상추샐러드 포기김치 ,쌀밥/차조밥/찰현미밥 (New)고구마순등뼈탕 깐풍기 감자채볶음 도토리묵*양념장 겉절이김치/단감 양상추샐러드*망고D ,김주먹밥 잔치국수 쇠고기육전 콩나물무침 양념고추지 열무김치 ,667.0,388.0,2442.0,0.27313677313677315,12.9375,20.2,9.1,,79.54166666666667,,True
2020-10-30,금,3008.0,340.0,298.0,1.0,107.0,모닝롤/블루베리프렌치토스트 우유/주스 계란후라이 녹두죽/흑미밥 김칫국 양념깻잎지찜 양상추샐러드 포기김치 ,쌀밥/흑미밥/찰현미밥 건새우아욱국 쇠고기숙주볶음 적어양념장구이 통들깨부추무침 무생채 양상추샐러드*오리엔탈D ,흑미밥 컵라면&찐계란 순대채소볶음 (NEW)까르보나라떡볶이 근대고추장무침 포기김치 ,398.0,259.0,2263.0,0.17587273530711445,10.595833333333331,19.6,2.8,,65.75,,True
2020-11-02,월,3021.0,162.0,213.0,616.0,132.0,모닝롤/파운드케익 우유/주스 계란후라이 누룽지탕/흑미밥 꽃게탕 느타리버섯볶음 연두부샐러드 포기김치 ,쌀밥/흑미밥/찰현미밥 돼지김치찌개 (New)짜파치킨 당면채소무침 얼갈이나물 포기김치/고구마오븐구이 양상추샐러드*밀감D ,흑미밥 열무된장국 주꾸미채소볶음 햄전&케찹 건파래볶음 포기김치 ,1150.0,498.0,2514.0,0.45743834526650756,11.158333333333331,14.1,6.6,,83.5,1.0,True
2020-11-03,화,3021.0,100.0,270.0,530.0,107.0,모닝롤/야채샌드위치 우유/주스 계란후라이 잣죽/흑미밥 소고기무국 연근땅콩조림 양상추샐러드 포기김치 ,쌀밥/수수밥/찰현미밥 동태매운탕 대패삼겹살볶음 어묵고추장볶음 상추/쑥갓쌈&쌈장 포기김치 양상추샐러드*자몽D ,유부초밥/쌀밥 온모밀국수 돈까스김치나베 양배추샐러드&사우전D 오이지무침 무생채 ,810.0,356.0,2544.0,0.31839622641509435,12.491666666666667,18.4,5.3,,79.08333333333333,1.0,True
2020-11-04,수,3021.0,112.0,283.0,1.0,123.0,모닝롤/불고기브리또 우유/주스 계란후라이 누룽지탕/흑미밥 오징어무국 섭산적채소조림 양상추샐러드 포기김치 ,전주비빔밥 바지락냉이국 찰떡떡갈비조림 모둠버섯볶음 (New)수제참나물장아찌 겉절이김치/(New)수제사과계피차 양상추샐러드*딸기D ,흑미밥 콩나물국 순살닭강정 치즈계란찜 감자간장조림 포기김치 ,789.0,334.0,2503.0,0.31522173391929686,7.3125,13.0,2.4,,59.25,,True
2020-11-05,목,3021.0,114.0,306.0,464.0,116.0,모닝롤/모닝샌드위치 우유/주스 계란후라이 팥죽/흑미밥 배추국 돈육마늘장조림 양상추샐러드 포기김치 ,쌀밥/완두콩밥/찰현미밥 홍합국 쇠고기낙지볶음 과일그라탕 물미역*초장 알타리김치 양상추샐러드*오리엔탈D ,흑미밥 고기짬뽕국 자반고등어찜 (New)마약계란장조림 시금치나물 열무김치 ,596.0,422.0,2485.0,0.2398390342052314,5.433333333333334,15.0,-1.3,,63.04166666666666,,True
2020-11-06,금,3021.0,266.0,305.0,1.0,119.0,모닝롤/크로크무슈 우유/주스 계란후라이 채소죽/흑미밥 호박새우젓국 해물동그랑땡전 양상추샐러드 포기김치 ,쌀밥/흑미밥/찰현미밥 근대된장국 수제탕수육 매콤해물볶음 치커리오이무침 포기김치 양상추샐러드*참깨D ,오뗄햄김밥 김치어묵탕 백종원의사라다빵 가지나물 꼬들단무지 포기김치 ,459.0,276.0,2331.0,0.1969111969111969,6.641666666666667,15.8,-2.1,,64.04166666666667,,True
2020-11-09,월,3021.0,144.0,241.0,691.0,131.0,모닝롤/카스테라 우유/주스 계란후라이 누룽지탕/흑미밥 냉이국 시금치나물무침 연두부샐러드 포기김치 ,쌀밥/흑미밥/찰현미밥 아욱된장국 매운족발볶음 해물까스*타르타르소스 돌나물유자청무침/포기김치 (New)수제생강대추차 양상추샐러드*매실D ,흑미밥 닭개장 삼치데리야끼구이 오이양파무침 콩나물볶음 포기김치 ,1076.0,430.0,2505.0,0.4295409181636727,10.1625,19.2,2.4,,55.833333333333336,,True
2020-11-10,화,3021.0,104.0,289.0,526.0,124.0,모닝롤/고르곤졸라 우유/주스 계란후라이 흑임자죽/흑미밥 대구지리탕 브로콜리맛살볶음 양상추샐러드 포기김치 ,쌀밥/귀리밥/찰현미밥 미역국 동파육 청경채/버섯숙회*초장 도라지볶음 겉절이김치/꽈배기도넛 양상추샐러드*포도D ,채소볶음밥 유부장국 자장소스 한식잡채 계란후라이/요구르트 깍두기 ,784.0,335.0,2504.0,0.31309904153354634,8.541666666666666,14.3,3.5,,39.25,,True
2020-11-11,수,3021.0,105.0,303.0,1.0,115.0,모닝롤/야채샌드위치 우유/주스 계란후라이 누룽지탕/흑미밥 떡국 참치김치볶음 양상추샐러드 포기김치 ,쌀밥/흑미밥/찰현미밥 한방설렁탕 골뱅이채소무침 개성식메밀부침개 참나물무침 석박지/귤 양상추샐러드*오미자D ,흑미밥 김칫국 간장마늘치킨 (New)미니에그슬럿버거 감자채카레볶음 얼갈이열무겉절이 ,747.0,316.0,2498.0,0.2990392313851081,8.041666666666666,16.5,1.7,,56.75,,True
2020-11-12,목,3021.0,125.0,308.0,464.0,105.0,모닝롤/단호박피자빵 우유/주스 계란후라이 채소죽/흑미밥 우거지국 스팸구이 양상추샐러드 포기김치 ,쌀밥/수수밥/찰현미밥 북엇국 해물돼지갈비찜 타꼬야끼 숙주미나리무침 갓김치 양상추샐러드*만다린D ,흑미밥 꽃게탕 우불고기볶음 진미채오이무침 가지나물 포기김치 ,678.0,319.0,2483.0,0.2730567861457914,6.341666666666666,16.2,-1.1,,62.75,,True
2020-11-13,금,3021.0,317.0,292.0,0.0,116.0,모닝롤/모닝샌드위치 우유/주스 계란후라이 오곡죽/흑미밥 바지락무국 버섯볶음 양상추샐러드 포기김치 ,쌀밥/흑미밥/찰현미밥 시금치된장국 안동찜닭 수제두부까스&하이소스 톳무침 포기김치/나쵸 양상추샐러드*요거트D ,흑미밥 계란파국 퀘사디아 갈치무조림 고구마순들깨볶음 열무김치 ,529.0,226.0,2296.0,0.2304006968641115,7.308333333333334,18.5,0.2,,72.0,,True
2020-11-16,월,3021.0,164.0,217.0,733.0,128.0,모닝롤/흑미쌀찐빵 우유/주스 계란후라이 누룽지탕/흑미밥 전주식콩나물국해장국 양념김 양상추샐러드 포기김치 ,쌀밥/흑미밥/찰현미밥 호박된장찌개 오리주물럭 메추리알탕수 부추양파무침 포기김치/바나나 양상추샐러드*망고D ,흑미밥 옹심이만둣국 꽁채캔김치조림 감자채전*장 연근깨소스무침 열무김치 ,1068.0,478.0,2512.0,0.4251592356687898,10.225,19.1,3.2,,79.54166666666667,,True
2020-11-17,화,3021.0,112.0,274.0,691.0,119.0,모닝롤/햄치즈샌드위치 우유/주스 계란후라이 바지락죽/흑미밥 사골우거지국 쑥갓나물 (New)에그샐러드 포기김치 ,쌀밥/찰보리밥/찰현미밥 미소장국 알리오올리오파스타 두부고기양념찜 해파리냉채 겉절이김치/미니버거 양상추샐러드*딸기D ,흑미밥 버섯육개장 몽골식돈육볶음&꽃빵 양념깻잎지 마늘종멸치볶음 포기김치 ,784.0,406.0,2516.0,0.31160572337042924,10.7625,21.3,3.5,,73.95833333333333,,True
2020-11-18,수,3021.0,93.0,282.0,0.0,123.0,모닝롤/베이컨맥모닝 우유/주스 계란후라이 단호박크림스프/흑미밥 냉이국 호박숙 마샐러드 포기김치 ,쌀밥/흑미밥/찰현미밥 순두부찌개 ( New)요거닭 비엔나채소볶음 오이쑥갓생채 포기김치/라면땅 양상추샐러드*매실D ,흑미밥 매운순대국 오징어굴소스볶음 동그랑땡강정 고추지무침 석박지 ,774.0,305.0,2523.0,0.30677764565992865,14.808333333333332,18.8,11.3,,76.33333333333333,,True
2020-11-19,목,3021.0,144.0,277.0,541.0,110.0,모닝롤/모닝샌드위치 우유/주스 계란후라이 누룽지/흑미밥 맑은감자국 옛날소시지전*케찹 양상추샐러드 포기김치 ,쌀밥/검정콩밥/찰현미밥 얼갈이된장국 쇠고기당면볶음 가자미유린기 물미역*초장 포기김치 양상추샐러드*오리엔탈D ,꼬치어묵매운탕 떡갈비주먹밥/추가밥 채소볶음우동 콘샐러드 단무지무침 포기김치 ,653.0,486.0,2490.0,0.26224899598393575,17.583333333333332,23.2,13.3,,88.08333333333333,1.0,True
2020-11-20,금,3021.0,343.0,292.0,0.0,147.0,모닝롤/야채샌드위치 우유/주스 계란후라이 참치채소죽/흑미밥 닭살해장국 더덕무침 양상추샐러드 포기김치 ,쌀밥/흑미밥/찰현미밥 황태채국 제육고추장불고기 쌈추/깻잎*쌈장 콩나물파채무침 포기김치 황도샐러드*황도D ,흑미밥 부대찌개 생선까스*타르타르소스 김계란말이 상추무침 포기김치 ,747.0,220.0,2239.0,0.33363108530594016,19.866666666666667,23.3,14.1,,85.04166666666667,1.0,True
2020-11-23,월,3021.0,198.0,208.0,899.0,261.0,모닝롤/절편 우유/주스 계란후라이 누룽지탕/흑미밥 배추된장국 감자햄볶음 양상추샐러드 포기김치 ,쌀밥/흑미밥/찰현미밥 어묵매운탕 (New)버터치킨카레소스 등심돈까스 솎음열무나물 포기김치/홍시 양상추샐러드*자몽D ,흑미밥 쇠고기미역국 방어양념장구이 옥수수계란찜 새우살호박볶음 열무김치 ,1292.0,730.0,2354.0,0.5488530161427357,9.679166666666667,12.0,7.0,,82.125,1.0,True
2020-11-24,화,3021.0,202.0,181.0,878.0,357.0,모닝롤/모닝샌드위치 우유/주스 계란후라이 게살채소죽/흑미밥 고추장찌개 토란탕 연두부샐러드 포기김치 ,쌀밥/차조밥/찰현미밥 불낙찌개 코다리강정 (New)참치두부전 시금치나물 포기김치 크루통샐러드*딸기D ,흑미밥 청양콩나물국 목살스테이크 미나리무침 오이보트샐러드 포기김치 ,1156.0,704.0,2281.0,0.5067952652345462,6.608333333333334,12.2,1.3,,57.16666666666666,,True
2020-11-25,수,3021.0,206.0,191.0,3.0,387.0,모닝롤/베이글 우유/주스 계란후라이 녹두죽/흑미밥 아귀지리탕 돈사태찜 양상추샐러드 포기김치 ,쌀밥/흑미밥/찰현미밥 콩비지김치찌개 해물누룽지탕 탕평채 고추장감자조림 깍두기/수제과일잼샌드 양상추샐러드*요거트D , ＜자기 계발의 날＞      ,1146.0,0.0,2237.0,0.5122932498882432,5.633333333333333,13.3,0.5,,58.583333333333336,,True
2020-11-26,목,3021.0,230.0,219.0,641.0,391.0,모닝롤/핫케익 우유/주스 계란후라이 누룽지/흑미밥 순두부백탕 건새우무조림 양상추샐러드 포기김치 ,쌀밥/강낭콩밥/찰현미밥 조갯살아욱국 돼지간장불고기 (New)깐풍연근 취나물무침 겉절이김치 양상추샐러드*오리엔탈D ,흑미밥 우동국물 (New)수제부들어묵잡채튀김 치즈닭갈비/계란후라이 깻잎쌈*청양마요소스 무생채 ,1034.0,606.0,2181.0,0.474094452086199,6.8125,15.5,0.6,,59.583333333333336,,True
2020-11-27,금,3021.0,406.0,235.0,2.0,301.0,모닝롤/야채샌드위치 우유/주스 계란후라이 콩죽/흑미밥 매생이굴국 베이컨숙주볶음 양상추샐러드 포기김치 ,쌀밥/흑미밥/찰현미밥 팽이된장국 오징어볶음 고기완자전*케찹 이연복의 청경채찜 포기김치 양상추샐러드*키위D ,추가밥 황태국수 돈수육*쌈장 모둠채소무침 풋고추/양파*쌈장 수제보쌈김치 ,895.0,303.0,2079.0,0.4304954304954305,7.2375,13.6,3.0,,63.25,,True
2020-11-30,월,3021.0,253.0,148.0,798.0,345.0,모닝롤/고르곤졸라 우유/주스 계란후라이 누룽지탕/흑미밥 꽃게탕 호박채볶음 양상추샐러드 포기김치 ,쌀밥/흑미밥/찰현미밥 굴미역국 닭간장조림 스팸계란전 쑥갓나물 포기김치/붕어빵 눈꽃치즈샐러드*감귤D ,흑미밥 동태탕 (New)아롱사태샐러드*들깨소스 감자채파프리카볶음 세발나물무침 포기김치 ,1273.0,712.0,2275.0,0.5595604395604395,3.2458333333333336,10.4,-2.6,,60.208333333333336,,True
2020-12-01,화,2990.0,204.0,161.0,878.0,408.0,모닝롤/(New)오리훈제샌드위치 우유/주스 계란후라이 고구마죽/흑미밥 버섯맑은국 연근땅콩조림 연두부샐러드 포기김치 ,쌀밥/찰보리밥/찰현미밥 김치두부국 LA갈비구이 한식잡채 삼색유자청무침 포기김치/오프룻요거트 펜네파스타샐러드/축하떡 ,마파두부 홍합짬뽕국 샤워크림새우 물만두찜*장 짜사이볶음 백김치 ,1324.0,685.0,2217.0,0.5972034280559314,4.0,10.3,-1.7,,56.16666666666666,,True
2020-12-02,수,2990.0,223.0,157.0,5.0,398.0,모닝롤/에그타르트 우유/주스 계란후라이 잣죽/흑미밥 황태채국 봄동나물 토마토리코타치즈샐러드 포기김치 ,(New)바지락비빔밥 (쌀밥/찰현미밥) 팽이장국 메밀전병 채소프리타타 산고추지무침/겉절이김치 양상추샐러드*매실D ,흑미밥 계란파국 묵은지삼겹살찜 궁중떡볶이 참나물겉절이 깍두기 ,1188.0,523.0,2212.0,0.5370705244122965,2.220833333333333,10.6,-4.4,,54.54166666666666,,True
2020-12-03,목,2990.0,242.0,219.0,667.0,361.0,모닝롤/야채샌드위치 우유/주스 계란후라이 누룽지/흑미밥 사골파국 오이생채 양상추샐러드 포기김치 ,쌀밥/팥밥/찰현미밥 된장찌개 오향장육 더덕구이 양배추/다시마쌈*씨앗쌈장 포기김치 양상추샐러드*발사믹D ,흑미밥 맑은콩나물국 (New)단호박치즈해물찜 이색묵(올방개/클로렐라)*양념장 고구마순볶음 포기김치 ,1059.0,466.0,2168.0,0.4884686346863469,2.85,10.5,-2.0,,51.25,,True
2020-12-04,금,2990.0,427.0,233.0,3.0,292.0,모닝롤/모닝샌드위치 우유/주스 계란후라이 새알팥죽/흑미밥 시금치고추장국 야채소시지전 양상추샐러드 포기김치 ,쌀밥/흑미밥/찰현미밥 육개장 (New)교촌윙 갈치감자조림 톳두부무침 포기김치 양상추샐러드*파인D ,흑미밥 얼갈이된장국 낙지볶음*소면 노가리고추조림 미나리전 겉절이김치 ,858.0,197.0,2038.0,0.4210009813542689,3.554166666666667,10.3,-2.3,,55.29166666666666,,True
2020-12-07,월,2990.0,211.0,185.0,941.0,339.0,모닝롤/파운드케익 우유/주스 계란후라이 누룽지탕/흑미밥 아욱국 참치채소볶음 양상추샐러드 포기김치 ,쌀밥/흑미밥/찰현미밥 유부주머니국 삼겹살김치볶음 두부구이 어묵간장조림 포기김치/귤 양상추샐러드*오미지D ,흑미밥 옹심이감자국 치킨까스*데미소스 쇠고기가지조림 상추무침 포기김치 ,1317.0,742.0,2255.0,0.5840354767184035,2.5083333333333333,11.5,-3.8,,72.20833333333333,,True
2020-12-08,화,2990.0,172.0,182.0,852.0,377.0,모닝롤/베이컨에그슬럿 우유/주스 계란후라이 홍합죽/흑미밥 순두부찌개 재래김*양념장 양상추샐러드 포기김치 ,쌀밥/기장밥/찰현미밥 우거지국 훈제오리마늘볶음 아귀콩나물찜 봄동나물 포기김치/꿀호떡 양상추샐러드*요거트D ,김치볶음밥 미소된장국 수제등심찹쌀꿔바로우 계란후라이 실곤약채소무침 석박지 ,1138.0,679.0,2259.0,0.5037627268702966,2.6666666666666665,10.6,-3.3,,78.25,,True
2020-12-09,수,2990.0,199.0,191.0,2.0,419.0,모닝롤/야채샌드위치 우유/주스 계란후라이 오곡죽/흑미밥 대구지리 새우완자전*케찹 병아리*렌틸콩샐러드 양상추샐러드/포기김치 ,쌀밥/흑미밥/찰현미밥 호박고추장찌개 만가닥버섯불고기 치즈계란찜 크래미해초무침 겉절이김치 양상추샐러드*딸기D ,흑미밥 부대찌개 해물볶음 메추리알꽈리고추조림 참나물무침 포기김치 ,994.0,384.0,2181.0,0.4557542411737735,2.379166666666667,8.7,-2.5,,63.083333333333336,,True
2020-12-10,목,2990.0,212.0,229.0,683.0,337.0,모닝롤/애플파이 우유/주스 계란후라이 누룽지/흑미밥 냉이바지락국 양념깻잎지 양상추샐러드 포기김치 ,쌀밥/수수밥/찰현미밥 북엇국 제육고추장불고기 고등어카레구이 알배기/상추*쌈장 깍두기 양상추샐러드*오리엔탈D ,미트볼파스타*추가밥 유부장국 딤섬 브로콜리숙회*초장 열무된장나물 포기김치 ,975.0,518.0,2212.0,0.4407775768535262,0.6666666666666666,10.6,-5.6,,63.625,,True
2020-12-11,금,2990.0,398.0,228.0,0.0,292.0,모닝롤/모닝샌드위치 우유/주스 계란후라이 소고기채소죽/흑미밥 콩나물해장국 몽골식돈육볶음 양상추샐러드 포기김치 ,쌀밥/흑미밥/찰현미밥 근대국 닭다리살스테이크 단호박채소전 진미채오이무침 포기김치 양상추샐러드*망고D ,흑미밥 컵라면&찐계란 수제오징어튀김 매운떡볶이*순대찜 단무지무침 포기김치 ,742.0,334.0,2072.0,0.3581081081081081,3.275,10.1,-1.8,,60.0,,True
2020-12-14,월,2990.0,221.0,142.0,892.0,336.0,모닝롤/고구마오븐구이 우유/주스 계란후라이 누룽지탕/흑미밥 유부김칫국 브로콜리맛살볶음 보코치니샐러드 포기김치 ,쌀밥/흑미밥/찰현미밥 (New)누룽지장각백숙 (New)캔꽁치튀김 쫄면채소무침 풋고추양파쌈장무침 석박지/청포도주스 양상추샐러드*키위요거트D ,흑미밥 꼬치어묵매운탕 쇠고기청경채볶음 새송이버섯조림 깻잎고기전 포기김치 ,1329.0,666.0,2291.0,0.5800960279353994,3.241666666666667,11.6,-3.1,,59.79166666666666,,True
2020-12-15,화,2990.0,203.0,179.0,814.0,400.0,모닝롤/햄에그샌드 우유/주스 계란후라이 버섯죽/흑미밥 호박새우젓국 섭산적조림 양상추샐러드 포기김치 ,쌀밥/차조밥/찰현미밥 굴떡국 콩나물파채불고기 쌈배추/양상추*쌈장 건취나물볶음 포기김치 과일샐러드 ,고추잡채덮밥 손수제비국 (New)칠리가지탕수 자장소스 단무지무침 포기김치 ,1202.0,633.0,2208.0,0.5443840579710145,-0.7625000000000001,1.9,-3.6,,33.375,,True
2020-12-16,수,2990.0,195.0,187.0,1.0,359.0,모닝롤/길거리토스트 우유/주스 계란후라이 단호박죽/흑미밥 황태해장국 매콤사태찜 양상추샐러드 포기김치 ,쌀밥/흑미밥/찰현미밥 (New)돈갈비김치찌개 해물완자전 가자미무조림 시금치나물 겉절이김치 황도샐러드*황도D ,흑미밥 쇠고기무국 오징어떡볶음 물파래초무침 숙주미나리나물 포기김치 ,1135.0,450.0,2249.0,0.5046687416629613,-2.55,1.9,-5.7,,39.125,,True
2020-12-17,목,2990.0,226.0,184.0,653.0,334.0,모닝롤/프레즐 우유/주스 계란후라이 누룽지/흑미밥 꽃게된장국 두부양념찜 양상추샐러드 포기김치 ,쌀밥/흑미밥/찰현미밥 (New)인도커리&난 (New)탄두리치킨 문어꽈리고추조림 세발나물무침 오이소박이 그린샐러드*오리엔탈D ,흑미밥 순두부백탕*양념장 제육간장불고기 매운감자조림 (New)배추오이흑임자무침 포기김치 ,1096.0,438.0,2246.0,0.4879786286731968,-2.975,2.9,-8.5,,51.25,,True
2020-12-18,금,2990.0,403.0,196.0,1.0,307.0,모닝롤/살라미샌드위치 우유/주스 계란후라이 미역소고기죽/흑미밥 들깨무채국 어묵고추장볶음 양상추샐러드 포기김치 ,쌀밥/흑미밥/찰현미밥 동태알탕 수제돈까스&소스 청양고추계란말이 달래무침 포기김치 양배추샐러드*사우전D ,흑미밥 맑은버섯닭개장 참치김치볶음 도토리묵*양념장 쑥갓겉절이 깍두기 ,917.0,274.0,2084.0,0.44001919385796545,-2.283333333333333,5.5,-9.0,,57.54166666666666,,True
2020-12-21,월,2990.0,248.0,153.0,526.0,339.0,모닝롤/소보로빵 우유/주스 계란후라이 누룽지탕/흑미밥 콩나물김칫국 고기완자전&케찹 양상추샐러드 포기김치 ,쌀밥/흑미밥/찰현미밥 바지락살무국 오삼불고기 소고기잡채 유채나물무침 포기김치/새알팥죽 양상추샐러드*매실D ,(New)치킨마요덮밥 팽이장국 (New)어떡햄 계란후라이 도라지초무침 김치볶음 ,1256.0,327.0,2250.0,0.5582222222222222,0.0041666666666667,7.3,-5.8,,46.54166666666666,,True
2020-12-22,화,2990.0,270.0,171.0,362.0,330.0,모닝롤/카야잼샌드 우유/주스 계란후라이 녹두죽/흑미밥 매생이국 베이컨감자볶음 양상추샐러드 포기김치 ,쌀밥/차조밥/찰현미밥 매운쇠고기샤브샤브 하와이언함박스테이크 토마토두부카프레제 냉이나물무침 봄동겉절이/마늘바게트 양상추샐러드*시저D ,흑미밥 아귀매운탕 돈갈비찜 오이선 고구마순볶음 포기김치 ,984.0,319.0,2219.0,0.4434429923388914,-1.2208333333333334,7.5,-7.0,,66.375,,True
2020-12-23,수,2990.0,402.0,193.0,5.0,324.0,모닝롤/호떡맥모닝 우유/주스 계란후라이 흑임자죽/흑미밥 맑은버섯국 연근호두조림 콥샐러드/양상추샐러드 포기김치 ,쌀밥/흑미밥/찰현미밥 건새우아욱국 (New)국물쪼리닭 (New)파프리카계란전 마파무조림 포기김치 양상추샐러드*요거트D ,유부초밥 들깨미역국 페퍼로니치즈피자 골뱅이채소무침&실곤약 콩나물굴소스볶음 포기김치 ,768.0,354.0,2071.0,0.37083534524384354,-0.7999999999999999,8.6,-7.0,,75.875,,True
2020-12-24,목,2990.0,777.0,160.0,24.0,273.0,모닝롤/블루베리사과샌드 우유/주스 계란후라이 누룽지탕/흑미밥 홍합살무국 쪽파숙회 양상추샐러드 포기김치 ,(New)뿌리채소영양밥&달래양념장 호박된장국 오리대패불고기 고등어김치말이찜 파래김 깍두기 양상추샐러드*자몽D ,흑미밥 (New)장수제비 해물까스&타르타르D 느타리버섯볶음 치커리귤무침 배추김치 ,591.0,131.0,1780.0,0.33202247191011236,0.1583333333333333,9.0,-6.5,,79.0,,True
2021-01-04,월,2983.0,92.0,91.0,490.0,340.0,모닝롤/흑미쌀찐빵 우유/주스 계란후라이/찐계란 누룽지탕/흑미밥 냉이된장국 비엔나곤약조림 리코타치즈샐러드 포기김치 ,쌀밥/흑미밥/찰현미밥 소고기떡국 봉추찜닭 오미산적/동태전 콩나물잡채 포기김치/식혜 양상추샐러드*요거트감귤D ,흑미밥 부대찌개*라면사리 소고기콜라비조림 코다리강정 오이나물볶음 포기김치 ,1405.0,598.0,2460.0,0.5711382113821138,-0.1166666666666666,5.4,-4.7,,41.458333333333336,,True
2021-01-05,화,2983.0,99.0,156.0,500.0,390.0,모닝롤/후르츠산도 우유/주스/커피 계란후라이/찐계란 고구마죽/흑미밥 꽃게탕 유채나물무침 양상추샐러드 포기김치 ,쌀밥/보리밥/찰현미밥 유부된장국 돈육도라지고추장볶음 과일그라탕 봄동숙*간장양념 콩샐러드/포기김치 양상추샐러드*키위D ,(New)팟시금치무쌉 미니쌀국수 춘권*칠리소스 계란후라이 양배추비트피클 무생채 ,1128.0,484.0,2338.0,0.48246364414029086,-1.3625,7.0,-7.5,,58.833333333333336,,True
2021-01-06,수,2983.0,85.0,156.0,11.0,433.0,모닝롤/군대리아 우유/주스 계란후라이/찐계란 브로콜리스프/흑미밥 열무된장국 크래미미역줄기볶음 양상추샐러드 포기김치 ,쌀밥/흑미밥/찰현미밥 오리들깨탕 꽁치한마리레몬구이 파프리카계란말이 아삭이고추된장무침 배추겉절이/미니핫도그 양상추샐러드*오리엔탈D ,흑미밥 고기짬뽕국 해물누룽지탕 멸치마늘종조림 단무지채무침 포기김치 ,1014.0,377.0,2309.0,0.43915114768297964,-0.2374999999999999,6.1,-5.1,,53.91666666666666,,True
2021-01-07,목,2983.0,98.0,182.0,413.0,421.0,모닝롤/깨찰빵 우유/주스 계란후라이/찐계란 누룽지탕/흑미밥 사골파국 양념깻잎지 양상추샐러드 포기김치 ,쌀밥/수수밥/찰현미밥 아욱된장국 목살스테이크 참치채소볶음 무쌈채소말이 포기김치 양상추샐러드*황도D ,흑미밥 고추장찌개 (New)인절미치킨 베이컨숙주볶음 상추무침 포기김치 ,1040.0,342.0,2282.0,0.45574057843996496,-2.558333333333333,2.1,-8.0,,45.66666666666666,,True
2021-01-08,금,2983.0,255.0,218.0,0.0,373.0,모닝롤/마계토스트 우유/주스 계란후라이/찐계란 영양닭죽/흑미밥 배추된장국 두부동그랑땡 양상추샐러드 포기김치 ,쌀밥/흑미밥/찰현미밥 콩나물맑은국 매운소고기낙지볶음 메추리알짜장떡볶이 양배추쌈*쌈장 포기김치 양상추샐러드*오렌지D ,흑미밥 감자양파국 돈육김치볶음 팽이버섯채소전 미나리나물무침 깍두기 ,726.0,250.0,2137.0,0.3397285914833879,-5.720833333333334,-1.4,-10.8,,42.54166666666666,,True
2021-01-11,월,2983.0,105.0,158.0,517.0,369.0,모닝롤/증편 우유/주스 계란후라이/찐계란 누룽지탕/흑미밥 호박새우젓국 스팸구이 연두부샐러드/양상추샐러드 포기김치 ,쌀밥/흑미밥/찰현미밥 미역국 오리대패불고기 옥수수계란찜 쪽파무침 포기김치 양상추샐러드*망고D ,흑미밥 옹심이국 쇠고기숙주볶음 야채전 고구마연근맛탕 포기김치 ,1257.0,451.0,2351.0,0.534666099532114,-5.416666666666667,1.8,-12.6,,63.29166666666666,,True
2021-01-12,화,2983.0,83.0,168.0,433.0,404.0,모닝롤/에그단호박샌드 우유/주스 계란후라이/찐계란 채소죽/흑미밥 참치김치찌개 우엉땅콩조림 양상추샐러드 포기김치 ,쌀밥/검정콩밥/찰현미밥 된장찌개 (New)허니순살치킨 콩나물볶음 쑥갓나물 포기김치 버블샐러드*D오리엔탈D ,흑미밥 맑은버섯국 순대들깨볶음 가지마파두부 돌나물유자청무침 포기김치 ,963.0,317.0,2328.0,0.41365979381443296,-3.4041666666666663,1.2,-7.4,,69.33333333333333,,True
2021-01-13,수,2983.0,80.0,175.0,8.0,393.0,모닝롤/치즈팡샌드 우유/주스 계란후라이/찐계란 양송이스프/흑미밥 들깨무채국 매운사태조림 콥샐러드/양상추샐러드 포기김치 ,쌀밥/흑미밥/찰현미밥 시금치된장국 돈육두루치기 타코야끼 상추쌈 겉절이김치 양상추샐러드*흑임자D ,알리오올리오/추가밥 가쓰오장국 수제치킨까스 팽이버섯부추무침 산고추지무침 무생채 ,913.0,360.0,2335.0,0.3910064239828694,-2.4666666666666663,5.0,-9.9,,67.875,,True
2021-01-14,목,2983.0,90.0,205.0,428.0,370.0,모닝롤/블루베리크림치즈베이글 우유/주스 계란후라이/찐계란 누룽지탕/흑미밥 동태탕 건파래볶음 양상추샐러드 포기김치 ,쌀밥/차조밥/찰현미밥 콩나물김칫국 소갈비찜 두부까스*칠리소스 매운호박볶음 포기김치 지중해샐러드 ,흑미밥 홍합탕 오삼불고기 어묵깻잎전 오이달래무침 포기김치 ,1038.0,439.0,2318.0,0.44779982743744606,3.4708333333333337,11.6,-4.8,,65.875,,True
2021-01-15,금,2983.0,229.0,222.0,0.0,339.0,모닝롤/허니브레드 우유/주스/커피 계란후라이/찐계란 낙지죽/흑미밥 황태국 시래기지짐 양상추샐러드 포기김치 ,쌀밥/흑미밥/찰현미밥 뼈없는감자탕 고등어구이*와사비장 채소스틱*쌈장 솎음열무나물 석박지 양상추샐러드*딸기D ,흑미밥 순두부백탕 닭볶음탕 비빔만두채소무침 명엽채볶음 포기김치 ,702.0,277.0,2193.0,0.320109439124487,3.0625,12.6,-4.0,,69.95833333333333,,True
2021-01-18,월,2983.0,67.0,163.0,509.0,357.0,모닝롤/녹차카스테라 우유/주스 계란후라이/찐계란 누룽지탕/흑미밥 꽃게탕 파래김*달래양념장 양상추샐러드 포기김치 ,쌀밥/흑미밥/찰현미밥 어묵국 춘천닭갈비 감자채카레볶음 청경채나물 포기김치/바나나 그린샐러드*매실D ,흑미밥 배추된장국 낙지미나리볶음 메추리알풋고추조림 시금치나물무침 깍두기 ,1277.0,460.0,2396.0,0.5329716193656093,-1.2291666666666667,2.9,-6.0,,36.29166666666666,,True
2021-01-19,화,2983.0,62.0,176.0,508.0,372.0,모닝롤/땅콩샌드 우유/주스 계란후라이/찐계란 콩죽/흑미밥 근대된장국 토란탕 양상추샐러드 포기김치 ,쌀밥/기장밥/찰현미밥 맑은콩나물국 삼겹살김치찜 떡잡채 치커리오이무침 포기김치 그린샐러드*키위요거트D ,흑미밥 북어짬뽕국 만가닥버섯불고기 건새우호박채전 삼색귤소스무침 포기김치 ,1038.0,414.0,2373.0,0.43742098609355246,-1.4500000000000002,5.0,-8.1,,63.333333333333336,1.0,True
2021-01-20,수,2983.0,75.0,198.0,4.0,391.0,모닝롤/페퍼로니피자 우유/주스 계란후라이/찐계란 크루통크림스프/흑미밥 아귀지리 마늘종숙회 양상추샐러드 포기김치 ,쌀밥/흑미밥/찰현미밥 아욱국 수제함박스테이크 견과류마카로니범벅 생깻잎지 단호박물김치 양상추샐러드*오리엔탈D ,김치볶음밥 미니쫄우동*맛살튀김 브로콜리깨소스무침 계란후라이 고들빼기무침 겉절이김치 ,1093.0,421.0,2319.0,0.47132384648555414,-1.6083333333333334,5.5,-8.2,,43.333333333333336,,True
2021-01-21,목,2983.0,92.0,231.0,462.0,351.0,모닝롤/생크림단팥빵 우유/주스 계란후라이/찐계란 누룽지탕/흑미밥 떡국 해물땡굴소스볶음 양상추샐러드 깍두기 ,쌀밥/수수밥/찰현미밥 냉이된장국 동파육 봄동전 청경채/버섯숙회*초장 무생채 양상추샐러드*파인D ,흑미밥 쇠고기무국 삼치양념구이 비엔나채소볶음 숙주나물당근무침 포기김치 ,832.0,353.0,2309.0,0.36032914681680384,-0.8916666666666667,10.1,-9.0,,61.25,,True
2021-01-22,금,2983.0,255.0,248.0,1.0,303.0,모닝롤/BLT샌드위치 우유/주스 계란후라이/찐계란 흑임자죽/흑미밥 바지락살국 두부조림 양상추샐러드 포기김치 ,전주비빔밥*약고추장 계란파국 요거닭 올방개묵무침 파프리카해초무침 포기김치 양상추샐러드*자몽D ,흑미밥 수제비국 수제맛쵸킹탕수육 유부채소겨자냉채 참나물무침 갓김치/겉절이김치 ,579.0,217.0,2177.0,0.26596233348644926,4.566666666666667,12.5,-2.5,,77.20833333333333,1.0,True
2021-01-25,월,2983.0,107.0,153.0,616.0,327.0,모닝롤/호박고구마오븐구이 우유/주스 계란후라이/찐계란 누룽지탕/흑미밥 감자양파국 분홍소세지구이*케찹 양상추샐러드 포기김치 ,쌀밥/흑미밥/찰현미밥 전주식콩나물해장국 돈육간장불고기 깐풍연근 연두부*달래양념장 봄동겉절이/양념김 양상추샐러드*오렌지D ,흑미밥 열무된장국 장어강정*데리야끼소스 깻잎쌈*생강채 오이선 포기김치 ,1145.0,502.0,2396.0,0.47787979966611016,8.2125,11.3,3.5,,70.45833333333333,1.0,True
2021-01-26,화,2983.0,69.0,183.0,551.0,362.0,모닝롤/야채샌드 우유/주스 계란후라이/찐계란 참치죽/흑미밥 홍합탕 애호박새우젓볶음 양상추샐러드 포기김치 ,쌀밥/귀리밥/찰현미밥 들깨미역국 교촌간장치킨 옥수수콘치즈구이 가지고추장무침 포기김치/요구르트 양배추샐러드*사우전D ,(New)할라피뇨멸치주먹밥 잔치국수 수제고기육전 쑥갓나물 양파초절임 깍두기 ,1015.0,480.0,2369.0,0.42845082313212324,6.45,14.1,-0.8,,74.04166666666667,,True
