tree
version=v4
num_class=1
num_tree_per_iteration=1
label_index=0
max_feature_idx=17
objective=regression
feature_names=employees vacation business_trip work_from_home overtime weekday_0 weekday_1 weekday_2 weekday_3 weekday_4 weekday_5 weekday_6 menu_meat menu_fish menu_noodles menu_special menu_rice_bowl menu_soup
feature_infos=[2601:3305] [23:1224] [41:378] [0:533] [0:1044] [0:1] [0:1] [0:1] [0:1] [0:1] none none [0:1] [0:1] [0:1] [0:1] [0:1] [0:1]
tree_sizes=1346 1377 1375 1376 1377 1380 1375 1379 1373 1374 1368 1378 1379 1382 1378 1374 1385 1373 1370 1368 1370 1378 1367 1374 1374 1379 1375 1374 1371 1384 1378 1374 1389 1368 1378 1384 1372 1362 1360 1363 1371 1367 1375 1372 1365 1350 1369 1367 1373 1376 1366 1365 1376 1360 1364 1373 1362 1372 1364 1364 1360 1368 1370 1366 1365 1367 1372 1370 1372 1378 1372 1371 1365 1369 1374 1368 1369 1375 1382 1370 1366 1376 1373 1370 1372 1378 1368 1373 1369 1375 1383 1373 1380 1381 1369 1395 1375 1377 1391 1382 1373 1396 1392 1370 1403 1381 1388 1385 1376 1391 1378 1383 1389 1384 1383 1387 1397 1376 1391 1374 1388 1382 1387 1390 1384 1384 1365 1398 1393 1398 1396 1387 1395 1394 1393 1393 1379 1397 1396 1397 1393 1373 1394 1379 1386 1397 1414 1386 1371 1390 1371 1397 1385 1379 1399 1379 1401 1375 1393 1387 1394 1409 1381 1392 1384 1387 1393 1394 1379 1419 1376 1380 1397 1381 1410 1398 1380 1375 1386 1402 1389 1395 1388 1387 1394 1399 1397 1387 1407 1407 1385 1380 1394 1395 1387 1392 1385 1392 1382 1409 1390 1390 1400 1409 1392 1395 1410 1401 1388 1384 1375 1396 1382 1396 1390 1384 1379 1395 1397 1396 1397 1384 1392 1385 1388 1395 1399 1393 1392 1398 1389 1382 1395 1387 1416 1393 1389 1396 1392 1377 1387 1391 1386 1412 1406 1400 1379 1396 1392 1385 1386 1398 1391 1387 1400 1386 1386 1383 1397 1399 1402 1386 1391 1386 1392 1377 1388 1400 1391 1391 1392 1394 1394 1397 1394 1399 1375 1394 1411 1387 1379 1401 1406 1392 1389 1402 1383 1382 1374 1398 1403 1388 1397 1381 1380 1392 1380 1390 1382 1393 1394 1387 1386 1392 1379 1390 1394 1398 1379 1371 1387 1374 1384 1398 1377 1384 1390 1385 1383 1388 1391 1390 1388 1387 1381 1387 1386 1393 1404 1398 1394 1400 1407 1383 1391 1382 1390 1392 1402 1407 1389 1391 1383 1391 1387 1385 1388 1387 1388 1386

Tree=0
num_leaves=15
num_cat=0
split_feature=5 9 1 2 1 1 2 4 2 2 0 2 0 4
split_gain=1.95117e+07 9.57065e+06 3.27261e+06 1.33607e+06 1.59152e+06 719047 443269 396661 368579 270716 229452 204840 183872 166753
threshold=1.0000000180025095e-35 1.0000000180025095e-35 326.50000000000006 240.50000000000003 431.50000000000006 112.50000000000001 265.50000000000006 57.500000000000007 199.50000000000003 236.50000000000003 2818.0000000000005 269.50000000000006 2842.5000000000005 424.50000000000006
decision_type=2 2 2 2 2 2 2 2 2 2 2 2 2 2
left_child=1 3 -2 4 8 6 12 9 -1 -3 13 -9 -5 -10
right_child=2 7 -4 5 -6 -7 -8 11 10 -11 -12 -13 -14 -15
leaf_value=894.93406426325726 900.63731035155251 885.11637923203102 887.67357061114546 891.37848727040171 884.66298927537696 885.99906864190098 888.30293446267672 887.32482050087697 892.01479519723853 880.40632005185842 890.4050414020918 883.19065241542103 888.66666802889745 894.89796170604279
leaf_weight=72 214 25 26 142 31 83 165 26 87 137 71 54 37 35
leaf_count=72 214 25 26 142 31 83 165 26 87 137 71 54 37 35
internal_value=890.334 888.11 899.223 890.133 891.934 888.883 889.6 882.116 892.821 881.061 891.994 884.428 890.806 892.902
internal_weight=1205 965 240 723 296 427 344 242 265 162 193 80 179 122
internal_count=1205 965 240 723 296 427 344 242 265 162 193 80 179 122
is_linear=0
shrinkage=1


Tree=1
num_leaves=15
num_cat=0
split_feature=5 9 1 2 1 2 1 4 0 2 2 2 1 1
split_gain=1.81839e+07 8.92877e+06 3.05254e+06 1.25818e+06 1.23657e+06 995006 628759 368555 302450 250482 208792 190766 168109 134888
threshold=1.0000000180025095e-35 1.0000000180025095e-35 326.50000000000006 275.50000000000006 429.00000000000006 219.50000000000003 83.500000000000014 57.500000000000007 2837.5000000000005 236.50000000000003 252.50000000000003 269.50000000000006 241.50000000000003 112.50000000000001
decision_type=2 2 2 2 2 2 2 2 2 2 2 2 2 2
left_child=1 3 -2 4 5 12 8 9 10 -3 -7 -9 -1 -5
right_child=2 7 -4 13 -6 6 -8 11 -10 -11 -12 -13 -14 -15
leaf_value=4.3100212305362788 9.9456092009720987 -5.0489567995954445 -2.5743911051750188 -2.5615808323084721 -5.7074111429420684 2.5768006090074782 -1.6876455029249193 -2.9118066251277925 -1.4016236084222795 -9.5856351804733286 0.47423223647985374 -6.902684546709061 1.0939454742957806 -5.2998178493615358
leaf_weight=97 214 25 26 99 35 124 153 26 48 137 109 54 27 31
leaf_count=97 214 25 26 99 35 124 153 26 48 137 109 54 27 31
internal_value=-0.00112538 -2.14842 8.57921 -0.194098 0.492257 0.90012 0.104703 -7.93773 1.08564 -8.95564 1.6056 -5.7083 3.63823 -3.28495
internal_weight=1205 965 240 723 593 558 434 242 281 162 233 80 124 130
internal_count=1205 965 240 723 593 558 434 242 281 162 233 80 124 130
is_linear=0
shrinkage=0.035


Tree=2
num_leaves=15
num_cat=0
split_feature=5 9 1 2 1 1 2 2 4 0 2 0 2 4
split_gain=1.6948e+07 8.32854e+06 2.84726e+06 1.18043e+06 1.4091e+06 636487 389655 343591 342438 234114 231747 184798 183762 149600
threshold=1.0000000180025095e-35 1.0000000180025095e-35 326.50000000000006 240.50000000000003 404.50000000000006 112.50000000000001 277.50000000000006 192.50000000000003 57.500000000000007 2842.5000000000005 236.50000000000003 2818.0000000000005 280.50000000000006 403.50000000000006
decision_type=2 2 2 2 2 2 2 2 2 2 2 2 2 2
left_child=1 3 -2 4 7 6 9 -1 10 -5 -3 13 -10 -9
right_child=2 8 -4 5 -6 -7 -8 11 12 -11 -12 -13 -14 -15
leaf_value=4.7029476980865006 9.6007359069254665 -4.885333142898701 -2.4907233858108522 0.53502234187406994 -4.4583057991663617 -4.0767965481176098 -2.6401115555607753 1.6200455299648178 -3.6307296245748351 -2.1322997759819033 -9.2549651580748815 0.31818858564904839 -7.3158248186111461 4.2924997363875557
leaf_weight=62 214 25 26 206 40 83 90 81 42 48 137 74 38 39
leaf_count=62 214 25 26 206 40 83 90 81 42 48 137 74 38 39
internal_value=-0.00255215 -2.07559 8.28107 -0.188096 1.50463 -1.36305 -0.688499 2.46367 -7.66692 0.0182409 -8.64844 1.70734 -5.51689 2.54472
internal_weight=1205 965 240 723 296 427 344 256 242 254 162 194 80 120
internal_count=1205 965 240 723 296 427 344 256 242 254 162 194 80 120
is_linear=0
shrinkage=0.035


Tree=3
num_leaves=15
num_cat=0
split_feature=5 9 1 8 1 2 0 4 2 4 2 2 2 1
split_gain=1.57951e+07 7.77084e+06 2.6558e+06 1.20466e+06 535498 829522 424248 358443 421168 317822 214401 200260 171821 148167
threshold=1.0000000180025095e-35 1.0000000180025095e-35 326.50000000000006 1.0000000180025095e-35 404.50000000000006 217.50000000000003 2810.5000000000005 226.50000000000003 276.50000000000006 57.500000000000007 236.50000000000003 252.50000000000003 280.50000000000006 83.500000000000014
decision_type=2 2 2 2 2 2 2 2 2 2 2 2 2 2
left_child=1 3 -2 4 5 -1 11 -5 -9 10 -3 13 -11 -7
right_child=2 9 -4 7 -6 6 -8 8 -10 12 -12 -13 -14 -15
leaf_value=4.1061959884218551 9.2678214150115306 -4.7270121541729679 -2.409774894714356 -6.0031993583396632 -3.6205005981076153 2.881516924755914 -1.1431534448759162 -0.60389751195708907 -3.8630112941986696 -3.509430343888023 -8.9357026030176847 0.16688536096937381 -7.0725735902786262 -0.12725016033207928
leaf_weight=90 214 25 26 25 29 96 137 148 71 42 137 102 38 25
leaf_count=90 214 25 26 25 29 96 137 148 71 42 137 102 38 25
internal_value=-0.0036121 -2.0049 7.99329 -0.181691 0.837724 1.13978 0.379587 -2.17346 -1.6859 -7.40578 -8.35178 1.31693 -5.33314 2.26791
internal_weight=1205 965 240 723 479 450 360 244 219 242 162 223 80 121
internal_count=1205 965 240 723 479 450 360 244 219 242 162 223 80 121
is_linear=0
shrinkage=0.035


Tree=4
num_leaves=15
num_cat=0
split_feature=5 9 1 8 1 2 0 4 2 4 2 2 2 2
split_gain=1.4722e+07 7.2492e+06 2.47722e+06 1.12437e+06 500647 773666 395564 336091 393058 294971 198342 186755 163044 139042
threshold=1.0000000180025095e-35 1.0000000180025095e-35 326.50000000000006 1.0000000180025095e-35 404.50000000000006 217.50000000000003 2810.5000000000005 226.50000000000003 276.50000000000006 57.500000000000007 236.50000000000003 252.50000000000003 269.50000000000006 240.50000000000003
decision_type=2 2 2 2 2 2 2 2 2 2 2 2 2 2
left_child=1 3 -2 4 5 -1 11 -5 13 10 -3 -7 -11 -9
right_child=2 9 -4 7 -6 6 -8 8 -10 12 -12 -13 -14 -15
leaf_value=3.9656034530375317 8.9464510967113355 -4.5738219688556816 -2.331457123756409 -5.8086512730298221 -3.5019584172771827 2.190100428912698 -1.1037187719929349 0.81334716320037859 -3.7315101705185354 -2.5851178312301637 -8.6274526008856398 0.16115669437039359 -6.2565927982330329 -1.3854570675082507
leaf_weight=90 214 25 26 25 29 121 137 54 71 26 137 102 54 94
leaf_count=90 214 25 26 25 29 121 137 54 71 26 137 102 54 94
internal_value=-0.00496991 -1.93707 7.71551 -0.176124 0.808733 1.1008 0.366646 -2.10037 -1.62831 -7.15353 -8.0653 1.27175 -5.15552 -0.583043
internal_weight=1205 965 240 723 479 450 360 244 219 242 162 223 80 148
internal_count=1205 965 240 723 479 450 360 244 219 242 162 223 80 148
is_linear=0
shrinkage=0.035


Tree=5
num_leaves=15
num_cat=0
split_feature=5 9 1 8 1 2 1 4 2 2 4 2 2 0
split_gain=1.37216e+07 6.76169e+06 2.31065e+06 1.04937e+06 471011 773725 369935 319521 417422 275441 373502 187430 179518 164342
threshold=1.0000000180025095e-35 1.0000000180025095e-35 326.50000000000006 1.0000000180025095e-35 389.50000000000006 217.50000000000003 83.500000000000014 285.50000000000006 273.50000000000006 235.50000000000003 50.500000000000007 280.50000000000006 227.50000000000003 2837.5000000000005
decision_type=2 2 2 2 2 2 2 2 2 2 2 2 2 2
left_child=1 3 -2 4 5 -1 -7 -5 12 -3 -11 -12 -9 -14
right_child=2 9 -4 7 -6 6 -8 8 -10 10 11 -13 13 -15
leaf_value=4.0010077206773706 8.6362246799358626 -3.3629228607300794 -2.2556847882270814 -4.5081143404923241 -3.1985896949207087 1.1250977039184211 -1.2593760495261936 2.0126980283681086 -3.5619923422042876 -8.7257556293818581 -3.4256959386481798 -6.8825727705522022 0.10219930285757239 -2.9058691471113884
leaf_weight=87 214 29 26 49 32 244 116 32 67 119 41 53 64 32
leaf_count=87 214 29 26 49 32 244 116 32 67 119 41 53 64 32
internal_value=-0.00617794 -1.87148 7.44738 -0.170771 0.780676 1.07852 0.354054 -2.02973 -1.36751 -6.90948 -7.35657 -5.47757 -0.181713 -0.939331
internal_weight=1205 965 240 723 479 447 360 244 195 242 213 94 128 96
internal_count=1205 965 240 723 479 447 360 244 195 242 213 94 128 96
is_linear=0
shrinkage=0.035


Tree=6
num_leaves=15
num_cat=0
split_feature=5 9 1 8 1 2 0 4 2 4 2 2 2 1
split_gain=1.27894e+07 6.30757e+06 2.15528e+06 979088 440149 721813 360729 301784 342914 256851 174199 165644 145297 130609
threshold=1.0000000180025095e-35 1.0000000180025095e-35 326.50000000000006 1.0000000180025095e-35 389.50000000000006 217.50000000000003 2810.5000000000005 226.50000000000003 276.50000000000006 57.500000000000007 252.50000000000003 236.50000000000003 269.50000000000006 83.500000000000014
decision_type=2 2 2 2 2 2 2 2 2 2 2 2 2 2
left_child=1 3 -2 4 5 -1 10 -5 -9 11 13 -3 -11 -7
right_child=2 9 -4 7 -6 6 -8 8 -10 12 -12 -13 -14 -15
leaf_value=3.8641192837377618 8.3367556576761945 -4.3096607838736647 -2.1823749703168871 -5.4743117056952588 -3.0932242699230419 2.6690581153120316 -1.0624277807118225 -0.53804728272035729 -3.4786951611466606 -2.3901586163043977 0.13385533840323871 -8.0411291661022393 -5.8477148224413398 -0.15328874104552798
leaf_weight=87 214 25 26 25 32 96 137 148 71 26 102 137 54 25
leaf_count=87 214 25 26 25 32 96 137 148 71 26 102 137 54 25
internal_value=-0.00736571 -1.80819 7.18856 -0.165585 0.75345 1.04138 0.341636 -1.96121 -1.51426 -6.67407 1.206 -7.52486 -4.80971 2.09292
internal_weight=1205 965 240 723 479 447 360 244 219 242 223 162 80 121
internal_count=1205 965 240 723 479 447 360 244 219 242 223 162 80 121
is_linear=0
shrinkage=0.035


Tree=7
num_leaves=15
num_cat=0
split_feature=5 9 1 8 1 2 4 2 0 1 0 2 2 0
split_gain=1.19202e+07 5.88352e+06 2.01036e+06 913870 411926 598199 284500 381016 301968 250352 243675 160416 144803 137296
threshold=1.0000000180025095e-35 1.0000000180025095e-35 326.50000000000006 1.0000000180025095e-35 419.50000000000006 234.50000000000003 285.50000000000006 240.50000000000003 2743.0000000000005 78.500000000000014 2700.5000000000005 241.50000000000003 202.50000000000003 2818.0000000000005
decision_type=2 2 2 2 2 2 2 2 2 2 2 2 2 2
left_child=1 3 -2 4 5 12 -5 -8 -9 -7 -3 -12 -1 -14
right_child=2 10 -4 6 -6 9 7 8 -10 -11 11 -13 13 -15
leaf_value=3.9675148450943731 8.0476707410812391 -4.7265525369752543 -2.1114478009939197 -4.2335530212813737 -3.4002102780342103 0.80768087343307426 1.3948763690471651 -0.34570421838048682 -3.5346073399235807 -1.3220201360897439 -4.2461196040548383 -7.8643253817702794 2.6419817147471689 0.067323439970612534
leaf_weight=60 214 86 26 49 26 171 48 65 82 109 26 130 75 38
leaf_count=60 214 86 26 49 26 171 48 65 82 109 26 130 75 38
internal_value=-0.00835878 -1.74691 6.93875 -0.160478 0.727422 0.978233 -1.89527 -1.27069 -2.14812 -0.0248775 -6.44639 -7.32267 2.58349 1.7924
internal_weight=1205 965 240 723 479 453 244 195 147 280 242 156 173 113
internal_count=1205 965 240 723 479 453 244 195 147 280 242 156 173 113
is_linear=0
shrinkage=0.035


Tree=8
num_leaves=15
num_cat=0
split_feature=5 9 1 8 1 2 0 4 2 4 2 2 2 1
split_gain=1.1109e+07 5.48692e+06 1.87519e+06 852576 391085 635782 324024 271088 306825 233785 156932 140995 131271 124493
threshold=1.0000000180025095e-35 1.0000000180025095e-35 326.50000000000006 1.0000000180025095e-35 389.50000000000006 217.50000000000003 2810.5000000000005 226.50000000000003 276.50000000000006 58.500000000000007 253.50000000000003 236.50000000000003 280.50000000000006 92.500000000000014
decision_type=2 2 2 2 2 2 2 2 2 2 2 2 2 2
left_child=1 3 13 4 5 -1 10 -5 -9 11 -7 -3 -11 -2
right_child=2 9 -4 7 -6 6 -8 8 -10 12 -12 -13 -14 -15
leaf_value=3.6229777529685019 9.5529238786368555 -4.0298990638167771 -2.0428257203102111 -5.1597048622894075 -2.9234650185528928 1.9337476193165597 -1.0135635221261774 -0.48455949659422043 -3.2656531275788403 -2.826914021081703 0.063489842457430709 -7.4788291553712236 -5.9654480873911009 7.0246891098022468
leaf_weight=87 56 25 26 25 32 127 137 148 71 41 96 140 36 158
leaf_count=87 56 25 26 25 32 127 137 148 71 41 96 140 36 158
internal_value=-0.00892786 -1.68728 6.69761 -0.155243 0.702365 0.973798 0.3171 -1.83085 -1.40759 -6.2256 1.13634 -7.01078 -4.40816 7.76861
internal_weight=1205 965 240 723 479 447 360 244 219 242 223 165 77 214
internal_count=1205 965 240 723 479 447 360 244 219 242 223 165 77 214
is_linear=0
shrinkage=0.035


Tree=9
num_leaves=15
num_cat=0
split_feature=5 9 1 8 1 2 1 4 2 2 0 2 0 2
split_gain=1.03608e+07 5.1185e+06 1.75016e+06 795747 365497 593043 304126 254166 286343 221506 311677 143081 136751 123552
threshold=1.0000000180025095e-35 1.0000000180025095e-35 326.50000000000006 1.0000000180025095e-35 389.50000000000006 217.50000000000003 83.500000000000014 226.50000000000003 276.50000000000006 235.50000000000003 2717.5000000000005 274.50000000000006 2837.5000000000005 227.50000000000003
decision_type=2 2 2 2 2 2 2 2 2 2 2 2 2 2
left_child=1 3 13 4 5 -1 11 -5 -9 -3 -11 12 -7 -2
right_child=2 9 -4 7 -6 6 -8 8 -10 10 -12 -13 -14 -15
leaf_value=3.4990230278017815 8.0788905885484485 -2.8545647184310421 -1.9764339493587615 -4.9924922269210228 -2.8271626043319706 1.7382686157838185 -1.1565899156652772 -0.4678260471880436 -3.1544866612512772 -4.7734550408482557 -7.7048103180094669 -1.1608186533234339 -0.5511899995654822 5.5655235624313359
leaf_weight=87 160 29 26 25 32 175 116 148 71 98 115 31 38 54
leaf_count=87 160 29 26 25 32 175 116 148 71 98 115 31 38 54
internal_value=-0.0093689 -1.63021 6.46739 -0.150507 0.678027 0.940433 0.306191 -1.7693 -1.35951 -6.01352 -6.41306 1.00536 1.32849 7.50208
internal_weight=1205 965 240 723 479 447 360 244 219 242 213 244 213 214
internal_count=1205 965 240 723 479 447 360 244 219 242 213 244 213 214
is_linear=0
shrinkage=0.035


Tree=10
num_leaves=15
num_cat=0
split_feature=5 9 1 2 1 1 2 2 4 2 2 0 4 1
split_gain=9.66093e+06 4.77241e+06 1.63319e+06 758736 975425 493305 254981 215812 213915 193695 139525 128453 135660 122215
threshold=1.0000000180025095e-35 1.0000000180025095e-35 326.50000000000006 240.50000000000003 431.50000000000006 112.50000000000001 265.50000000000006 192.50000000000003 50.500000000000007 289.50000000000006 238.50000000000003 2818.0000000000005 403.50000000000006 92.500000000000014
decision_type=2 2 2 2 2 2 2 2 2 2 2 2 2 2
left_child=1 3 13 4 7 6 -5 -1 10 -10 -3 12 -9 -2
right_child=2 8 -4 5 -6 -7 -8 11 9 -11 -12 -13 -14 -15
leaf_value=3.6358566759193125 8.9692237045025003 -3.8377438350960063 -1.9121999248862269 0.41854600604232511 -4.4808185707439074 -3.4767168477750658 -1.4792627278541379 1.1653921157814737 -3.0163197212666275 -6.3588474383354194 -7.277312344382791 0.18299595733232138 3.6695439304084316 6.5279624851346023
leaf_weight=65 56 25 26 179 31 83 165 84 62 38 117 77 39 158
leaf_count=65 56 25 26 179 31 83 165 84 62 38 117 77 39 158
internal_value=-0.00977973 -1.57492 6.24441 -0.146116 1.21096 -1.08811 -0.495029 1.90537 -5.80745 -4.38626 -6.73347 1.31253 2.0054 7.24393
internal_weight=1205 965 240 723 296 427 344 265 242 100 142 200 123 214
internal_count=1205 965 240 723 296 427 344 265 242 100 142 200 123 214
is_linear=0
shrinkage=0.035


Tree=11
num_leaves=15
num_cat=0
split_feature=5 9 1 8 1 2 0 4 2 0 2 1 2 0
split_gain=9.00948e+06 4.4537e+06 1.5243e+06 715133 324821 519784 279103 235830 321676 270034 201544 280658 136362 125126
threshold=1.0000000180025095e-35 1.0000000180025095e-35 326.50000000000006 1.0000000180025095e-35 389.50000000000006 214.50000000000003 2810.5000000000005 285.50000000000006 240.50000000000003 2743.0000000000005 279.50000000000006 402.50000000000006 252.50000000000003 2818.0000000000005
decision_type=2 2 2 2 2 2 2 2 2 2 2 2 2 2
left_child=1 3 -2 4 5 -1 12 -5 -9 -10 11 13 -7 -3
right_child=2 10 -4 7 -6 6 -8 8 9 -11 -12 -13 -14 -15
leaf_value=3.4115018459064208 6.9954149942817523 -2.0399857394495666 -1.8500533196330071 -3.8037306928576209 -2.6600682356778313 1.8379169403202833 -0.90123505466478948 1.3400705873012544 -0.21361840081971084 -3.2251307646433518 -6.6065479331260386 -7.5736457939501172 0.11998438754907022 -4.8469552625480459
leaf_weight=80 214 51 26 49 32 126 139 48 65 82 130 25 102 36
leaf_count=80 214 51 26 49 32 126 139 48 65 82 130 25 102 36
internal_value=-0.00985906 -1.52131 6.02979 -0.141037 0.644404 0.891761 0.326985 -1.67565 -1.10772 -1.91425 -5.61007 -4.35782 1.07709 -3.28431
internal_weight=1205 965 240 723 479 447 367 244 195 147 242 112 228 87
internal_count=1205 965 240 723 479 447 367 244 195 147 242 112 228 87
is_linear=0
shrinkage=0.035


Tree=12
num_leaves=15
num_cat=0
split_feature=5 9 1 2 1 2 1 2 0 0 2 0 2 8
split_gain=8.39747e+06 4.15628e+06 1.42182e+06 671758 751637 533073 339285 196810 272775 136234 135938 123799 121620 89548.3
threshold=1.0000000180025095e-35 1.0000000180025095e-35 326.50000000000006 275.50000000000006 429.00000000000006 232.50000000000003 81.500000000000014 235.50000000000003 2717.5000000000005 2842.5000000000005 192.50000000000003 2837.5000000000005 214.50000000000003 1.0000000180025095e-35
decision_type=2 2 2 2 2 2 2 2 2 2 2 2 2 2
left_child=1 3 12 4 5 10 9 -3 -9 -7 -1 -5 -2 -8
right_child=2 7 -4 11 -6 6 13 8 -10 -11 -12 -13 -14 -15
leaf_value=3.4259286038777725 7.6917005490420163 -2.4705410729973551 -1.7899266105890275 -1.6141352028556617 -4.4683726491154854 1.0387393859285994 -0.75687376409769069 -4.2713502287924294 -6.997429456659872 -1.4647246395580231 1.4513713441451972 -3.9913449797779323 5.5938473852895774 -2.6206608512445735
leaf_weight=65 112 29 26 90 35 195 82 98 115 29 135 40 102 52
leaf_count=65 112 29 26 90 35 195 82 98 115 29 135 40 102 52
internal_value=-0.0106748 -1.46989 5.82023 -0.136496 0.365004 0.683049 -0.127411 -5.41976 -5.79458 0.704536 2.12067 -2.39498 6.75284 -1.50804
internal_weight=1205 965 240 723 593 558 358 242 213 224 200 130 214 134
internal_count=1205 965 240 723 593 558 358 242 213 224 200 130 214 134
is_linear=0
shrinkage=0.035


Tree=13
num_leaves=15
num_cat=0
split_feature=5 9 1 8 1 2 1 4 2 4 1 0 0 2
split_gain=7.83099e+06 3.87509e+06 1.3269e+06 637955 287601 456852 250657 223088 232906 191314 125498 125259 118324 115172
threshold=1.0000000180025095e-35 1.0000000180025095e-35 326.50000000000006 1.0000000180025095e-35 389.50000000000006 217.50000000000003 83.500000000000014 226.50000000000003 266.50000000000006 69.500000000000014 92.500000000000014 2743.0000000000005 2643.5000000000005 252.50000000000003
decision_type=2 2 2 2 2 2 2 2 2 2 2 2 2 2
left_child=1 3 10 4 5 -1 13 -5 -9 12 -2 -10 -3 -7
right_child=2 9 -4 7 -6 6 -8 8 11 -11 -12 -13 -14 -15
leaf_value=3.0877062381117537 8.1963874442001874 -3.4324157238668866 -1.7317539978027345 -4.599707191431964 -2.5001713625122517 1.5789150443673137 -1.0428083630133484 -0.096524373107943054 -0.99393128564357769 -2.7690655695810551 5.8318874724814673 -3.4592216282577839 -6.0818679405304437 0.048674783400363394
leaf_weight=87 56 34 26 25 32 138 116 114 48 39 158 57 169 106
leaf_count=87 56 34 26 25 32 138 116 114 48 39 158 57 169 106
internal_value=-0.0109533 -1.42009 5.61985 -0.132587 0.609259 0.842003 0.285231 -1.58203 -1.19904 -5.23401 6.5208 -2.37188 -5.67593 0.919939
internal_weight=1205 965 240 723 479 447 360 244 219 242 214 105 203 244
internal_count=1205 965 240 723 479 447 360 244 219 242 214 105 203 244
is_linear=0
shrinkage=0.035


Tree=14
num_leaves=15
num_cat=0
split_feature=5 9 1 8 1 2 0 4 2 2 4 2 2 2
split_gain=7.3032e+06 3.61262e+06 1.23844e+06 595639 268773 427359 244144 209086 219030 186049 246191 163359 119482 116203
threshold=1.0000000180025095e-35 1.0000000180025095e-35 326.50000000000006 1.0000000180025095e-35 389.50000000000006 214.50000000000003 2810.5000000000005 226.50000000000003 277.50000000000006 235.50000000000003 39.000000000000007 289.50000000000006 227.50000000000003 252.50000000000003
decision_type=2 2 2 2 2 2 2 2 2 2 2 2 2 2
left_child=1 3 12 4 5 -1 13 -5 -9 -3 -11 -12 -2 -7
right_child=2 9 -4 7 -6 6 -8 8 -10 10 11 -13 -14 -15
leaf_value=3.0978787555345675 6.8365814725263627 -2.2107133774603569 -1.6754720878601077 -4.4506425016897699 -2.4178127342111924 1.7048973492393271 -0.8477186046001759 -0.41026362722570248 -2.7949389015246129 -6.7862147378921511 -2.8579440471800894 -5.6555273080305621 4.5116258317232143 0.11884478351531121
leaf_weight=80 160 29 26 25 32 126 139 152 67 96 64 53 54 102
leaf_count=80 160 29 26 25 32 126 139 152 67 96 64 53 54 102
internal_value=-0.0110318 -1.37185 5.42671 -0.128717 0.588106 0.813106 0.300971 -1.52926 -1.15851 -5.05434 -5.41734 -4.19898 6.29712 1.00255
internal_weight=1205 965 240 723 479 447 367 244 219 242 213 117 214 228
internal_count=1205 965 240 723 479 447 367 244 219 242 213 117 214 228
is_linear=0
shrinkage=0.035


Tree=15
num_leaves=15
num_cat=0
split_feature=5 9 1 2 1 1 0 2 0 4 1 2 1 2
split_gain=6.81026e+06 3.37045e+06 1.15705e+06 566207 753781 407545 204825 173172 234899 168412 124912 113091 123182 98278.4
threshold=1.0000000180025095e-35 1.0000000180025095e-35 341.50000000000006 240.50000000000003 431.50000000000006 112.50000000000001 2743.0000000000005 235.50000000000003 2717.5000000000005 636.50000000000011 92.500000000000014 192.50000000000003 86.500000000000014 265.50000000000006
decision_type=2 2 2 2 2 2 2 2 2 2 2 2 2 2
left_child=1 3 10 4 9 6 13 -3 -9 11 -2 -1 -13 -5
right_child=2 7 -4 5 -6 -7 -8 8 -10 -11 -12 12 -14 -15
leaf_value=2.7551730458175441 7.6996005070620583 -2.1383303553058259 -1.7661729273972688 1.0609881029736012 -3.9556652668750649 -3.1094311322604913 -1.3401272994107927 -3.8265393524765976 -6.3451191137590977 3.8674524639103867 5.3980540893907145 1.5518736528547912 -0.33056824266910556 -0.52850697289407256
leaf_weight=49 56 29 25 107 31 83 154 98 115 35 159 115 66 83
leaf_count=49 56 29 25 107 31 83 154 98 115 35 159 115 66 83
internal_value=-0.0114482 -1.32554 5.23957 -0.124791 1.04753 -0.938548 -0.399813 -4.88246 -5.23271 1.65805 6.06297 1.2914 0.869347 0.368357
internal_weight=1205 965 240 723 296 427 344 242 213 265 215 230 181 190
internal_count=1205 965 240 723 296 427 344 242 213 265 215 230 181 190
is_linear=0
shrinkage=0.035


Tree=16
num_leaves=15
num_cat=0
split_feature=5 9 1 8 1 2 0 4 2 4 0 2 0 2
split_gain=6.35024e+06 3.14348e+06 1.08006e+06 536861 237505 373988 215000 193440 198570 169470 120161 115623 102693 102165
threshold=1.0000000180025095e-35 1.0000000180025095e-35 326.50000000000006 1.0000000180025095e-35 389.50000000000006 214.50000000000003 2810.5000000000005 226.50000000000003 264.50000000000006 69.500000000000014 2743.0000000000005 214.50000000000003 2643.5000000000005 252.50000000000003
decision_type=2 2 2 2 2 2 2 2 2 2 2 2 2 2
left_child=1 3 11 4 5 -1 13 -5 -9 12 -10 -2 -3 -7
right_child=2 9 -4 7 -6 6 -8 8 10 -11 -12 -13 -14 -15
leaf_value=2.9089645137801403 6.7558396865087644 -3.0590910944673753 -1.5725737690925599 -4.2594883936422843 -2.265665379201665 1.609342238190584 -0.78559612466088435 -0.010625166324300505 -0.85266855569996625 -2.4149306750370241 -3.1747278236170287 4.7909348200949342 -5.5049539600896562 0.12193406581878663
leaf_weight=80 112 34 26 25 32 126 139 107 53 39 59 102 169 102
leaf_count=80 112 34 26 25 32 126 139 107 53 39 59 102 169 102
internal_value=-0.0111059 -1.28004 5.05947 -0.120426 0.560105 0.771588 0.292433 -1.45008 -1.09373 -4.71511 -2.11013 5.87233 -5.12914 0.950769
internal_weight=1205 965 240 723 479 447 367 244 219 242 112 214 203 228
internal_count=1205 965 240 723 479 447 367 244 219 242 112 214 203 228
is_linear=0
shrinkage=0.035


Tree=17
num_leaves=15
num_cat=0
split_feature=5 9 1 2 1 2 1 2 1 0 1 2 0 0
split_gain=5.92156e+06 2.93059e+06 1.00948e+06 509956 589434 412129 267683 168381 265952 140470 120077 105685 102562 84221.1
threshold=1.0000000180025095e-35 1.0000000180025095e-35 341.50000000000006 277.50000000000006 429.00000000000006 232.50000000000003 85.500000000000014 279.50000000000006 402.50000000000006 2842.5000000000005 92.500000000000014 192.50000000000003 2818.0000000000005 2837.5000000000005
decision_type=2 2 2 2 2 2 2 2 2 2 2 2 2 2
left_child=1 3 10 4 5 11 9 8 12 -7 -2 -1 -3 -5
right_child=2 7 -4 13 -6 6 -8 -9 -10 -11 -12 -13 -14 -15
leaf_value=2.9973558810219836 7.236006583674202 -1.3298350839682347 -1.6579728516825925 -1.4882953442384801 -3.9826115575110594 0.90270361562569945 -1.4003661914009315 -5.4481608726129398 -6.5270784999706137 -1.5267764212103452 5.0143619169359628 1.2574028642247195 -3.8189066174155788 -3.5261566317081456
leaf_weight=65 56 51 25 82 35 208 128 130 25 32 159 135 36 38
leaf_count=65 56 51 25 82 35 208 128 130 25 32 159 135 36 38
internal_value=-0.0111645 -1.23652 4.88527 -0.116859 0.299736 0.576661 -0.119974 -4.55323 -3.43711 0.568832 5.65438 1.84697 -2.42247 -2.18084
internal_weight=1205 965 240 723 603 568 368 242 112 240 215 200 87 120
internal_count=1205 965 240 723 603 568 368 242 112 240 215 200 87 120
is_linear=0
shrinkage=0.035


Tree=18
num_leaves=15
num_cat=0
split_feature=5 9 1 8 1 2 0 4 2 0 2 4 2 1
split_gain=5.52325e+06 2.73447e+06 942287 484980 212175 352146 188303 180358 236320 199572 163641 208530 135223 112926
threshold=1.0000000180025095e-35 1.0000000180025095e-35 341.50000000000006 1.0000000180025095e-35 291.50000000000006 202.50000000000003 2810.5000000000005 285.50000000000006 240.50000000000003 2743.0000000000005 235.50000000000003 50.500000000000007 289.50000000000006 94.500000000000014
decision_type=2 2 2 2 2 2 2 2 2 2 2 2 2 2
left_child=1 3 13 4 5 -1 -7 -5 -9 -10 -3 -12 -13 -2
right_child=2 10 -4 7 -6 6 -8 8 9 -11 11 12 -14 -15
leaf_value=3.3960159438627739 6.8881437557935721 -1.768071956326885 -1.6042423050491901 -3.2368815099024308 -1.9818803074171669 0.96781315631410381 -0.61191893586486179 1.2147059392929078 -0.11372262911120459 -2.7003031762441001 -5.7406726981194556 -2.1547414789528685 -4.9723882188797006 4.8004642043325214
leaf_weight=52 62 29 25 49 36 245 146 48 65 82 119 56 38 153
leaf_count=52 62 29 25 49 36 245 146 48 65 82 119 56 38 153
internal_value=-0.011545 -1.19497 4.71735 -0.113422 0.533387 0.745777 0.377827 -1.3772 -0.881775 -1.57346 -4.39878 -4.73717 -3.37365 5.46043
internal_weight=1205 965 240 723 479 443 391 244 195 147 242 213 94 215
internal_count=1205 965 240 723 479 443 391 244 195 147 242 213 94 215
is_linear=0
shrinkage=0.035


Tree=19
num_leaves=15
num_cat=0
split_feature=5 9 1 2 1 2 1 2 0 2 0 0 2 1
split_gain=5.15096e+06 2.55121e+06 880378 457458 537236 354776 247021 152354 197660 112128 104808 99866.6 91441.7 68913.6
threshold=1.0000000180025095e-35 1.0000000180025095e-35 326.50000000000006 275.50000000000006 429.00000000000006 232.50000000000003 81.500000000000014 235.50000000000003 2717.5000000000005 221.50000000000003 2842.5000000000005 2837.5000000000005 192.50000000000003 97.500000000000014
decision_type=2 2 2 2 2 2 2 2 2 2 2 2 2 2
left_child=1 3 9 4 5 12 10 -3 -9 13 -7 -5 -1 -2
right_child=2 7 -4 11 -6 6 -8 8 -10 -11 -12 -13 -14 -15
leaf_value=2.8164626582167043 7.2759636058807384 -1.7101818699990552 -1.4317894768714905 -1.2785123070297035 -3.7821662030993282 0.91459473586324513 -1.2664055046241951 -3.2967853539407255 -5.5903155762708598 3.9931303314015838 -1.2812884970634215 -3.4018632141749068 1.1966908760031645 5.0899253921554646
leaf_weight=65 48 29 26 90 35 195 134 98 115 77 29 40 135 89
leaf_count=65 48 29 26 90 35 195 134 98 115 77 29 40 135 89
internal_value=-0.0115827 -1.15442 4.55516 -0.109749 0.30409 0.572989 -0.0882665 -4.24902 -4.57556 5.28907 0.621483 -1.9735 1.74579 5.94951
internal_weight=1205 965 240 723 593 558 358 242 213 214 224 130 200 137
internal_count=1205 965 240 723 593 558 358 242 213 214 224 130 200 137
is_linear=0
shrinkage=0.035


Tree=20
num_leaves=15
num_cat=0
split_feature=5 9 4 8 1 2 4 2 0 4 1 4 1 2
split_gain=4.80633e+06 2.37867e+06 829246 437616 189138 309206 170583 167369 166984 143572 122826 103207 143273 90749.7
threshold=1.0000000180025095e-35 1.0000000180025095e-35 280.50000000000006 1.0000000180025095e-35 291.50000000000006 202.50000000000003 226.50000000000003 286.50000000000006 2810.5000000000005 69.500000000000014 92.500000000000014 305.50000000000006 75.500000000000014 227.50000000000003
decision_type=2 2 2 2 2 2 2 2 2 2 2 2 2 2
left_child=1 3 -2 4 5 -1 -5 13 11 -3 -4 12 -7 -8
right_child=2 9 10 6 -6 8 7 -9 -10 -11 -12 -13 -14 -15
leaf_value=3.1918817126005892 -1.5288063105830441 -4.4824702143901742 6.6695329102298668 -3.9438269855357988 -1.8669413327700215 1.0887645476053258 1.0198529657564666 -3.0245591305792332 -0.56851278597973542 -2.0075581593048284 4.4810226245279674 1.7946633143858477 -1.1883792585017636 -0.90343495939459129
leaf_weight=52 25 203 55 25 36 99 36 38 146 39 160 97 49 145
leaf_count=52 25 203 55 25 36 99 36 38 146 39 160 97 49 145
internal_value=-0.011279 -1.11523 4.40005 -0.106495 0.507916 0.70843 -1.30698 -0.973 0.363587 -4.10335 5.09718 0.919148 0.329053 -0.513937
internal_weight=1205 965 240 723 479 443 244 219 391 242 215 245 148 181
internal_count=1205 965 240 723 479 443 244 219 391 242 215 245 148 181
is_linear=0
shrinkage=0.035


Tree=21
num_leaves=15
num_cat=0
split_feature=5 9 1 8 2 1 2 4 2 3 2 1 2 0
split_gain=4.48178e+06 2.21673e+06 787644 408593 179604 217337 227290 159893 156550 154127 143451 251386 108051 90684
threshold=1.0000000180025095e-35 1.0000000180025095e-35 326.50000000000006 1.0000000180025095e-35 275.50000000000006 291.50000000000006 202.50000000000003 226.50000000000003 286.50000000000006 1.0000000180025095e-35 279.50000000000006 402.50000000000006 214.50000000000003 2818.0000000000005
decision_type=2 2 2 2 2 2 2 2 2 2 2 2 2 2
left_child=1 3 12 4 5 6 -1 -5 -9 -8 11 13 -2 -3
right_child=2 10 -4 7 -6 -7 9 8 -10 -11 -12 -13 -14 -15
leaf_value=3.0843034112839787 5.7675692473378097 -0.95973021109149148 -1.4106929588317874 -3.8160178458249132 -1.3963371483561668 -1.8050374654092289 0.89894712611372962 -0.49590493880578734 -2.9239924361109737 -1.4179028550982478 -4.7815721874345432 -5.9307119602627232 3.9443549687587303 -3.2754092296801121
leaf_weight=52 112 51 26 25 53 36 300 181 38 38 130 25 102 36
leaf_count=52 112 51 26 25 53 36 300 181 38 38 130 25 102 36
internal_value=-0.0109578 -1.07698 4.24883 -0.103192 0.490495 0.73067 0.972751 -1.26318 -0.939866 0.631664 -3.96159 -2.94264 4.94313 -1.97001
internal_weight=1205 965 240 723 479 426 390 244 219 338 242 112 214 87
internal_count=1205 965 240 723 479 426 390 244 219 338 242 112 214 87
is_linear=0
shrinkage=0.035


Tree=22
num_leaves=15
num_cat=0
split_feature=5 9 4 2 1 1 0 2 1 2 4 1 0 2
split_gain=4.18013e+06 2.06818e+06 743503 394070 532498 315823 146289 143316 185668 145736 137856 115157 82188.3 71441.9
threshold=1.0000000180025095e-35 1.0000000180025095e-35 280.50000000000006 240.50000000000003 431.50000000000006 112.50000000000001 2743.0000000000005 235.50000000000003 221.50000000000003 285.50000000000006 636.50000000000011 92.500000000000014 2667.5000000000005 192.50000000000003
decision_type=2 2 2 2 2 2 2 2 2 2 2 2 2 2
left_child=1 3 -2 4 10 6 12 -3 9 -9 13 -4 -5 -1
right_child=2 7 11 5 -6 -7 -8 8 -10 -11 -12 -13 -14 -15
leaf_value=2.2245363472957242 -1.5078374802624739 -1.3942695816870658 6.2730178239889316 -0.23247715287348808 -3.3274621977950587 -2.6901240592318425 -1.1000538435301339 -1.8945463248354493 -5.6458732292750113 -4.2694577969242546 3.386939407250769 4.172589601999448 1.2485848510973157 0.72448647310159597
leaf_weight=49 25 29 55 117 31 83 154 59 71 83 35 160 73 181
leaf_count=49 25 29 55 117 31 83 154 59 71 83 35 160 73 181
internal_value=-0.0114162 -1.04094 4.10252 -0.100341 0.877661 -0.77923 -0.305287 -3.82722 -4.14242 -3.32272 1.39082 4.76277 0.343641 1.06048
internal_weight=1205 965 240 723 296 427 344 242 213 142 265 215 190 230
internal_count=1205 965 240 723 296 427 344 242 213 142 265 215 190 230
is_linear=0
shrinkage=0.035


Tree=23
num_leaves=15
num_cat=0
split_feature=5 9 1 8 4 1 4 2 0 2 4 2 2 0
split_gain=3.89818e+06 1.93003e+06 704554 371215 165409 179361 149160 194673 169654 133496 176401 131715 122437 107824
threshold=1.0000000180025095e-35 1.0000000180025095e-35 341.50000000000006 1.0000000180025095e-35 586.50000000000011 115.50000000000001 292.50000000000006 240.50000000000003 2743.0000000000005 235.50000000000003 39.000000000000007 223.50000000000003 289.50000000000006 2810.5000000000005
decision_type=2 2 2 2 2 2 2 2 2 2 2 2 2 2
left_child=1 3 -2 4 5 11 -5 -8 -9 -3 -11 -1 -12 -13
right_child=2 9 -4 6 -6 -7 7 8 -10 10 12 13 -14 -15
leaf_value=2.0752554023928114 4.6043144589085729 -1.3486185431672684 -1.4981119028727217 -2.813271271212535 2.3140119176540739 -1.0447188533638039 1.1896481241498678 -0.01460295407157956 -2.4195919120602492 -5.1419953293885508 -1.8706733014129779 0.76303000389748532 -4.2344545168118053 -0.74262251384293343
leaf_weight=61 215 29 25 53 51 100 47 64 80 96 64 184 53 83
leaf_count=61 215 29 25 53 51 100 47 64 80 96 64 184 53 83
internal_value=-0.0112505 -1.00545 3.96152 -0.0968061 0.469071 0.239489 -1.20247 -0.730972 -1.36555 -3.69706 -4.00128 0.634975 -2.99462 0.292939
internal_weight=1205 965 240 723 479 428 244 191 144 242 213 328 117 267
internal_count=1205 965 240 723 479 428 244 191 144 242 213 328 117 267
is_linear=0
shrinkage=0.035


Tree=24
num_leaves=15
num_cat=0
split_feature=5 9 4 2 1 2 1 3 2 1 2 2 12 4
split_gain=3.6329e+06 1.80096e+06 665682 350384 429999 272436 231159 167990 124342 172400 133829 119066 97831.5 90074.5
threshold=1.0000000180025095e-35 1.0000000180025095e-35 280.50000000000006 275.50000000000006 429.00000000000006 219.50000000000003 84.500000000000014 18.000000000000004 235.50000000000003 260.50000000000006 280.50000000000006 214.50000000000003 1.0000000180025095e-35 303.00000000000006
decision_type=2 2 2 2 2 2 2 2 2 2 2 2 2 2
left_child=1 3 -2 4 5 12 7 -7 -3 10 -10 -4 -1 -8
right_child=2 8 11 -5 -6 6 13 -9 9 -11 -12 -13 -14 -15
leaf_value=0.55747855581177608 -1.4816173306217901 -1.3044621262122547 5.2507205285745515 -1.7246000794953471 -3.3870372482892632 0.94409285530526177 -1.868204265778002 -1.9143261110782626 -1.9097733094729485 -5.9482673338956618 -4.0442112578824165 3.4051852241039278 2.6459120259514775 -0.14833932533860208
leaf_weight=43 25 29 117 130 35 260 74 26 62 41 110 98 81 74
leaf_count=43 25 29 117 130 35 260 74 26 62 41 110 98 81 74
internal_value=-0.0114473 -0.971218 3.82376 -0.0934848 0.26869 0.50927 0.0928759 0.672747 -3.57127 -3.8649 -3.30562 4.44864 1.94204 -1.02172
internal_weight=1205 965 240 723 593 558 434 286 242 213 172 215 124 148
internal_count=1205 965 240 723 593 558 434 286 242 213 172 215 124 148
is_linear=0
shrinkage=0.035


Tree=25
num_leaves=15
num_cat=0
split_feature=5 9 1 8 4 1 4 2 4 2 2 2 0 2
split_gain=3.388e+06 1.68041e+06 634719 337800 150573 158782 138683 132152 120300 124794 114658 100598 95664.8 70862.7
threshold=1.0000000180025095e-35 1.0000000180025095e-35 326.50000000000006 1.0000000180025095e-35 586.50000000000011 115.50000000000001 226.50000000000003 286.50000000000006 50.500000000000007 289.50000000000006 223.50000000000003 226.50000000000003 2810.5000000000005 227.50000000000003
decision_type=2 2 2 2 2 2 2 2 2 2 2 2 2 2
left_child=1 3 11 4 5 10 -5 13 -3 -10 -1 -2 -12 -8
right_child=2 8 -4 6 -6 -7 7 -9 9 -11 12 -13 -14 -15
leaf_value=1.9459912691430914 4.7980340938448167 -4.1236757926435939 -1.3817871475219727 -3.5221742490485868 2.2093840803177853 -0.9782604964165128 0.91791124582290662 -2.6674621605277067 -1.3905066624330358 -3.9753757033348087 0.72570287663449529 2.868951457991439 -0.69256122714631696 -0.78133099353029623
leaf_weight=61 157 142 26 25 51 100 36 38 62 38 184 57 83 145
leaf_count=61 157 142 26 25 51 100 36 38 62 38 184 57 83 145
internal_value=-0.0116804 -0.938535 3.69201 -0.0906855 0.449117 0.230065 -1.14542 -0.844677 -3.45007 -2.43145 0.602153 4.31553 0.282948 -0.437022
internal_weight=1205 965 240 723 479 428 244 219 242 100 328 214 267 181
internal_count=1205 965 240 723 479 428 244 219 242 100 328 214 267 181
is_linear=0
shrinkage=0.035


Tree=26
num_leaves=15
num_cat=0
split_feature=5 9 4 1 2 1 4 3 2 1 2 1 2 0
split_gain=3.15882e+06 1.56721e+06 596852 321429 467092 235601 127408 123394 117075 161729 118350 110262 105743 67236.3
threshold=1.0000000180025095e-35 1.0000000180025095e-35 280.50000000000006 461.00000000000006 240.50000000000003 112.50000000000001 636.50000000000011 14.500000000000002 235.50000000000003 221.50000000000003 285.50000000000006 92.500000000000014 260.50000000000006 2642.5000000000005
decision_type=2 2 2 2 2 2 2 2 2 2 2 2 2 2
left_child=1 3 -2 4 6 7 13 12 -3 10 -10 -4 -6 -1
right_child=2 8 11 -5 5 -7 -8 -9 9 -11 -12 -13 -14 -15
leaf_value=2.1534994125366214 -1.4559184533578378 -1.1452494149583001 5.6007618835516144 -3.8348488768824831 0.73003495909446903 -2.3418176829671284 3.1019521555385077 -2.2325215828418732 -1.5803795827949636 -5.0100902522100172 -3.7102938610806189 3.5969170431277639 -0.57404168494446317 0.59891642434448011
leaf_weight=40 25 29 55 25 127 81 35 33 59 71 83 160 184 198
leaf_count=40 25 29 55 25 127 81 35 33 59 71 83 160 184 198
internal_value=-0.0116223 -0.906579 3.5646 -0.0877859 0.0569945 -0.667696 1.18183 -0.262241 -3.33204 -3.61635 -2.85957 4.15642 -0.0402468 0.875959
internal_weight=1205 965 240 723 698 425 273 344 242 213 142 215 311 238
internal_count=1205 965 240 723 698 425 273 344 242 213 142 215 311 238
is_linear=0
shrinkage=0.035


Tree=27
num_leaves=15
num_cat=0
split_feature=5 9 1 8 2 1 2 4 3 2 4 2 2 1
split_gain=2.94599e+06 1.46227e+06 568880 304545 134642 160443 184890 127640 124873 120442 109793 113136 98818.3 94258.8
threshold=1.0000000180025095e-35 1.0000000180025095e-35 276.50000000000006 1.0000000180025095e-35 275.50000000000006 251.50000000000003 202.50000000000003 226.50000000000003 1.0000000180025095e-35 286.50000000000006 50.500000000000007 289.50000000000006 196.50000000000003 139.50000000000003
decision_type=2 2 2 2 2 2 2 2 2 2 2 2 2 2
left_child=1 3 12 4 5 6 -1 -5 -8 -9 -3 -12 -2 -14
right_child=2 10 -4 7 -6 -7 8 9 -10 -11 11 -13 13 -15
leaf_value=2.8297577300258716 5.456976486742497 -3.8606999500882297 -1.0900954889482068 -3.3662968318329924 -1.206112681979483 -1.3489694229563078 0.79729996173630158 -0.40898043902845332 -1.3367007838111176 -2.5381224533841014 -1.2612525841593745 -3.7175525426864628 3.9861917457985885 1.7475620930393538
leaf_weight=49 54 142 29 25 53 43 298 181 36 38 62 38 123 34
leaf_count=49 54 142 29 25 53 43 298 181 36 38 62 38 123 34
internal_value=-0.0115694 -0.875851 3.44208 -0.084945 0.427595 0.635536 0.86419 -1.08642 0.5607 -0.798047 -3.2187 -2.24924 4.06938 3.52947
internal_weight=1205 965 240 723 479 426 383 244 334 219 242 100 211 157
internal_count=1205 965 240 723 479 426 383 244 334 219 242 100 211 157
is_linear=0
shrinkage=0.035


Tree=28
num_leaves=15
num_cat=0
split_feature=5 9 4 1 2 1 4 0 2 1 2 2 0 1
split_gain=2.7487e+06 1.36341e+06 535673 293157 420949 216057 116438 115286 110147 153995 109497 109213 76011.4 69147
threshold=1.0000000180025095e-35 1.0000000180025095e-35 280.50000000000006 461.00000000000006 240.50000000000003 112.50000000000001 636.50000000000011 2743.0000000000005 235.50000000000003 260.50000000000006 280.50000000000006 214.50000000000003 2667.5000000000005 139.50000000000003
decision_type=2 2 2 2 2 2 2 2 2 2 2 2 2 2
left_child=1 3 -2 4 6 7 -1 12 -3 10 -10 -4 -6 -13
right_child=2 8 11 -5 5 -7 -8 -9 9 -11 -12 13 -14 -15
leaf_value=0.83115048251580459 -1.4288695649747498 -0.99895408868789681 4.6424017458803517 -3.6610905668305032 -0.22228635535520669 -2.2354742797311533 2.9589489624790248 -0.94971180688780854 -1.6069447206519545 -5.3378111537667214 -3.5281803274154666 3.4475615703900657 1.2020474997043611 1.1890029045001227
leaf_weight=238 25 29 117 25 117 81 35 154 62 41 110 73 73 25
leaf_count=238 25 29 117 25 117 81 35 154 62 41 110 73 73 25
internal_value=-0.0114728 -0.846313 3.32453 -0.0826071 0.0556562 -0.632314 1.12348 -0.244085 -3.10858 -3.38384 -2.86207 3.88533 0.331779 2.9067
internal_weight=1205 965 240 723 698 425 273 344 242 213 172 215 190 98
internal_count=1205 965 240 723 698 425 273 344 242 213 172 215 190 98
is_linear=0
shrinkage=0.035


Tree=29
num_leaves=15
num_cat=0
split_feature=5 9 1 8 4 1 4 2 2 0 0 2 2 12
split_gain=2.56379e+06 1.27233e+06 513367 276640 125896 122895 117115 143517 102657 144691 97990 91311.1 87678.7 73923
threshold=1.0000000180025095e-35 1.0000000180025095e-35 326.50000000000006 1.0000000180025095e-35 305.50000000000006 129.50000000000003 285.50000000000006 260.50000000000006 235.50000000000003 2717.5000000000005 2743.0000000000005 231.50000000000003 217.50000000000003 1.0000000180025095e-35
decision_type=2 2 2 2 2 2 2 2 2 2 2 2 2 2
left_child=1 3 12 4 5 11 -5 -8 -3 -10 -9 -1 -2 -7
right_child=2 8 -4 6 -6 13 7 10 9 -11 -12 -13 -14 -15
leaf_value=1.5175051940515125 4.4044529068956937 -0.96624644217952615 -1.3467466497421265 -2.5319288136503277 1.0712357125482683 0.052776028066873558 0.41749961818202158 -0.25618182497365138 -2.2043694298684602 -4.1227288317884137 -2.3800046881039942 -0.10505874605756255 2.8051719123583578 -2.3404927145540713
leaf_weight=56 125 29 26 49 201 26 87 47 98 115 61 158 89 38
leaf_count=56 125 29 26 49 201 26 87 47 98 115 61 158 89 38
internal_value=-0.0114018 -0.817672 3.21044 -0.0799163 0.408575 -0.0747717 -1.03441 -0.636222 -3.00307 -3.26882 -1.47721 0.329657 3.77146 -1.39609
internal_weight=1205 965 240 723 479 278 244 195 242 213 108 214 214 64
internal_count=1205 965 240 723 479 278 244 195 242 213 108 214 214 64
is_linear=0
shrinkage=0.035


Tree=30
num_leaves=15
num_cat=0
split_feature=5 9 1 1 2 1 3 2 4 4 2 1 0 2
split_gain=2.39061e+06 1.18622e+06 481619 269183 399501 193145 140777 99826.8 98905.6 98880.3 95715.3 83327.1 72462.4 62055.2
threshold=1.0000000180025095e-35 1.0000000180025095e-35 269.00000000000006 429.00000000000006 240.50000000000003 137.50000000000003 6.0000000000000009 277.50000000000006 636.50000000000011 69.500000000000014 196.50000000000003 139.50000000000003 2643.5000000000005 192.50000000000003
decision_type=2 2 2 2 2 2 2 2 2 2 2 2 2 2
left_child=1 3 10 4 8 6 7 -6 13 12 -2 -12 -3 -1
right_child=2 9 -4 -5 5 -7 -8 -9 -10 -11 11 -13 -14 -15
leaf_value=1.9427531259667641 5.0494237010912464 -1.5972763555414147 -0.99214393407106405 -2.9857576858675161 0.27513345155804869 -2.7573861541748053 -2.2943270000517373 -1.0444157610940084 2.8292275626917145 -1.2028424474960422 3.5985584889006619 1.5098806083864635 -3.5134248906269407 0.54894003247628453
leaf_weight=49 53 34 30 35 246 43 38 96 35 39 123 34 169 181
leaf_count=49 53 34 30 35 246 43 38 96 35 39 123 34 169 181
internal_value=-0.0113498 -0.789912 3.09977 -0.077559 0.0786127 -0.588177 -0.329562 -0.099185 1.13939 -2.90006 3.68818 3.17092 -3.21121 0.860071
internal_weight=1205 965 240 723 688 423 380 342 265 242 210 157 203 230
internal_count=1205 965 240 723 688 423 380 342 265 242 210 157 203 230
is_linear=0
shrinkage=0.035


Tree=31
num_leaves=15
num_cat=0
split_feature=5 9 4 1 2 1 3 4 1 2 1 2 2 0
split_gain=2.23018e+06 1.10583e+06 462583 253808 353104 185067 131573 101035 98740 96692.7 140863 100401 93081.5 62891.1
threshold=1.0000000180025095e-35 1.0000000180025095e-35 280.50000000000006 461.00000000000006 240.50000000000003 137.50000000000003 6.0000000000000009 609.50000000000011 92.500000000000014 235.50000000000003 260.50000000000006 280.50000000000006 277.50000000000006 2642.5000000000005
decision_type=2 2 2 2 2 2 2 2 2 2 2 2 2 2
left_child=1 3 -2 4 7 6 12 13 -4 -3 11 -11 -6 -1
right_child=2 9 8 -5 5 -7 -8 -9 -10 10 -12 -13 -14 -15
leaf_value=1.9745565914114318 -1.4181861404136378 -0.83388966133517617 4.8570875346869764 -3.4048511322339379 0.26558144867370442 -2.649438311444952 -2.218040606796742 2.6413493370428318 2.9998071932792665 -1.3712585633248091 -4.9173344716360408 -3.1985096830874684 -1.0086072387226992 0.47154378683173231
leaf_weight=40 25 29 55 25 246 45 38 39 160 62 41 110 96 194
leaf_count=40 25 29 55 25 246 45 38 39 160 62 41 110 96 194
internal_value=-0.0109893 -0.762974 2.99393 -0.075181 0.0534639 -0.576638 -0.318589 1.03145 3.51531 -2.80037 -3.05786 -2.56318 -0.0958701 0.743025
internal_weight=1205 965 240 723 698 425 380 273 215 242 213 172 342 234
internal_count=1205 965 240 723 698 425 380 273 215 242 213 172 342 234
is_linear=0
shrinkage=0.035


Tree=32
num_leaves=15
num_cat=0
split_feature=5 9 4 8 4 4 1 2 2 4 2 2 1 2
split_gain=2.08012e+06 1.0318e+06 431912 241361 108862 108832 108014 98221.9 98005.3 91816.4 109772 77375.1 72809.5 65897.5
threshold=1.0000000180025095e-35 1.0000000180025095e-35 280.50000000000006 1.0000000180025095e-35 305.50000000000006 226.50000000000003 75.500000000000014 286.50000000000006 221.50000000000003 31.000000000000004 260.50000000000006 191.50000000000003 92.500000000000014 263.50000000000006
decision_type=2 2 2 2 2 2 2 2 2 2 2 2 2 2
left_child=1 3 -2 4 6 -5 -1 -7 12 -3 -11 -8 -4 -6
right_child=2 9 8 5 13 7 11 -9 -10 10 -12 -13 -14 -15
leaf_value=0.62913004129589034 -1.3722263336181642 -3.4756921447289959 5.3470924286726049 -3.0688328496228769 1.297662235071142 -0.34760233464788221 0.76716479532646409 -2.269845100641251 2.2557857121605625 0.057167853337747085 -2.5076239443665203 -1.1721749467123301 3.3269560614457503 -0.32061028543191084
leaf_weight=137 25 109 39 25 164 181 31 38 74 25 108 110 102 37
leaf_count=137 25 109 39 25 164 181 31 38 74 25 108 110 102 37
internal_value=-0.0110576 -0.737301 2.89101 -0.0729289 0.383347 -0.964486 -0.066136 -0.698665 3.39481 -2.70532 -2.03182 -0.741029 3.95269 0.999547
internal_weight=1205 965 240 723 479 244 278 219 215 242 133 141 141 201
internal_count=1205 965 240 723 479 244 278 219 215 242 133 141 141 201
is_linear=0
shrinkage=0.035


Tree=33
num_leaves=15
num_cat=0
split_feature=5 9 1 1 2 1 0 2 1 2 4 2 1 2
split_gain=1.94095e+06 961794 413990 235510 337214 165866 124071 88951 131655 92157.9 84806.8 78802.4 75685.7 62568.3
threshold=1.0000000180025095e-35 1.0000000180025095e-35 280.00000000000006 429.00000000000006 240.50000000000003 137.50000000000003 2842.5000000000005 235.50000000000003 260.50000000000006 280.50000000000006 636.50000000000011 196.50000000000003 139.50000000000003 273.50000000000006
decision_type=2 2 2 2 2 2 2 2 2 2 2 2 2 2
left_child=1 3 11 4 10 6 13 -3 9 -9 -1 -2 -13 -6
right_child=2 7 -4 -5 5 -7 -8 8 -10 -11 -12 12 -14 -15
leaf_value=0.79125604398741289 4.5231814365219654 -0.73267271835957815 -1.1390649468104046 -2.7910412020779947 0.39110207448263884 -2.5475019532574552 -1.4679806473227437 -1.2451101659238339 -4.6518957978625632 -2.990865545328707 2.614481981058379 3.2493607320117954 1.27740389266724 -0.6895398105972822
leaf_weight=230 55 29 28 35 201 43 84 62 41 110 35 123 34 95
leaf_count=230 55 29 28 35 201 43 84 62 41 110 35 123 34 95
internal_value=-0.0107201 -0.712249 2.79259 -0.0708095 0.0752633 -0.537354 -0.297743 -2.61233 -2.85905 -2.38313 1.04984 3.31765 2.84375 0.0419744
internal_weight=1205 965 240 723 688 423 380 242 213 172 265 212 157 296
internal_count=1205 965 240 723 688 423 380 242 213 172 265 212 157 296
is_linear=0
shrinkage=0.035


Tree=34
num_leaves=15
num_cat=0
split_feature=5 9 4 1 2 1 2 0 4 4 2 0 2 1
split_gain=1.81094e+06 897402 388950 222404 297414 159446 92468.1 91880.2 86550.9 85265.8 95274.2 70446.6 61821.4 81044.8
threshold=1.0000000180025095e-35 1.0000000180025095e-35 280.50000000000006 461.00000000000006 240.50000000000003 112.50000000000001 196.50000000000003 2743.0000000000005 609.50000000000011 50.500000000000007 289.50000000000006 2667.5000000000005 192.50000000000003 86.500000000000014
decision_type=2 2 2 2 2 2 2 2 2 2 2 2 2 2
left_child=1 3 -2 4 8 7 -4 11 12 -3 -11 -6 -1 -14
right_child=2 9 6 -5 5 -7 -8 -9 -10 10 -12 -13 13 -15
leaf_value=1.7369584961376101 -1.346088920875832 -3.0837727875241807 4.373823635843066 -3.1855676228911793 -0.21266879528760912 -1.9037226929147559 2.650641588071982 -0.82318035516983434 2.4392230435406295 -0.79384918283671146 -3.0225720540583136 1.1585499703804654 0.95278311254571024 -0.54289651000336436
leaf_weight=51 25 142 61 25 117 81 154 154 39 62 38 73 112 71
leaf_count=51 25 142 61 25 117 81 154 154 39 62 38 73 112 71
internal_value=-0.0106586 -0.688285 2.69713 -0.0686883 0.0517305 -0.526561 3.17535 -0.193157 0.949283 -2.52366 -1.68342 0.320748 0.682392 0.372896
internal_weight=1205 965 240 723 698 425 215 344 273 242 100 190 234 183
internal_count=1205 965 240 723 698 425 215 344 273 242 100 190 234 183
is_linear=0
shrinkage=0.035


Tree=35
num_leaves=15
num_cat=0
split_feature=5 9 1 8 4 4 1 2 1 2 2 0 2 4
split_gain=1.68863e+06 837054 376056 212116 98664.7 95042 93596.6 87278.1 83871.1 213981 80385.9 74245.5 72793.1 142278
threshold=1.0000000180025095e-35 1.0000000180025095e-35 269.00000000000006 1.0000000180025095e-35 226.50000000000003 305.50000000000006 129.50000000000003 286.50000000000006 402.50000000000006 260.50000000000006 196.50000000000003 2717.5000000000005 214.50000000000003 1.0000000180025095e-35
decision_type=2 2 2 2 2 2 2 2 2 2 2 2 2 2
left_child=1 3 10 5 -5 6 12 -6 9 -3 -2 -11 -1 -14
right_child=2 8 -4 4 7 -7 -8 -9 -10 11 -12 -13 13 -15
leaf_value=1.9259103835040126 4.3569778118133549 0.16428738506828869 -1.0048946911096575 -2.9054189508546284 -0.31840820529828961 0.93717309598521947 -1.2117398563659554 -2.1301976954936985 -4.3607295848705157 -1.8363623248537384 2.6590073820704938 -3.361685086148126 0.60925904263207253 -1.5637597938060763
leaf_weight=27 53 39 30 25 181 201 64 38 25 82 157 96 139 48
leaf_count=27 53 39 30 25 181 201 64 38 25 82 157 96 139 48
internal_value=-0.0103785 -0.664722 2.60438 -0.0663209 -0.902126 0.361414 -0.0585925 -0.649215 -2.43731 -2.17792 3.1246 -2.68722 0.294301 0.0408335
internal_weight=1205 965 240 723 244 479 278 219 242 217 210 178 214 187
internal_count=1205 965 240 723 244 479 278 219 242 217 210 178 214 187
is_linear=0
shrinkage=0.035


Tree=36
num_leaves=15
num_cat=0
split_feature=5 9 1 1 2 2 0 0 0 0 2 1 1 2
split_gain=1.57525e+06 781016 351814 204080 271564 100785 118978 113826 94188.7 86146 80512 118925 80351.7 79350.9
threshold=1.0000000180025095e-35 1.0000000180025095e-35 341.50000000000006 461.00000000000006 252.50000000000003 199.50000000000003 2818.0000000000005 2706.0000000000005 2842.5000000000005 2693.0000000000005 235.50000000000003 260.50000000000006 96.500000000000014 280.50000000000006
decision_type=2 2 2 2 2 2 2 2 2 2 2 2 2 2
left_child=1 3 12 4 5 -1 7 9 -6 -7 -3 13 -2 -12
right_child=2 10 -4 -5 8 6 -8 -9 -10 -11 11 -13 -14 -15
leaf_value=1.8209276385740802 4.0042049049139026 -0.57751752241965271 -1.3278107568952773 -3.0501754349249381 -0.33858066920618546 0.85728047786204797 -0.48806679422935023 2.5471043697992961 -1.7090982690453531 -1.3304360642256561 -1.0875000090757385 -4.2868987240902214 2.4441448571998006 -2.7027392134070398
leaf_weight=75 68 29 25 25 242 121 114 40 81 25 62 41 147 110
leaf_count=75 68 29 25 25 242 121 114 40 81 25 62 41 147 110
internal_value=-0.0104816 -0.642474 2.51496 -0.0644494 0.0508985 0.689915 0.396975 0.938841 -0.690673 0.469755 -2.3547 -2.58904 2.96992 -2.13969
internal_weight=1205 965 240 723 698 375 300 186 323 146 242 213 215 172
internal_count=1205 965 240 723 698 375 300 186 323 146 242 213 215 172
is_linear=0
shrinkage=0.035


Tree=37
num_leaves=15
num_cat=0
split_feature=4 5 1 1 2 2 2 4 2 1 0 1 1 0
split_gain=1.47534e+06 998126 923978 591491 282829 226037 103533 91399.9 89274.6 86542 73966.8 78931.7 65224.7 57275.5
threshold=174.50000000000003 1.0000000180025095e-35 556.50000000000011 116.50000000000001 241.50000000000003 262.50000000000006 231.50000000000003 305.50000000000006 196.50000000000003 221.50000000000003 2818.0000000000005 200.50000000000003 139.50000000000003 2667.5000000000005
decision_type=2 2 2 2 2 2 2 2 2 2 2 2 2 2
left_child=2 5 3 6 -5 7 -1 -2 -3 -6 13 -12 -10 -9
right_child=1 8 -4 4 9 -7 -8 10 12 -11 11 -13 -14 -15
leaf_value=1.8326596245045466 -0.69858152908938276 4.0565525746799036 -7.6125089454650885 -0.12779834069617807 -2.1546441052911378 -0.90641485985610981 -0.032979859324062576 0.8493282993525676 2.8221962539274847 -3.7312796735763554 -0.16164167484268549 1.8720726446182498 1.047379923596194 2.371374434849312
leaf_weight=46 47 67 26 71 154 167 151 71 122 68 94 29 36 56
leaf_count=46 47 67 26 71 154 167 151 71 122 68 94 29 36 56
internal_value=-0.0104177 1.04819 -1.42253 -1.06447 -2.05642 0.117259 0.416692 0.695073 2.95002 -2.66658 0.960545 0.340133 2.43595 1.54683
internal_weight=1205 689 516 490 293 464 197 297 225 222 250 123 158 127
internal_count=1205 689 516 490 293 464 197 297 225 222 250 123 158 127
is_linear=0
shrinkage=0.035


Tree=38
num_leaves=15
num_cat=0
split_feature=4 5 1 1 2 2 2 4 2 1 0 1 0 1
split_gain=1.37703e+06 930801 865469 551764 263747 211896 96700.9 94453.1 83410.7 80906.8 64146.1 67142 61709.5 60698.6
threshold=174.50000000000003 1.0000000180025095e-35 556.50000000000011 116.50000000000001 241.50000000000003 260.50000000000006 231.50000000000003 305.50000000000006 196.50000000000003 221.50000000000003 2818.0000000000005 200.50000000000003 2667.5000000000005 139.50000000000003
decision_type=2 2 2 2 2 2 2 2 2 2 2 2 2 2
left_child=2 5 3 6 -5 7 -1 -2 -3 -6 12 -12 -9 -10
right_child=1 8 -4 4 9 -7 -8 10 13 -11 11 -13 -14 -15
leaf_value=1.7711891707529626 -0.72714474764963 3.9186885905611346 -7.365102398395539 -0.1234479370672409 -2.0801983858845556 -0.82891248134937556 -0.031840664781386557 0.83385088727507806 2.7250125910651182 -3.6044161520004274 -0.07119545007005651 1.8107773705836265 2.4697138646015753 1.0126510276959131
leaf_weight=46 46 67 26 71 154 178 151 69 122 68 92 29 50 36
leaf_count=46 46 67 26 71 154 178 151 69 122 68 92 29 50 36
internal_value=-0.0100864 1.01264 -1.37434 -1.02782 -1.98587 0.113655 0.402741 0.70197 2.84922 -2.57509 0.979629 0.401965 1.55065 2.35239
internal_weight=1205 689 516 490 293 464 197 286 225 222 240 121 119 158
internal_count=1205 689 516 490 293 464 197 286 225 222 240 121 119 158
is_linear=0
shrinkage=0.035


Tree=39
num_leaves=15
num_cat=0
split_feature=4 5 1 1 2 2 2 1 1 2 1 0 0 4
split_gain=1.28531e+06 867991 810664 514705 245952 197690 90319.3 89782.6 80367 79354.7 75638.4 65899 91385.5 59751.6
threshold=174.50000000000003 1.0000000180025095e-35 556.50000000000011 116.50000000000001 241.50000000000003 260.50000000000006 231.50000000000003 335.50000000000006 167.50000000000003 227.50000000000003 221.50000000000003 2818.0000000000005 2667.5000000000005 344.50000000000006
decision_type=2 2 2 2 2 2 2 2 2 2 2 2 2 2
left_child=2 5 3 6 -5 7 -1 8 11 -3 -6 12 13 -2
right_child=1 9 -4 4 10 -7 -8 -9 -10 -11 -12 -13 -14 -15
leaf_value=1.7117805174489817 -0.72256694535414379 3.1261042569827482 -7.1257364749908456 -0.11924563977816335 -2.0083248530128279 -0.80022290275825403 -0.03074079254873438 -1.082119921669364 2.483839299152879 1.4974054207652807 -3.4818660154342655 -0.095336759617695457 2.2310633292631672 1.1510089647293091
leaf_weight=46 34 171 26 71 154 178 151 30 32 54 68 89 53 48
leaf_count=46 34 171 26 71 154 178 151 30 32 54 68 89 53 48
internal_value=-0.00975024 0.978327 -1.32779 -0.992423 -1.91774 0.110201 0.389257 0.67845 0.891556 2.75185 -2.48674 0.644119 1.12589 0.375453
internal_weight=1205 689 516 490 293 464 197 286 256 225 222 224 135 82
internal_count=1205 689 516 490 293 464 197 286 256 225 222 224 135 82
is_linear=0
shrinkage=0.035


Tree=40
num_leaves=15
num_cat=0
split_feature=4 5 1 1 2 2 2 1 1 2 0 4 1 1
split_gain=1.19937e+06 808896 759328 480135 229357 184775 84358.9 81040.2 79690.8 76696.8 71087.3 79267.7 70712.8 56301.1
threshold=174.50000000000003 1.0000000180025095e-35 556.50000000000011 116.50000000000001 241.50000000000003 262.50000000000006 231.50000000000003 335.50000000000006 167.50000000000003 196.50000000000003 2818.0000000000005 344.50000000000006 221.50000000000003 139.50000000000003
decision_type=2 2 2 2 2 2 2 2 2 2 2 2 2 2
left_child=2 5 3 6 -5 7 -1 8 10 -3 11 -2 -6 -11
right_child=1 9 -4 4 12 -7 -8 -9 -10 13 -12 -13 -14 -15
leaf_value=1.6543645476798219 -0.075896533014727582 3.6792677714859234 -6.894150069952012 -0.11518636567951882 -1.9389346713324389 -0.81872083106337223 -0.029678941828752657 -1.0466128496080638 2.3870650250315668 2.5409956402752192 -0.17804363101400356 1.6511939270546039 -3.363482496261597 0.89942044607902838
leaf_weight=46 49 67 26 71 154 167 151 30 33 122 91 94 68 36
leaf_count=46 49 67 26 71 154 167 151 30 33 122 91 94 68 36
internal_value=-0.00959832 0.944875 -1.28281 -0.958247 -1.85195 0.106819 0.376224 0.629236 0.823915 2.65696 0.585109 1.06651 -2.40142 2.18288
internal_weight=1205 689 516 490 293 464 197 297 267 225 234 143 222 158
internal_count=1205 689 516 490 293 464 197 297 267 225 234 143 222 158
is_linear=0
shrinkage=0.035


Tree=41
num_leaves=15
num_cat=0
split_feature=4 5 1 1 2 2 4 2 2 2 0 4 0 1
split_gain=1.11933e+06 754432 711242 447887 215316 172969 82798.7 78791.8 72347.8 60092.9 71756.8 56454.9 50062 47822.4
threshold=174.50000000000003 1.0000000180025095e-35 556.50000000000011 116.50000000000001 211.50000000000003 260.50000000000006 305.50000000000006 231.50000000000003 217.50000000000003 217.50000000000003 2842.5000000000005 415.50000000000006 2989.5000000000005 125.50000000000001
decision_type=2 2 2 2 2 2 2 2 2 2 2 2 2 2
left_child=2 5 3 7 -5 6 -2 -1 -3 -8 -11 -7 -12 -10
right_child=1 8 -4 4 -6 11 9 -9 13 10 12 -13 -14 -15
leaf_value=1.5988743976751965 -0.70261540558189162 3.0848625285729119 -6.6700902879238138 0.67649360889043564 -2.1471599186448627 -0.2315219201051861 1.7542042267322542 -0.028653757092999478 2.2603229910963116 1.0394305565098059 -1.3491696780043492 -1.4992594917179789 0.65592545866966245 0.48027762829264009
leaf_weight=46 46 136 26 37 256 107 69 151 61 113 32 71 26 28
leaf_count=46 46 136 26 37 256 107 69 151 61 113 32 71 26 28
internal_value=-0.00935799 0.91272 -1.23935 -0.925248 -1.78842 0.103369 0.634901 0.363628 2.56617 0.894947 0.531958 -0.748232 -0.458431 1.72317
internal_weight=1205 689 516 490 293 464 286 197 225 240 171 178 58 89
internal_count=1205 689 516 490 293 464 286 197 225 240 171 178 58 89
is_linear=0
shrinkage=0.035


Tree=42
num_leaves=15
num_cat=0
split_feature=4 5 1 1 2 8 0 2 2 2 1 1 2 0
split_gain=1.0438e+06 703638 666330 417447 204140 167229 75857.6 75943.2 73592.1 69534.8 66786.4 50101.4 47050.9 43602.5
threshold=174.50000000000003 1.0000000180025095e-35 556.50000000000011 116.50000000000001 241.50000000000003 1.0000000180025095e-35 2837.5000000000005 232.50000000000003 231.50000000000003 196.50000000000003 221.50000000000003 139.50000000000003 196.50000000000003 2842.5000000000005
decision_type=2 2 2 2 2 2 2 2 2 2 2 2 2 2
left_child=2 5 3 8 12 -2 -7 -8 -1 -3 -6 -11 -5 -10
right_child=1 9 -4 4 10 6 7 -9 13 11 -12 -13 -14 -15
leaf_value=1.5452455184360345 0.75248666288103239 3.4493852663212934 -6.4533122722059497 0.9304263710603119 -1.797754880044705 -0.099007656914459563 0.16935036375014872 -2.1315983866181294 0.24230596289271492 2.3658742165625579 -3.1761207205802209 0.82008713295585245 -0.84225468433180528 -1.3054723036730733
leaf_weight=46 235 67 26 30 154 149 25 55 126 122 68 36 41 25
leaf_count=46 235 67 26 30 154 149 25 55 126 122 68 36 41 25
internal_value=-0.00909299 0.881331 -1.19686 -0.89285 -1.72617 0.0997007 -0.570904 -1.42596 0.351453 2.47815 -2.24455 2.02832 -0.0882645 -0.027664
internal_weight=1205 689 516 490 293 464 229 80 197 225 222 158 71 151
internal_count=1205 689 516 490 293 464 229 80 197 225 222 158 71 151
is_linear=0
shrinkage=0.035


Tree=43
num_leaves=15
num_cat=0
split_feature=4 5 1 1 2 8 0 3 2 2 1 2 2 1
split_gain=973960 656527 624102 389252 190401 155935 70820.5 72320.2 68778.9 66050.6 62431.1 43989.7 43115.7 42673.7
threshold=174.50000000000003 1.0000000180025095e-35 556.50000000000011 116.50000000000001 241.50000000000003 1.0000000180025095e-35 2837.5000000000005 159.50000000000003 231.50000000000003 227.50000000000003 221.50000000000003 196.50000000000003 296.50000000000006 98.500000000000014
decision_type=2 2 2 2 2 2 2 2 2 2 2 2 2 2
left_child=2 5 3 8 11 13 -7 -8 -1 -3 12 -5 -6 -2
right_child=1 9 -4 4 10 6 7 -9 -10 -11 -12 -13 -14 -15
leaf_value=1.493415396884084 0.39776663154546471 2.7336990669404151 -6.2435796719789511 0.899896760582924 -1.3228271578031128 -0.095588287565339103 -2.1060800623893741 0.098651787004080324 -0.027182159174501508 1.256874373704195 -3.0681325769424443 -0.81414688088173093 -2.6652873354891073 1.4120286499277543
leaf_weight=46 161 171 26 30 110 149 53 27 151 54 68 41 44 74
leaf_count=46 161 171 26 30 110 149 53 27 151 54 68 41 44 74
internal_value=-0.00909545 0.851024 -1.15644 -0.862227 -1.66692 0.0960146 -0.551547 -1.37773 0.339322 2.39346 -2.16754 -0.0850907 -1.73564 0.726372
internal_weight=1205 689 516 490 293 464 229 80 197 225 222 71 154 235
internal_count=1205 689 516 490 293 464 229 80 197 225 222 71 154 235
is_linear=0
shrinkage=0.035


Tree=44
num_leaves=15
num_cat=0
split_feature=4 5 1 1 2 2 4 2 2 1 2 0 4 0
split_gain=908814 612078 584509 363295 177711 152121 77044.9 64240 63887.2 58252.2 53668.8 63568.4 51537.5 48039.7
threshold=174.50000000000003 1.0000000180025095e-35 556.50000000000011 116.50000000000001 241.50000000000003 260.50000000000006 305.50000000000006 231.50000000000003 196.50000000000003 221.50000000000003 217.50000000000003 2842.5000000000005 415.50000000000006 2724.5000000000005
decision_type=2 2 2 2 2 2 2 2 2 2 2 2 2 2
left_child=2 5 3 7 -5 6 -2 -1 -3 -6 -8 -12 -7 -10
right_child=1 8 -4 4 9 12 10 -9 13 -11 11 -13 -14 -15
leaf_value=1.4433237362280489 -0.69861575603485115 3.2392501026996672 -6.0406632983684547 -0.082030272304195254 -1.6766822595464497 -0.21249936652361257 1.6540104713238464 -0.026243222044184319 2.5119205892991419 -2.9638160713315012 0.97669853763687231 -0.43308310980784398 -1.4235317853868825 1.2364847705163153
leaf_weight=46 46 67 26 71 154 107 69 151 77 68 113 58 71 81
leaf_count=46 46 67 26 71 154 107 69 151 77 68 113 58 71 81
internal_value=-0.009244 0.821613 -1.11755 -0.832832 -1.61023 0.09261 0.591099 0.327961 2.31092 -2.09388 0.842025 0.499048 -0.706001 1.88169
internal_weight=1205 689 516 490 293 464 286 197 225 222 240 171 178 158
internal_count=1205 689 516 490 293 464 286 197 225 222 240 171 178 158
is_linear=0
shrinkage=0.035


Tree=45
num_leaves=15
num_cat=0
split_feature=4 5 1 1 2 2 4 2 2 1 1 0 2 0
split_gain=848081 571142 547490 338896 167450 142026 74534.8 60523.8 60148.9 53158 51290.9 44676.5 41853 31707
threshold=174.50000000000003 1.0000000180025095e-35 556.50000000000011 116.50000000000001 211.50000000000003 262.50000000000006 609.50000000000011 253.50000000000003 221.50000000000003 343.50000000000006 97.500000000000014 2837.5000000000005 217.50000000000003 2818.0000000000005
decision_type=2 2 2 2 2 2 2 2 2 2 2 2 2 2
left_child=2 5 3 7 -5 6 9 13 10 12 -3 -7 -2 -1
right_child=1 8 -4 4 -6 11 -8 -9 -10 -11 -12 -13 -14 -15
leaf_value=1.2900303727102609 1.400534359154602 3.6461148571968085 -5.8443417811393736 0.617882083104207 -1.8713958301516469 -0.34135804667075476 1.7817600271463394 -0.35481019870593 1.380326885754549 -1.0646996454654203 2.1262297415435971 -1.5895481531877147 0.22930781054225838 0.03063547534772601
leaf_weight=71 46 47 26 37 256 118 48 89 77 29 101 49 174 37
leaf_count=71 46 47 26 37 256 118 48 89 77 29 101 49 174 37
internal_value=-0.00906519 0.79355 -1.0797 -0.804153 -1.55499 0.0893481 0.547378 0.316981 2.23219 0.297124 2.65108 -0.722071 0.484612 0.866973
internal_weight=1205 689 516 490 293 464 297 197 225 249 148 167 220 108
internal_count=1205 689 516 490 293 464 297 197 225 249 148 167 220 108
is_linear=0
shrinkage=0.035


Tree=46
num_leaves=15
num_cat=0
split_feature=4 5 1 2 8 2 1 0 3 2 0 1 2 4
split_gain=791149 532965 515844 318224 136284 98301.2 97942 63598.9 63550.7 58588.6 45386.5 41248.1 40959.8 35796.8
threshold=174.50000000000003 1.0000000180025095e-35 475.50000000000006 279.50000000000006 1.0000000180025095e-35 233.50000000000003 168.50000000000003 2837.5000000000005 159.50000000000003 196.50000000000003 2810.5000000000005 98.500000000000014 231.50000000000003 1.5000000000000002
decision_type=2 2 2 2 2 2 2 2 2 2 2 2 2 2
left_child=2 4 3 5 11 -1 13 -6 -9 -3 -11 -2 -13 -7
right_child=1 9 -4 -5 7 6 -8 8 -10 10 -12 12 -14 -15
leaf_value=0.85577910532503776 0.35317689847178257 3.043024333300798 -4.5834233427306881 -1.9473900900479477 -0.087048841067497315 0.31081976541414341 -1.7071898102525034 -1.9847531674721026 0.082665479532603572 2.210983835658431 0.94203214222385045 2.0830835626522703 0.41831186925371489 -0.86163564546541738
leaf_weight=100 161 67 44 161 149 114 55 53 27 98 60 40 34 42
leaf_count=100 161 67 44 161 149 114 55 53 27 98 60 40 34 42
internal_value=-0.00866459 0.766543 -1.04274 -0.69473 0.0862834 -0.0379464 -0.465571 -0.519084 -1.302 2.15627 1.7469 0.675597 1.34933 -0.0117524
internal_weight=1205 689 516 472 464 311 211 229 80 225 158 235 74 156
internal_count=1205 689 516 472 464 311 211 229 80 225 158 235 74 156
is_linear=0
shrinkage=0.035


Tree=47
num_leaves=15
num_cat=0
split_feature=4 5 1 1 2 2 4 2 2 0 1 0 4 0
split_gain=738247 497195 487983 298448 150988 128611 70135.7 55574.5 55475.9 48305.1 54561 54089.9 46355.6 39365.7
threshold=174.50000000000003 1.0000000180025095e-35 556.50000000000011 116.50000000000001 196.50000000000003 260.50000000000006 305.50000000000006 227.50000000000003 231.50000000000003 2818.0000000000005 200.50000000000003 2667.5000000000005 415.50000000000006 2842.5000000000005
decision_type=2 2 2 2 2 2 2 2 2 2 2 2 2 2
left_child=2 5 3 8 -5 6 -2 -3 -1 11 -11 -8 -7 -10
right_child=1 7 -4 4 -6 12 9 -9 13 10 -12 -13 -14 -15
leaf_value=1.3413044295708341 -0.68827584894994898 2.3937431557261188 -5.5054394295811653 0.85445166900753988 -1.7193878505114679 -0.18327290581727249 0.61251599569555737 1.0474580827355384 0.23214847001479941 -0.14348175684901629 1.5517345730191276 2.1337875637182826 -1.3313248990986446 -1.2385077839427527
leaf_weight=46 46 171 26 30 263 107 69 54 126 92 29 50 71 25
leaf_count=46 46 171 26 30 263 107 69 54 126 92 29 50 71 25
internal_value=-0.00841188 0.740429 -1.00732 -0.747231 -1.45185 0.0833935 0.541753 2.08271 0.304814 0.781248 0.281435 1.27641 -0.650908 -0.0243445
internal_weight=1205 689 516 490 293 464 286 225 197 240 121 119 178 151
internal_count=1205 689 516 490 293 464 286 225 197 240 121 119 178 151
is_linear=0
shrinkage=0.035


Tree=48
num_leaves=15
num_cat=0
split_feature=4 5 1 2 8 2 1 0 2 2 1 1 2 0
split_gain=688585 463368 457516 284514 124148 86112.7 86513.6 58526.1 59368.9 53767.2 43099.7 38736 36985.3 34755.7
threshold=174.50000000000003 1.0000000180025095e-35 475.50000000000006 279.50000000000006 1.0000000180025095e-35 233.50000000000003 168.50000000000003 2837.5000000000005 232.50000000000003 196.50000000000003 139.50000000000003 98.500000000000014 231.50000000000003 2693.0000000000005
decision_type=2 2 2 2 2 2 2 2 2 2 2 2 2 2
left_child=2 4 3 5 11 13 -7 -6 -9 -3 -11 -2 -13 -1
right_child=1 9 -4 -5 7 6 -8 8 -10 10 -12 12 -14 -15
leaf_value=1.7084783148765565 0.33097967226698177 2.8582530302090059 -4.3073099680828015 -1.8296279299295755 -0.082577096259357136 0.0018194646480245681 -1.5914676399816547 0.16159647380864181 -1.8719925203867127 1.9314931897134071 0.51958831314781784 1.9934414674838385 0.41036725920107631 0.33399255184159765
leaf_weight=33 161 67 44 161 149 156 55 25 55 122 36 40 34 67
leaf_count=33 161 67 44 161 149 156 55 25 55 122 36 40 34 67
internal_value=-0.00815473 0.715061 -0.972876 -0.645176 0.0807679 -0.0242299 -0.424536 -0.497011 -1.24805 2.01088 1.62031 0.643238 1.29602 0.812179
internal_weight=1205 689 516 472 464 311 211 229 80 225 158 235 74 100
internal_count=1205 689 516 472 464 311 211 229 80 225 158 235 74 100
is_linear=0
shrinkage=0.035


Tree=49
num_leaves=15
num_cat=0
split_feature=4 1 5 1 2 2 8 0 1 1 2 2 2 2
split_gain=642331 435029 432193 263442 138028 116151 85575.3 76269.9 52704.1 52272.8 49004.9 48213 41893.6 39731.6
threshold=174.50000000000003 556.50000000000011 1.0000000180025095e-35 116.50000000000001 241.50000000000003 217.50000000000003 1.0000000180025095e-35 2837.5000000000005 221.50000000000003 92.500000000000014 253.50000000000003 180.50000000000003 228.50000000000003 296.50000000000006
decision_type=2 2 2 2 2 2 2 2 2 2 2 2 2 2
left_child=1 3 5 10 -5 -2 12 -8 13 -4 -1 -11 -7 -6
right_child=2 -3 9 4 8 6 7 -9 -10 11 -12 -13 -14 -15
leaf_value=0.78912427574396138 1.2482309990420062 -5.1865251040458684 2.8846952819002092 -0.011048770881678962 -1.0044514988531592 -0.86300874948501594 -0.17774815526604654 -1.5925301012984465 -2.6024618684053427 2.8591581098735337 -0.31035775363445284 1.2911973410527757 0.61603618918011593 -2.2732645514737007
leaf_weight=108 83 26 56 71 110 26 138 69 68 30 89 139 148 44
leaf_count=108 83 26 56 71 110 26 138 69 68 30 89 139 148 44
internal_value=-0.00783643 -0.939593 0.690667 -0.694078 -1.35609 0.0780825 -0.182019 -0.660069 -1.78233 1.94213 0.294277 1.59972 0.387734 -1.39147
internal_weight=1205 516 689 490 293 464 381 207 222 225 197 169 174 154
internal_count=1205 516 689 490 293 464 381 207 222 225 197 169 174 154
is_linear=0
shrinkage=0.035


Tree=50
num_leaves=15
num_cat=0
split_feature=4 1 2 1 8 2 0 6 4 3 4 2 0 4
split_gain=599728 407396 403728 245807 159872 130278 71257.1 70488.8 65384.4 113829 75183.7 47140.8 36697.4 36587.8
threshold=174.50000000000003 556.50000000000011 217.50000000000003 116.50000000000001 1.0000000180025095e-35 196.50000000000003 2842.5000000000005 1.0000000180025095e-35 750.00000000000011 1.0000000180025095e-35 444.50000000000006 231.50000000000003 2842.5000000000005 486.50000000000006
decision_type=2 2 2 2 2 2 2 2 2 2 2 2 2 2
left_child=1 3 8 11 7 -5 -6 -4 9 10 -2 -1 -13 -8
right_child=2 -3 4 5 6 -7 13 -9 -10 -11 -12 12 -14 -15
leaf_value=1.2396012373020251 1.461956912179788 -5.0179630733281382 1.4339204423658312 0.8306770865619183 -0.19076745121636324 -1.5586415698528291 -2.21323869685332 0.23438663547066441 3.5692182527648084 0.32220055023997518 3.1914809366067254 0.2282732640579343 -1.1916610799012362 -0.47493914811147592
leaf_weight=46 82 26 91 30 142 263 40 172 25 57 55 126 25 25
leaf_count=46 82 26 91 30 142 263 40 172 25 57 55 126 25 25
internal_value=-0.00781344 -0.90814 0.667128 -0.670556 0.0866271 -1.31003 -0.637559 0.657124 1.90089 1.65168 2.19222 0.284146 -0.0193194 -1.5788
internal_weight=1205 516 689 490 470 293 207 263 219 194 137 197 151 65
internal_count=1205 516 689 490 470 293 207 263 219 194 137 197 151 65
is_linear=0
shrinkage=0.035


Tree=51
num_leaves=15
num_cat=0
split_feature=2 1 5 1 1 2 3 0 0 0 0 2 1 2
split_gain=563368 715017 300235 182761 108215 76756.9 73349.4 63038.6 121450 121393 72508.4 61442.1 59876.9 45407.8
threshold=252.50000000000003 529.50000000000011 1.0000000180025095e-35 149.50000000000003 429.00000000000006 164.50000000000003 60.000000000000007 2818.0000000000005 2706.0000000000005 2989.5000000000005 2693.0000000000005 214.50000000000003 167.50000000000003 286.50000000000006
decision_type=2 2 2 2 2 2 2 2 2 2 2 2 2 2
left_child=1 2 4 6 5 -1 13 8 10 11 -7 -9 -11 -2
right_child=3 -3 -4 -5 -6 7 -8 9 -10 12 -12 -13 -14 -15
leaf_value=2.2263326644897461 0.031653857486954068 -4.3006109628256635 1.9506955014919287 -1.7252612273041736 -1.5962508644908668 0.67942888153571612 -2.1168917524152335 0.49212437196211384 2.4174875344606965 0.085257404614840784 -1.1926057467922091 -1.3178276165518912 2.3817774908630938 -0.95928143078486139
leaf_weight=28 231 32 221 192 30 139 25 31 42 29 29 78 25 73
leaf_count=28 231 32 221 192 30 139 25 31 42 29 29 78 25 73
internal_value=-0.00743184 0.65227 0.907765 -0.87271 0.36645 0.520479 -0.367755 0.381235 0.779237 -0.134758 0.346051 -0.803478 1.19555 -0.211016
internal_weight=1205 684 652 521 431 401 329 373 210 163 168 109 54 304
internal_count=1205 684 652 521 431 401 329 373 210 163 168 109 54 304
is_linear=0
shrinkage=0.035


Tree=52
num_leaves=15
num_cat=0
split_feature=4 1 2 2 8 2 1 0 4 3 4 6 0 2
split_gain=525945 363745 357909 226019 140151 68183.2 82883.1 63281.9 60957.7 105882 68700.9 59165.3 31273.4 43825.2
threshold=174.50000000000003 475.50000000000006 217.50000000000003 279.50000000000006 1.0000000180025095e-35 238.50000000000003 168.50000000000003 2837.5000000000005 750.00000000000011 1.0000000180025095e-35 444.50000000000006 1.0000000180025095e-35 2693.0000000000005 196.50000000000003
decision_type=2 2 2 2 2 2 2 2 2 2 2 2 2 2
left_child=1 3 8 5 11 12 -7 -6 9 10 -2 -4 -1 -14
right_child=2 -3 4 -5 7 6 -8 -9 -10 -11 -12 -13 13 -15
leaf_value=1.3979831621795895 1.3710272970795632 -3.8234941849501238 1.3240464815849902 -1.6140530736026775 -0.16055634459853174 0.025683705622845512 -1.6119375197130903 -1.4492314934268806 3.3941407414718912 0.26625353197677665 3.0222798497948733 0.22488952370553184 1.3527523790299893 -0.33969719292824729
leaf_weight=41 82 44 91 161 138 139 50 69 25 57 55 172 26 55
leaf_count=41 82 44 91 161 138 139 50 69 25 57 55 172 26 55
internal_value=-0.00734246 -0.850469 0.624719 -0.558359 0.0781648 -0.00502155 -0.419892 -0.599872 1.78637 1.54666 2.06789 0.612329 0.634094 0.223064
internal_weight=1205 516 689 472 470 311 189 207 219 194 137 263 122 81
internal_count=1205 516 689 472 470 311 189 207 219 194 137 263 122 81
is_linear=0
shrinkage=0.035


Tree=53
num_leaves=15
num_cat=0
split_feature=2 1 5 1 1 2 3 0 0 0 0 1 2 4
split_gain=493700 631306 261300 160984 95750.9 69130.8 66886 56591 115584 111811 65899.5 55283.2 55212 45141.3
threshold=252.50000000000003 529.50000000000011 1.0000000180025095e-35 149.50000000000003 429.00000000000006 164.50000000000003 60.000000000000007 2818.0000000000005 2706.0000000000005 2989.5000000000005 2693.0000000000005 167.50000000000003 214.50000000000003 474.50000000000006
decision_type=2 2 2 2 2 2 2 2 2 2 2 2 2 2
left_child=1 2 4 6 5 -1 -2 8 10 12 -7 -11 -9 -14
right_child=3 -3 -4 -5 -6 7 -8 9 -10 11 -12 -13 13 -15
leaf_value=2.1094707677240172 -0.1933871677892855 -4.0432288610233984 1.8237210813605735 -1.6170415871690231 -1.5004963458329441 0.63131160684815013 -2.0132310568844831 0.45648247364795574 2.3336200524189259 0.079680549742113208 -1.1531388016669981 2.2861817880913065 -1.8201848559271208 -0.024507838184082951
leaf_weight=28 304 32 221 192 30 139 25 31 42 29 29 25 53 25
leaf_count=28 304 32 221 192 30 139 25 31 42 29 29 25 53 25
internal_value=-0.00688944 0.610677 0.850755 -0.816902 0.345737 0.490621 -0.343002 0.358496 0.735599 -0.130369 0.313339 1.14638 -0.772144 -1.25965
internal_weight=1205 684 652 521 431 401 329 373 210 163 168 54 109 78
internal_count=1205 684 652 521 431 401 329 373 210 163 168 54 109 78
is_linear=0
shrinkage=0.035


Tree=54
num_leaves=15
num_cat=0
split_feature=4 1 2 2 0 4 8 0 1 0 2 2 1 6
split_gain=463127 344536 280822 163026 115132 109805 103493 100468 77211.8 67770.2 62421.2 61666.6 81860.1 51976.8
threshold=348.00000000000006 564.50000000000011 241.50000000000003 274.50000000000006 2810.5000000000005 733.50000000000011 1.0000000180025095e-35 2743.0000000000005 130.50000000000003 2972.5000000000005 211.50000000000003 191.50000000000003 162.50000000000003 1.0000000180025095e-35
decision_type=2 2 2 2 2 2 2 2 2 2 2 2 2 2
left_child=1 3 4 6 10 9 11 -4 -5 -6 -2 -1 -13 -9
right_child=2 -3 7 8 5 -7 -8 13 -10 -11 -12 12 -14 -15
leaf_value=1.2999919481961817 3.1079559626844198 -4.4755839838805027 0.7721363683317749 -0.32907538095185929 -0.41177191536495655 2.8062043923139575 -1.2040529675866394 -1.4481972373590659 -1.6654162051288675 1.0676100186125979 1.5418832885048221 0.39545462833234563 -0.83288996042683727 0.031207637339830403
leaf_weight=52 52 25 69 84 67 26 75 74 147 83 96 214 94 47
leaf_count=52 52 25 69 84 67 26 75 74 147 83 96 214 94 47
internal_value=-0.0068017 -0.597893 0.787074 -0.43937 1.41056 0.79162 -0.03902 -0.279751 -1.18647 0.410096 2.12623 0.209006 0.0176154 -0.882389
internal_weight=1205 691 514 666 324 176 435 190 231 150 148 360 308 121
internal_count=1205 691 514 666 324 176 435 190 231 150 148 360 308 121
is_linear=0
shrinkage=0.035


Tree=55
num_leaves=15
num_cat=0
split_feature=4 1 2 1 8 2 0 4 3 4 6 1 2 2
split_gain=434323 306207 299069 184523 113345 95927.4 55094.3 53848.6 94616 62095.8 48885.8 46474 39277.1 39261.4
threshold=174.50000000000003 556.50000000000011 217.50000000000003 116.50000000000001 1.0000000180025095e-35 241.50000000000003 2842.5000000000005 750.00000000000011 1.0000000180025095e-35 444.50000000000006 1.0000000180025095e-35 223.50000000000003 231.50000000000003 296.50000000000006
decision_type=2 2 2 2 2 2 2 2 2 2 2 2 2 2
left_child=1 3 7 12 10 -5 -6 8 9 -2 -4 13 -1 -7
right_child=2 -3 4 5 6 11 -8 -9 -10 -11 -12 -13 -14 -15
leaf_value=1.1323905445635321 1.2383722317715486 -4.3355949521064758 1.1955387924819865 0.0001750588743654016 -0.14892799983628921 -0.74497634368660182 -1.3690543958900581 3.1378331420156695 0.19715044884358424 2.8033741035586912 0.19656309371021977 -2.2566832219502508 -0.016751645982655047 -1.9793889609930366
leaf_weight=46 82 26 91 71 142 111 65 25 57 55 172 66 151 45
leaf_count=46 82 26 91 71 142 111 65 25 57 55 172 66 151 45
internal_value=-0.00652563 -0.772703 0.567849 -0.566796 0.0682517 -1.12087 -0.541494 1.62972 1.40534 1.89795 0.548631 -1.4762 0.26026 -1.12161
internal_weight=1205 516 689 490 470 293 207 219 194 137 263 222 197 156
internal_count=1205 516 689 490 470 293 207 219 194 137 263 222 197 156
is_linear=0
shrinkage=0.035


Tree=56
num_leaves=15
num_cat=0
split_feature=4 1 2 2 0 4 8 0 1 0 2 1 2 0
split_gain=406913 303068 247724 142467 105594 97247.5 94944.6 91451.9 68267 63645.2 55497 71806.8 55376.1 51856.2
threshold=348.00000000000006 564.50000000000011 241.50000000000003 274.50000000000006 2810.5000000000005 733.50000000000011 1.0000000180025095e-35 2743.0000000000005 182.50000000000003 2972.5000000000005 191.50000000000003 162.50000000000003 211.50000000000003 2706.0000000000005
decision_type=2 2 2 2 2 2 2 2 2 2 2 2 2 2
left_child=1 3 4 6 12 9 10 -4 -5 -6 -1 -12 -2 -14
right_child=2 -3 7 8 5 -7 -8 -9 -10 -11 11 -13 13 -15
leaf_value=1.2350623179475468 2.9334307292434905 -4.1972619409914369 0.73935331319419439 -0.64930825455891383 -0.42365483382473823 2.6268453348428009 -1.1533572020313958 -0.83917064486934656 -1.9121062214672566 1.009647707374657 0.37237791835226947 -0.77807056497161597 0.74291857762356939 2.4157191281202364
leaf_weight=52 52 25 69 149 67 26 75 121 82 83 214 94 57 39
leaf_count=52 52 25 69 149 67 26 75 121 82 83 214 94 57 39
internal_value=-0.00635232 -0.560411 0.737786 -0.411735 1.32338 0.731121 -0.0374743 -0.264187 -1.11014 0.372289 0.200089 0.0185124 2.00855 1.45793
internal_weight=1205 691 514 666 324 176 435 190 231 150 360 308 148 96
internal_count=1205 691 514 666 324 176 435 190 231 150 360 308 148 96
is_linear=0
shrinkage=0.035


Tree=57
num_leaves=15
num_cat=0
split_feature=4 1 2 2 8 1 2 0 0 0 2 4 0 0
split_gain=383972 277131 262881 167092 99167.9 55758.8 71558.4 54531.1 59033.6 51323.3 48098.8 65608.5 100149 44397.1
threshold=174.50000000000003 475.50000000000006 217.50000000000003 279.50000000000006 1.0000000180025095e-35 77.500000000000014 217.50000000000003 2987.0000000000005 2810.5000000000005 2837.5000000000005 168.50000000000003 384.50000000000006 2810.5000000000005 2823.5000000000005
decision_type=2 2 2 2 2 2 2 2 2 2 2 2 2 2
left_child=1 3 10 5 -4 13 -7 8 -8 -6 -2 -12 -13 -1
right_child=2 -3 4 -5 9 6 7 -9 -10 -11 11 12 -14 -15
leaf_value=0.97070930049471249 2.5089422999858857 -3.3213196166701944 0.51497191870465597 -1.3792154588321786 -0.10963195451721551 0.87362651004062764 -0.46512878772824312 0.70152009248733527 -2.0756570271835773 -1.2695019818023898 0.023979373012076727 2.7949586867119347 0.79260424521937978 -0.61006873204790313
leaf_weight=90 48 44 263 161 138 43 84 26 41 69 42 51 78 27
leaf_count=90 48 44 263 161 138 43 84 26 41 69 42 51 78 27
internal_value=-0.0060069 -0.726406 0.534049 -0.471514 0.065645 0.00420029 -0.358666 -0.716417 -1.01775 -0.504704 1.52961 1.22888 1.61482 0.601792
internal_weight=1205 516 689 472 470 311 194 151 125 207 219 171 129 117
internal_count=1205 516 689 472 470 311 194 151 125 207 219 171 129 117
is_linear=0
shrinkage=0.035


Tree=58
num_leaves=15
num_cat=0
split_feature=2 1 5 1 1 3 2 0 0 0 0 1 2 4
split_gain=360246 463315 199145 117046 80909.6 57306 57281.3 46280.4 107765 98288.8 57866.4 51529.2 43442.8 41318.2
threshold=252.50000000000003 529.50000000000011 1.0000000180025095e-35 149.50000000000003 429.00000000000006 60.000000000000007 164.50000000000003 2818.0000000000005 2706.0000000000005 2989.5000000000005 2693.0000000000005 167.50000000000003 214.50000000000003 474.50000000000006
decision_type=2 2 2 2 2 2 2 2 2 2 2 2 2 2
left_child=1 2 4 5 6 -2 -1 8 10 12 -8 -11 -9 -14
right_child=3 -3 -4 -5 -6 -7 7 9 -10 11 -12 -13 13 -15
leaf_value=1.8931571995417278 -0.1553157235881667 -3.4651536333560946 1.5767786037284599 -1.3799919869512627 -1.4100518238544466 -1.8394519064161514 0.53260241980036949 0.34897419062527746 2.1834669633887036 0.028872565165642773 -1.1388219298854951 2.155644190510114 -1.7118787431933666 0.0038710760739114553
leaf_weight=28 304 32 221 192 30 25 139 31 42 29 29 25 53 25
leaf_count=28 304 32 221 192 30 25 139 31 42 29 29 25 53 25
internal_value=-0.00579951 0.521735 0.727409 -0.697725 0.286614 -0.293631 0.419914 0.299815 0.640877 -0.142032 0.234079 1.05531 -0.743538 -1.17561
internal_weight=1205 684 652 521 431 329 401 373 210 163 168 54 109 78
internal_count=1205 684 652 521 431 329 401 373 210 163 168 54 109 78
is_linear=0
shrinkage=0.035


Tree=59
num_leaves=15
num_cat=0
split_feature=2 1 5 1 1 2 2 0 0 0 0 0 1 2
split_gain=335785 433077 185456 109976 75672.4 55271.5 53617.9 44016.6 43116.6 100753 91908 54076.8 48244 40578.6
threshold=252.50000000000003 529.50000000000011 1.0000000180025095e-35 180.50000000000003 429.00000000000006 286.50000000000006 164.50000000000003 2837.5000000000005 2818.0000000000005 2706.0000000000005 2989.5000000000005 2693.0000000000005 167.50000000000003 214.50000000000003
decision_type=2 2 2 2 2 2 2 2 2 2 2 2 2 2
left_child=1 2 4 5 6 7 -1 -2 9 11 13 -8 -12 -10
right_child=3 -3 -4 -5 -6 -7 8 -9 10 -11 12 -13 -14 -15
leaf_value=1.8313140688935916 0.12024599140459395 -3.3510073765937021 1.5220863034666388 -1.5571554005742074 -1.3637845260568431 -1.0218115946984498 0.51422574200264537 -0.93530083883193238 0.33750031875841546 2.1105192845247012 0.027927243411540986 -1.1015346738984508 2.0857853268252482 -1.1359583032019438
leaf_weight=28 219 32 221 128 30 114 139 60 31 42 29 29 25 78
leaf_count=28 219 32 221 128 30 114 139 60 31 42 29 29 25 78
internal_value=-0.0057344 0.503576 0.702427 -0.673756 0.277049 -0.379606 0.405964 -0.111795 0.28977 0.618967 -0.13671 0.225637 1.02111 -0.718371
internal_weight=1205 684 652 521 431 393 401 279 373 210 163 168 54 109
internal_count=1205 684 652 521 431 393 401 279 373 210 163 168 54 109
is_linear=0
shrinkage=0.035


Tree=60
num_leaves=15
num_cat=0
split_feature=4 1 2 1 2 0 4 0 0 2 1 0 0 0
split_gain=316476 241703 193869 113604 128773 93120.4 87639.5 77076.7 59018.7 47568 47034.5 45327.6 44586.4 48513.7
threshold=348.00000000000006 564.50000000000011 241.50000000000003 112.50000000000001 241.50000000000003 2810.5000000000005 733.50000000000011 2743.0000000000005 2972.5000000000005 211.50000000000003 223.50000000000003 2706.0000000000005 2984.0000000000005 2717.5000000000005
decision_type=2 2 2 2 2 2 2 2 2 2 2 2 2 2
left_child=1 3 5 -1 -5 9 8 -4 -7 -2 12 -11 13 -6
right_child=2 -3 7 4 10 6 -8 -9 -10 11 -12 -13 -14 -15
leaf_value=0.12238990154258814 2.6669516988153812 -3.7420749880649429 0.68543327161963563 0.18669519651354405 -0.61459364544886819 -0.49049427093695042 2.4125622745975854 -0.76367773989472942 0.88873060003448945 0.63764283456034587 -2.0139870047191502 2.1974630300591631 0.42221209755650274 -1.9310147012542873
leaf_weight=314 52 25 69 112 89 67 26 121 83 57 69 39 25 57
leaf_count=314 52 25 69 112 89 67 26 121 83 57 69 39 25 57
internal_value=-0.00564487 -0.49427 0.650611 -0.361516 -0.791435 1.16866 0.613763 -0.235764 0.274329 1.81155 -1.24567 1.30323 -0.915943 -1.14769
internal_weight=1205 691 514 666 352 324 176 190 150 148 240 96 171 146
internal_count=1205 691 514 666 352 324 176 190 150 148 240 96 171 146
is_linear=0
shrinkage=0.035


Tree=61
num_leaves=15
num_cat=0
split_feature=4 1 2 1 2 0 4 4 12 2 0 12 2 0
split_gain=295715 226366 182105 105985 120144 103744 79079.7 71390 61771.4 51448.7 59880.7 44071.7 145277 51169.3
threshold=348.00000000000006 564.50000000000011 252.50000000000003 112.50000000000001 241.50000000000003 2810.5000000000005 739.00000000000011 411.50000000000006 1.0000000180025095e-35 211.50000000000003 2667.5000000000005 1.0000000180025095e-35 223.50000000000003 2810.5000000000005
decision_type=2 2 2 2 2 2 2 2 2 2 2 2 2 2
left_child=1 3 5 11 -5 9 -7 -4 -9 -2 -11 13 -13 -1
right_child=2 -3 7 4 -6 6 -8 8 -10 10 -12 12 -14 -15
leaf_value=0.061520007874558476 2.5770655522523107 -3.62080404996872 0.64767359242439282 0.18027548612471214 -1.2032647215180901 0.19451698897128133 2.1733250041665704 -2.2152793083768905 -0.3326394930894559 0.36701043015923995 1.9337821690004264 2.8441309032430531 0.059976046662300067 -1.4481888216420225
leaf_weight=99 52 25 48 112 240 172 27 31 63 56 65 25 154 36
leaf_count=99 52 25 48 112 240 172 27 31 63 56 65 25 154 36
internal_value=-0.00540878 -0.477735 0.628957 -0.349264 -0.764516 1.03445 0.481952 -0.432931 -0.986727 1.65721 1.22642 0.118133 0.475955 -0.356333
internal_weight=1205 691 514 666 352 372 199 142 94 173 121 314 179 135
internal_count=1205 691 514 666 352 372 199 142 94 173 121 314 179 135
is_linear=0
shrinkage=0.035


Tree=62
num_leaves=15
num_cat=0
split_feature=2 1 5 1 2 3 0 0 0 1 4 9 1 1
split_gain=279395 325643 205286 81361.1 65739.5 52277.3 61304 103205 78839.8 60351.7 68892.9 104303 42571.4 41788.1
threshold=275.50000000000006 564.50000000000011 1.0000000180025095e-35 291.50000000000006 199.50000000000003 1.0000000180025095e-35 2993.0000000000005 2842.5000000000005 2706.0000000000005 75.500000000000014 303.00000000000006 1.0000000180025095e-35 113.50000000000001 96.500000000000014
decision_type=2 2 2 2 2 2 2 2 2 2 2 2 2 2
left_child=1 2 3 4 -1 6 7 8 9 -6 11 -11 -2 -4
right_child=12 -3 13 -5 5 -7 -8 -9 -10 10 -12 -13 -14 -15
leaf_value=1.2854797493958703 -0.40020399447243948 -3.5034632440408076 2.0276370942592625 -0.92289224654786739 0.38147171467193408 -0.73863954950970678 1.700734327715455 -1.559979105576873 1.014446577338733 -2.2934306780281277 0.803932284116745 0.31506481947320886 -1.309516269188713 0.97124537902113839
leaf_weight=63 102 25 68 83 158 75 31 38 127 44 26 31 174 160
leaf_count=63 102 25 68 83 158 75 31 38 127 44 26 31 174 160
internal_value=-0.00509077 0.285662 0.397953 0.0903668 0.234814 0.105561 0.247338 0.13359 0.307496 -0.0442724 -0.704763 -1.23507 -0.978763 1.3012
internal_weight=1205 929 904 676 593 530 455 424 386 259 101 75 276 228
internal_count=1205 929 904 676 593 530 455 424 386 259 101 75 276 228
is_linear=0
shrinkage=0.035


Tree=63
num_leaves=15
num_cat=0
split_feature=2 1 5 1 1 2 3 2 0 0 0 0 1 1
split_gain=261340 338228 146839 87564 66469.8 47615 46053.4 45915.6 36225 88240.5 82401 48908.5 44231.7 33407.5
threshold=252.50000000000003 529.50000000000011 1.0000000180025095e-35 180.50000000000003 429.00000000000006 164.50000000000003 18.000000000000004 286.50000000000006 2818.0000000000005 2706.0000000000005 2989.5000000000005 2693.0000000000005 167.50000000000003 97.500000000000014
decision_type=2 2 2 2 2 2 2 2 2 2 2 2 2 2
left_child=1 2 4 6 5 -1 7 -2 9 11 -10 -7 -12 -4
right_child=3 -3 13 -5 -6 8 -8 -9 10 -11 12 -13 -14 -15
leaf_value=1.705373879313469 0.038474100531880245 -2.9621510816496963 2.0062940277224004 -1.3826067416851338 -1.2960438435152175 0.46176428513588214 -1.5846887250470396 -0.82177990956990821 -0.68840555350690547 1.9505605901710015 0.0089414989900204449 -1.0745656099675163 1.9781187181119568 1.0414731005369089
leaf_weight=28 256 32 67 128 30 139 31 106 109 42 29 29 25 154
leaf_count=28 256 32 67 128 30 139 31 106 109 42 29 29 25 154
internal_value=-0.00504182 0.444277 0.620011 -0.594378 0.241531 0.362423 -0.331951 -0.216555 0.253054 0.55482 -0.137737 0.187043 0.958686 1.34935
internal_weight=1205 684 652 521 431 401 393 362 373 210 163 168 54 221
internal_count=1205 684 652 521 431 401 393 362 373 210 163 168 54 221
is_linear=0
shrinkage=0.035


Tree=64
num_leaves=15
num_cat=0
split_feature=2 1 5 1 2 3 0 0 0 1 0 0 3 2
split_gain=244739 287969 177340 73051.4 59080 46518.4 57711.3 93708.2 71555 54704 64029 39991.5 39823.1 39401.3
threshold=275.50000000000006 564.50000000000011 1.0000000180025095e-35 291.50000000000006 199.50000000000003 1.0000000180025095e-35 2993.0000000000005 2842.5000000000005 2706.0000000000005 75.500000000000014 2651.5000000000005 2667.5000000000005 60.000000000000007 175.50000000000003
decision_type=2 2 2 2 2 2 2 2 2 2 2 2 2 2
left_child=1 2 3 4 -1 6 7 8 9 11 -11 -6 -2 -4
right_child=12 -3 13 -5 5 -7 -8 -9 -10 10 -12 -13 -14 -15
leaf_value=1.2198281179139248 -0.75987086253771829 -3.2959769367288665 2.3353412923742742 -0.87319983561950576 0.087967629837625808 -0.69509573421695015 1.6451349100470545 -1.4890936453491452 0.96387812912752935 0.21679660023691563 -1.52165118437893 1.4895815218648605 -2.1126577441346264 1.0072577320596185
leaf_weight=63 247 25 32 83 129 75 31 38 127 50 51 29 29 196
leaf_count=63 247 25 32 83 129 75 31 38 127 50 51 29 29 196
internal_value=-0.00490126 0.267223 0.372821 0.086928 0.223797 0.10126 0.234995 0.124655 0.290379 -0.0447253 -0.673535 0.36063 -0.916188 1.21234
internal_weight=1205 929 904 676 593 530 455 424 386 259 101 158 276 228
internal_count=1205 929 904 676 593 530 455 424 386 259 101 158 276 228
is_linear=0
shrinkage=0.035


Tree=65
num_leaves=15
num_cat=0
split_feature=2 1 5 1 1 2 3 2 4 2 0 0 0 0
split_gain=232037 298924 133246 78761.2 70707.8 43313.2 40681.2 39960.7 34522.7 31848.1 39833.8 31838 68725.2 52626.6
threshold=252.50000000000003 556.50000000000011 1.0000000180025095e-35 180.50000000000003 429.00000000000006 164.50000000000003 18.000000000000004 286.50000000000006 569.50000000000011 196.50000000000003 2810.5000000000005 2818.0000000000005 2989.5000000000005 2706.0000000000005
decision_type=2 2 2 2 2 2 2 2 2 2 2 2 2 2
left_child=1 2 4 6 5 -1 7 -2 11 -4 -11 13 -13 -7
right_child=3 -3 9 -5 -6 8 -8 -9 -10 10 -12 12 -14 -15
leaf_value=1.6269103571375212 0.03509128999282686 -3.1941094994324226 1.9011913394959699 -1.3076899178463681 -1.2154607210403834 0.10558370971098179 -1.4886835271842553 -0.76744728811361174 1.0434381514787674 1.3990415841832604 0.2363600105169367 -0.86509937431705142 0.91530833979970538 1.5865771716833117
leaf_weight=28 256 25 67 128 37 162 31 106 54 95 59 87 36 34
leaf_count=28 256 25 67 128 37 162 31 106 54 95 59 87 36 34
internal_value=-0.00483306 0.418547 0.564848 -0.560147 0.209221 0.346055 -0.311284 -0.202832 0.241741 1.26147 0.96234 0.100375 -0.337697 0.375922
internal_weight=1205 684 659 521 438 401 393 362 373 221 154 319 123 196
internal_count=1205 684 659 521 438 401 393 362 373 221 154 319 123 196
is_linear=0
shrinkage=0.035


Tree=66
num_leaves=15
num_cat=0
split_feature=2 1 5 1 1 2 3 2 4 1 0 0 0 0
split_gain=216460 279749 124228 73391.3 66102.7 40532.4 38068.1 37261.1 32213.5 30972.7 29697.4 64175.6 49216.2 41739.7
threshold=252.50000000000003 556.50000000000011 1.0000000180025095e-35 180.50000000000003 429.00000000000006 164.50000000000003 18.000000000000004 286.50000000000006 569.50000000000011 97.500000000000014 2818.0000000000005 2989.5000000000005 2706.0000000000005 2693.0000000000005
decision_type=2 2 2 2 2 2 2 2 2 2 2 2 2 2
left_child=1 2 4 6 5 -1 7 -2 10 -4 12 -12 13 -7
right_child=3 -3 9 -5 -6 8 -8 -9 -10 -11 11 -13 -14 -15
leaf_value=1.5737645926078161 0.033872616401938511 -3.0905966463795416 1.8485469029096051 -1.2626248942235343 -1.1751012217692842 0.35610148490345395 -1.4397374015865905 -0.74108404363415004 1.0082221100199968 0.92409790402684266 -0.83550132624721263 0.88495864650136558 1.5341319686836667 -1.1058217425593015
leaf_weight=28 256 25 67 128 37 135 31 106 54 154 87 36 34 27
leaf_count=28 256 25 67 128 37 135 31 106 54 154 87 36 34 27
internal_value=-0.00466326 0.404259 0.545791 -0.541014 0.202407 0.33471 -0.300783 -0.195873 0.2338 1.21843 0.0972419 -0.32585 0.363363 0.101933
internal_weight=1205 684 659 521 438 401 393 362 373 221 319 123 196 162
internal_count=1205 684 659 521 438 401 393 362 373 221 319 123 196 162
is_linear=0
shrinkage=0.035


Tree=67
num_leaves=15
num_cat=0
split_feature=2 1 5 1 1 2 3 2 4 2 0 0 0 0
split_gain=201862 261780 115805 68387.4 61785.1 37939.6 35622.8 34743.9 30071.6 30059.1 36476.9 27675.7 59927.2 46051.3
threshold=252.50000000000003 556.50000000000011 1.0000000180025095e-35 180.50000000000003 429.00000000000006 164.50000000000003 18.000000000000004 286.50000000000006 569.50000000000011 196.50000000000003 2810.5000000000005 2818.0000000000005 2989.5000000000005 2706.0000000000005
decision_type=2 2 2 2 2 2 2 2 2 2 2 2 2 2
left_child=1 2 4 6 5 -1 7 -2 11 -4 -11 13 -13 -7
right_child=3 -3 9 -5 -6 8 -8 -9 -10 10 -12 12 -14 -15
leaf_value=1.5223549616336824 0.032696262062057974 -2.9904383768858733 1.7967318336687228 -1.2191129104002165 -1.1360818258309977 0.098045685240408284 -1.3924005937576296 -0.71562644751259585 0.97419464924372734 1.305064951279729 0.1938931337023368 -0.80691590406000624 0.85561530342227543 1.4834203983015484
leaf_weight=28 256 25 67 128 37 162 31 106 54 95 59 87 36 34
leaf_count=28 256 25 67 128 37 162 31 106 54 95 59 87 36 34
internal_value=-0.00458627 0.390307 0.52722 -0.522535 0.195679 0.323588 -0.290636 -0.189154 0.225961 1.17665 0.8873 0.0940202 -0.314417 0.350922
internal_weight=1205 684 659 521 438 401 393 362 373 221 154 319 123 196
internal_count=1205 684 659 521 438 401 393 362 373 221 154 319 123 196
is_linear=0
shrinkage=0.035


Tree=68
num_leaves=15
num_cat=0
split_feature=4 1 2 1 2 0 0 4 0 12 2 0 0 1
split_gain=189583 144715 126802 71234.8 82834.9 62203.8 61703.1 61419.9 57245.1 40905 124678 40838.8 47907 37608.7
threshold=348.00000000000006 564.50000000000011 232.50000000000003 112.50000000000001 241.50000000000003 2810.5000000000005 2743.0000000000005 733.50000000000011 2972.5000000000005 1.0000000180025095e-35 223.50000000000003 2810.5000000000005 2667.5000000000005 223.50000000000003
decision_type=2 2 2 2 2 2 2 2 2 2 2 2 2 2
left_child=1 3 5 9 -5 -2 -4 8 -7 11 -11 12 -1 -6
right_child=2 -3 6 4 13 7 -8 -9 -10 10 -12 -13 -14 -15
leaf_value=-0.63202172470042262 1.6189135325799386 -2.8956906519112771 0.63819918178993729 0.16394950264770736 -0.69246436253190047 -0.62356394958731376 -0.5075010358880867 2.0305341023206713 0.84888841282526661 2.6419207372681965 0.062586752193478451 -1.329131602550808 0.89391520489345899 -1.6688823548011797
leaf_weight=57 118 25 90 112 171 55 152 26 73 25 154 36 42 69
leaf_count=57 118 25 90 112 171 55 152 26 73 25 154 36 42 69
internal_value=-0.00442566 -0.38261 0.503502 -0.279888 -0.62033 1.01915 -0.0796756 0.544734 0.216335 0.103264 0.448041 -0.353752 0.0202276 -0.984657
internal_weight=1205 691 514 666 352 272 242 154 128 314 179 135 99 240
internal_count=1205 691 514 666 352 272 242 154 128 314 179 135 99 240
is_linear=0
shrinkage=0.035


Tree=69
num_leaves=15
num_cat=0
split_feature=2 1 5 1 2 4 0 0 1 0 9 4 0 1
split_gain=179325 207903 126410 57018.1 46531.8 38679 44142.9 62962.9 56786.2 54111.8 42738.5 37989.1 37882.2 41370.5
threshold=276.50000000000006 564.50000000000011 1.0000000180025095e-35 475.50000000000006 199.50000000000003 588.50000000000011 3107.5000000000005 2842.5000000000005 86.500000000000014 2989.5000000000005 1.0000000180025095e-35 305.50000000000006 2667.5000000000005 59.500000000000007
decision_type=2 2 2 2 2 2 2 2 2 2 2 2 2 2
left_child=1 2 3 4 -1 6 7 8 12 -9 11 -10 -6 -14
right_child=-2 -3 -4 -5 5 -7 -8 9 10 -11 -12 -13 13 -15
leaf_value=0.88893927058205013 -0.79351405690304755 -2.8018488172248559 1.0246717946830652 -1.5013394269236813 -0.011239237298464612 0.91561764935100531 1.2127471552212392 -1.4585516281404967 -1.4164728945493699 0.2436282277107239 0.39973962800069296 0.057031035879079039 1.7364396372837265 0.32417589588297746
leaf_weight=86 271 25 228 25 142 52 29 69 62 33 42 32 39 70
leaf_count=86 271 25 228 25 142 52 29 69 62 33 42 32 39 70
internal_value=-0.00423889 0.225975 0.315217 0.0753857 0.139855 0.0241222 -0.0685489 -0.149166 0.0560143 -0.913752 -0.515411 -0.924117 0.367258 0.851664
internal_weight=1205 934 909 681 656 570 518 489 387 102 136 94 251 109
internal_count=1205 934 909 681 656 570 518 489 387 102 136 94 251 109
is_linear=0
shrinkage=0.035


Tree=70
num_leaves=15
num_cat=0
split_feature=2 1 5 1 1 2 3 2 2 0 0 0 0 0
split_gain=167404 216326 96640.8 58359 54195.2 39293.6 32414.4 29254.3 28753.4 34718.2 26629 66112.3 60265.9 42805.6
threshold=252.50000000000003 556.50000000000011 1.0000000180025095e-35 180.50000000000003 412.00000000000006 164.50000000000003 18.000000000000004 286.50000000000006 175.50000000000003 2724.5000000000005 2818.0000000000005 2706.0000000000005 2989.5000000000005 2693.0000000000005
decision_type=2 2 2 2 2 2 2 2 2 2 2 2 2 2
left_child=1 2 4 6 5 -1 7 -2 -4 -10 11 13 -12 -7
right_child=3 -3 8 -5 -6 10 -8 -9 9 -11 12 -13 -14 -15
leaf_value=1.5764886526810005 0.038556062032490276 -2.7178101443140594 2.0313251839665809 -1.1192816487115165 -0.93463165678083904 0.41244530637033183 -1.3124924073797286 -0.648052585290538 1.388235632304389 0.43062498831719748 -0.59196935645389293 1.6792628453536469 0.84502854340481315 -1.0274331471996925
leaf_weight=26 256 25 32 128 46 136 31 106 89 100 108 42 51 29
leaf_count=26 256 25 32 128 46 136 31 106 89 100 108 42 51 29
internal_value=-0.00415896 0.355454 0.479912 -0.475834 0.177054 0.311589 -0.261657 -0.164951 1.07318 0.891378 0.213653 0.473467 -0.126274 0.150102
internal_weight=1205 684 659 521 438 392 393 362 221 189 366 207 159 165
internal_count=1205 684 659 521 438 392 393 362 221 189 366 207 159 165
is_linear=0
shrinkage=0.035


Tree=71
num_leaves=15
num_cat=0
split_feature=2 1 5 1 2 0 0 4 0 1 0 1 4 4
split_gain=157102 182461 109187 52400.8 42842.5 36470.5 67185.7 57326 41005.6 36643 40070.8 43032.2 38743.3 36331.9
threshold=276.50000000000006 564.50000000000011 1.0000000180025095e-35 291.50000000000006 199.50000000000003 3107.5000000000005 2842.5000000000005 520.00000000000011 2987.0000000000005 75.500000000000014 2660.0000000000005 58.500000000000007 383.00000000000006 303.00000000000006
decision_type=2 2 2 2 2 2 2 2 2 2 2 2 2 2
left_child=1 2 3 4 -1 6 7 9 -8 10 11 -6 -12 -11
right_child=-2 -3 -4 -5 5 -7 8 -9 -10 13 12 -13 -14 -15
leaf_value=1.0364845811266166 -0.74276240807313199 -2.6250431610036782 0.95442850995889839 -0.7360047666854117 -0.59850378926161318 1.1937105037184323 -1.2181404564092559 1.479176654458046 0.20862403381811948 -0.68389863275966356 1.5026974033564331 0.69273885601445262 -0.052587220370769502 0.51391238495707514
leaf_weight=63 271 25 228 84 69 32 73 38 36 105 54 55 30 42
leaf_count=63 271 25 228 84 69 32 73 38 36 105 54 55 30 42
internal_value=-0.00401048 0.211467 0.295071 0.0721685 0.187959 0.0843582 0.0091862 0.222943 -0.751647 0.0809401 0.378384 -0.0238703 0.958933 -0.339362
internal_weight=1205 934 909 681 597 534 502 393 109 355 208 124 84 147
internal_count=1205 934 909 681 597 534 502 393 109 355 208 124 84 147
is_linear=0
shrinkage=0.035


Tree=72
num_leaves=15
num_cat=0
split_feature=2 1 4 1 3 2 2 0 0 4 0 2 1 6
split_gain=149201 221358 92102.3 91855.8 75499.9 69290.8 62301.6 43900.4 39202 36515.5 72411.2 40251.5 34440.9 31712.6
threshold=241.50000000000003 529.50000000000011 750.00000000000011 221.50000000000003 406.00000000000006 196.50000000000003 296.50000000000006 2837.5000000000005 2984.0000000000005 384.50000000000006 2743.0000000000005 221.50000000000003 259.50000000000006 1.0000000180025095e-35
decision_type=2 2 2 2 2 2 2 2 2 2 2 2 2 2
left_child=1 2 4 6 5 12 7 -2 -9 13 11 -11 -1 -7
right_child=3 -3 -4 -5 -6 9 -8 8 -10 10 -12 -13 -14 -15
leaf_value=1.8432562257620424 0.1255399120767724 -2.4683472371870474 2.4306251024430803 -1.4709278836666986 -1.2492853961785637 0.16833834887941679 -1.1411697045596023 -1.4330452642986116 -0.13629064781101127 2.2425996660895469 0.097740086029227985 0.61619616781175135 0.56941228006567268 -1.0960504835612817
leaf_weight=64 369 29 29 79 28 148 74 45 74 39 115 38 47 27
leaf_count=64 369 29 29 79 28 148 74 45 74 39 115 38 47 27
internal_value=-0.00381648 0.410607 0.575274 -0.3686 0.459789 0.56469 -0.20898 -0.0635427 -0.642241 0.329256 0.659949 1.47588 1.32351 -0.0369193
internal_weight=1205 564 535 641 506 478 562 488 119 367 192 77 111 175
internal_count=1205 564 535 641 506 478 562 488 119 367 192 77 111 175
is_linear=0
shrinkage=0.035


Tree=73
num_leaves=15
num_cat=0
split_feature=2 1 4 0 1 1 2 2 1 0 4 12 1 0
split_gain=139507 178944 79159.6 64879.1 71441 49178 43805.5 39785.7 52103.4 32337 29699.6 53374.9 28995.1 25967.4
threshold=252.50000000000003 556.50000000000011 426.50000000000006 2810.5000000000005 197.00000000000003 180.50000000000003 217.50000000000003 199.50000000000003 431.50000000000006 2706.0000000000005 411.50000000000006 1.0000000180025095e-35 69.500000000000014 2810.5000000000005
decision_type=2 2 2 2 2 2 2 2 2 2 2 2 2 2
left_child=1 2 7 6 -5 10 -4 -1 13 -8 12 -12 -2 -9
right_child=5 -3 3 4 -6 -7 9 8 -10 -11 11 -13 -14 -15
leaf_value=0.80806619933992629 0.4537495441390918 -2.4706023456432202 2.4209491860324688 0.068866977911831731 1.8289768975310858 -1.0249776169437057 0.12487854314611897 0.29957202270703442 -1.5368423262348883 1.662458090848393 -1.9723534802852141 -0.17701919896528126 -0.29066782238983341 -0.41656835331366615
leaf_weight=78 89 25 42 132 34 128 32 193 25 34 29 60 215 89
leaf_count=78 89 25 42 132 34 128 32 193 25 34 29 60 215 89
internal_value=-0.00373518 0.324549 0.437741 0.890172 0.446853 -0.434319 1.55106 0.112815 -0.0679156 0.942564 -0.237726 -0.792507 -0.0711886 0.0722142
internal_weight=1205 684 659 274 166 521 108 385 307 66 393 89 304 282
internal_count=1205 684 659 274 166 521 108 385 307 66 393 89 304 282
is_linear=0
shrinkage=0.035


Tree=74
num_leaves=15
num_cat=0
split_feature=2 1 4 5 0 1 1 0 0 2 6 0 1 2
split_gain=131925 150742 91878.8 77337.3 44473.6 41746.4 31007.8 30956.9 70320.3 64127.8 43902 36170.3 41588.1 49302.2
threshold=276.50000000000006 564.50000000000011 750.00000000000011 1.0000000180025095e-35 2724.5000000000005 475.50000000000006 113.50000000000001 2989.5000000000005 2842.5000000000005 212.50000000000003 1.0000000180025095e-35 2706.0000000000005 223.50000000000003 223.50000000000003
decision_type=2 2 2 2 2 2 2 2 2 2 2 2 2 2
left_child=1 2 3 5 -5 7 -2 8 11 -10 -9 12 13 -1
right_child=6 -3 -4 4 -6 -7 -8 10 9 -11 -12 -13 -14 -15
leaf_value=1.110278257216726 -0.18579926526429608 -2.3843736005712439 1.9787468173858285 1.3106447623065205 0.29101103529072647 -1.3375363466474746 -0.96444823930546053 1.206238734429 0.2955445367790932 -1.4176186424755568 -0.40730863731354477 0.62765341415897125 -1.1158198302525741 -0.12126702552390213
leaf_weight=47 100 25 35 99 112 25 171 59 41 72 30 141 37 211
leaf_count=47 100 25 35 99 112 25 171 59 41 72 30 141 37 211
internal_value=-0.0036173 0.193841 0.269828 0.197031 0.777232 0.0106001 -0.68059 0.0674415 -0.0315502 -0.801699 0.665348 0.170802 -0.0503139 0.109899
internal_weight=1205 934 909 874 211 663 271 638 549 113 89 436 295 258
internal_count=1205 934 909 874 211 663 271 638 549 113 89 436 295 258
is_linear=0
shrinkage=0.035


Tree=75
num_leaves=15
num_cat=0
split_feature=2 1 4 1 3 2 2 0 0 4 0 2 1 6
split_gain=123631 182832 80295.5 79215.1 70351.5 61415.5 54544.2 38748.5 35144.4 31069.1 62203.1 35243.5 30758.5 29607.6
threshold=241.50000000000003 529.50000000000011 750.00000000000011 221.50000000000003 406.00000000000006 196.50000000000003 296.50000000000006 2837.5000000000005 2984.0000000000005 384.50000000000006 2743.0000000000005 221.50000000000003 259.50000000000006 1.0000000180025095e-35
decision_type=2 2 2 2 2 2 2 2 2 2 2 2 2 2
left_child=1 2 4 6 5 12 7 -2 -9 13 11 -11 -1 -7
right_child=3 -3 -4 -5 -6 9 -8 8 -10 10 -12 -13 -14 -15
leaf_value=1.7221508403257892 0.12624110642750308 -2.2427689347728608 2.2554898717326504 -1.3592594462035248 -1.233624526500702 0.15610430307189624 -1.0596246287069824 -1.3437743943549219 -0.11639478430936212 2.073629124077355 0.079546343526269644 0.55387642417429017 0.51973776544843409 -1.0656188648605143
leaf_weight=64 369 29 29 79 28 148 74 45 74 39 115 38 47 27
leaf_count=64 369 29 29 79 28 148 74 45 74 39 115 38 47 27
internal_value=-0.0035553 0.373689 0.523341 -0.335613 0.415578 0.516922 -0.18741 -0.0513632 -0.595069 0.295375 0.600416 1.35663 1.23123 -0.0423011
internal_weight=1205 564 535 641 506 478 562 488 119 367 192 77 111 175
internal_count=1205 564 535 641 506 478 562 488 119 367 192 77 111 175
is_linear=0
shrinkage=0.035


Tree=76
num_leaves=15
num_cat=0
split_feature=2 1 4 5 0 1 3 0 0 2 6 0 0 0
split_gain=116389 132665 80508 67923.5 39594.5 37584 29670.3 29507.5 63942.6 57659.1 40729.6 36158.5 37706.8 69618.7
threshold=276.50000000000006 564.50000000000011 750.00000000000011 1.0000000180025095e-35 2724.5000000000005 475.50000000000006 60.000000000000007 2989.5000000000005 2842.5000000000005 212.50000000000003 1.0000000180025095e-35 2823.5000000000005 2810.5000000000005 2761.5000000000005
decision_type=2 2 2 2 2 2 2 2 2 2 2 2 2 2
left_child=1 2 3 5 -5 7 -2 8 11 -10 -9 12 13 -1
right_child=6 -3 -4 4 -6 -7 -8 10 9 -11 -12 -13 -14 -15
leaf_value=0.025660310807916743 -0.50367651129110924 -2.236710538864136 1.8529528588217659 1.2321439395328559 0.27019163322030454 -1.2687592285650751 -1.66596757096629 1.1690036715533525 0.27399115638677468 -1.3506919902079815 -0.38543316036462788 1.3335589460531874 -1.1432766957940728 1.7559478753228344
leaf_weight=352 242 25 35 99 112 25 29 59 41 72 30 28 27 29
leaf_count=352 242 25 35 99 112 25 29 59 41 72 30 28 27 29
internal_value=-0.00348505 0.181982 0.253268 0.185123 0.728866 0.0104047 -0.639348 0.064337 -0.0323044 -0.766692 0.648081 0.160662 0.0740564 0.165844
internal_weight=1205 934 909 874 211 663 271 638 549 113 89 436 408 381
internal_count=1205 934 909 874 211 663 271 638 549 113 89 436 408 381
is_linear=0
shrinkage=0.035


Tree=77
num_leaves=15
num_cat=0
split_feature=2 1 4 0 1 3 2 2 1 1 0 12 2 4
split_gain=110684 139161 64981.2 53948.6 63153.1 43425.1 37441 35115.5 45516.1 34121.7 30703.2 28169.4 61126.3 55644
threshold=252.50000000000003 556.50000000000011 426.50000000000006 2810.5000000000005 197.00000000000003 1.0000000180025095e-35 217.50000000000003 168.50000000000003 429.00000000000006 149.50000000000003 2706.0000000000005 1.0000000180025095e-35 224.50000000000003 268.50000000000006
decision_type=2 2 2 2 2 2 2 2 2 2 2 2 2 2
left_child=1 2 7 6 -5 9 -4 -1 11 -2 -8 -9 13 -13
right_child=5 -3 3 4 -6 -7 10 8 -10 -11 -12 12 -14 -15
leaf_value=1.2658752774781197 -0.056880040682633137 -2.17595992229603 2.2045749113776467 0.039701273848316572 1.6941324352555807 -1.3380488716993693 0.048390006826204417 -0.29210721986565169 -1.2000068178176881 -0.67883416415968301 1.5415203809945122 1.9768460291762686 -0.14082499527434511 0.20588247595949377
leaf_weight=27 304 25 42 132 34 51 32 121 33 166 34 41 118 45
leaf_count=27 304 25 42 132 34 51 32 121 33 166 34 41 118 45
internal_value=-0.00340025 0.289012 0.388824 0.798732 0.394695 -0.386933 1.40128 0.0944776 -0.000409918 -0.278495 0.840294 0.12799 0.377582 1.07592
internal_weight=1205 684 659 274 166 521 108 385 358 470 66 325 204 86
internal_count=1205 684 659 274 166 521 108 385 358 470 66 325 204 86
is_linear=0
shrinkage=0.035


Tree=78
num_leaves=15
num_cat=0
split_feature=2 1 4 0 1 3 2 8 1 0 12 2 1 2
split_gain=103326 130264 60703.3 50413.3 59051.2 40570.2 34963 34152.7 31803.6 28706.7 27282.4 49688.5 41368.5 37245.5
threshold=252.50000000000003 556.50000000000011 426.50000000000006 2810.5000000000005 197.00000000000003 1.0000000180025095e-35 217.50000000000003 1.0000000180025095e-35 149.50000000000003 2706.0000000000005 1.0000000180025095e-35 224.50000000000003 116.50000000000001 216.50000000000003
decision_type=2 2 2 2 2 2 2 2 2 2 2 2 2 2
left_child=1 2 7 6 -5 8 -4 10 -2 -8 13 12 -12 -1
right_child=5 -3 3 4 -6 -7 9 -9 -10 -11 11 -13 -14 -15
leaf_value=-0.99982019275257539 -0.054902251744338507 -2.1054426528789381 2.1309220649979332 0.038332459997774959 1.6381319648027421 -1.2929843809019845 0.046795965713613177 -0.68472358099484854 -0.65535782303505896 1.4905645896163253 1.7485513421467374 -0.094645853006478514 0.35696622567098651 0.25549380561884716
leaf_weight=42 304 25 42 132 34 51 32 57 166 34 47 97 59 83
leaf_count=42 304 25 42 132 34 51 32 57 166 34 47 97 59 83
internal_value=-0.00310179 0.279423 0.375993 0.772178 0.381603 -0.373668 1.35465 0.0914993 -0.268856 0.81252 0.229724 0.478459 0.994944 -0.175395
internal_weight=1205 684 659 274 166 521 108 385 470 66 328 203 106 125
internal_count=1205 684 659 274 166 521 108 385 470 66 328 203 106 125
is_linear=0
shrinkage=0.035


Tree=79
num_leaves=15
num_cat=0
split_feature=2 1 4 5 0 1 3 0 2 0 0 4 0 1
split_gain=98069.5 109257 72567.8 56230.9 34369.8 34150.3 34139.6 61055.3 67807.3 45196.3 41660.3 31692.3 30678 27189.3
threshold=276.50000000000006 564.50000000000011 750.00000000000011 1.0000000180025095e-35 2724.5000000000005 291.50000000000006 392.00000000000006 3107.5000000000005 199.50000000000003 2842.5000000000005 2823.5000000000005 3.5000000000000004 2987.0000000000005 75.500000000000014
decision_type=2 2 2 2 2 2 2 2 2 2 2 2 2 2
left_child=1 2 3 5 -5 6 7 8 -1 10 13 -7 -11 -10
right_child=-2 -3 -4 4 -6 11 -8 -9 9 12 -12 -13 -14 -15
leaf_value=1.5237842067753946 -0.58656791891043003 -2.0276146786301226 1.7507473858949303 1.1309102246430842 0.23513912714364238 0.28201036770497601 -1.066562540120092 1.7291431532234984 0.29436700447672803 -1.0974600213766099 1.4694611698609812 -1.1228569348548589 0.17483323691619768 -0.31847733637491865
leaf_weight=35 271 25 35 99 112 29 27 27 215 68 25 55 34 148
leaf_count=35 271 25 35 99 112 29 27 27 215 68 25 55 34 148
internal_value=-0.0028878 0.167358 0.232045 0.167369 0.662102 0.00840243 0.10473 0.165665 0.0790006 -0.029973 0.143029 -0.642564 -0.678156 0.0441261
internal_weight=1205 934 909 874 211 663 579 552 525 490 388 84 102 363
internal_count=1205 934 909 874 211 663 579 552 525 490 388 84 102 363
is_linear=0
shrinkage=0.035


Tree=80
num_leaves=15
num_cat=0
split_feature=2 1 4 3 2 1 3 1 0 0 0 0 0 1
split_gain=92174.5 117863 65775.5 58214.6 60440.5 50749.1 49771.4 35365.1 28664.8 54770 46604 43943.1 32533.3 25952.9
threshold=247.50000000000003 556.50000000000011 750.00000000000011 406.00000000000006 196.50000000000003 341.50000000000006 18.000000000000004 149.50000000000003 2810.5000000000005 2706.0000000000005 2989.5000000000005 2724.5000000000005 2693.0000000000005 259.50000000000006
decision_type=2 2 2 2 2 2 2 2 2 2 2 2 2 2
left_child=1 2 3 4 13 8 7 -2 9 12 -10 -11 -6 -1
right_child=6 -3 -4 -5 5 -7 -8 -9 10 11 -12 -13 -14 -15
leaf_value=1.5549806175809919 0.0011914126377324669 -1.9744342101061787 1.9115317936377094 -1.2024183199405671 0.44972093088229503 -0.94922857758610757 -1.25077592962318 -0.60855824575585848 -0.49607462599289187 2.5104748036243301 0.79148427587289083 0.61755154314637195 -0.76573717182332823 0.45236706767763413
leaf_weight=64 341 25 31 28 148 41 61 175 100 25 50 38 31 47
leaf_count=64 341 25 31 28 148 41 61 175 100 25 50 38 31 47
internal_value=-0.00264923 0.290329 0.390442 0.301632 0.383167 0.194056 -0.321425 -0.207155 0.317846 0.551941 -0.0621212 1.42284 0.233087 1.10438
internal_weight=1205 628 603 572 544 433 577 516 392 242 150 63 179 111
internal_count=1205 628 603 572 544 433 577 516 392 242 150 63 179 111
is_linear=0
shrinkage=0.035


Tree=81
num_leaves=15
num_cat=0
split_feature=2 1 4 5 0 1 0 0 2 6 0 0 0 1
split_gain=87155.8 95938.5 63535.6 49060.3 30853.1 30624.4 27826.3 54817.3 46238.3 37812.3 33037.1 34412.5 63218.7 52708.7
threshold=276.50000000000006 564.50000000000011 750.00000000000011 1.0000000180025095e-35 2724.5000000000005 475.50000000000006 2989.5000000000005 2842.5000000000005 212.50000000000003 1.0000000180025095e-35 2823.5000000000005 2810.5000000000005 2761.5000000000005 200.50000000000003
decision_type=2 2 2 2 2 2 2 2 2 2 2 2 2 2
left_child=1 2 3 5 -5 6 7 10 -9 -8 11 12 13 -1
right_child=-2 -3 -4 4 -6 -7 9 8 -10 -11 -12 -13 -14 -15
leaf_value=0.1785844126992048 -0.55274152478728544 -1.8988567620736583 1.6396699220747564 1.0643440368269932 0.21583056609358706 -1.1450729147593182 1.1270713448035914 0.21756208721981496 -1.238352656718847 -0.37068989837542182 1.2642289732098582 -1.1024457152444742 1.6633870976971044 -1.0910412520558939
leaf_weight=308 271 25 35 99 112 25 59 41 72 30 28 27 29 44
leaf_count=308 271 25 35 99 112 25 59 41 72 30 28 27 29 44
internal_value=-0.00249607 0.157998 0.218611 0.15809 0.620204 0.00959939 0.0582821 -0.0355512 -0.715504 0.625157 0.143137 0.0604082 0.148142 0.0146138
internal_weight=1205 934 909 874 211 663 638 549 113 89 436 408 381 352
internal_count=1205 934 909 874 211 663 638 549 113 89 436 408 381 352
is_linear=0
shrinkage=0.035


Tree=82
num_leaves=15
num_cat=0
split_feature=2 1 3 2 4 1 3 0 1 12 2 4 2 0
split_gain=82699.2 101191 52312.2 106225 51390.6 36715.9 34630.4 30209.4 45218.2 25706.8 55585.7 47062 42870.7 43944.8
threshold=252.50000000000003 556.50000000000011 420.50000000000006 168.50000000000003 426.50000000000006 429.00000000000006 1.0000000180025095e-35 2810.5000000000005 192.50000000000003 1.0000000180025095e-35 224.50000000000003 268.50000000000006 216.50000000000003 2818.0000000000005
decision_type=2 2 2 2 2 2 2 2 2 2 2 2 2 2
left_child=1 2 3 -1 5 9 -2 -6 -9 12 11 -11 -5 -14
right_child=6 -3 -4 4 7 -7 -8 8 -10 10 -12 -13 13 -15
leaf_value=1.8843462321824498 -0.23715642168644377 -1.8516521535096346 -1.1770992634031507 -1.3705881176934098 1.1007394300302809 -1.0830513544082643 -1.183179848984165 -0.046758013996973782 1.5648339616810836 1.8867692440893593 -0.13910673371702434 0.22678311472353729 0.68671180173240864 -0.91345465221188293
leaf_weight=52 470 25 25 31 104 33 51 101 25 39 118 44 56 31
leaf_count=52 470 25 25 31 104 33 51 101 25 39 118 44 56 31
internal_value=-0.00241036 0.250346 0.335449 0.398606 0.259861 -0.0066502 -0.333932 0.664279 0.292457 0.110756 0.35023 1.03282 -0.296201 0.108823
internal_weight=1205 684 659 634 582 352 521 230 126 319 201 83 118 87
internal_count=1205 684 659 634 582 352 521 230 126 319 201 83 118 87
is_linear=0
shrinkage=0.035


Tree=83
num_leaves=15
num_cat=0
split_feature=2 1 2 1 2 0 3 0 0 6 0 0 1 2
split_gain=77663.2 84234.1 58017.6 49210.7 51335 34295.7 30698.5 30301.8 56513.1 57362.8 43142.5 53934.2 46154.3 42448.7
threshold=276.50000000000006 564.50000000000011 168.50000000000003 214.50000000000003 241.50000000000003 2989.5000000000005 254.00000000000003 2810.5000000000005 2706.0000000000005 1.0000000180025095e-35 2823.5000000000005 2842.5000000000005 70.500000000000014 223.50000000000003
decision_type=2 2 2 2 2 2 2 2 2 2 2 2 2 2
left_child=1 2 6 7 5 -5 -1 8 13 -10 -9 -12 -13 -4
right_child=-2 -3 3 4 -6 -7 -8 10 9 -11 11 12 -14 -15
leaf_value=1.9206866327226164 -0.52178037758630058 -1.7781789716084799 0.80079045840672092 -0.52462764206299417 -1.5778892971104697 0.84732541652286764 0.36484617017209531 -1.1809077655524016 1.6151204468328741 -0.066925215972097302 1.3670292428239352 -1.3962817965961738 0.11279509571935402 -0.063199984827463723
leaf_weight=33 271 25 96 63 36 32 30 34 77 36 34 27 171 240
leaf_count=33 271 25 96 63 36 32 30 34 77 36 34 27 171 240
internal_value=-0.00236381 0.149138 0.205932 0.128189 -0.490613 -0.0545539 1.21383 0.242617 0.417371 1.0874 -0.053277 0.12066 -0.104893 0.186932
internal_weight=1205 934 909 846 131 95 63 715 449 113 266 232 198 336
internal_count=1205 934 909 846 131 95 63 715 449 113 266 232 198 336
is_linear=0
shrinkage=0.035


Tree=84
num_leaves=15
num_cat=0
split_feature=4 1 5 4 1 3 2 0 3 3 4 1 2 0
split_gain=74191.2 70516.1 49769.5 47235.1 80832.3 71440.8 89419.4 43624.8 29402.3 37958.1 28845.9 25634.2 25495 23994.3
threshold=750.00000000000011 137.50000000000003 1.0000000180025095e-35 57.500000000000007 475.50000000000006 106.00000000000001 180.50000000000003 2989.5000000000005 18.000000000000004 236.50000000000003 588.50000000000011 264.50000000000006 260.50000000000006 2660.0000000000005
decision_type=2 2 2 2 2 2 2 2 2 2 2 2 2 2
left_child=1 2 8 4 7 6 -5 13 10 -10 -1 -9 -8 -3
right_child=-2 3 -4 5 -6 -7 12 11 9 -11 -12 -13 -14 -15
leaf_value=0.044509561969792159 1.5408182736989617 0.10061522212007951 0.73288065375407807 2.056736273467541 -2.40186836861074 -1.3974482101202013 0.29435283063445244 1.1048443034291269 -1.3166807913156444 0.2135046015915118 1.146415016804972 -0.41306985124393752 -0.57367363842178709 -1.0633712463367446
leaf_weight=479 35 27 146 26 30 38 94 26 41 36 29 25 71 102
leaf_count=479 35 27 146 26 30 38 94 26 41 36 29 25 71 102
internal_value=-0.00228578 -0.0509976 0.159496 -0.400634 -0.777122 -0.0516434 0.227815 -0.482912 0.0143848 -0.613976 0.111663 0.37326 -0.0815587 -0.82193
internal_weight=1205 1170 731 439 210 229 191 180 585 77 508 51 165 129
internal_count=1205 1170 731 439 210 229 191 180 585 77 508 51 165 129
is_linear=0
shrinkage=0.035


Tree=85
num_leaves=15
num_cat=0
split_feature=4 1 5 4 1 3 2 0 3 3 4 1 2 4
split_gain=69359.1 65773.9 46391.6 44112.2 75695.3 66789.9 83694.5 40725.9 27469.5 35469.2 26992.7 23996.3 23784.9 22661.5
threshold=750.00000000000011 137.50000000000003 1.0000000180025095e-35 57.500000000000007 475.50000000000006 106.00000000000001 180.50000000000003 2989.5000000000005 18.000000000000004 236.50000000000003 588.50000000000011 264.50000000000006 260.50000000000006 417.50000000000006
decision_type=2 2 2 2 2 2 2 2 2 2 2 2 2 2
left_child=1 2 8 4 7 6 -5 -3 10 -10 13 -9 -8 -1
right_child=-2 3 -4 5 -6 -7 12 11 9 -11 -12 -13 -14 -15
leaf_value=0.16606147603907806 1.4898047001619599 -0.79367645161979994 0.7075764685184569 1.9898923259973529 -2.3230570315197112 -1.3509830194711687 0.28426510325943433 1.0689368692040444 -1.2727403963305233 0.20642523307549329 1.1088791652071861 -0.39968331429693438 -0.554145177210847 -0.42349093292609302
leaf_weight=380 35 129 146 26 30 38 94 26 41 36 29 25 71 99
leaf_count=380 35 129 146 26 30 38 94 26 41 36 29 25 71 99
internal_value=-0.0022018 -0.0493006 0.153992 -0.386975 -0.750805 -0.0497207 0.220486 -0.466114 0.0138918 -0.593464 0.107918 0.361109 -0.0788212 0.0429582
internal_weight=1205 1170 731 439 210 229 191 180 585 77 508 51 165 479
internal_count=1205 1170 731 439 210 229 191 180 585 77 508 51 165 479
is_linear=0
shrinkage=0.035


Tree=86
num_leaves=15
num_cat=0
split_feature=2 1 2 3 1 0 1 0 0 0 0 0 0 4
split_gain=66497.6 74361.1 52686.6 51783.6 45253.5 65685.8 31766.6 27202.4 56986.9 60763 37319.1 49790.2 50563.6 40084.4
threshold=276.50000000000006 564.50000000000011 196.50000000000003 392.00000000000006 214.50000000000003 2761.5000000000005 259.50000000000006 2810.5000000000005 2667.5000000000005 2651.5000000000005 2823.5000000000005 2842.5000000000005 2972.5000000000005 517.50000000000011
decision_type=2 2 2 2 2 2 2 2 2 2 2 2 2 2
left_child=1 2 3 6 7 -6 -1 8 9 -4 -9 -12 13 -13
right_child=-2 -3 4 -5 5 -7 -8 10 -10 -11 11 12 -14 -15
leaf_value=1.5161080565709104 -0.48276073995308999 -1.67277304439633 0.19552491936054381 -0.52730292360628805 -1.8758353338872689 0.032057798853287335 0.35580145229101184 -1.184974419593811 0.7933857625474533 -1.4401911839842798 1.2543179196417331 -1.8327564800146856 0.24580670440519181 0.0044467727839946746
leaf_weight=77 271 25 211 29 32 63 48 33 187 30 33 31 109 26
leaf_count=77 271 25 211 29 32 63 48 33 187 30 33 31 109 26
internal_value=-0.0021303 0.138058 0.191424 0.777027 0.0702392 -0.636027 1.08317 0.173513 0.338397 -0.0182688 -0.130961 0.0538767 -0.196857 -1.02299
internal_weight=1205 934 909 154 755 95 125 660 428 241 232 199 166 57
internal_count=1205 934 909 154 755 95 125 660 428 241 232 199 166 57
is_linear=0
shrinkage=0.035


Tree=87
num_leaves=15
num_cat=0
split_feature=2 1 3 2 4 2 1 1 0 12 2 4 2 0
split_gain=63162.5 79534.5 44808 88195.3 41551.5 29847.7 32739.9 28951.1 24508.2 23405.3 49815.5 46040.8 40403.5 37783.8
threshold=252.50000000000003 556.50000000000011 420.50000000000006 168.50000000000003 426.50000000000006 296.50000000000006 223.50000000000003 429.00000000000006 2743.0000000000005 1.0000000180025095e-35 224.50000000000003 268.50000000000006 216.50000000000003 2818.0000000000005
decision_type=2 2 2 2 2 2 2 2 2 2 2 2 2 2
left_child=1 2 3 -1 7 6 -2 9 -6 12 11 -11 -5 -14
right_child=5 -3 -4 4 8 -7 -8 -9 -10 10 -12 -13 13 -15
leaf_value=1.7062500140671104 -0.056426180609095815 -1.6449368788826249 -1.1055343695040103 -1.3403221131454814 1.0688667736078303 -0.86103936838206441 -1.0010787453721552 -0.96925432393699895 0.31363739891753845 1.8099344031985216 -0.14366139007359746 0.17111024286436 0.63199709119467895 -0.85173426452911272
leaf_weight=52 381 25 25 31 82 91 49 33 148 39 118 44 56 31
leaf_count=52 381 25 25 31 82 91 49 33 148 39 118 44 56 31
internal_value=-0.00232363 0.218569 0.294027 0.352517 0.226136 -0.292051 -0.168209 -0.0134659 0.589786 0.0908317 0.319404 0.965628 -0.29735 0.0960517
internal_weight=1205 684 659 634 582 521 430 352 230 319 201 83 118 87
internal_count=1205 684 659 634 582 521 430 352 230 319 201 83 118 87
is_linear=0
shrinkage=0.035


Tree=88
num_leaves=15
num_cat=0
split_feature=4 0 4 1 0 0 0 2 1 2 0 2 4 0
split_gain=60446.4 55746.8 75346.3 71353.2 51483.8 72043.6 57554.3 49451.5 47099.1 39038.2 38574.8 35345.7 33786.5 32685.9
threshold=750.00000000000011 2724.5000000000005 385.50000000000006 496.50000000000006 2761.5000000000005 2810.5000000000005 2972.5000000000005 221.50000000000003 139.50000000000003 266.50000000000006 2667.5000000000005 251.50000000000003 417.50000000000006 2823.5000000000005
decision_type=2 2 2 2 2 2 2 2 2 2 2 2 2 2
left_child=1 2 -1 4 -3 11 8 -4 13 -8 -9 -6 -11 -7
right_child=-2 3 7 -5 5 6 9 10 -10 12 -12 -13 -14 -15
leaf_value=-0.018291225387445563 1.3904753600262307 -1.1460196948027419 1.7699326026102284 -2.0004850910604 1.8651472538805778 -1.0456160350338275 0.44305684825715924 -0.38034253001213081 -1.3385323864086109 0.031237896755337717 1.1426827183365822 0.22721230132354275 -1.4487365684838134 0.071987336328096493
leaf_weight=420 35 60 51 26 29 44 166 40 75 54 38 35 27 105
leaf_count=420 35 60 51 26 29 44 166 40 75 54 38 35 27 105
internal_value=-0.00237408 -0.0463422 0.2102 -0.273088 -0.191156 -0.0801988 -0.231064 0.943048 -0.634791 0.137227 0.371662 1.00343 -0.485109 -0.267521
internal_weight=1205 1170 549 621 595 535 471 129 224 247 78 64 81 149
internal_count=1205 1170 549 621 595 535 471 129 224 247 78 64 81 149
is_linear=0
shrinkage=0.035


Tree=89
num_leaves=15
num_cat=0
split_feature=4 0 4 1 0 0 0 2 1 2 0 2 4 8
split_gain=56511.8 52092.7 70369.7 66806.3 48049.1 67393.9 53659.4 46163.9 43924.4 36465.6 36050.6 33072.8 31618.8 30670.5
threshold=750.00000000000011 2724.5000000000005 385.50000000000006 496.50000000000006 2761.5000000000005 2810.5000000000005 2972.5000000000005 221.50000000000003 139.50000000000003 266.50000000000006 2667.5000000000005 251.50000000000003 417.50000000000006 1.0000000180025095e-35
decision_type=2 2 2 2 2 2 2 2 2 2 2 2 2 2
left_child=1 2 13 4 -3 11 8 -4 -7 -8 -9 -6 -11 -1
right_child=-2 3 7 -5 5 6 9 10 -10 12 -12 -13 -14 -15
leaf_value=0.14672451380491258 1.3444393539106525 -1.1072028849970912 1.7103226112328331 -1.9354693070054056 1.8040787058107317 -0.25860924899726123 0.42773446936781212 -0.36766443749268851 -1.2929006029259076 0.030183621048927311 1.1046885328590872 0.21968971491665454 -1.4015277569869469 -0.55692408544472383
leaf_weight=323 35 60 51 26 29 149 166 40 75 54 38 35 27 97
leaf_count=323 35 60 51 26 29 149 166 40 75 54 38 35 27 97
internal_value=-0.00231629 -0.0448294 0.203163 -0.264017 -0.18474 -0.0775475 -0.223463 0.911395 -0.613289 0.13215 0.35932 0.97053 -0.469326 -0.0176541
internal_weight=1205 1170 549 621 595 535 471 129 224 247 78 64 81 420
internal_count=1205 1170 549 621 595 535 471 129 224 247 78 64 81 420
is_linear=0
shrinkage=0.035


Tree=90
num_leaves=15
num_cat=0
split_feature=2 1 2 3 1 3 13 8 4 4 4 1 9 2
split_gain=53031 54969 54503.9 43084.6 41320.6 35283.4 31586.3 34984.9 29164.2 29764.9 28310.1 27306 25425.9 33037.3
threshold=296.50000000000006 564.50000000000011 196.50000000000003 392.00000000000006 271.50000000000006 1.0000000180025095e-35 1.0000000180025095e-35 1.0000000180025095e-35 541.50000000000011 612.50000000000011 343.50000000000006 259.50000000000006 1.0000000180025095e-35 274.50000000000006
decision_type=2 2 2 2 2 2 2 2 2 2 2 2 2 2
left_child=1 2 3 11 5 6 7 8 12 -10 -8 -1 -4 -14
right_child=-2 -3 4 -5 -6 -7 10 -9 9 -11 -12 -13 13 -15
leaf_value=1.3893256492592114 -0.80522993037777568 -1.4955782525627703 0.16039804955708914 -0.48093300207968681 -0.80356410096916886 -0.50225737285452055 -0.68698710035819277 -0.25832456771016121 1.8300202575596898 0.3303441106941965 0.31591772601008417 0.31452891482710843 1.8542680919611898 0.31826870458057294
leaf_weight=77 91 25 346 29 70 113 89 123 31 34 54 48 25 50
leaf_count=77 91 25 346 29 70 113 89 123 31 34 54 48 25 50
internal_value=-0.0022429 0.0646767 0.103171 0.708809 0.00211907 0.0690221 0.155971 0.265837 0.39901 1.07885 -0.309134 0.988056 0.289441 0.865133
internal_weight=1205 1114 1089 154 935 865 752 609 486 65 143 125 421 75
internal_count=1205 1114 1089 154 935 865 752 609 486 65 143 125 421 75
is_linear=0
shrinkage=0.035


Tree=91
num_leaves=15
num_cat=0
split_feature=4 0 0 1 0 0 0 0 0 0 1 1 2 0
split_gain=50990.6 47593 67344.3 60298.3 59208.8 58962.7 68583.2 45125.9 62892.9 50958.2 45121.7 39909 38536.2 41394.3
threshold=750.00000000000011 2724.5000000000005 2706.0000000000005 496.50000000000006 2700.5000000000005 2667.5000000000005 2651.5000000000005 2761.5000000000005 2810.5000000000005 2972.5000000000005 58.500000000000007 139.50000000000003 236.50000000000003 2642.5000000000005
decision_type=2 2 2 2 2 2 2 2 2 2 2 2 2 2
left_child=1 2 4 7 5 6 10 -3 -9 11 -1 -10 13 -12
right_child=-2 3 -4 -5 -6 -7 -8 8 9 -11 12 -13 -14 -15
leaf_value=-0.57859238104942523 1.2771964384252961 -1.0706056080325959 1.1199737568890178 -1.8399309289455417 -1.1902503812313081 1.1469210965765848 -1.3438385039567948 0.93968408252253688 -0.25540755456530906 0.13277676455526946 1.7071577358775669 -1.2415006809884854 0.033650715533982627 0.26414592981861351
leaf_weight=76 35 60 80 26 42 61 40 64 149 247 43 75 152 55
leaf_count=76 35 60 80 26 42 61 40 64 149 247 43 75 152 55
internal_value=-0.00207855 -0.0424617 0.194577 -0.25197 0.0326416 0.157914 -0.0122576 -0.176648 -0.0727775 -0.213744 0.158324 -0.593638 0.385161 0.918784
internal_weight=1205 1170 549 621 469 427 366 595 535 471 326 224 250 98
internal_count=1205 1170 549 621 469 427 366 595 535 471 326 224 250 98
is_linear=0
shrinkage=0.035


Tree=92
num_leaves=15
num_cat=0
split_feature=2 1 2 1 1 1 4 0 0 0 13 0 0 0
split_gain=49149.1 50154.4 51877 34636.2 32717.1 50454.3 29446.6 29442.6 41198.6 69213.1 40593.9 53441.2 43559.8 36253.3
threshold=296.50000000000006 564.50000000000011 168.50000000000003 269.00000000000006 241.50000000000003 217.00000000000003 3.5000000000000004 2810.5000000000005 2823.5000000000005 2837.5000000000005 1.0000000180025095e-35 2766.0000000000005 2743.0000000000005 2706.0000000000005
decision_type=2 2 2 2 2 2 2 2 2 2 2 2 2 2
left_child=1 2 -1 4 5 7 -5 10 -9 -10 11 12 13 -4
right_child=-2 -3 3 6 -6 -7 -8 8 9 -11 -12 -13 -14 -15
leaf_value=1.058027475311206 -0.77509731348804256 -1.4279973512225683 0.2685460036931977 0.30862057336126314 1.2838791958987712 -1.2344290943816305 -0.9680299381471017 -1.0901449416701994 1.5007233511525044 -0.18403010363319541 -0.30593573684932601 1.8348947670767386 -0.79316885428550921 1.1572177100777628
leaf_weight=63 91 25 297 31 26 33 69 46 32 244 114 29 37 68
leaf_count=63 91 25 297 31 26 33 69 46 32 244 114 29 37 68
internal_value=-0.00205792 0.0623657 0.0991348 0.0383116 0.105528 0.0687154 -0.573977 0.121043 -0.143746 0.0206949 0.277441 0.432445 0.32269 0.439511
internal_weight=1205 1114 1089 1026 926 900 100 867 322 276 545 431 402 365
internal_count=1205 1114 1089 1026 926 900 100 867 322 276 545 431 402 365
is_linear=0
shrinkage=0.035


Tree=93
num_leaves=15
num_cat=0
split_feature=2 1 3 2 4 3 8 6 0 0 4 12 2 0
split_gain=47265.1 58581.9 38032.2 76151 31001 25730.1 23205.6 23220.4 43422.4 43708.4 24476.7 22883.2 20777 20277.7
threshold=252.50000000000003 556.50000000000011 420.50000000000006 168.50000000000003 426.50000000000006 1.0000000180025095e-35 1.0000000180025095e-35 1.0000000180025095e-35 2989.5000000000005 2818.0000000000005 348.00000000000006 1.0000000180025095e-35 224.50000000000003 3116.0000000000005
decision_type=2 2 2 2 2 2 2 2 2 2 2 2 2 2
left_child=1 2 3 -1 6 13 7 8 9 -5 -9 -6 -11 -2
right_child=5 -3 -4 4 11 -7 -8 10 -10 12 -12 -13 -14 -15
leaf_value=1.5656170545448551 -0.22605404304603591 -1.4102017614576552 -1.0352199208294905 0.38299768154932695 1.1016890699631079 -0.98429926446586291 -0.68464710269813189 -1.2379659052141783 1.4877017502919321 -0.06860390663146973 0.10003951898435268 0.29748747690916061 -1.4347105899453163 0.74606273591518413
leaf_weight=52 444 25 25 152 57 51 52 27 29 27 39 173 26 26
leaf_count=52 444 25 25 152 57 51 52 27 29 27 39 173 26 26
internal_value=-0.00194918 0.189133 0.25389 0.307818 0.19046 -0.252578 -0.0164727 0.103111 0.266691 0.0812572 -0.467638 0.504569 -0.766571 -0.169344
internal_weight=1205 684 659 634 582 521 352 300 234 205 66 230 53 470
internal_count=1205 684 659 634 582 521 352 300 234 205 66 230 53 470
is_linear=0
shrinkage=0.035


Tree=94
num_leaves=15
num_cat=0
split_feature=4 0 0 0 0 0 1 1 0 0 0 1 2 0
split_gain=45088.5 42482.4 60084.4 54874.8 54015.7 64286.6 52853.2 42726.8 41010.5 56152.2 46730 36402.2 35320.6 38292.1
threshold=750.00000000000011 2724.5000000000005 2706.0000000000005 2700.5000000000005 2667.5000000000005 2651.5000000000005 496.50000000000006 58.500000000000007 2761.5000000000005 2810.5000000000005 2972.5000000000005 139.50000000000003 236.50000000000003 2642.5000000000005
decision_type=2 2 2 2 2 2 2 2 2 2 2 2 2 2
left_child=1 2 3 4 5 7 8 -1 -3 -10 11 -11 13 -9
right_child=-2 6 -4 -5 -6 -7 -8 12 9 10 -12 -13 -14 -15
leaf_value=-0.56316522340672326 1.2009998994904598 -1.0195671102693005 1.0581083105395481 -1.1462282803925603 1.098265810178386 -1.300421323478222 -1.7245914375782014 1.64381292936537 0.88833152943036786 -0.24232916575393931 0.13027871677435068 -1.1840644244714218 0.038056130747903483 0.25583446549218997
leaf_weight=76 35 60 80 42 61 40 26 43 64 149 247 75 152 55
leaf_count=76 35 60 80 42 61 40 26 43 64 149 247 75 152 55
internal_value=-0.00196215 -0.0399363 0.184014 0.031055 0.151657 -0.0112223 -0.237877 0.153927 -0.167351 -0.068334 -0.201533 -0.56533 0.374662 0.885541
internal_weight=1205 1170 549 469 427 366 621 326 595 535 471 224 250 98
internal_count=1205 1170 549 469 427 366 621 326 595 535 471 224 250 98
is_linear=0
shrinkage=0.035


Tree=95
num_leaves=15
num_cat=0
split_feature=2 1 2 3 1 3 0 0 4 16 12 1 0 3
split_gain=44672.7 42903.2 45081.2 36462 34201.8 29949.8 28087.7 30896.8 30406.4 25997 25317.4 23389.3 21624.2 21533.6
threshold=296.50000000000006 564.50000000000011 196.50000000000003 392.00000000000006 271.50000000000006 1.0000000180025095e-35 3107.5000000000005 2842.5000000000005 535.00000000000011 1.0000000180025095e-35 1.0000000180025095e-35 194.50000000000003 2989.5000000000005 236.50000000000003
decision_type=2 2 2 2 2 2 2 2 2 2 2 2 2 2
left_child=1 2 3 10 5 6 7 8 9 11 -1 -4 -6 -7
right_child=-2 -3 4 -5 12 13 -8 -9 -10 -11 -12 -13 -14 -15
leaf_value=-0.026150423566500346 -0.73893892221553359 -1.3189552984414279 0.070434818718758327 -0.44987088910994999 -1.2739990649819377 -0.79438548193528113 0.98081133619598726 -0.59993999952243438 0.90168696894881228 0.77545352407296497 1.1640290009794816 -0.84236930128690368 -0.050074417065171642 0.22091461805961071
leaf_weight=28 91 25 485 29 38 76 44 70 60 58 97 35 32 37
leaf_count=28 91 25 485 29 38 76 44 70 60 58 97 35 32 37
internal_value=-0.00194375 0.059476 0.0934803 0.644284 0.00157807 0.0624465 0.142556 0.0878454 0.164947 0.0856229 0.901215 0.00600401 -0.731424 -0.463882
internal_weight=1205 1114 1089 154 935 865 752 708 638 578 125 520 70 113
internal_count=1205 1114 1089 154 935 865 752 708 638 578 125 520 70 113
is_linear=0
shrinkage=0.035


Tree=96
num_leaves=15
num_cat=0
split_feature=2 1 2 1 0 3 3 1 3 13 2 1 4 1
split_gain=42127 43548.5 37877.6 27281.4 42275.2 26158.2 22469.7 22007.8 27633.9 26628.9 42720.3 25207.5 21918.7 20925.2
threshold=276.50000000000006 564.50000000000011 168.50000000000003 214.50000000000003 2761.5000000000005 106.00000000000001 14.500000000000002 185.50000000000003 1.0000000180025095e-35 1.0000000180025095e-35 223.50000000000003 83.500000000000014 343.50000000000006 84.500000000000014
decision_type=2 2 2 2 2 2 2 2 2 2 2 2 2 2
left_child=1 2 6 7 -5 -6 -1 8 9 10 -4 -10 -11 -12
right_child=-2 -3 3 4 5 -7 -8 -9 11 12 13 -13 -14 -15
leaf_value=1.6489690407726074 -0.38454039459749584 -1.2762113010441816 0.88604046800444214 -1.177210251247883 0.61633341534464969 -0.61634988182120853 0.32196793735027318 0.97106700776517407 -1.1234829199941536 -0.76379214147105823 0.355658455396692 0.024150093357182212 0.24755668601989747 -0.18595186030864716
leaf_weight=29 271 25 122 48 49 34 34 38 36 54 208 61 48 148
leaf_count=29 271 25 122 48 49 34 34 38 36 54 208 61 48 148
internal_value=-0.00199062 0.109591 0.150422 0.0876482 -0.373053 0.108758 0.964752 0.172862 0.12533 0.216959 0.326384 -0.415868 -0.292255 0.130714
internal_weight=1205 934 909 846 131 83 63 715 677 580 478 97 102 356
internal_count=1205 934 909 846 131 83 63 715 677 580 478 97 102 356
is_linear=0
shrinkage=0.035


Tree=97
num_leaves=15
num_cat=0
split_feature=2 1 0 4 4 2 3 1 2 3 16 3 4 1
split_gain=40129.6 38642.5 55990.8 45747.2 90555.7 38799.2 61650.8 61929.2 41230.7 28767 43232.3 25937.5 17229.2 66974.1
threshold=296.50000000000006 269.00000000000006 2660.0000000000005 152.50000000000003 3.5000000000000004 217.50000000000003 417.50000000000006 64.500000000000014 164.50000000000003 168.50000000000003 1.0000000180025095e-35 247.50000000000003 35.000000000000007 91.500000000000014
decision_type=2 2 2 2 2 2 2 2 2 2 2 2 2 2
left_child=1 5 -3 4 -4 6 7 -1 -9 10 12 -11 13 -7
right_child=-2 2 3 -5 -6 9 -8 8 -10 11 -12 -13 -14 -15
leaf_value=-0.7660536243997772 -0.70046277355442776 0.62801558645033262 -0.15748342037200927 0.04588821364612114 -2.7605322767748981 0.29961916612833739 -1.0406362682801706 2.1630501079559328 0.72801648986923118 -1.5030696527659895 0.88065158254479725 0.029872895665466789 0.077115615112367683 -1.2572695357548231
leaf_weight=27 91 39 33 39 31 78 25 29 141 26 71 26 492 57
leaf_count=27 91 39 33 39 31 78 25 29 141 26 71 26 492 57
internal_value=-0.00194738 0.0562657 -0.479024 -0.902172 -1.46378 0.13529 0.539501 0.748469 0.995122 0.0145263 0.0745333 -0.76388 -0.0192595 -0.366492
internal_weight=1205 1114 142 103 64 972 222 197 170 750 698 52 627 135
internal_count=1205 1114 142 103 64 972 222 197 170 750 698 52 627 135
is_linear=0
shrinkage=0.035


Tree=98
num_leaves=15
num_cat=0
split_feature=2 1 3 2 4 4 12 4 1 12 8 0 0 12
split_gain=37746.3 44785 31844.2 62030.8 25438.8 22283.9 49387.8 34025 35834.8 21889.2 20315.6 21839.7 19636.8 18781.5
threshold=252.50000000000003 556.50000000000011 420.50000000000006 168.50000000000003 426.50000000000006 411.50000000000006 1.0000000180025095e-35 377.50000000000006 69.500000000000014 1.0000000180025095e-35 1.0000000180025095e-35 2993.0000000000005 2706.0000000000005 1.0000000180025095e-35
decision_type=2 2 2 2 2 2 2 2 2 2 2 2 2 2
left_child=1 2 3 -1 10 7 -7 8 12 -6 11 13 -2 -5
right_child=5 -3 -4 4 9 6 -8 -9 -10 -11 -12 -13 -14 -15
leaf_value=1.4098596799373628 0.021471030645177896 -1.2297257645924886 -0.95416788865018776 -0.38246846608021884 1.0368322298486354 -1.8052991623589489 -0.12929578496859626 0.92979400324821482 -0.37734920935705307 0.25137901534438134 -0.64384481509526581 0.95779412614181647 1.1393117727002791 0.21579656388850244
leaf_weight=52 51 25 25 101 57 31 63 33 314 173 52 30 29 169
leaf_count=52 51 25 25 101 57 31 63 33 314 173 52 30 29 169
internal_value=-0.00207254 0.168689 0.2253 0.274663 0.168755 -0.226046 -0.708116 -0.117116 -0.209055 0.453295 -0.0186758 0.093233 0.444593 -0.00916559
internal_weight=1205 684 659 634 582 521 94 427 394 230 352 300 80 270
internal_count=1205 684 659 634 582 521 94 427 394 230 352 300 80 270
is_linear=0
shrinkage=0.035


Tree=99
num_leaves=15
num_cat=0
split_feature=1 0 2 3 1 2 4 4 6 3 16 1 0 0
split_gain=36608.2 56402.8 48051.2 48830.4 49672 52821.2 43377.1 64880.2 32188.8 24020.6 38553.5 29094.5 19873.4 26541.9
threshold=269.00000000000006 2660.0000000000005 232.50000000000003 417.50000000000006 66.500000000000014 164.50000000000003 152.50000000000003 3.5000000000000004 1.0000000180025095e-35 168.50000000000003 1.0000000180025095e-35 83.500000000000014 2989.5000000000005 2810.5000000000005
decision_type=2 2 2 2 2 2 2 2 2 2 2 2 2 2
left_child=2 -2 3 4 8 -6 7 -3 -1 10 11 -4 13 -7
right_child=1 6 9 -5 5 12 -8 -9 -10 -11 -12 -13 -14 -15
leaf_value=0.33700445462495854 0.61289487973945911 -0.42691327373186749 0.15700877499960209 -0.98133210162664286 2.1232760133743289 0.69581752009391795 0.034640755478928732 -2.5328160955274805 -1.1922078297932945 -0.96524628856697614 0.77546710766231031 -0.33559490631145111 1.217868569046259 -0.1555047511047041
leaf_weight=37 39 40 247 27 28 123 39 32 28 35 61 357 43 69
leaf_count=37 39 40 247 27 28 123 39 32 28 35 61 357 43 69
internal_value=-0.00197447 -0.50985 0.0710633 0.40156 0.520654 0.733731 -0.908193 -1.40603 -0.337658 -0.0972124 -0.0487691 -0.134296 0.551647 0.391424
internal_weight=1205 150 1055 355 328 263 111 72 65 700 665 604 235 192
internal_count=1205 150 1055 355 328 263 111 72 65 700 665 604 235 192
is_linear=0
shrinkage=0.035


Tree=100
num_leaves=15
num_cat=0
split_feature=2 1 0 0 0 2 3 1 2 3 16 3 2 2
split_gain=35179.4 33530.3 49286.7 42796.3 63249.2 32240.5 51495.9 54783.4 33988 25946.1 38273.4 23658.8 16501.9 19540.3
threshold=296.50000000000006 269.00000000000006 2660.0000000000005 2959.0000000000005 2996.5000000000005 217.50000000000003 417.50000000000006 64.500000000000014 164.50000000000003 168.50000000000003 1.0000000180025095e-35 247.50000000000003 208.50000000000003 196.50000000000003
decision_type=2 2 2 2 2 2 2 2 2 2 2 2 2 2
left_child=1 5 -3 -4 -5 6 7 -1 -9 10 -7 -11 13 -10
right_child=-2 2 3 4 -6 9 -8 8 12 11 -12 -13 -14 -15
leaf_value=-0.73814443744462122 -0.6559575778822746 0.59248993734034094 -1.8028463169690727 0.6259178301542998 -1.4642721540853383 -0.015194367001970287 -0.94955571900915225 1.9785627170531983 0.87217641123287071 -1.429164903908968 0.83154125195660011 0.034457881301641471 1.1537011658061636 -0.15359526340080346
leaf_weight=27 91 39 35 38 30 627 25 29 44 26 71 26 53 44
leaf_count=27 91 39 35 38 30 627 25 29 44 26 71 26 53 44
internal_value=-0.00194223 0.0525625 -0.446064 -0.843098 -0.311714 0.126174 0.494641 0.685616 0.917696 0.0160817 0.0730646 -0.723181 0.674883 0.367275
internal_weight=1205 1114 142 103 68 972 222 197 170 750 698 52 141 88
internal_count=1205 1114 142 103 68 972 222 197 170 750 698 52 141 88
is_linear=0
shrinkage=0.035


Tree=101
num_leaves=15
num_cat=0
split_feature=4 3 3 3 13 8 4 1 2 12 1 3 0 0
split_gain=33085.6 34688.1 62322 42072.8 35353 36338.5 38425.3 77652.8 46348.7 30653 29596.2 22696 22639.3 27493.4
threshold=750.00000000000011 1.0000000180025095e-35 236.50000000000003 392.00000000000006 1.0000000180025095e-35 1.0000000180025095e-35 59.500000000000007 260.50000000000006 217.50000000000003 1.0000000180025095e-35 68.500000000000014 168.50000000000003 2644.5000000000005 2724.5000000000005
decision_type=2 2 2 2 2 2 2 2 2 2 2 2 2 2
left_child=1 4 11 -4 5 6 7 -1 -8 -6 -7 -3 -10 -14
right_child=-2 2 3 -5 9 10 8 -9 12 -11 -12 -13 13 -15
leaf_value=0.22339982776862127 1.0285395202765595 -0.69480960260202851 0.76322719341724132 -0.74682493779394366 -0.93763839396050319 0.49098384769951431 1.0680790738761425 -1.3243234051888189 -0.31042341315746308 -0.0091975276310134833 -0.60373198916851467 -1.8774363693697702 0.94461049904028582 0.065850727293535929
leaf_weight=228 35 79 59 34 72 39 118 46 68 106 116 27 73 105
leaf_count=228 35 79 59 34 72 39 118 46 68 106 116 27 73 105
internal_value=-0.0019392 -0.0344681 -0.453005 0.207065 0.0520632 0.152247 0.268978 -0.0441506 0.503638 -0.390992 -0.325542 -1.02523 0.22646 0.432732
internal_weight=1205 1170 199 93 971 793 638 274 364 178 155 106 246 178
internal_count=1205 1170 199 93 971 793 638 274 364 178 155 106 246 178
is_linear=0
shrinkage=0.035


Tree=102
num_leaves=15
num_cat=0
split_feature=2 1 2 1 3 12 3 0 0 4 16 1 0 3
split_gain=32278.9 30421 32787.5 25297.6 25237.3 22677 21365.8 25403.4 27646.7 26207.4 19640 19942.8 19422.2 17051.9
threshold=296.50000000000006 564.50000000000011 196.50000000000003 271.50000000000006 392.00000000000006 1.0000000180025095e-35 1.0000000180025095e-35 3107.5000000000005 2842.5000000000005 535.00000000000011 1.0000000180025095e-35 194.50000000000003 2989.5000000000005 236.50000000000003
decision_type=2 2 2 2 2 2 2 2 2 2 2 2 2 2
left_child=1 2 4 6 5 -1 7 8 9 10 11 -4 -5 -8
right_child=-2 -3 3 12 -6 -7 13 -9 -10 -11 -12 -13 -14 -15
leaf_value=-0.10970825362205505 -0.62845581368713455 -1.1104926741564716 0.058227778698568232 -1.1440785814970733 -0.36224050139227221 1.0111279004631621 -0.68594107356209033 0.91763431808222906 -0.58200690290166279 0.82542847466084279 0.66746965213119991 -0.7846435304751268 0.012031430575777505 0.21683573011404431
leaf_weight=28 91 25 485 38 29 97 76 44 70 60 58 35 32 37
leaf_count=28 91 25 485 38 29 97 76 44 70 60 58 35 32 37
internal_value=-0.00198266 0.050227 0.0788603 0.000486296 0.548596 0.762287 0.0528371 0.120499 0.0685146 0.141484 0.067885 -0.00129288 -0.629918 -0.391711
internal_weight=1205 1114 1089 935 154 125 865 752 708 638 578 520 70 113
internal_count=1205 1114 1089 935 154 125 865 752 708 638 578 520 70 113
is_linear=0
shrinkage=0.035


Tree=103
num_leaves=15
num_cat=0
split_feature=2 1 0 0 0 1 1 2 0 0 0 0 0 0
split_gain=30096.2 28648.1 45666.5 39481.1 58840.6 29119.4 47559.6 31071.6 24696.1 34865.8 61891.7 31361 68496.9 51948.3
threshold=296.50000000000006 269.00000000000006 2660.0000000000005 2959.0000000000005 2996.5000000000005 241.50000000000003 223.50000000000003 196.50000000000003 2810.5000000000005 2823.5000000000005 2837.5000000000005 2761.5000000000005 2743.0000000000005 2706.0000000000005
decision_type=2 2 2 2 2 2 2 2 2 2 2 2 2 2
left_child=1 5 -3 -4 -5 6 7 -1 11 -10 -11 12 13 -9
right_child=-2 2 3 4 -6 -7 -8 8 9 10 -12 -13 -14 -15
leaf_value=0.71736653983592991 -0.60693290403453259 0.58671132340663823 -1.7164642939696442 0.61888472388708038 -1.3968947493005546 1.1549517016857864 -1.3148267330794499 0.044301560316435118 -1.0760694639796906 1.3772757699995331 -0.24869510533415701 1.061002491110183 -1.4527211188897491 1.008713310311238
leaf_weight=95 91 39 35 38 30 30 27 370 45 31 217 45 30 82
leaf_count=95 91 39 35 38 30 30 27 370 45 31 217 45 30 82
internal_value=-0.0020118 0.0484019 -0.412495 -0.794804 -0.284932 0.116443 0.0809929 0.124959 0.0547479 -0.201998 -0.0360565 0.197717 0.113068 0.222934
internal_weight=1205 1114 142 103 68 972 942 915 820 293 248 527 482 452
internal_count=1205 1114 142 103 68 972 942 915 820 293 248 527 482 452
is_linear=0
shrinkage=0.035


Tree=104
num_leaves=15
num_cat=0
split_feature=4 3 3 3 13 4 4 9 2 4 6 9 1 4
split_gain=28958.2 31501.9 66910.9 38485.7 33622.1 29101.9 71771.8 75320.5 59125.8 24204.7 27013.3 23796.8 22482.5 21234.6
threshold=750.00000000000011 106.00000000000001 236.50000000000003 392.00000000000006 1.0000000180025095e-35 59.500000000000007 1.0000000180025095e-35 1.0000000180025095e-35 217.50000000000003 343.50000000000006 1.0000000180025095e-35 1.0000000180025095e-35 180.50000000000003 27.000000000000004
decision_type=2 2 2 2 2 2 2 2 2 2 2 2 2 2
left_child=1 4 -3 -4 5 6 -1 -8 -7 -6 -11 12 -10 -9
right_child=-2 2 3 -5 9 8 7 13 11 10 -12 -13 -14 -15
leaf_value=0.34595211088657385 0.96204866749612072 -1.1638525245745861 0.71923458244468352 -0.72488581564691346 -0.6628258586915271 0.92469916286713949 -2.1236950179437799 -0.82557712963223473 0.058403403221412846 0.92853486059173473 -0.47331382092591878 0.7903528898119927 -0.95961174964904794 0.24459991715989024
leaf_weight=159 35 84 59 34 122 134 34 38 316 29 35 48 27 51
leaf_count=159 35 84 59 34 122 134 34 38 316 29 35 48 27 51
internal_value=-0.00201349 -0.0324455 -0.459854 0.187131 0.0445104 0.142406 -0.143711 -0.772098 0.296054 -0.377226 0.170787 0.0770005 -0.0268303 -0.220432
internal_weight=1205 1170 177 93 993 807 282 123 525 186 64 391 343 89
internal_count=1205 1170 177 93 993 807 282 123 525 186 64 391 343 89
is_linear=0
shrinkage=0.035


Tree=105
num_leaves=15
num_cat=0
split_feature=2 1 2 1 1 1 4 3 15 0 0 0 0 0
split_gain=27507.7 27314.4 29320.4 21625.2 30283.2 36192.3 26622.6 21257.5 21059.4 23184.8 30652.9 61733.9 28609.4 37745.9
threshold=296.50000000000006 564.50000000000011 168.50000000000003 269.00000000000006 241.50000000000003 217.00000000000003 3.5000000000000004 14.500000000000002 1.0000000180025095e-35 2810.5000000000005 2823.5000000000005 2837.5000000000005 2766.0000000000005 2743.0000000000005
decision_type=2 2 2 2 2 2 2 2 2 2 2 2 2 2
left_child=1 2 7 4 5 8 -5 -1 9 12 -11 -12 13 -4
right_child=-2 -3 3 6 -6 -7 -8 -9 -10 10 11 -13 -14 -15
leaf_value=1.4578855037689211 -0.58037910650974966 -1.0537096113408055 0.20811739609663329 0.37904231291828738 1.2142718721926213 -1.0583406581878663 -0.8316280325491664 0.17850088015198709 0.95696545884916284 -1.0128312304552567 1.3743510398720251 -0.24764294464675704 1.1182611619798761 -0.92556009128307704
leaf_weight=29 91 25 466 31 26 33 69 34 31 45 31 221 36 37
leaf_count=29 91 25 466 31 26 33 69 34 31 45 31 221 36 37
internal_value=-0.00205668 0.0461405 0.073275 0.0275511 0.0806678 0.0452994 -0.456247 0.794161 0.0896456 0.055277 -0.19222 -0.0388614 0.19186 0.12139
internal_weight=1205 1114 1089 1026 926 900 100 63 867 836 297 252 539 503
internal_count=1205 1114 1089 1026 926 900 100 63 867 836 297 252 539 503
is_linear=0
shrinkage=0.035


Tree=106
num_leaves=15
num_cat=0
split_feature=4 3 3 3 0 13 0 0 0 2 1 2 12 0
split_gain=26556.3 28930.5 61926.4 36049 34133.9 29339.4 44930 42318.4 36421.8 32919 32900.5 28555.5 25316.1 22301.4
threshold=750.00000000000011 106.00000000000001 236.50000000000003 392.00000000000006 3116.0000000000005 1.0000000180025095e-35 3014.5000000000005 2984.0000000000005 2842.5000000000005 180.50000000000003 136.50000000000003 223.50000000000003 1.0000000180025095e-35 2644.5000000000005
decision_type=2 2 2 2 2 2 2 2 2 2 2 2 2 2
left_child=1 4 -3 -4 5 6 7 8 9 -1 11 -11 -7 -13
right_child=-2 2 3 -5 -6 12 -8 -9 -10 10 -12 13 -14 -15
leaf_value=1.1900928388701546 0.92129842980487942 -1.1179264462358038 0.69670939660463183 -0.70095215530859101 1.007258325960747 -0.87136307470653729 -0.89016231455892902 1.2580756951541436 -0.95386117994785313 0.79505322042297821 -0.33350674790218943 -0.28476927252376782 -0.041127163855550451 0.29911664707253022
leaf_weight=34 35 84 59 34 41 77 51 39 36 92 157 117 105 244
leaf_count=34 35 84 59 34 41 77 51 39 36 92 157 117 105 244
internal_value=-0.00191642 -0.031059 -0.440652 0.181737 0.042689 -0.000876928 0.0937846 0.165853 0.0997056 0.161371 0.100331 0.251495 -0.398034 0.109353
internal_weight=1205 1170 177 93 993 952 770 719 680 644 610 453 182 361
internal_count=1205 1170 177 93 993 952 770 719 680 644 610 453 182 361
is_linear=0
shrinkage=0.035


Tree=107
num_leaves=15
num_cat=0
split_feature=1 0 4 4 2 3 1 2 6 2 2 3 16 1
split_gain=25536.4 43521.8 36493.3 57620.6 31674.2 36203 41952.4 41287.7 28423.1 20578.8 29486.3 17448.2 31120.4 22195.7
threshold=269.00000000000006 2660.0000000000005 152.50000000000003 3.5000000000000004 232.50000000000003 417.50000000000006 66.500000000000014 164.50000000000003 1.0000000180025095e-35 225.50000000000003 217.50000000000003 168.50000000000003 1.0000000180025095e-35 83.500000000000014
decision_type=2 2 2 2 2 2 2 2 2 2 2 2 2 2
left_child=4 -2 3 -3 5 6 8 -8 -1 10 -9 12 13 -6
right_child=1 2 -4 -5 11 -7 7 9 -10 -11 -12 -13 -14 -15
leaf_value=0.27792095648936738 0.55964385785707627 -0.31521741152120136 0.086094269272757748 -2.2936348758725558 0.14140133350100148 -0.86277166950291606 1.8540935643116634 0.57282786154747012 -1.1601463238398235 1.1415315458774569 -0.37984466212801637 -0.81721251508674109 0.70434740915273641 -0.28883834270371289
leaf_weight=37 39 40 39 32 247 27 28 138 28 43 54 35 61 357
leaf_count=37 39 40 39 32 247 27 28 138 28 43 54 35 61 357
internal_value=-0.00179286 -0.42597 -0.776043 -1.23274 0.0592086 0.327536 0.430154 0.626099 -0.357694 0.465373 0.303735 -0.0774174 -0.0361471 -0.11301
internal_weight=1205 150 111 72 1055 355 328 263 65 235 192 700 665 604
internal_count=1205 150 111 72 1055 355 328 263 65 235 192 700 665 604
is_linear=0
shrinkage=0.035


Tree=108
num_leaves=15
num_cat=0
split_feature=2 1 2 3 1 1 1 4 15 0 0 0 0 0
split_gain=24152.2 24283.6 24990 19456.5 19243 28418 32796.3 24287.6 19716.5 20768.2 29886.9 55930.9 27021 55265.8
threshold=296.50000000000006 564.50000000000011 168.50000000000003 14.500000000000002 269.00000000000006 241.50000000000003 217.00000000000003 3.5000000000000004 1.0000000180025095e-35 2810.5000000000005 2823.5000000000005 2837.5000000000005 2761.5000000000005 2743.0000000000005
decision_type=2 2 2 2 2 2 2 2 2 2 2 2 2 2
left_child=1 2 3 -1 5 6 8 -6 9 12 -11 -12 13 -4
right_child=-2 -3 4 -5 7 -7 -8 -9 -10 10 11 -13 -14 -15
leaf_value=1.3692723574369186 -0.54367827055114581 -0.99365021827596223 0.19704215291885535 0.14708227171355653 0.3679423113483371 1.1749954701960088 -1.0079815073013305 -0.78821551861897332 0.9240196109901776 -0.9929561182159059 1.3137985970034747 -0.23007197369792137 0.98302776469749975 -1.3528320974508923
leaf_weight=29 91 25 466 34 31 26 33 69 31 45 31 221 45 28
leaf_count=29 91 25 466 34 31 26 33 69 31 45 31 221 45 28
internal_value=-0.00177534 0.0433864 0.0689714 0.734499 0.0267562 0.0768606 0.0426017 -0.42962 0.0848171 0.0515673 -0.182674 -0.031302 0.180837 0.104094
internal_weight=1205 1114 1089 63 1026 926 900 100 867 836 297 252 539 494
internal_count=1205 1114 1089 63 1026 926 900 100 867 836 297 252 539 494
is_linear=0
shrinkage=0.035


Tree=109
num_leaves=15
num_cat=0
split_feature=4 3 3 0 3 13 0 0 0 2 1 2 2 12
split_gain=23215 25563.6 56411.2 32525.6 32492.7 27630.6 39642.4 40527.2 32981.5 29552.4 28495 23955 24702.3 23844.3
threshold=750.00000000000011 106.00000000000001 236.50000000000003 3116.0000000000005 392.00000000000006 1.0000000180025095e-35 3014.5000000000005 2984.0000000000005 2842.5000000000005 180.50000000000003 149.50000000000003 234.50000000000003 242.50000000000003 1.0000000180025095e-35
decision_type=2 2 2 2 2 2 2 2 2 2 2 2 2 2
left_child=1 3 -3 5 -4 6 7 8 9 -1 11 -11 -13 -7
right_child=-2 2 4 -5 -6 13 -8 -9 -10 10 -12 12 -14 -15
leaf_value=1.1260893942001793 0.86150477583343921 -1.0603848501381485 0.66874776218758258 0.98196705658421968 -0.65826859064244991 -0.84690990993635196 -0.8345101503156267 1.2262662648573157 -0.90984663514126296 0.57228810455708301 -0.34155006200285032 -0.67747269076162153 0.17750649019964179 -0.041142969841711993
leaf_weight=34 35 84 59 41 34 77 51 39 36 158 140 47 265 105
leaf_count=34 35 84 59 41 34 77 51 39 36 158 140 47 265 105
internal_value=-0.00168027 -0.0289281 -0.413951 0.0403954 0.179957 -0.00212914 0.089737 0.157429 0.0927113 0.151398 0.0935687 0.224077 0.0452168 -0.387544
internal_weight=1205 1170 177 993 93 952 770 719 680 644 610 470 312 182
internal_count=1205 1170 177 993 93 952 770 719 680 644 610 470 312 182
is_linear=0
shrinkage=0.035


Tree=110
num_leaves=15
num_cat=0
split_feature=1 0 4 4 1 1 2 4 0 0 0 0 0 0
split_gain=22749.4 40577 34236.7 52052.6 29424.3 41041.8 28441.3 24499.3 20068 65332.5 31627 40873.1 39764.3 35107.3
threshold=269.00000000000006 2660.0000000000005 152.50000000000003 3.5000000000000004 241.50000000000003 223.50000000000003 196.50000000000003 527.00000000000011 2724.5000000000005 2706.0000000000005 2761.5000000000005 2810.5000000000005 2823.5000000000005 2837.5000000000005
decision_type=2 2 2 2 2 2 2 2 2 2 2 2 2 2
left_child=4 -2 3 -3 5 6 7 -1 9 -8 -10 -12 -13 -14
right_child=1 2 -4 -5 -6 -7 8 -9 10 -11 11 12 13 -15
leaf_value=1.1896874177455903 0.54945282478158075 -0.30977318873008092 0.094468223001898805 -2.1908709926640291 0.9994428438406725 -1.2556760564645133 -0.026694998544268787 0.073928201572567812 -1.0031465961933137 1.0946697800998626 0.79030842470711682 -1.0580191172267261 0.94727323601120406 -0.19872414975603925
leaf_weight=46 39 40 39 32 37 28 391 49 48 74 56 55 36 235
leaf_count=46 39 40 39 32 37 28 391 49 48 74 56 55 36 235
internal_value=-0.00160729 -0.401969 -0.740061 -1.18243 0.0559691 0.0197853 0.0583179 0.627581 -0.00337124 0.155683 -0.175296 -0.0665897 -0.217708 -0.0406639
internal_weight=1205 150 111 72 1055 1018 990 95 895 465 430 382 326 271
internal_count=1205 150 111 72 1055 1018 990 95 895 465 430 382 326 271
is_linear=0
shrinkage=0.035


Tree=111
num_leaves=15
num_cat=0
split_feature=2 1 2 3 1 1 1 4 15 0 0 0 0 0
split_gain=21954.4 21610.9 21882.5 17668.2 17133.9 25240.4 28502.1 22174 18653.5 17651 26838.9 24169.5 32037.1 40369.4
threshold=296.50000000000006 564.50000000000011 168.50000000000003 14.500000000000002 269.00000000000006 241.50000000000003 217.00000000000003 3.5000000000000004 1.0000000180025095e-35 2810.5000000000005 2821.5000000000005 2766.0000000000005 2743.0000000000005 2706.0000000000005
decision_type=2 2 2 2 2 2 2 2 2 2 2 2 2 2
left_child=1 2 3 -1 5 6 8 -6 9 11 -11 12 13 -4
right_child=-2 -3 4 -5 7 -7 -8 -9 -10 10 -12 -13 -14 -15
leaf_value=1.2932134954727466 -0.51822763313369091 -0.93681811136228077 0.030301617470864267 0.12934461457447874 0.35729877327427723 1.1083200296293945 -0.9382912831306458 -0.74721509516239171 0.89671856676087247 -1.1797408777680891 -0.058705602621330934 1.0187279865496155 -0.86188429893591467 0.87753112996617955
leaf_weight=29 91 25 384 34 31 26 33 69 31 27 270 36 37 82
leaf_count=29 91 25 384 34 31 26 33 69 31 27 270 36 37 82
internal_value=-0.00156865 0.0414891 0.0656241 0.6884 0.0261186 0.0733958 0.0411068 -0.404524 0.0804586 0.0481227 -0.167827 0.167296 0.102565 0.182498
internal_weight=1205 1114 1089 63 1026 926 900 100 867 836 297 539 503 466
internal_count=1205 1114 1089 63 1026 926 900 100 867 836 297 539 503 466
is_linear=0
shrinkage=0.035


Tree=112
num_leaves=15
num_cat=0
split_feature=4 3 3 0 3 13 0 0 4 0 4 2 0 0
split_gain=21120.6 23420 51231.8 30875.3 30866.9 26424.3 35016.7 38875.1 30098.2 55255.5 39904.8 30472.2 32222.7 31734.7
threshold=750.00000000000011 106.00000000000001 236.50000000000003 3116.0000000000005 392.00000000000006 1.0000000180025095e-35 3014.5000000000005 2984.0000000000005 538.50000000000011 2810.5000000000005 6.5000000000000009 196.50000000000003 2766.0000000000005 2743.0000000000005
decision_type=2 2 2 2 2 2 2 2 2 2 2 2 2 2
left_child=1 3 -3 5 -4 6 7 8 9 11 -11 -1 13 -13
right_child=-2 2 4 -5 -6 -7 -8 -9 -10 10 -12 12 -14 -15
leaf_value=0.98430161272287375 0.82184029833690542 -1.0120414552854937 0.64650410798729452 0.95625000557580664 -0.64682557757116033 -0.37946092738304293 -0.78138423510317534 1.1977104020990978 0.79197015934026072 0.061999030794416161 -1.2876990842530804 0.099909810604517951 1.1455455497745426 -0.85434889094904076
leaf_weight=48 35 84 59 41 34 182 51 39 65 47 60 384 30 46
leaf_count=48 35 84 59 41 34 182 51 39 65 47 60 384 30 46
internal_value=-0.00148646 -0.0274763 -0.396003 0.0388767 0.170011 -0.00255394 0.0872854 0.150898 0.0875243 0.0107449 -0.704582 0.163586 0.0740561 -0.00565639
internal_weight=1205 1170 177 993 93 952 770 719 680 615 107 508 460 430
internal_count=1205 1170 177 993 93 952 770 719 680 615 107 508 460 430
is_linear=0
shrinkage=0.035


Tree=113
num_leaves=15
num_cat=0
split_feature=1 0 0 0 1 1 0 2 0 0 0 0 0 4
split_gain=20537.7 37136.6 33600 56836.3 26169.6 36398.9 24854.7 36241.9 25970.9 42683.7 29645.6 48527.4 37692.9 25069.4
threshold=269.00000000000006 2660.0000000000005 2959.0000000000005 2996.5000000000005 241.50000000000003 223.50000000000003 2626.5000000000005 214.50000000000003 2724.5000000000005 2706.0000000000005 2700.5000000000005 2667.5000000000005 2642.5000000000005 520.00000000000011
decision_type=2 2 2 2 2 2 2 2 2 2 2 2 2 2
left_child=4 -2 -3 -4 5 6 -1 13 9 10 11 12 -9 -8
right_child=1 2 3 -5 -6 -7 7 8 -10 -11 -12 -13 -14 -15
leaf_value=-0.64772567070763698 0.52838046086997525 -1.5718178201688304 0.66476932549476619 -1.2030244492851199 0.94313841839631407 -1.1819087116718292 0.95775425461622399 0.41231015645464264 -0.20244122988869068 0.95774260893866825 -1.0063078644967849 1.1344089704113349 -0.48409314172181095 0.099814189540222309
leaf_weight=56 39 35 38 38 37 28 89 103 391 72 29 47 125 78
leaf_count=56 39 35 38 38 37 28 89 103 391 72 29 47 125 78
internal_value=-0.00133327 -0.381736 -0.705199 -0.276028 0.0533724 0.0192473 0.0555337 0.0989931 -0.00322915 0.203905 0.020272 0.135014 -0.0790751 0.562963
internal_weight=1205 150 111 76 1055 1018 990 934 767 376 304 275 228 167
internal_count=1205 150 111 76 1055 1018 990 934 767 376 304 275 228 167
is_linear=0
shrinkage=0.035


Tree=114
num_leaves=15
num_cat=0
split_feature=4 2 4 6 1 13 1 0 0 0 2 0 4 0
split_gain=19825.2 27365.3 29770 22951 61789.5 24485 20390.1 35169.7 30691.7 28977.6 29922 23779.2 33110.5 31075.4
threshold=377.50000000000006 260.50000000000006 411.50000000000006 1.0000000180025095e-35 81.500000000000014 1.0000000180025095e-35 223.50000000000003 2651.5000000000005 2989.5000000000005 2759.0000000000005 216.50000000000003 2810.5000000000005 6.5000000000000009 2766.0000000000005
decision_type=2 2 2 2 2 2 2 2 2 2 2 2 2 2
left_child=6 3 -3 4 -2 -5 8 -8 11 -9 -11 13 -13 -1
right_child=1 2 -4 5 -6 -7 7 9 -10 10 -12 12 -14 -15
leaf_value=-0.054474451946192673 1.764680200459027 0.67444855520570735 -0.68255454743648647 0.20065113519293232 0.26095182499603226 -0.92635911644250157 0.47517449613024554 -1.7079633942246437 0.78427933865123334 -1.3284551588152396 -0.08035550700566349 -0.12644442183176677 -1.4398238396644591 1.1341849047909009
leaf_weight=378 39 25 74 109 188 28 39 26 52 31 83 73 33 27
leaf_count=378 39 25 74 109 188 28 39 26 52 31 83 73 33 27
internal_value=-0.00132135 0.177957 -0.333307 0.318072 0.532457 -0.0397014 -0.113367 -0.43652 -0.0094425 -0.693607 -0.436804 -0.0929554 -0.554418 0.0299535
internal_weight=1205 463 99 364 227 137 742 179 563 140 114 511 106 405
internal_count=1205 463 99 364 227 137 742 179 563 140 114 511 106 405
is_linear=0
shrinkage=0.035


Tree=115
num_leaves=15
num_cat=0
split_feature=2 1 2 3 0 0 0 0 0 0 0 0 0 0
split_gain=19259.8 19069.9 19758.6 16909.2 15828.5 41436.1 56418.9 43733.8 35308.5 57900.4 41445.7 48436.8 33532.6 50405.3
threshold=296.50000000000006 564.50000000000011 168.50000000000003 14.500000000000002 2642.5000000000005 2667.5000000000005 2693.0000000000005 2651.5000000000005 2706.0000000000005 2724.5000000000005 2761.5000000000005 2810.5000000000005 2989.5000000000005 2996.5000000000005
decision_type=2 2 2 2 2 2 2 2 2 2 2 2 2 2
left_child=1 2 3 -1 -4 7 -7 -6 -8 -10 -11 -12 -13 -14
right_child=-2 -3 4 -5 5 6 8 -9 9 10 11 12 13 -15
leaf_value=1.2449919736769892 -0.48525151394547955 -0.8800018420925847 0.33487929798662669 0.10775584156935414 -0.20075906781840697 1.2960928512906489 -0.81561375613939968 -1.5077625103791554 1.0126528301007218 -0.93697133736717597 1.038535670480945 -0.33828934606897282 1.507769992912517 0.012235012137074799
leaf_weight=29 91 25 166 34 127 42 57 40 70 55 53 237 32 147
leaf_count=29 91 25 166 34 127 42 57 40 70 55 53 237 32 147
internal_value=-0.00133611 0.0389926 0.0616643 0.653446 0.0241263 -0.0364941 0.0831166 -0.527952 0.00113006 0.0819784 -0.045726 0.0623259 -0.066421 0.293299
internal_weight=1205 1114 1089 63 1026 860 693 167 651 594 524 469 416 179
internal_count=1205 1114 1089 63 1026 860 693 167 651 594 524 469 416 179
is_linear=0
shrinkage=0.035


Tree=116
num_leaves=15
num_cat=0
split_feature=4 3 3 0 3 13 0 0 0 2 4 1 12 0
split_gain=18860.9 22057.2 45992.7 29758.9 28540.6 24362 31253.3 34738.8 28764.5 24847 23316.2 25100.7 22391.5 19493.7
threshold=750.00000000000011 106.00000000000001 236.50000000000003 3116.0000000000005 392.00000000000006 1.0000000180025095e-35 3014.5000000000005 2984.0000000000005 2842.5000000000005 180.50000000000003 535.00000000000011 75.500000000000014 1.0000000180025095e-35 2743.0000000000005
decision_type=2 2 2 2 2 2 2 2 2 2 2 2 2 2
left_child=1 3 -3 5 -4 6 7 8 9 -1 11 -11 -7 -13
right_child=-2 2 4 -5 -6 12 -8 -9 -10 10 -12 13 -14 -15
leaf_value=1.0329370162884395 0.77682789710526534 -0.96707722304172306 0.61138598720558357 0.93925829987366538 -0.63213725935253828 -0.80909251964544959 -0.73646483179533262 1.1338650113198818 -0.85186744001350911 0.32535731570144594 0.80268779754638675 0.022017852490352204 -0.028498121593321598 -0.53040258387424821
leaf_weight=34 35 84 59 41 34 77 51 39 36 207 49 240 105 114
leaf_count=34 35 84 59 41 34 77 51 39 36 207 49 240 105 114
internal_value=-0.00120872 -0.0257693 -0.383414 0.0386226 0.153027 -0.00205307 0.0842085 0.144302 0.0843888 0.139201 0.0861738 0.0209615 -0.363954 -0.157861
internal_weight=1205 1170 177 993 93 952 770 719 680 644 610 561 182 354
internal_count=1205 1170 177 993 93 952 770 719 680 644 610 561 182 354
is_linear=0
shrinkage=0.035


Tree=117
num_leaves=15
num_cat=0
split_feature=1 0 0 0 1 1 0 2 4 0 0 0 0 0
split_gain=18487.6 32651.5 29988.5 52145.8 25288.1 31908.1 24064 32095.2 24334 22237.6 36467.5 26257.1 42653.5 33230.3
threshold=269.00000000000006 2660.0000000000005 2959.0000000000005 2996.5000000000005 241.50000000000003 223.50000000000003 2626.5000000000005 214.50000000000003 520.00000000000011 2724.5000000000005 2706.0000000000005 2700.5000000000005 2667.5000000000005 2651.5000000000005
decision_type=2 2 2 2 2 2 2 2 2 2 2 2 2 2
left_child=4 -2 -3 -4 5 6 -1 8 -8 10 11 12 13 -9
right_child=1 2 3 -5 -6 -7 7 9 -10 -11 -12 -13 -14 -15
leaf_value=-0.6407335092692541 0.491481501067557 -1.4840028923911017 0.64112447148561491 -1.1478732546195389 0.92544985684828895 -1.1073597793976468 0.91952668575140162 0.089063818014346735 0.074980245971237314 -0.18653675692560004 0.88625808528146233 -0.94640718475464858 1.0646669644330229 -1.159466411193212
leaf_weight=56 39 35 38 38 37 28 89 200 78 391 72 29 47 28
leaf_count=56 39 35 38 38 37 28 89 200 78 391 72 29 47 28
internal_value=-0.00110327 -0.362022 -0.665293 -0.259871 0.0508001 0.017258 0.0512338 0.0940026 0.530623 -0.00219622 0.189471 0.0197286 0.12771 -0.0730135
internal_weight=1205 150 111 76 1055 1018 990 934 167 767 376 304 275 228
internal_count=1205 150 111 76 1055 1018 990 934 167 767 376 304 275 228
is_linear=0
shrinkage=0.035


Tree=118
num_leaves=15
num_cat=0
split_feature=4 3 3 0 3 13 0 0 4 0 2 12 1 1
split_gain=17603.1 20814.8 41954.3 28649.1 26724.6 22927.9 28277.1 31924.8 27267.5 53379.4 29957.7 20992.8 16518.2 15970.1
threshold=750.00000000000011 106.00000000000001 236.50000000000003 3116.0000000000005 392.00000000000006 1.0000000180025095e-35 3014.5000000000005 2984.0000000000005 588.50000000000011 2842.5000000000005 196.50000000000003 1.0000000180025095e-35 168.50000000000003 75.500000000000014
decision_type=2 2 2 2 2 2 2 2 2 2 2 2 2 2
left_child=1 3 -3 5 -4 6 7 8 9 10 -1 -7 -8 -12
right_child=-2 2 4 -5 -6 11 12 -9 -10 -11 13 -13 -14 -15
leaf_value=0.88388314881414753 0.75049034767054223 -0.92974133009264293 0.58382046798457876 0.92135011742454642 -0.61940959363451442 -0.78434046118697043 -0.064429628849029544 1.0872380367284868 0.88548216181496786 -1.4741411017626525 0.25077356571000869 -0.0285007428955809 -1.3056599629587597 -0.13367249607846615
leaf_weight=51 35 84 59 41 34 77 26 39 46 26 212 105 25 345
leaf_count=51 35 84 59 41 34 77 26 39 46 26 212 105 25 345
internal_value=-0.00115628 -0.0248838 -0.37231 0.037668 0.140151 -0.00224149 0.0814431 0.1386 0.0811645 0.020206 0.0887328 -0.353329 -0.699186 0.0130254
internal_weight=1205 1170 177 993 93 952 770 719 680 634 608 182 51 557
internal_count=1205 1170 177 993 93 952 770 719 680 634 608 182 51 557
is_linear=0
shrinkage=0.035


Tree=119
num_leaves=15
num_cat=0
split_feature=1 4 2 2 1 1 0 0 2 1 0 0 0 0
split_gain=17550.1 31086.5 46303.5 45500.7 23588.3 29588.7 22673.8 29637 27602 17086.6 12992 45607.8 29076.8 39836
threshold=269.00000000000006 92.500000000000014 199.50000000000003 195.50000000000003 241.50000000000003 223.50000000000003 2626.5000000000005 2633.5000000000005 164.50000000000003 60.500000000000007 2724.5000000000005 2706.0000000000005 2700.5000000000005 2667.5000000000005
decision_type=2 2 2 2 2 2 2 2 2 2 2 2 2 2
left_child=4 3 -3 -2 5 6 9 -8 -9 -1 11 12 13 -10
right_child=1 2 -4 -5 -6 -7 7 8 10 -11 -12 -13 -14 -15
leaf_value=-1.2437739163637163 -1.9213743648446842 1.0822552419371076 -0.72022294755367677 -0.20972201227889226 0.89419916277512534 -1.0659130846460663 0.97810051688416444 0.98340678173142515 -0.12341332730837168 -0.038904523402452471 -0.1164277166155388 0.92586594380438336 -0.9661436349815794 0.89898767260171608
leaf_weight=26 27 34 32 57 37 28 42 35 222 30 470 74 34 57
leaf_count=26 27 34 32 57 37 28 42 35 222 30 470 74 34 57
internal_value=-0.00111447 -0.352762 0.212847 -0.791784 0.0494557 0.0170597 0.0497765 0.0912916 0.0474413 -0.621907 0.00701565 0.156762 -0.0297952 0.0903761
internal_weight=1205 150 66 84 1055 1018 990 934 892 56 857 387 313 279
internal_count=1205 150 66 84 1055 1018 990 934 892 56 857 387 313 279
is_linear=0
shrinkage=0.035


Tree=120
num_leaves=15
num_cat=0
split_feature=2 1 0 0 1 4 4 0 0 0 3 2 4 4
split_gain=16490.8 17031.3 18229.6 75604.4 35791.1 30864.1 23446.5 24714.6 34277.3 38533.5 28457.8 22807.5 40294.1 24858.9
threshold=296.50000000000006 564.50000000000011 2989.5000000000005 2996.5000000000005 192.50000000000003 668.50000000000011 701.50000000000011 2837.5000000000005 2823.5000000000005 2810.5000000000005 236.50000000000003 236.50000000000003 465.50000000000006 384.50000000000006
decision_type=2 2 2 2 2 2 2 2 2 2 2 2 2 2
left_child=1 2 4 -4 6 -5 7 8 9 11 -9 13 -13 -1
right_child=-2 -3 3 5 -6 -7 -8 10 -10 -11 -12 12 -14 -15
leaf_value=0.095737522481849385 -0.44889203403105021 -0.83227731051268405 1.7428549210230513 0.23978129992763011 -0.50413339094827636 -1.0606700931710227 1.0654596736526181 -0.7408444477397611 1.2574250500649216 -0.87001928252478455 0.41041556966932202 0.11616272734281737 -1.1877591333538295 0.9044778279519895
leaf_weight=100 91 25 37 128 147 25 27 86 30 46 36 311 30 86
leaf_count=100 91 25 37 128 147 25 27 86 30 46 36 311 30 86
internal_value=-0.00111276 0.0362042 0.0576309 0.367213 -0.00846778 0.016345 0.0895045 0.0503275 0.142457 0.0799113 -0.399988 0.165803 -0.00480863 0.475315
internal_weight=1205 1114 1089 190 899 153 752 725 603 573 122 527 341 186
internal_count=1205 1114 1089 190 899 153 752 725 603 573 122 527 341 186
is_linear=0
shrinkage=0.035


Tree=121
num_leaves=15
num_cat=0
split_feature=1 0 4 4 1 1 0 2 4 4 0 0 0 0
split_gain=15710.8 30576.7 27294.6 43890.5 22475.4 27075 21537.9 27213.9 23116.1 21490.4 18358.9 31364.3 22665.2 37840.1
threshold=269.00000000000006 2660.0000000000005 152.50000000000003 3.5000000000000004 241.50000000000003 223.50000000000003 2626.5000000000005 214.50000000000003 520.00000000000011 701.50000000000011 2724.5000000000005 2706.0000000000005 2700.5000000000005 2667.5000000000005
decision_type=2 2 2 2 2 2 2 2 2 2 2 2 2 2
left_child=4 -2 3 -3 5 6 -1 8 -8 -10 11 12 13 -9
right_child=1 2 -4 -5 -6 -7 7 10 9 -11 -12 -13 -14 -15
leaf_value=-0.60817007607427132 0.49170894539937743 -0.22457752242684367 0.11626928230247847 -1.9478987609638889 0.87135782028620068 -1.0207824432750543 0.86798049358221208 -0.073575230117401358 -0.48207675717771059 0.65427569351698234 -0.16914972307193676 0.81869124705626362 -0.88249866854759962 0.99796464255877915
leaf_weight=56 39 40 39 32 37 28 89 228 42 36 391 72 29 47
leaf_count=56 39 40 39 32 37 28 89 228 42 36 391 72 29 47
internal_value=-0.00106292 -0.333774 -0.627379 -1.02244 0.0467841 0.0151645 0.046463 0.0869286 0.488978 0.0456387 -0.00165433 0.172496 0.0150997 0.115444
internal_weight=1205 150 111 72 1055 1018 990 934 167 78 767 376 304 275
internal_count=1205 150 111 72 1055 1018 990 934 167 78 767 376 304 275
is_linear=0
shrinkage=0.035


Tree=122
num_leaves=15
num_cat=0
split_feature=2 1 0 0 1 4 4 0 0 0 3 2 4 4
split_gain=15203.4 15038.4 17426.6 70429.8 32764 29487.9 21494.6 22901.2 32591.8 35516.1 26255.1 20950.3 37482.2 22973.7
threshold=296.50000000000006 564.50000000000011 2989.5000000000005 2996.5000000000005 192.50000000000003 668.50000000000011 701.50000000000011 2837.5000000000005 2823.5000000000005 2810.5000000000005 236.50000000000003 236.50000000000003 465.50000000000006 384.50000000000006
decision_type=2 2 2 2 2 2 2 2 2 2 2 2 2 2
left_child=1 2 4 -4 6 -5 7 8 9 11 -9 13 -13 -1
right_child=-2 -3 3 5 -6 -7 -8 10 -10 -11 -12 12 -14 -15
leaf_value=0.088519167832153689 -0.43100650103822835 -0.78132408106768581 1.6853232809213494 0.23726306329851149 -0.48395802415207334 -1.0338694087995424 1.0184642576760261 -0.71433419548652399 1.2224005418270827 -0.83773242751757304 0.39154561086704859 0.10988073839856605 -1.1477210862189533 0.86590216107666496
leaf_weight=100 91 25 37 128 147 25 27 86 30 46 36 311 30 86
leaf_count=100 91 25 37 128 147 25 27 86 30 46 36 311 30 86
internal_value=-0.00105997 0.0347708 0.0549037 0.35759 -0.0097196 0.0189014 0.0840217 0.0465157 0.135206 0.0742309 -0.386957 0.156699 -0.00680584 0.453342
internal_weight=1205 1114 1089 190 899 153 752 725 603 573 122 527 341 186
internal_count=1205 1114 1089 190 899 153 752 725 603 573 122 527 341 186
is_linear=0
shrinkage=0.035


Tree=123
num_leaves=15
num_cat=0
split_feature=4 3 3 0 3 13 0 0 4 0 2 12 1 0
split_gain=14245 19314.2 35620.8 26751.5 24878.8 21758.4 25027.7 28495.3 24777.3 48159.2 28745.2 19971.1 14393.6 13355.8
threshold=750.00000000000011 106.00000000000001 236.50000000000003 3116.0000000000005 392.00000000000006 1.0000000180025095e-35 3014.5000000000005 2984.0000000000005 604.50000000000011 2842.5000000000005 196.50000000000003 1.0000000180025095e-35 168.50000000000003 2626.5000000000005
decision_type=2 2 2 2 2 2 2 2 2 2 2 2 2 2
left_child=1 3 -3 5 -4 6 7 8 9 10 -1 -7 -8 -12
right_child=-2 2 4 -5 -6 11 12 -9 -10 -11 13 -13 -14 -15
leaf_value=0.86886675962695381 0.6751485042958647 -0.8706213427144428 0.54384171613904297 0.89181141083063775 -0.61690648871163534 -0.76308352871597573 -0.060991330146789556 1.0308609382989931 0.98739204217121013 -1.338574997941653 -0.58503166152209773 -0.02590452161347755 -1.2197217310909874 0.070668573620606148
leaf_weight=52 35 84 59 41 34 77 26 39 33 28 39 105 25 528
leaf_count=52 35 84 59 41 34 77 26 39 33 28 39 105 25 528
internal_value=-0.00101188 -0.0223565 -0.357026 0.0378954 0.115429 -0.000672962 0.0808463 0.13461 0.0803348 0.0311704 0.0972413 -0.342692 -0.65359 0.0236697
internal_weight=1205 1170 177 993 93 952 770 719 680 647 619 182 51 567
internal_count=1205 1170 177 993 93 952 770 719 680 647 619 182 51 567
is_linear=0
shrinkage=0.035


Tree=124
num_leaves=15
num_cat=0
split_feature=1 0 0 0 15 0 2 4 4 0 0 0 0 1
split_gain=14442.9 28782 25784.2 45420.8 21883.4 19489.9 31148.5 25957.1 22004.4 21226.5 31346.1 14307.9 26789.5 24782.7
threshold=269.00000000000006 2660.0000000000005 2959.0000000000005 2996.5000000000005 1.0000000180025095e-35 3107.5000000000005 296.50000000000006 440.50000000000006 701.50000000000011 2842.5000000000005 2959.0000000000005 2626.5000000000005 2633.5000000000005 60.500000000000007
decision_type=2 2 2 2 2 2 2 2 2 2 2 2 2 2
left_child=4 -2 -3 -4 5 6 8 -7 9 11 -11 13 -13 -1
right_child=1 2 3 -5 -6 7 -8 -9 -10 10 -12 12 -14 -15
leaf_value=-1.2186509320471022 0.48078206203332763 -1.3639088431564539 0.61113840800523767 -1.0583389617204666 0.75956759951114661 1.3072868179529906 -0.73215016865068017 -0.043451119974255561 0.81686755350450202 -1.0476113365780224 -0.040469822455798429 0.96810873558658161 0.061431847020192484 0.27805859923362736
leaf_weight=25 39 35 38 38 48 30 70 38 39 53 122 41 563 26
leaf_count=25 39 35 38 38 48 30 70 38 39 53 122 41 563 26
internal_value=-0.00100038 -0.320004 -0.604891 -0.229334 0.0448752 0.00937041 -0.0325615 0.572788 0.0253438 -0.0137225 -0.353881 0.07796 0.12597 -0.473923
internal_weight=1205 150 111 76 1055 1007 939 68 869 830 175 655 604 51
internal_count=1205 150 111 76 1055 1007 939 68 869 830 175 655 604 51
is_linear=0
shrinkage=0.035


Tree=125
num_leaves=15
num_cat=0
split_feature=1 0 4 4 1 1 0 0 2 1 0 0 0 0
split_gain=13502 26901.9 24215.6 40147.6 21034.4 24672.9 18578.5 24386.1 23114.3 14781.7 9802.01 38565.5 30560.7 28899.4
threshold=269.00000000000006 2660.0000000000005 152.50000000000003 3.5000000000000004 241.50000000000003 223.50000000000003 2626.5000000000005 2633.5000000000005 164.50000000000003 60.500000000000007 2810.5000000000005 2787.0000000000005 2823.5000000000005 2837.5000000000005
decision_type=2 2 2 2 2 2 2 2 2 2 2 2 2 2
left_child=4 -2 3 -3 5 6 9 -8 -9 -1 11 -10 -12 -14
right_child=1 2 -4 -5 -6 -7 7 8 10 -11 12 -13 13 -15
leaf_value=-1.1437004801630977 0.46477553818284012 -0.19500495806336404 0.11534070773459064 -1.8419366657383305 0.84107857503952133 -0.97612827990452466 0.88467452253130363 0.89699149413688772 0.027769362756343032 -0.023905694112181665 -0.87098729047281997 1.343289288323501 0.89598054678012173 -0.12278892505968758
leaf_weight=26 39 40 39 32 37 28 42 35 467 30 56 27 37 270
leaf_count=26 39 40 39 32 37 28 42 35 467 30 56 27 37 270
internal_value=-0.000978204 -0.309416 -0.584841 -0.956974 0.043378 0.0127927 0.0426738 0.0802575 0.0404869 -0.565321 0.00350013 0.104797 -0.134172 0.00499888
internal_weight=1205 150 111 72 1055 1018 990 934 892 56 857 494 363 307
internal_count=1205 150 111 72 1055 1018 990 934 892 56 857 494 363 307
is_linear=0
shrinkage=0.035


Tree=126
num_leaves=15
num_cat=0
split_feature=2 6 0 0 0 0 1 2 4 1 4 4 1 0
split_gain=13189.2 22764.1 21703.5 50307.8 68404.5 41032.1 28907.1 33023.7 24010.7 66978.8 38363.6 26629.7 26760 17857.3
threshold=254.50000000000003 1.0000000180025095e-35 2989.5000000000005 2810.5000000000005 2761.5000000000005 2996.5000000000005 125.50000000000001 214.50000000000003 58.500000000000007 77.500000000000014 233.00000000000003 343.50000000000006 86.500000000000014 2959.0000000000005
decision_type=2 2 2 2 2 2 2 2 2 2 2 2 2 2
left_child=1 2 3 4 8 -4 7 -5 9 -1 -10 -12 -13 -8
right_child=-2 -3 5 6 -6 -7 13 -9 10 -11 11 12 -14 -15
leaf_value=0.59317893060354088 -0.13929035704110712 -0.24766039543272406 1.7854813965435687 0.68759601448069918 1.9285917242039599 0.21230447619118625 -1.6796503180486184 -0.61524642242835126 1.645713793039322 -1.2637853706153959 -0.55742132029882296 1.3204906090100608 0.10796991204739446 -0.4371855491071216
leaf_weight=50 495 176 27 42 29 70 25 50 25 42 39 31 70 34
leaf_count=50 495 176 27 42 29 70 25 50 25 42 39 31 70 34
internal_value=-0.000926834 0.0956582 0.209314 0.102796 0.374844 0.677423 -0.410639 -0.0184956 0.18598 -0.263418 0.436707 0.200674 0.498544 -1.00146
internal_weight=1205 710 534 437 286 97 151 92 257 92 165 140 101 59
internal_count=1205 710 534 437 286 97 151 92 257 92 165 140 101 59
is_linear=0
shrinkage=0.035


Tree=127
num_leaves=15
num_cat=0
split_feature=1 0 0 0 15 0 2 4 4 0 0 12 0 0
split_gain=12732.3 25530.8 22998.6 41550.9 20161.2 18348.4 28866.8 24293.2 19966.9 16900.7 19298.9 13696.4 12773.3 23237.1
threshold=269.00000000000006 2660.0000000000005 2959.0000000000005 2996.5000000000005 1.0000000180025095e-35 3107.5000000000005 296.50000000000006 440.50000000000006 750.00000000000011 2842.5000000000005 2959.0000000000005 1.0000000180025095e-35 2626.5000000000005 2642.5000000000005
decision_type=2 2 2 2 2 2 2 2 2 2 2 2 2 2
left_child=4 -2 -3 -4 5 6 8 -7 9 12 -11 -8 -1 -14
right_child=1 2 3 -5 -6 7 11 -9 -10 10 -12 -13 13 -15
leaf_value=-0.44654261201057793 0.45395378377379447 -1.2853596280716562 0.58976342508196833 -1.0069381143730134 0.72836446261405952 1.2655309849232437 -1.3329205849435597 -0.041234979100525385 0.92632472737082128 -0.83246640125225335 -0.06083062468226566 -0.3156064296593058 0.56356011334138045 0.014830484727717412
leaf_weight=51 39 35 38 38 48 30 25 38 27 56 127 45 115 493
leaf_count=51 39 35 38 38 48 30 25 38 27 56 127 45 115 493
internal_value=-0.000700622 -0.300218 -0.568542 -0.213936 0.0423723 0.00829466 -0.0323892 0.554966 0.0233572 -0.00772433 -0.303406 -0.705866 0.0750543 0.120127
internal_weight=1205 150 111 76 1055 1007 939 68 869 842 183 70 659 608
internal_count=1205 150 111 76 1055 1007 939 68 869 842 183 70 659 608
is_linear=0
shrinkage=0.035


Tree=128
num_leaves=15
num_cat=0
split_feature=3 3 3 13 8 1 4 4 2 0 3 0 4 1
split_gain=12533.8 25470.4 32765.9 26556.7 22727.6 22891.5 22350 58400.6 40504.1 22967.3 20253.2 17702.8 18071.8 17129.8
threshold=420.50000000000006 328.50000000000006 106.00000000000001 1.0000000180025095e-35 1.0000000180025095e-35 68.500000000000014 28.500000000000004 2.5000000000000004 175.50000000000003 2626.5000000000005 130.50000000000003 2987.0000000000005 78.000000000000014 69.500000000000014
decision_type=2 2 2 2 2 2 2 2 2 2 2 2 2 2
left_child=1 2 3 4 6 -6 7 -1 -8 -10 -4 -12 -13 -5
right_child=-2 -3 10 13 5 -7 8 -9 9 -11 11 12 -14 -15
leaf_value=0.16098023406483911 -0.74634978467667557 0.79757693388632378 -1.3902844724059107 -0.85426526593941243 0.47139000693957017 -0.47689297437667849 1.6576056396961214 -1.4728363950790899 -0.69358384221792224 0.34694335671146509 -0.87860584956713217 0.73639645934104925 -0.4815907260216773 -0.11451749342201402
leaf_weight=196 25 47 26 52 40 121 26 29 26 389 37 26 30 135
leaf_count=196 25 47 26 52 40 121 26 29 26 389 37 26 30 135
internal_value=-0.000721314 0.016312 -0.0174453 0.0474261 0.132695 -0.238402 0.22285 -0.0607218 0.36715 0.27874 -0.561863 -0.305868 0.0897965 -0.327086
internal_weight=1205 1180 1133 1014 827 161 666 225 441 415 119 93 56 187
internal_count=1205 1180 1133 1014 827 161 666 225 441 415 119 93 56 187
is_linear=0
shrinkage=0.035


Tree=129
num_leaves=15
num_cat=0
split_feature=1 2 3 0 3 3 3 3 1 9 1 0 13 13
split_gain=12138.9 15649.6 15826.7 13493.4 16743.2 26642.7 21998.9 27503 17926.3 24622.6 25362 17629.6 17565.9 16815.1
threshold=564.50000000000011 168.50000000000003 14.500000000000002 3116.0000000000005 286.50000000000006 106.00000000000001 134.50000000000003 168.50000000000003 149.50000000000003 1.0000000180025095e-35 419.50000000000006 2706.0000000000005 1.0000000180025095e-35 1.0000000180025095e-35
decision_type=2 2 2 2 2 2 2 2 2 2 2 2 2 2
left_child=1 2 -1 4 5 8 -7 -8 13 10 11 -10 -11 -3
right_child=-2 3 -4 -5 -6 6 7 -9 9 12 -12 -13 -14 -15
leaf_value=1.1158115616152364 -0.7346532841081973 0.16146477538408549 0.021092448607087137 0.50987306413747246 0.60313324299264459 -1.4350842386689679 0.56842351023493143 -0.83592454473177591 -1.6670478553275268 0.24887610855071168 0.23823488153260333 -0.5515387817574483 -0.5813106969553371 -0.30053104268689446
leaf_weight=29 25 551 34 55 45 27 27 40 28 112 27 49 41 115
leaf_count=29 25 551 34 55 45 27 27 40 28 112 27 49 41 115
internal_value=-0.000866457 0.0158966 0.543838 -0.0147986 -0.0428782 -0.0725905 -0.627521 -0.269921 -0.0148408 -0.261991 -0.671992 -0.989113 0.0217775 0.0810298
internal_weight=1205 1180 63 1117 1062 1017 94 67 923 257 104 77 153 666
internal_count=1205 1180 63 1117 1062 1017 94 67 923 257 104 77 153 666
is_linear=0
shrinkage=0.035


Tree=130
num_leaves=15
num_cat=0
split_feature=3 3 3 0 13 0 4 0 0 2 3 12 0 2
split_gain=12069.7 22894 28958.6 23343.3 20987.8 34739.6 39961.6 27172.4 30956.3 19639.2 17633.5 16228.4 15756.4 16961.1
threshold=420.50000000000006 328.50000000000006 106.00000000000001 3116.0000000000005 1.0000000180025095e-35 3014.5000000000005 640.50000000000011 2984.0000000000005 2842.5000000000005 180.50000000000003 130.50000000000003 1.0000000180025095e-35 2987.0000000000005 234.50000000000003
decision_type=2 2 2 2 2 2 2 2 2 2 2 2 2 2
left_child=1 2 3 4 5 6 7 8 9 -1 -4 -6 -12 -14
right_child=-2 -3 10 -5 11 -7 -8 -9 -10 -11 12 -13 13 -15
leaf_value=0.89622017765045181 -0.73268370681338846 0.75642405220440467 -1.3011557671055198 0.84274881461678552 -0.7059980132459085 -0.75300538413226614 1.2569519478259119 0.96544784588421273 -1.0254877755045892 0.043014294525794694 -0.8294543437879438 -0.042423121246198812 -0.56941530536722262 0.61383194589253642
leaf_weight=33 25 47 26 41 77 54 36 39 30 598 37 106 25 31
leaf_count=33 25 47 26 41 77 54 36 39 30 598 37 106 25 31
internal_value=-0.000989192 0.0157263 -0.0162787 0.0447073 0.00941986 0.0878029 0.151366 0.0910884 0.0367431 0.0903259 -0.52809 -0.326246 -0.289121 0.0841766
internal_weight=1205 1180 1133 1014 973 790 736 700 661 631 119 183 93 56
internal_count=1205 1180 1133 1014 973 790 736 700 661 631 119 183 93 56
is_linear=0
shrinkage=0.035


Tree=131
num_leaves=15
num_cat=0
split_feature=4 2 4 4 6 1 13 8 1 2 1 4 2 0
split_gain=11518.9 19394.8 24032 18172.5 18042.8 52610.3 18735.2 14634.5 34402.8 16934.9 13888.2 21823.1 21657.1 10782.2
threshold=377.50000000000006 260.50000000000006 411.50000000000006 483.00000000000006 1.0000000180025095e-35 81.500000000000014 1.0000000180025095e-35 1.0000000180025095e-35 112.50000000000001 278.50000000000006 197.00000000000003 525.50000000000011 209.50000000000003 2810.5000000000005
decision_type=2 2 2 2 2 2 2 2 2 2 2 2 2 2
left_child=7 4 -3 -4 5 -2 -6 13 9 -9 11 -7 -13 -1
right_child=1 2 3 -5 6 10 -8 8 -10 -11 -12 12 -14 -15
leaf_value=0.099785646158464567 1.5804272975427349 0.61064651888829691 -1.1356859017029788 -0.050048760695335197 0.14748848637884804 0.45177549857646232 -0.83847048596541096 -0.37023892306257045 -1.26236502653215 0.6159652990847827 0.79236391898832836 -1.0544940108963938 0.12662301528065104 -0.20283254552068136
leaf_weight=382 39 25 37 37 109 77 28 62 39 30 36 31 44 229
leaf_count=382 39 25 37 37 109 77 28 62 39 30 36 31 44 229
internal_value=-0.000988498 0.135666 -0.294616 -0.608469 0.253664 0.443773 -0.0631863 -0.0863952 -0.419108 -0.0423873 0.193823 0.0436144 -0.376281 -0.013926
internal_weight=1205 463 99 74 364 227 137 742 131 92 188 152 75 611
internal_count=1205 463 99 74 364 227 137 742 131 92 188 152 75 611
is_linear=0
shrinkage=0.035


Tree=132
num_leaves=15
num_cat=0
split_feature=1 2 3 0 3 3 3 3 1 9 1 0 13 13
split_gain=11288.1 14173 14169.2 11811.4 15258.2 23042.8 19566 24787.7 16008.9 22764.4 23438.6 16728.9 15905 14153.4
threshold=564.50000000000011 168.50000000000003 14.500000000000002 3116.0000000000005 286.50000000000006 106.00000000000001 134.50000000000003 168.50000000000003 149.50000000000003 1.0000000180025095e-35 419.50000000000006 2706.0000000000005 1.0000000180025095e-35 1.0000000180025095e-35
decision_type=2 2 2 2 2 2 2 2 2 2 2 2 2 2
left_child=1 2 -1 4 5 8 -7 -8 13 10 11 -10 -11 -3
right_child=-2 3 -4 -5 -6 6 7 -9 9 12 -12 -13 -14 -15
leaf_value=1.0587979417654776 -0.70858723605120633 0.14943707309568988 0.022812953641017278 0.4768545415321071 0.57639449007967691 -1.3462337811856435 0.54778898184669433 -0.78525114034612986 -1.6074898075064024 0.24034806306980422 0.23211000988195685 -0.52229429550030659 -0.54962211792378934 -0.27442440254820721
leaf_weight=29 25 551 34 55 45 27 27 40 28 112 27 49 41 115
leaf_count=29 25 551 34 55 45 27 27 40 28 112 27 49 41 115
internal_value=-0.000982261 0.015183 0.5176 -0.0140284 -0.0402993 -0.0686644 -0.584744 -0.247749 -0.0149552 -0.248512 -0.642741 -0.947616 0.0242963 0.0756453
internal_weight=1205 1180 63 1117 1062 1017 94 67 923 257 104 77 153 666
internal_count=1205 1180 63 1117 1062 1017 94 67 923 257 104 77 153 666
is_linear=0
shrinkage=0.035


Tree=133
num_leaves=15
num_cat=0
split_feature=3 3 3 0 13 0 4 0 0 2 3 12 0 4
split_gain=11432 20392.5 25060.5 21409 17556.1 31161.3 36754.1 25569.3 28778.7 18153.6 15429.9 15129.1 13935.1 16038.5
threshold=420.50000000000006 328.50000000000006 106.00000000000001 3116.0000000000005 1.0000000180025095e-35 3014.5000000000005 640.50000000000011 2984.0000000000005 2842.5000000000005 180.50000000000003 130.50000000000003 1.0000000180025095e-35 2987.0000000000005 78.000000000000014
decision_type=2 2 2 2 2 2 2 2 2 2 2 2 2 2
left_child=1 2 3 4 5 6 7 8 9 -1 -4 -6 -12 -14
right_child=-2 -3 10 -5 11 -7 -8 -9 -10 -11 12 -13 13 -15
leaf_value=0.85579950809478766 -0.71319463950616346 0.71423738649913249 -1.2142445154488088 0.80596451688644499 -0.66573045392579677 -0.71670654587447646 1.2000758952059247 0.93018182537904603 -0.99483888998627668 0.03553526579672471 -0.77585282750618767 -0.025355416355585615 0.69241962283849723 -0.45499445432797081
leaf_weight=33 25 47 26 41 77 54 36 39 30 598 37 106 26 30
leaf_count=33 25 47 26 41 77 54 36 39 30 598 37 106 26 30
internal_value=-0.00109225 0.0151759 -0.0150306 0.0417022 0.00791075 0.0796011 0.13981 0.0820182 0.0293202 0.0810018 -0.49115 -0.299087 -0.267688 0.0832401
internal_weight=1205 1180 1133 1014 973 790 736 700 661 631 119 183 93 56
internal_count=1205 1180 1133 1014 973 790 736 700 661 631 119 183 93 56
is_linear=0
shrinkage=0.035


Tree=134
num_leaves=15
num_cat=0
split_feature=1 0 0 0 1 1 0 0 2 1 0 0 0 0
split_gain=10931.4 23650.1 22823.8 38070.6 19555.9 22805.8 16379.3 20965.6 19237.3 13975.9 8066.51 39501.3 27738.3 26645.7
threshold=269.00000000000006 2660.0000000000005 2959.0000000000005 2996.5000000000005 241.50000000000003 223.50000000000003 2626.5000000000005 2633.5000000000005 164.50000000000003 60.500000000000007 2724.5000000000005 2706.0000000000005 2761.5000000000005 2810.5000000000005
decision_type=2 2 2 2 2 2 2 2 2 2 2 2 2 2
left_child=4 -2 -3 -4 5 6 9 -8 -9 -1 11 -10 -12 -14
right_child=1 2 3 -5 -6 -7 7 8 10 -11 12 -13 13 -15
leaf_value=-1.0951585008203983 0.44698446745734394 -1.2507261941239642 0.58409923565387734 -0.94401893928647052 0.80799026156083142 -0.94140472801526398 0.81924906203692616 0.81788540716106839 -0.052701484498050483 -0.0074023900926113136 -0.86538680336565954 0.83656140115406175 0.68243078564604132 -0.11346160728923263
leaf_weight=26 39 35 38 38 37 28 42 35 313 30 49 74 58 363
leaf_count=26 39 35 38 38 37 28 42 35 313 30 49 74 58 363
internal_value=-0.00107297 -0.278601 -0.536935 -0.184574 0.0388384 0.00935352 0.0380874 0.0733804 0.0365068 -0.532781 0.00276523 0.120765 -0.0944965 -0.00110553
internal_weight=1205 150 111 76 1055 1018 990 934 892 56 857 387 470 421
internal_count=1205 150 111 76 1055 1018 990 934 892 56 857 387 470 421
is_linear=0
shrinkage=0.035


Tree=135
num_leaves=15
num_cat=0
split_feature=3 3 3 0 13 0 4 0 0 4 0 0 2 0
split_gain=10969.5 18925.7 23422.8 20541.2 16448.3 28381 35244 18872.6 32286.3 40742.6 24554.2 24841.9 20312.5 19592.1
threshold=420.50000000000006 328.50000000000006 106.00000000000001 3116.0000000000005 1.0000000180025095e-35 3014.5000000000005 533.50000000000011 2984.0000000000005 2810.5000000000005 6.5000000000000009 2766.0000000000005 2743.0000000000005 196.50000000000003 2706.0000000000005
decision_type=2 2 2 2 2 2 2 2 2 2 2 2 2 2
left_child=1 2 3 4 5 6 7 8 10 -10 11 12 -1 -14
right_child=-2 -3 -4 -5 -6 -7 -8 -9 9 -11 -12 -13 13 -15
leaf_value=0.83392527795500238 -0.69859908558704242 0.68833433968680247 -0.4745157376929256 0.78924467155753186 -0.28962235656561885 -0.68303511492908009 0.79176481088454076 0.78179873414337642 0.20797471829823089 -1.1605486055215199 0.99451274871826179 -0.70931942832966655 -0.070326506671398795 0.57296357032383838
leaf_weight=43 25 47 119 41 183 54 86 38 47 58 34 46 315 69
leaf_count=43 25 47 119 41 183 54 86 38 47 58 34 46 315 69
internal_value=-0.00105137 0.0148842 -0.014216 0.0406311 0.00753197 0.076924 0.134382 0.0452431 -0.0028884 -0.555534 0.113298 0.0460341 0.130335 0.0476345
internal_weight=1205 1180 1133 1014 973 790 736 650 612 105 507 473 427 384
internal_count=1205 1180 1133 1014 973 790 736 650 612 105 507 473 427 384
is_linear=0
shrinkage=0.035


Tree=136
num_leaves=15
num_cat=0
split_feature=2 4 1 0 0 4 1 1 2 0 4 0 0 0
split_gain=10608.3 13745.4 11478.9 15033 49830.1 26444.3 24936.2 13158.9 16805.2 14235 12236.3 14709.5 28467.9 28299.4
threshold=296.50000000000006 10.500000000000002 564.50000000000011 2989.5000000000005 2996.5000000000005 668.50000000000011 192.50000000000003 248.50000000000003 266.50000000000006 2761.5000000000005 701.50000000000011 2837.5000000000005 2823.5000000000005 2810.5000000000005
decision_type=2 2 2 2 2 2 2 2 2 2 2 2 2 2
left_child=2 -2 3 6 -5 -6 10 8 -8 -9 11 12 13 -1
right_child=1 -3 -4 4 5 -7 7 9 -10 -11 -12 -13 -14 -15
leaf_value=0.12786050785484326 0.21565901281202543 -0.66915622796191554 -0.68398653701499668 1.4445685027807187 0.24897382924533809 -0.95482631277155006 -1.4591029128432274 -0.54526980614887099 -0.23712122348047074 0.31308503006779875 0.77343490493708655 -0.30734734651061796 1.1271700948476793 -0.75977039511005084
leaf_weight=527 32 59 25 37 128 25 26 51 29 41 27 122 30 46
leaf_count=527 32 59 25 37 128 25 26 51 29 41 27 122 30 46
internal_value=-0.000923256 -0.360066 0.0290069 0.0465989 0.327732 0.0424922 -0.013413 -0.427129 -0.845713 -0.16422 0.0683783 0.0400655 0.111138 0.0542074
internal_weight=1205 91 1114 1089 190 153 899 147 55 92 752 725 603 573
internal_count=1205 91 1114 1089 190 153 899 147 55 92 752 725 603 573
is_linear=0
shrinkage=0.035


Tree=137
num_leaves=15
num_cat=0
split_feature=1 0 4 4 15 0 2 4 4 0 0 9 0 2
split_gain=10324.6 22766.7 20663.5 35518.4 18922.7 16783.8 24479.4 21424.7 14103 14650.3 22492.1 12868.1 28467.9 27516.9
threshold=269.00000000000006 2660.0000000000005 148.50000000000003 3.5000000000000004 1.0000000180025095e-35 3107.5000000000005 296.50000000000006 440.50000000000006 701.50000000000011 2842.5000000000005 2959.0000000000005 1.0000000180025095e-35 2823.5000000000005 269.50000000000006
decision_type=2 2 2 2 2 2 2 2 2 2 2 2 2 2
left_child=4 -2 3 -3 5 6 8 -7 9 11 -11 12 -1 -13
right_child=1 2 -4 -5 -6 7 -8 -9 -10 10 -12 13 -14 -15
leaf_value=-0.076186129136382091 0.44114837024270037 -0.16476712812980016 0.11003379265467327 -1.7252263360312492 0.70240522961616525 1.1949424195289613 -0.65427972164832893 -0.032553282201290133 0.65092521017644478 -0.88424792892282666 -0.031177927896590723 1.2939506602287294 0.85119030985642574 0.037467724873986051
leaf_weight=515 39 40 40 31 48 30 70 38 39 53 122 29 42 69
leaf_count=515 39 40 40 31 48 30 70 38 39 53 122 29 42 69
internal_value=-0.000970157 -0.270685 -0.524171 -0.874694 0.0378176 0.00480966 -0.0340947 0.527658 0.0172504 -0.0140179 -0.296608 0.0621565 -0.00346307 0.427727
internal_weight=1205 150 111 71 1055 1007 939 68 869 830 175 655 557 98
internal_count=1205 150 111 71 1055 1007 939 68 869 830 175 655 557 98
is_linear=0
shrinkage=0.035


Tree=138
num_leaves=15
num_cat=0
split_feature=3 3 3 0 13 0 4 0 0 4 0 0 2 0
split_gain=10012.8 16940.3 21387 18358.5 15519.3 26480.8 31021.8 16906 29248.3 37203.6 23138.4 22880.8 19355.8 18369.2
threshold=420.50000000000006 328.50000000000006 106.00000000000001 3116.0000000000005 1.0000000180025095e-35 3014.5000000000005 533.50000000000011 2984.0000000000005 2810.5000000000005 6.5000000000000009 2766.0000000000005 2743.0000000000005 196.50000000000003 2706.0000000000005
decision_type=2 2 2 2 2 2 2 2 2 2 2 2 2 2
left_child=1 2 3 4 5 6 7 8 10 -10 11 12 -1 -14
right_child=-2 -3 -4 -5 -6 -7 -8 -9 9 -11 -12 -13 13 -15
leaf_value=0.81464095026585803 -0.6672741700101783 0.65153624721935821 -0.45298698191307801 0.74698631124441028 -0.28067021162606581 -0.65870975777506835 0.74762926934964291 0.74435236150026318 0.20501327208110265 -1.1025330875118573 0.96766879181067156 -0.67802039633194611 -0.067140782613083955 0.55575196245816394
leaf_weight=43 25 47 119 41 183 54 86 38 47 58 34 46 315 69
leaf_count=43 25 47 119 41 183 54 86 38 47 58 34 46 315 69
internal_value=-0.000836818 0.0143878 -0.0131444 0.0392643 0.00797139 0.0753739 0.130872 0.0472277 0.00165858 -0.524358 0.112229 0.0469234 0.127817 0.0470849
internal_weight=1205 1180 1133 1014 973 790 736 650 612 105 507 473 427 384
internal_count=1205 1180 1133 1014 973 790 736 650 612 105 507 473 427 384
is_linear=0
shrinkage=0.035


Tree=139
num_leaves=15
num_cat=0
split_feature=1 4 0 1 15 0 2 4 4 0 0 0 0 0
split_gain=9839.53 21196.8 28040.3 21387.6 17874.7 15720.3 22821.8 19793.9 12819.3 12841.9 17845.9 12944.2 20702.5 32284.7
threshold=269.00000000000006 52.500000000000007 2959.0000000000005 468.00000000000006 1.0000000180025095e-35 3107.5000000000005 300.50000000000006 440.50000000000006 701.50000000000011 2842.5000000000005 2959.0000000000005 2626.5000000000005 2642.5000000000005 2667.5000000000005
decision_type=2 2 2 2 2 2 2 2 2 2 2 2 2 2
left_child=4 2 -2 -3 5 6 8 -7 9 11 -11 -1 -13 -14
right_child=1 3 -4 -5 -6 7 -8 -9 -10 10 -12 12 13 -15
leaf_value=-0.46812794957309967 -1.4662445412576199 -0.35023026772167376 -0.099656105174318624 0.80833071782308474 0.68306877470016492 1.1524572651088238 -0.71780475269071764 -0.027581884205341342 0.61516928217396505 -0.79983762890100485 -0.045295862857401378 0.51407059175167558 -0.4508621808601187 0.1729474455204148
leaf_weight=52 30 44 44 32 48 30 54 38 39 54 123 116 139 362
leaf_count=52 30 44 44 32 48 30 54 38 39 54 123 116 139 362
internal_value=-0.000719015 -0.264022 -0.677684 0.145803 0.0371462 0.00506448 -0.032588 0.511077 0.0107461 -0.0185026 -0.28186 0.0518073 0.0969978 -0.00123001
internal_weight=1205 150 74 76 1055 1007 939 68 885 846 177 669 617 501
internal_count=1205 150 74 76 1055 1007 939 68 885 846 177 669 617 501
is_linear=0
shrinkage=0.035


Tree=140
num_leaves=15
num_cat=0
split_feature=3 3 3 0 3 13 0 4 0 0 2 1 1 1
split_gain=9506.82 15423 19976.1 16496.1 14473.2 14471.1 25251.9 28487.7 20125.9 22853.9 15900.1 15065.4 33738.5 28125.6
threshold=420.50000000000006 328.50000000000006 106.00000000000001 3116.0000000000005 130.50000000000003 1.0000000180025095e-35 3014.5000000000005 640.50000000000011 2984.0000000000005 2842.5000000000005 180.50000000000003 69.500000000000014 88.500000000000014 57.500000000000007
decision_type=2 2 2 2 2 2 2 2 2 2 2 2 2 2
left_child=1 2 3 5 -4 6 7 8 9 10 -1 13 -13 -7
right_child=-2 -3 4 -5 -6 11 -8 -9 -10 -11 -12 12 -14 -15
leaf_value=0.80160263919830321 -0.65010134334917424 0.62205860001700275 -1.1368426875770095 0.70935704655078968 -0.22184288282564993 0.091267148322529273 -0.64293991334736356 1.0615742454834676 0.82970209729380728 -0.88224496044218548 0.033932514015926674 0.99286448059410903 -0.35451808992000128 -1.5037919505916795
leaf_weight=33 25 47 26 41 93 25 54 36 39 30 598 27 104 27
leaf_count=33 25 47 26 41 93 25 54 36 39 30 598 27 104 27
internal_value=-0.000721664 0.0141131 -0.0121579 0.0384916 -0.437245 0.00882578 0.07391 0.128105 0.0772102 0.0304431 0.0764859 -0.269901 -0.066059 -0.761958
internal_weight=1205 1180 1133 1014 119 973 790 736 700 661 631 183 131 52
internal_count=1205 1180 1133 1014 119 973 790 736 700 661 631 183 131 52
is_linear=0
shrinkage=0.035


Tree=141
num_leaves=15
num_cat=0
split_feature=1 2 6 0 0 0 2 1 1 4 4 4 12 4
split_gain=9469.39 11615 18719.9 21343.9 23339.3 60563.3 29576.8 23928.8 20722.4 18125.2 15869 14298.6 29553.7 18686.9
threshold=564.50000000000011 254.50000000000003 1.0000000180025095e-35 2989.5000000000005 2810.5000000000005 2761.5000000000005 214.50000000000003 108.50000000000001 221.50000000000003 569.50000000000011 400.50000000000006 411.50000000000006 1.0000000180025095e-35 351.50000000000006
decision_type=2 2 2 2 2 2 2 2 2 2 2 2 2 2
left_child=1 2 3 4 5 8 7 -6 -1 -5 -8 13 -13 -3
right_child=-2 11 -4 9 6 -7 10 -9 -10 -11 -12 12 -14 -15
leaf_value=0.25085553861130033 -0.64881085431134256 -0.10796047713991185 -0.20486077580600978 1.0470409495322432 0.9369936047932681 1.7554032749129882 -1.1412284800799 -0.30172232997688386 -0.61877349588088693 0.0072326695230422603 -0.089189395981450245 -1.4116105113426847 -0.056408302990098802 0.663035960710326
leaf_weight=208 25 367 174 59 32 29 44 42 38 31 29 28 58 41
leaf_count=208 25 367 174 59 32 29 44 42 38 31 29 28 58 41
internal_value=-0.000710898 0.0140946 0.10715 0.21357 0.107705 0.297279 -0.24617 0.2445 0.112616 0.696828 -0.736818 -0.11504 -0.519691 -0.0276265
internal_weight=1205 1180 686 512 422 275 147 74 246 90 73 494 86 408
internal_count=1205 1180 686 512 422 275 147 74 246 90 73 494 86 408
is_linear=0
shrinkage=0.035


Tree=142
num_leaves=15
num_cat=0
split_feature=3 3 3 0 3 13 0 4 8 1 0 1 0 0
split_gain=8968.73 14257.7 18384.5 15111.7 13525.3 13275.2 23466.9 26894.4 16375.1 19801.9 16210.1 22740.1 14941.3 18293.2
threshold=420.50000000000006 328.50000000000006 106.00000000000001 3116.0000000000005 236.50000000000003 1.0000000180025095e-35 3014.5000000000005 533.50000000000011 1.0000000180025095e-35 68.500000000000014 2787.0000000000005 79.500000000000014 2984.0000000000005 2724.5000000000005
decision_type=2 2 2 2 2 2 2 2 2 2 2 2 2 2
left_child=1 2 3 5 -4 6 7 8 12 -10 -9 -12 13 -1
right_child=-2 -3 4 -5 -6 -7 -8 10 9 -11 11 -13 -14 -15
leaf_value=0.22794614216341788 -0.63141570762351718 0.59825394306864066 -0.64638182329066873 0.67915679505917914 0.17549431359767917 -0.25829811606213854 -0.62004784837365157 0.079244921803474436 0.36966732461201518 -0.58377290110063307 0.26287190004631328 1.716996510008971 0.8414840911416448 -0.22764039740247549
leaf_weight=335 25 47 86 41 33 183 54 33 36 90 25 28 32 157
leaf_count=335 25 47 86 41 33 183 54 33 36 90 25 28 32 157
internal_value=-0.000681378 0.0137274 -0.0115318 0.0370577 -0.419333 0.0086635 0.0710001 0.123245 0.0453585 -0.309842 0.697511 1.06559 0.131623 0.0822328
internal_weight=1205 1180 1133 1014 119 973 790 736 650 126 86 53 524 492
internal_count=1205 1180 1133 1014 119 973 790 736 650 126 86 53 524 492
is_linear=0
shrinkage=0.035


Tree=143
num_leaves=15
num_cat=0
split_feature=1 0 1 2 1 1 0 0 2 0 0 0 0 2
split_gain=8911.44 21646.9 20341.7 18662.9 17736.4 20105 14651.4 18804.5 23613.9 18915.1 37854 16630.5 15549.2 15248.2
threshold=269.00000000000006 2660.0000000000005 518.00000000000011 241.50000000000003 241.50000000000003 223.50000000000003 2626.5000000000005 2642.5000000000005 223.50000000000003 2667.5000000000005 2693.0000000000005 2651.5000000000005 2644.5000000000005 164.50000000000003
decision_type=2 2 2 2 2 2 2 2 2 2 2 2 2 2
left_child=4 -2 3 -3 5 6 -1 8 -8 11 -11 12 -9 -12
right_child=1 2 -4 -5 -6 -7 7 9 -10 10 13 -13 -14 -15
leaf_value=-0.5055146348733327 0.44265105176262742 0.18127457961981946 -1.3182571673393251 -0.86405634115724017 0.767990547770109 -0.88526808102925636 1.3877860290474362 -0.47083554959119261 0.20861960033780522 1.0907041414255321 0.72710977315902714 -0.98286513303455558 0.36029502573482536 -0.024585007625388223
leaf_weight=56 39 53 26 32 37 28 25 65 95 41 33 36 45 594
leaf_count=56 39 53 26 32 37 28 25 65 95 41 33 36 45 594
internal_value=-0.000542496 -0.251121 -0.498398 -0.223078 0.0354925 0.00741559 0.0343971 0.0677797 0.473003 0.00702876 0.0861141 -0.351088 -0.130465 0.017164
internal_weight=1205 150 111 85 1055 1018 990 934 120 814 668 146 110 627
internal_count=1205 150 111 85 1055 1018 990 934 120 814 668 146 110 627
is_linear=0
shrinkage=0.035


Tree=144
num_leaves=15
num_cat=0
split_feature=3 3 3 0 3 2 3 13 0 4 8 1 0 1
split_gain=8646.36 13200.7 16960 14365.7 12908.7 14320.2 23286 12620.8 21561.5 24982.2 15362.9 18576.3 15123.3 21258.2
threshold=420.50000000000006 328.50000000000006 106.00000000000001 3116.0000000000005 130.50000000000003 224.50000000000003 168.50000000000003 1.0000000180025095e-35 3014.5000000000005 533.50000000000011 1.0000000180025095e-35 68.500000000000014 2787.0000000000005 79.500000000000014
decision_type=2 2 2 2 2 2 2 2 2 2 2 2 2 2
left_child=1 2 3 7 -4 -6 -7 8 9 10 -1 -12 -11 -14
right_child=-2 -3 4 -5 5 6 -8 -9 -10 12 11 -13 13 -15
leaf_value=0.12765405683611794 -0.61981232740260939 0.57607255373682298 -1.0628860533237459 0.66204181507576354 -0.80253400068730119 0.87119522176682962 -0.45223522351338319 -0.25198922375952071 -0.59331530041992664 0.075527096807956703 0.35819062863917733 -0.56526844646619723 0.25222636158819556 1.6579629936218263
leaf_weight=524 25 47 26 41 30 26 37 183 54 33 36 90 25 28
leaf_count=524 25 47 26 41 30 26 37 183 54 33 36 90 25 28
internal_value=-0.000516833 0.0136304 -0.0106753 0.0359933 -0.40236 -0.199208 0.103943 0.00830909 0.0690901 0.119167 0.0440991 -0.299949 0.672641 1.02816
internal_weight=1205 1180 1133 1014 119 93 63 973 790 736 650 126 86 53
internal_count=1205 1180 1133 1014 119 93 63 973 790 736 650 126 86 53
is_linear=0
shrinkage=0.035


Tree=145
num_leaves=15
num_cat=0
split_feature=14 3 1 3 0 13 4 2 4 0 0 2 1 0
split_gain=8536.88 12708.9 20625.6 23886.1 24049.8 17242.2 18190.5 24651.5 13980.7 13856.1 26999.9 26977.1 24594.7 18398.9
threshold=1.0000000180025095e-35 106.00000000000001 87.500000000000014 134.50000000000003 2972.5000000000005 1.0000000180025095e-35 343.50000000000006 234.50000000000003 533.50000000000011 2642.5000000000005 2643.5000000000005 234.50000000000003 68.500000000000014 2993.0000000000005
decision_type=2 2 2 2 2 2 2 2 2 2 2 2 2 2
left_child=1 5 -3 -4 -5 8 -7 -8 9 11 -11 -1 -12 -14
right_child=-2 2 3 4 -6 6 7 -9 -10 10 12 -13 13 -15
leaf_value=0.98378167335893596 0.3144144627728413 -1.0388185658003835 -1.0293556787956646 -0.63909984234501349 0.48378290295650567 -0.53959821824203524 -0.56107757556438453 0.79060516355810939 0.45766050578774636 -1.0347681766003372 0.57209831276057688 -0.029388635660825151 -0.20217443301249841 0.41015737781377692
leaf_weight=49 95 35 25 32 73 117 28 35 109 30 79 87 340 71
leaf_count=49 95 35 25 32 73 117 28 35 109 30 79 87 340 71
internal_value=-0.000485237 -0.0279531 -0.309429 -0.10029 0.136022 0.0217431 -0.284572 0.191078 0.0943713 0.0328001 -0.0497601 0.344618 0.0145077 -0.0949205
internal_weight=1205 1110 165 130 105 945 180 63 765 656 520 136 490 411
internal_count=1205 1110 165 130 105 945 180 63 765 656 520 136 490 411
is_linear=0
shrinkage=0.035


Tree=146
num_leaves=15
num_cat=0
split_feature=1 2 3 1 1 1 2 15 9 0 16 4 0 0
split_gain=8191.92 10525.4 11923.8 8717.94 19923.9 18602.9 12683.3 15278.4 15667.6 10956.3 10246.9 18076.2 17108.3 16988.6
threshold=564.50000000000011 168.50000000000003 14.500000000000002 269.00000000000006 241.50000000000003 217.00000000000003 286.50000000000006 1.0000000180025095e-35 1.0000000180025095e-35 2679.5000000000005 1.0000000180025095e-35 344.50000000000006 2743.0000000000005 2787.0000000000005
decision_type=2 2 2 2 2 2 2 2 2 2 2 2 2 2
left_child=1 2 -1 4 5 6 7 8 10 -10 11 -3 -13 -14
right_child=-2 3 -4 -5 -6 -7 -8 -9 9 -11 -12 12 13 -15
leaf_value=0.94265849981577177 -0.6033308216377542 -0.28049561014572377 -0.0060844331317477761 -0.30781993538141256 0.84077097404003154 -0.77894415430120534 -0.27531772780988445 0.83835013235768974 1.0001851356730742 0.076948157073929907 0.40300254712934086 0.34916048116969262 -0.90005557024787219 0.011602798758326351
leaf_weight=29 25 245 34 108 33 35 147 29 32 30 67 181 27 183
leaf_count=29 25 245 34 108 33 35 147 29 32 30 67 181 27 183
internal_value=-0.000529841 0.0132406 0.446206 -0.0119329 0.0202841 -0.0091204 0.0211041 0.0765371 0.0455472 0.569822 -0.00217584 -0.0459892 0.101632 -0.112996
internal_weight=1205 1180 63 1117 1009 976 941 794 765 62 703 636 391 210
internal_count=1205 1180 63 1117 1009 976 941 794 765 62 703 636 391 210
is_linear=0
shrinkage=0.035


Tree=147
num_leaves=15
num_cat=0
split_feature=2 4 1 0 0 2 3 2 4 2 3 4 2 2
split_gain=8006.08 9288.98 36755.8 18609.4 40435.4 17037 24127.9 16291.6 15159.6 24995.9 19183.8 13255.9 14312.7 11906.8
threshold=306.50000000000006 56.500000000000007 475.50000000000006 2642.5000000000005 2706.0000000000005 168.50000000000003 14.500000000000002 189.00000000000003 1.0000000180025095e-35 220.50000000000003 18.000000000000004 100.50000000000001 289.50000000000006 260.50000000000006
decision_type=2 2 2 2 2 2 2 2 2 2 2 2 2 2
left_child=1 2 3 -1 -5 6 -3 -7 10 -10 -6 12 -9 -13
right_child=-2 5 -4 4 8 7 -8 11 9 -11 -12 13 -14 -15
leaf_value=0.63155793636389401 -0.59635957710168985 1.3494336184660596 -1.2827514593447409 -0.79710477787587375 0.61525034007273227 -0.56729814669665179 -0.074126809517542525 0.82876148787361603 0.77720415415587252 -0.42794401530752479 -0.44856281184487873 0.12792170605238748 -0.17223008505724097 -0.20723379366777164
leaf_weight=44 25 28 29 79 93 49 28 52 25 95 25 423 25 185
leaf_count=44 25 28 29 79 93 49 28 52 25 95 25 423 25 185
internal_value=-0.000435281 0.0131779 -0.126193 -0.0267281 -0.121486 0.0821262 0.659641 0.0363923 0.107548 -0.168246 0.386147 0.0811018 0.507632 0.0255967
internal_weight=1205 1180 390 361 317 790 56 734 238 120 118 685 77 608
internal_count=1205 1180 390 361 317 790 56 734 238 120 118 685 77 608
is_linear=0
shrinkage=0.035


Tree=148
num_leaves=15
num_cat=0
split_feature=0 0 1 4 0 1 1 4 2 0 0 0 0 0
split_gain=8400.5 49130.2 32133.2 32470.3 29568.5 53573 18516 16180.3 13746.8 20723.6 23462.9 48427.4 39885.4 22012.3
threshold=2987.0000000000005 2996.5000000000005 313.50000000000006 440.50000000000006 2842.5000000000005 174.50000000000003 70.500000000000014 3.5000000000000004 286.50000000000006 2823.5000000000005 2810.5000000000005 2761.5000000000005 2743.0000000000005 2706.0000000000005
decision_type=2 2 2 2 2 2 2 2 2 2 2 2 2 2
left_child=4 -2 3 7 8 6 -6 -3 9 10 11 12 13 -1
right_child=1 2 -4 -5 5 -7 -8 -9 -10 -11 -12 -13 -14 -15
leaf_value=-0.015143538298799056 1.0344674211548222 0.23774931418895723 -1.0766357305076193 -0.34122721294818942 -0.87067334028085086 -1.6538176678966834 0.13540486203150806 1.3452499073964579 -0.29026494574027534 0.77867136148845462 -0.69920669330904883 1.1147671999458999 -1.1547834666336283 0.62432540101118572
leaf_weight=426 60 43 32 85 28 35 87 25 130 49 46 51 32 76
leaf_count=426 60 43 32 85 28 35 87 25 130 49 46 51 32 76
internal_value=-0.000434168 0.18164 -0.103058 0.11183 -0.047182 -0.495134 -0.120249 0.671721 0.0367873 0.0999799 0.0449827 0.105683 0.0055099 0.0837618
internal_weight=1205 245 185 153 960 150 115 68 810 680 631 585 534 502
internal_count=1205 245 185 153 960 150 115 68 810 680 631 585 534 502
is_linear=0
shrinkage=0.035


Tree=149
num_leaves=15
num_cat=0
split_feature=14 3 1 3 0 13 4 2 8 1 4 1 1 2
split_gain=7887.21 11236.8 19306.9 22322.4 21131.5 16406 16339.8 23181 12832 18868.7 16385.1 43443.5 42063 19264.4
threshold=1.0000000180025095e-35 106.00000000000001 87.500000000000014 134.50000000000003 2972.5000000000005 1.0000000180025095e-35 343.50000000000006 234.50000000000003 1.0000000180025095e-35 68.500000000000014 28.500000000000004 252.50000000000003 227.00000000000003 296.50000000000006
decision_type=2 2 2 2 2 2 2 2 2 2 2 2 2 2
left_child=1 5 -3 -4 -5 8 -7 -8 10 -10 11 -1 13 -12
right_child=-2 2 3 4 -6 6 7 -9 9 -11 12 -13 -14 -15
leaf_value=0.138984089327581 0.30221315373769797 -0.99718339675181622 -0.98753688634545722 -0.58787568786126732 0.46479813342690474 -0.5205952138409895 -0.55678066980838781 0.75375601578403162 0.47090546902269131 -0.40822449694573887 0.22495520650583087 -1.2188592398762705 1.1803868637233974 -0.68820815411306202
leaf_weight=163 95 35 25 32 73 117 28 35 38 118 330 33 54 29
leaf_count=163 95 35 25 32 73 117 28 35 38 118 330 33 54 29
internal_value=-0.000467172 -0.0268692 -0.29154 -0.0893289 0.138991 0.0198613 -0.27893 0.172085 0.0907092 -0.190827 0.163215 -0.0996348 0.287837 0.147786
internal_weight=1205 1110 165 130 105 945 180 63 765 156 609 196 413 359
internal_count=1205 1110 165 130 105 945 180 63 765 156 609 196 413 359
is_linear=0
shrinkage=0.035


Tree=150
num_leaves=15
num_cat=0
split_feature=0 0 1 4 0 1 1 1 3 2 0 0 0 0
split_gain=7886.78 45315.4 29671.9 30520.5 26598.8 49828.5 17188.1 15954.8 12410.5 12393.6 12948 15077.9 35589 18948.9
threshold=2987.0000000000005 2996.5000000000005 313.50000000000006 440.50000000000006 2842.5000000000005 174.50000000000003 70.500000000000014 176.50000000000003 106.00000000000001 168.50000000000003 2830.5000000000005 2810.5000000000005 2787.0000000000005 2743.0000000000005
decision_type=2 2 2 2 2 2 2 2 2 2 2 2 2 2
left_child=4 8 3 7 9 6 -6 -3 -2 -1 11 12 13 -11
right_child=1 2 -4 -5 5 -7 -8 -9 -10 10 -12 -13 -14 -15
leaf_value=0.72009015212135929 1.5692457900223911 0.18404249027371408 -1.0331640937749078 -0.33038036107588775 -0.83240119902292897 -1.5881766822531418 0.13686262418212516 1.262940514355898 0.52195871242800274 0.040789164441573815 0.60434886674086252 -0.4689536042014758 1.1317729673666113 -0.54520325807685199
leaf_weight=29 25 40 32 85 28 35 87 28 35 552 40 82 32 75
leaf_count=29 25 40 32 85 28 35 87 28 35 552 40 82 32 75
internal_value=-0.000591707 0.175828 -0.0976079 0.10887 -0.0458873 -0.470749 -0.109327 0.651686 0.994873 0.0337564 0.00649729 -0.0273153 0.0288908 -0.0308163
internal_weight=1205 245 185 153 960 150 115 68 60 810 781 741 659 627
internal_count=1205 245 185 153 960 150 115 68 60 810 781 741 659 627
is_linear=0
shrinkage=0.035


Tree=151
num_leaves=15
num_cat=0
split_feature=14 3 1 3 0 13 4 2 4 9 4 2 2 2
split_gain=7508.04 10122.3 17793.3 20984.8 18720.5 15379.4 15340.3 21829.8 12761.3 13191.1 23510.2 68074.1 25718.8 15727.1
threshold=1.0000000180025095e-35 106.00000000000001 87.500000000000014 134.50000000000003 2972.5000000000005 1.0000000180025095e-35 343.50000000000006 234.50000000000003 533.50000000000011 1.0000000180025095e-35 28.500000000000004 269.50000000000006 296.50000000000006 199.50000000000003
decision_type=2 2 2 2 2 2 2 2 2 2 2 2 2 2
left_child=1 5 -3 -4 -5 8 -7 -8 9 13 -11 -12 -13 -1
right_child=-2 2 3 4 -6 6 7 -9 -10 10 11 12 -14 -15
leaf_value=0.47104463969507526 0.29482391288753645 -0.95485947583172781 -0.95428142518908887 -0.54638216600589018 0.4445024827281634 -0.50533918184392601 -0.54142158371210103 0.73032928115612761 0.43378121291329197 -0.34507894927127802 2.1255892184763048 0.58307842492379924 -0.75957659009201783 -0.12270576399835674
leaf_weight=60 95 35 25 32 73 117 28 35 109 42 25 42 27 460
leaf_count=60 95 35 25 32 73 117 28 35 109 42 25 42 27 460
internal_value=-0.000491325 -0.0262509 -0.277453 -0.0833705 0.13795 0.0181032 -0.271186 0.165839 0.0867009 0.0278873 0.332139 0.635611 0.0510948 -0.0526538
internal_weight=1205 1110 165 130 105 945 180 63 765 656 136 94 69 520
internal_count=1205 1110 165 130 105 945 180 63 765 656 136 94 69 520
is_linear=0
shrinkage=0.035


Tree=152
num_leaves=15
num_cat=0
split_feature=1 0 0 0 0 0 2 0 0 0 0 2 0 4
split_gain=7525.72 9792.32 18283.3 30655.9 39878.4 35134.6 21609.4 21232.5 29571.1 25217.9 33215.6 25274.1 24820 22979.8
threshold=564.50000000000011 2626.5000000000005 2642.5000000000005 2667.5000000000005 2693.0000000000005 2651.5000000000005 223.50000000000003 2706.0000000000005 2724.5000000000005 2761.5000000000005 2810.5000000000005 251.50000000000003 2821.5000000000005 62.500000000000007
decision_type=2 2 2 2 2 2 2 2 2 2 2 2 2 2
left_child=1 -1 6 5 -5 -4 -3 13 -9 -10 11 -11 -12 -6
right_child=-2 2 3 4 7 -7 -8 8 9 10 12 -13 -14 -15
leaf_value=-0.41915922645174097 -0.57822403748830165 1.3156541702482436 -0.14800202169048954 1.1035144689950078 -1.3653166046849006 -1.284548069509593 0.18807927024118681 0.71438970508077482 -0.6743808236622042 1.4484962039887908 -0.82464255286888644 0.11145449812347825 0.044852608142830597 -0.035144093385556852
leaf_weight=59 25 25 140 42 25 42 95 77 60 33 42 35 466 39
leaf_count=59 25 25 140 42 25 42 95 77 60 33 42 35 466 39
internal_value=-0.000453624 0.0127449 0.0361828 -0.0130938 0.0784449 -0.421393 0.440708 0.0203449 0.0757386 -0.00357943 0.0683874 0.78316 -0.0299868 -0.580371
internal_weight=1205 1180 1121 1001 819 182 120 777 713 636 576 68 508 64
internal_count=1205 1180 1121 1001 819 182 120 777 713 636 576 68 508 64
is_linear=0
shrinkage=0.035


Tree=153
num_leaves=15
num_cat=0
split_feature=0 0 1 4 0 1 12 4 2 0 0 0 2 0
split_gain=7212.92 42074.1 27304 28839.6 24437.2 46289.9 16714.5 15365.7 11575.7 11976.6 13195.5 31954.3 18068.1 17563.9
threshold=2987.0000000000005 2996.5000000000005 313.50000000000006 440.50000000000006 2842.5000000000005 174.50000000000003 1.0000000180025095e-35 3.5000000000000004 168.50000000000003 2830.5000000000005 2810.5000000000005 2787.0000000000005 247.50000000000003 2743.0000000000005
decision_type=2 2 2 2 2 2 2 2 2 2 2 2 2 2
left_child=4 -2 3 7 8 6 -6 -3 -1 10 11 13 -12 -10
right_child=1 2 -4 -5 5 -7 -8 -9 9 -11 12 -13 -14 -15
leaf_value=0.69585781170475869 0.9574659579103032 0.2089404588474168 -0.99265176334801841 -0.32406291771294743 -0.68421864721924075 -1.528021145382443 0.19432670901093302 1.2865522749114922 0.038647751058670375 0.58120303034782417 -1.1465048033204572 1.0713274152138654 -0.064306418294446513 -0.5255239229852503
leaf_weight=29 60 43 32 85 38 35 77 25 552 40 27 32 55 75
leaf_count=29 60 43 32 85 38 35 77 25 552 40 27 32 55 75
internal_value=-0.00046112 0.168253 -0.0952107 0.102876 -0.0437786 -0.451011 -0.102709 0.63056 0.0325599 0.00621592 -0.0263034 0.0262793 -0.439454 -0.0302933
internal_weight=1205 245 185 153 960 150 115 68 810 781 741 659 82 627
internal_count=1205 245 185 153 960 150 115 68 810 781 741 659 82 627
is_linear=0
shrinkage=0.035


Tree=154
num_leaves=15
num_cat=0
split_feature=14 3 1 3 0 13 4 2 8 1 2 2 2 4
split_gain=7234.7 9458.81 16745.1 19893.6 16301.9 14456 14062.3 20515.8 11791.5 17585.3 14720.4 26659.9 14009.9 13724.6
threshold=1.0000000180025095e-35 106.00000000000001 87.500000000000014 134.50000000000003 2972.5000000000005 1.0000000180025095e-35 343.50000000000006 234.50000000000003 1.0000000180025095e-35 68.500000000000014 267.50000000000006 241.50000000000003 286.50000000000006 28.500000000000004
decision_type=2 2 2 2 2 2 2 2 2 2 2 2 2 2
left_child=1 5 -3 -4 -5 8 -7 -8 13 -10 11 -11 -12 -1
right_child=-2 2 3 4 -6 6 7 -9 9 10 12 -13 -14 -15
leaf_value=-0.087444791483006101 0.28943131535938105 -0.92572327713708624 -0.92827781748440541 -0.50359972420860744 0.42114214482357104 -0.48750908267848636 -0.53025563597679148 0.7025401505586264 0.45265620063245304 0.029731395285705044 0.44879032247596318 -1.4510859504613012 -0.59507964551448833 0.26720093055082911
leaf_weight=196 95 35 25 32 73 117 28 35 38 27 34 31 26 413
leaf_count=196 95 35 25 32 73 117 28 35 38 27 34 31 26 413
internal_value=-0.000458374 -0.0257447 -0.268575 -0.0803048 0.135171 0.0171319 -0.263337 0.155174 0.0836391 -0.186223 -0.396078 -0.783727 -0.00815772 0.153149
internal_weight=1205 1110 165 130 105 945 180 63 765 156 118 58 60 609
internal_count=1205 1110 165 130 105 945 180 63 765 156 118 58 60 609
is_linear=0
shrinkage=0.035


Tree=155
num_leaves=15
num_cat=0
split_feature=1 0 1 0 0 0 0 2 0 0 0 0 0 2
split_gain=7048.51 9331.46 17242.9 16825.8 29122.7 37110.4 32704.9 20574.1 20174.3 20091.1 26836 23156 29782.9 23390.4
threshold=564.50000000000011 2626.5000000000005 60.500000000000007 2642.5000000000005 2667.5000000000005 2693.0000000000005 2651.5000000000005 234.50000000000003 2643.5000000000005 2706.0000000000005 2724.5000000000005 2761.5000000000005 2810.5000000000005 251.50000000000003
decision_type=2 2 2 2 2 2 2 2 2 2 2 2 2 2
left_child=1 2 -1 7 6 -6 8 -3 -5 -7 -11 -12 13 -13
right_child=-2 3 -4 4 5 9 -8 -9 -10 10 11 12 -14 -15
leaf_value=-1.0487904746457937 -0.55976198554039003 1.1124162924128611 0.1254117639064789 -0.77978164542553041 1.0658445818315854 -0.56341072609930332 -1.242985243309628 0.12023072396201649 0.12621006490865558 0.68322044747539723 -0.64354944309880657 1.385054789066315 -0.024960390731692317 0.099332958105448135
leaf_weight=26 25 35 33 41 42 64 42 85 99 77 60 33 508 35
leaf_count=26 25 35 33 41 42 64 42 85 99 77 60 33 508 35
internal_value=-0.000610375 0.0121632 -0.409454 0.0350433 -0.0122292 0.0769901 -0.410189 0.42311 -0.146362 0.0209393 0.0748207 -0.000748633 0.0682049 0.745032
internal_weight=1205 1180 59 1121 1001 819 182 120 140 777 713 636 576 68
internal_count=1205 1180 59 1121 1001 819 182 120 140 777 713 636 576 68
is_linear=0
shrinkage=0.035


Tree=156
num_leaves=15
num_cat=0
split_feature=17 12 15 3 4 16 1 0 2 2 2 2 9 2
split_gain=7038.66 9280.97 15812.2 24772.4 32936.4 18411.3 15199 24900.5 16394.3 21808.6 15072.9 12724.9 10233.7 31087.6
threshold=1.0000000180025095e-35 1.0000000180025095e-35 1.0000000180025095e-35 109.50000000000001 520.00000000000011 1.0000000180025095e-35 58.500000000000007 2700.5000000000005 251.50000000000003 271.50000000000006 239.50000000000003 269.50000000000006 1.0000000180025095e-35 269.50000000000006
decision_type=2 2 2 2 2 2 2 2 2 2 2 2 2 2
left_child=-1 2 3 4 5 6 -2 8 -8 -10 -9 -12 -3 -14
right_child=1 12 -4 -5 -6 -7 7 10 9 -11 11 -13 13 -15
leaf_value=0.46195555784763442 -1.0533026623725892 -0.0062310245041080755 0.66599607308705655 -1.0026030288186185 0.92487790950957471 0.30435732040554286 0.64063487980676737 -1.2415644340984751 -0.9701877606356587 0.40417231909434004 0.22059007387608293 -0.69040905419816367 0.98475027669359139 -0.075971609826969072
leaf_weight=37 32 631 25 41 32 62 44 31 25 28 30 45 52 90
leaf_count=37 32 631 25 41 32 62 44 31 25 28 30 45 52 90
internal_value=-0.000597448 -0.0160149 -0.153603 -0.212264 -0.108309 -0.225071 -0.366139 -0.248598 0.155549 -0.255816 -0.614463 -0.329745 0.054507 0.320744
internal_weight=1205 1168 395 370 329 297 235 203 97 53 106 75 773 142
internal_count=1205 1168 395 370 329 297 235 203 97 53 106 75 773 142
is_linear=0
shrinkage=0.035


Tree=157
num_leaves=15
num_cat=0
split_feature=0 0 1 4 2 3 0 1 4 1 3 2 0 0
split_gain=6958.82 38801.8 25437.8 25029.3 21715.8 41892 21669.3 43550.1 20527.4 15742.3 11549.7 10962.4 17979 18529.2
threshold=2987.0000000000005 2996.5000000000005 335.50000000000006 668.50000000000011 266.50000000000006 127.00000000000001 2842.5000000000005 174.50000000000003 417.50000000000006 70.500000000000014 106.00000000000001 286.50000000000006 2823.5000000000005 2810.5000000000005
decision_type=2 2 2 2 2 2 2 2 2 2 2 2 2 2
left_child=6 10 3 4 5 -3 11 9 -6 -8 -2 12 13 -1
right_child=1 2 -4 -5 8 -7 7 -9 -10 -11 -12 -13 -14 -15
leaf_value=0.087941167557666011 1.4757888260594123 1.7666763663291933 -1.0220225028097629 -0.88412994737978345 0.31872450743583924 -0.047032633858758055 -0.78113477545976651 -1.4712354200595135 -0.87920385610312235 0.14632452539136909 0.46973114749869788 -0.2633015509130377 0.71731729306426717 -0.62732080747683849
leaf_weight=585 25 26 28 25 45 35 28 35 26 87 35 130 49 46
leaf_count=585 25 26 28 25 45 35 28 35 26 87 35 130 49 46
internal_value=-0.000601645 0.165114 -0.0879311 0.0894187 0.284247 0.757567 -0.0431491 -0.426624 -0.132023 -0.0889843 0.923006 0.0287407 0.0851807 0.0339811
internal_weight=1205 245 185 157 132 61 960 150 71 115 60 810 680 631
internal_count=1205 245 185 157 132 61 960 150 71 115 60 810 680 631
is_linear=0
shrinkage=0.035


Tree=158
num_leaves=15
num_cat=0
split_feature=14 15 3 4 1 1 0 2 0 0 0 2 0 2
split_gain=6952.73 8863.55 13865.6 13071.3 31134.6 30211.6 22049.2 18949.1 18271.7 16074.7 25539 15959 13353.3 10055.8
threshold=1.0000000180025095e-35 1.0000000180025095e-35 106.00000000000001 56.500000000000007 450.00000000000006 227.00000000000003 2787.0000000000005 234.50000000000003 2693.0000000000005 2706.0000000000005 2660.0000000000005 300.50000000000006 2626.5000000000005 217.50000000000003
decision_type=2 2 2 2 2 2 2 2 2 2 2 2 2 2
left_child=1 2 3 4 7 11 -7 8 -1 10 -9 12 -5 -14
right_child=-2 -3 -4 5 -6 6 -8 9 -10 -11 -12 -13 13 -15
leaf_value=1.0624616665224875 0.2835466372352286 0.42080479145050054 -0.37722599292612258 -0.5624415536406564 -1.3265859235657587 0.20551404093702638 1.4504229483567179 -0.16685432063382968 -0.16102309496700767 0.019698091615592279 -1.4726392986625434 -0.81131068825721742 0.39935365782181426 0.014716958839952211
leaf_weight=29 95 50 134 39 25 40 30 55 28 122 26 26 103 403
leaf_count=29 95 50 134 39 25 40 30 55 28 122 26 26 103 403
internal_value=-0.000638171 -0.0254265 -0.047228 0.00123555 -0.195172 0.0888971 0.764516 -0.0770856 0.476366 -0.23562 -0.611381 0.00369232 0.0453974 0.0942766
internal_weight=1205 1110 1060 926 285 641 70 260 57 203 81 571 545 506
internal_count=1205 1110 1060 926 285 641 70 260 57 203 81 571 545 506
is_linear=0
shrinkage=0.035


Tree=159
num_leaves=15
num_cat=0
split_feature=1 0 0 0 15 0 0 0 0 0 0 0 1 1
split_gain=6962.4 17173.5 18980.4 24334.7 15007.9 12514.3 15749.9 23280 33744.4 24618 19166.4 30476.8 22562.4 21010.3
threshold=269.00000000000006 2660.0000000000005 2959.0000000000005 2996.5000000000005 1.0000000180025095e-35 2626.5000000000005 2642.5000000000005 2667.5000000000005 2693.0000000000005 2651.5000000000005 2706.0000000000005 2724.5000000000005 241.50000000000003 81.500000000000014
decision_type=2 2 2 2 2 2 2 2 2 2 2 2 2 2
left_child=4 -2 -3 -4 5 -1 -7 9 -9 -8 -10 13 -13 -12
right_child=1 2 3 -5 -6 6 7 8 10 -11 11 12 -14 -15
leaf_value=-0.50198850218664137 0.39574028263731709 -1.0929649199666205 0.49130157414078718 -0.73015808641165503 0.62303785750865937 0.4032678359698077 -0.13374916425138192 1.0146593164565954 -0.61694673210382467 -1.1219150370775268 0.12382996903686989 -0.095785363415464828 0.89352818344036755 1.2797602493029374
leaf_weight=55 39 35 38 38 48 120 112 41 54 41 39 480 28 37
leaf_count=55 39 35 38 38 48 120 112 41 54 41 39 480 28 37
internal_value=-0.000675083 -0.222162 -0.442424 -0.122491 0.0311767 0.00178582 0.0318818 -0.0225221 0.065648 -0.409611 0.00168119 0.0607935 -0.0379661 0.70497
internal_weight=1205 150 111 76 1055 1007 952 832 679 153 638 584 508 76
internal_count=1205 150 111 76 1055 1007 952 832 679 153 638 584 508 76
is_linear=0
shrinkage=0.035


Tree=160
num_leaves=15
num_cat=0
split_feature=2 9 1 4 1 1 1 1 2 0 2 15 2 0
split_gain=6605.05 8236.36 17963.6 52417.6 27813.4 12429.7 19339.5 16629.3 15346.7 15972.2 46939.7 13588.9 12346.2 26694.8
threshold=306.50000000000006 1.0000000180025095e-35 214.50000000000003 92.500000000000014 468.00000000000006 66.500000000000014 63.500000000000007 68.500000000000014 216.50000000000003 2667.5000000000005 247.50000000000003 1.0000000180025095e-35 236.50000000000003 2706.0000000000005
decision_type=2 2 2 2 2 2 2 2 2 2 2 2 2 2
left_child=1 2 5 -4 -5 6 8 -7 -1 -10 -11 12 -9 -14
right_child=-2 -3 3 4 -6 7 -8 11 9 10 -12 -13 13 -15
leaf_value=-0.80735375386697283 -0.54187356370466733 0.20129139019754597 -1.4156435599299366 -0.32011099751179034 1.0165403175133247 0.94370653763413448 -0.85194559557871385 0.20226401722636719 -0.21664686399010513 1.4575448779265088 -0.31323711052536968 0.77063249763101349 -0.62184411898579284 0.10122640512883664
leaf_weight=25 25 225 41 63 25 26 42 259 89 31 40 30 90 194
leaf_count=25 25 225 41 63 25 26 42 259 89 31 40 30 90 194
internal_value=-0.000597425 0.0117678 -0.0332118 -0.413995 0.0737708 0.0271131 -0.192384 0.110658 -0.0351358 0.094001 0.478672 0.0697076 0.0282966 -0.130662
internal_weight=1205 1180 955 129 88 826 227 599 185 160 71 573 543 284
internal_count=1205 1180 955 129 88 826 227 599 185 160 71 573 543 284
is_linear=0
shrinkage=0.035


Tree=161
num_leaves=15
num_cat=0
split_feature=17 12 15 3 4 16 13 0 2 1 0 9 2 4
split_gain=6443.58 8495.02 13554.7 22312.7 29672.1 17232.4 15164.3 27229.5 22619.7 18027.8 16769.8 9883.11 28851.7 37591.4
threshold=1.0000000180025095e-35 1.0000000180025095e-35 1.0000000180025095e-35 109.50000000000001 520.00000000000011 1.0000000180025095e-35 1.0000000180025095e-35 2700.5000000000005 239.50000000000003 101.50000000000001 2643.5000000000005 1.0000000180025095e-35 269.50000000000006 31.000000000000004
decision_type=2 2 2 2 2 2 2 2 2 2 2 2 2 2
left_child=-1 2 3 4 5 6 7 10 -9 -10 -2 -3 13 -13
right_child=1 11 -4 -5 -6 -7 -8 8 9 -11 -12 12 -14 -15
leaf_value=0.44196882072167526 -0.22377971519123427 -0.0075649504349412523 0.61194342913451027 -0.95135166406631477 0.87803103181917008 0.29867918904870749 -0.84842760106973492 -1.4090776987322449 0.39558020345866685 -0.71560712045830921 0.74581327812238185 -0.038146276054558934 -0.068523154553005727 1.8108612990316713
leaf_weight=37 42 631 25 41 32 62 55 27 30 39 42 25 90 27
leaf_count=37 42 631 25 41 32 62 55 27 30 39 42 25 90 27
internal_value=-0.000599447 -0.0153507 -0.146984 -0.201277 -0.102619 -0.213445 -0.349939 -0.189973 -0.58719 -0.234948 0.267087 0.0521191 0.313756 0.953426
internal_weight=1205 1168 395 370 329 297 235 180 96 69 84 773 142 52
internal_count=1205 1168 395 370 329 297 235 180 96 69 84 773 142 52
is_linear=0
shrinkage=0.035


Tree=162
num_leaves=15
num_cat=0
split_feature=0 0 1 4 0 1 4 12 3 2 0 0 0 2
split_gain=6390.59 35270.2 21907.6 23961.6 19962.7 39740 16817.3 14899.9 11510.3 11205 10322.9 11982.6 28163.8 17311.6
threshold=2987.0000000000005 2996.5000000000005 335.50000000000006 440.50000000000006 2842.5000000000005 174.50000000000003 3.5000000000000004 1.0000000180025095e-35 225.00000000000003 168.50000000000003 2830.5000000000005 2810.5000000000005 2787.0000000000005 262.50000000000006
decision_type=2 2 2 2 2 2 2 2 2 2 2 2 2 2
left_child=4 -2 3 6 9 7 -3 -6 -9 -1 11 12 -11 -13
right_child=1 2 -4 -5 5 -7 -8 8 -10 10 -12 13 -14 -15
leaf_value=0.68029187700440807 0.88085704790969066 0.13753520463194166 -0.94983137080073365 -0.31327909219881589 -0.63595167655497797 -1.4072390666523498 1.2404902311607644 -0.13214867960588605 0.73407433795928967 -0.031371290742083557 0.53562195668617885 -0.97493686478388941 1.0028461503982544 0.033173098806291823
leaf_weight=29 60 47 28 85 38 35 25 49 28 627 40 36 32 46
leaf_count=29 60 47 28 85 38 35 25 49 28 627 40 36 32 46
internal_value=-0.00052509 0.158281 -0.0829827 0.0816175 -0.0412985 -0.409364 0.543682 -0.0867985 0.193451 0.0277021 0.00179445 -0.0283864 0.0217311 -0.422087
internal_weight=1205 245 185 157 960 150 72 115 77 810 781 741 659 82
internal_count=1205 245 185 157 960 150 72 115 77 810 781 741 659 82
is_linear=0
shrinkage=0.035


Tree=163
num_leaves=15
num_cat=0
split_feature=14 3 1 3 13 0 13 4 2 8 1 2 2 2
split_gain=6415.07 7665.71 15614.2 18586 21379.1 24478.1 12883 12064.2 19618.6 10115.5 16576.9 13637.9 23432.7 13379.2
threshold=1.0000000180025095e-35 106.00000000000001 87.500000000000014 145.50000000000003 1.0000000180025095e-35 2989.5000000000005 1.0000000180025095e-35 343.50000000000006 234.50000000000003 1.0000000180025095e-35 68.500000000000014 268.50000000000006 241.50000000000003 286.50000000000006
decision_type=2 2 2 2 2 2 2 2 2 2 2 2 2 2
left_child=1 6 -3 -4 5 -5 9 -8 -9 -1 -11 12 -12 -13
right_child=-2 2 3 4 -6 -7 7 8 -10 10 11 13 -14 -15
leaf_value=0.14150030738568931 0.27251497908351352 -0.87736868536150137 -0.71570479168507617 -0.75346758971343175 1.0344260080213901 0.52911057669255479 -0.45804512690095345 -0.53237605555852263 0.6729611247294659 0.44727675455808646 0.024394473782901108 0.45877270108461382 -1.3549218527008506 -0.56768243372440341
leaf_weight=609 95 35 36 35 25 34 117 28 35 38 27 33 32 26
leaf_count=609 95 35 36 35 25 34 117 28 35 38 27 33 32 26
internal_value=-0.000460304 -0.0242712 -0.242876 -0.0613455 0.19895 -0.124371 0.0143302 -0.250435 0.137358 0.0771184 -0.172828 -0.37665 -0.743605 0.00265469
internal_weight=1205 1110 165 130 94 69 945 180 63 765 156 118 59 59
internal_count=1205 1110 165 130 94 69 945 180 63 765 156 118 59 59
is_linear=0
shrinkage=0.035


Tree=164
num_leaves=15
num_cat=0
split_feature=1 0 1 1 1 2 0 0 2 1 4 4 4 1
split_gain=6296.57 15381 18166 14054.1 13661 11811.1 11194.8 13254.3 14290.7 12187 10625.8 24190.6 15803.1 12450.4
threshold=269.00000000000006 2660.0000000000005 518.00000000000011 241.50000000000003 223.50000000000003 241.50000000000003 2626.5000000000005 2633.5000000000005 164.50000000000003 60.500000000000007 417.50000000000006 377.50000000000006 447.50000000000006 65.500000000000014
decision_type=2 2 2 2 2 2 2 2 2 2 2 2 2 2
left_child=3 -2 5 4 6 -3 9 -8 -9 -1 11 -10 -12 -14
right_child=1 2 -4 -5 -6 -7 7 8 10 -11 12 -13 13 -15
leaf_value=-0.9701473097503186 0.37361938848728093 0.16035192821242594 -1.1937295976653697 0.6817884441828117 -0.73108378163973509 -0.67092459431465945 0.64922890646891163 0.70034093923665386 0.0020962303641273257 0.042444868013262756 -0.69905920810997502 0.70251233244287792 -0.61505017592012889 0.057532753986154886
leaf_weight=26 39 53 26 37 28 32 42 35 485 30 54 67 38 213
leaf_count=26 39 53 26 37 28 32 42 35 485 30 54 67 38 213
internal_value=-0.000541546 -0.211172 -0.419615 0.0297488 0.00475953 -0.160829 0.0270033 0.0561892 0.0268759 -0.444929 -0.00219507 0.0893397 -0.167361 -0.0483497
internal_weight=1205 150 111 1055 1018 85 990 934 892 56 857 552 305 251
internal_count=1205 150 111 1055 1018 85 990 934 892 56 857 552 305 251
is_linear=0
shrinkage=0.035


Tree=165
num_leaves=15
num_cat=0
split_feature=2 9 1 4 1 0 1 1 1 2 0 2 2 5
split_gain=6267.41 8021.76 16765 48503.3 26324.6 11756.4 11299.2 17726.9 15231 13944.2 14625.1 43901.5 12289 17742.7
threshold=306.50000000000006 1.0000000180025095e-35 214.50000000000003 92.500000000000014 468.00000000000006 2787.0000000000005 66.500000000000014 63.500000000000007 68.500000000000014 216.50000000000003 2667.5000000000005 247.50000000000003 217.50000000000003 1.0000000180025095e-35
decision_type=2 2 2 2 2 2 2 2 2 2 2 2 2 2
left_child=1 2 6 -4 5 -5 7 9 -8 -1 -11 -12 13 -10
right_child=-2 -3 3 4 -6 -7 8 -9 12 10 11 -13 -14 -15
leaf_value=-0.76949098375108516 -0.52787053187688193 0.19847341846773148 -1.3643326517315799 -0.87334214020658429 0.98569052169444393 0.078155495470389719 0.90223242074251175 -0.8154148815707728 0.78249602834383658 -0.20756514058376738 1.4045051288153187 -0.30786604493856434 -0.037116643259995183 0.036086382198457924
leaf_weight=25 25 225 41 25 25 38 26 42 61 89 31 40 409 103
leaf_count=25 25 225 41 25 25 38 26 42 61 89 31 40 409 103
internal_value=-0.000610168 0.0114349 -0.0329545 -0.400814 0.0684403 -0.314677 0.0253252 -0.18395 0.104982 -0.0334031 0.0896905 0.457785 0.0657937 0.319797
internal_weight=1205 1180 955 129 88 63 826 227 599 185 160 71 573 164
internal_count=1205 1180 955 129 88 63 826 227 599 185 160 71 573 164
is_linear=0
shrinkage=0.035


Tree=166
num_leaves=15
num_cat=0
split_feature=3 3 3 0 16 4 1 2 2 9 1 2 2 1
split_gain=6334.51 11965.9 10189.2 14670.8 10723.7 12331.3 43260.3 29357.4 24608.9 23188.6 42045.3 10801.4 12676.5 9419.55
threshold=420.50000000000006 328.50000000000006 106.00000000000001 3116.0000000000005 1.0000000180025095e-35 57.500000000000007 393.00000000000006 168.50000000000003 229.50000000000003 1.0000000180025095e-35 88.500000000000014 287.50000000000006 299.50000000000006 99.500000000000014
decision_type=2 2 2 2 2 2 2 2 2 2 2 2 2 2
left_child=1 2 3 4 5 6 8 -7 -1 10 -10 -11 -13 -6
right_child=-2 -3 -4 -5 13 7 -8 -9 9 11 -12 12 -14 -15
leaf_value=0.81042465060949331 -0.5306938577581336 0.5469814898286548 -0.31523693168951461 0.65719176294606962 0.076811695677930864 1.0724630193412306 -1.5749934281243221 -0.014622311228137596 -0.14290393221378328 0.67142024299412073 -1.7592596489191057 -0.64576717869988809 0.37323426465834342 0.82106423469150769
leaf_weight=30 25 47 119 41 55 30 25 620 68 31 26 27 29 32
leaf_count=30 25 47 119 41 55 30 25 620 68 31 26 27 29 32
internal_value=-0.000618701 0.0114907 -0.0116477 0.024531 -0.00342124 -0.0401241 -0.255689 0.0386867 -0.086052 -0.241872 -0.617318 0.168538 -0.123396 0.362859
internal_weight=1205 1180 1133 1014 973 886 236 650 211 181 94 87 56 87
internal_count=1205 1180 1133 1014 973 886 236 650 211 181 94 87 56 87
is_linear=0
shrinkage=0.035


Tree=167
num_leaves=15
num_cat=0
split_feature=2 16 4 1 2 3 0 0 12 1 2 2 0 4
split_gain=6132.02 7601.57 11715.3 24365.8 14644.8 18890.6 14238.8 29008.8 16241.4 26022.9 13193.2 12975 10627.9 10454.7
threshold=306.50000000000006 1.0000000180025095e-35 56.500000000000007 475.50000000000006 168.50000000000003 14.500000000000002 2642.5000000000005 2706.0000000000005 1.0000000180025095e-35 115.50000000000001 190.50000000000003 199.50000000000003 2651.5000000000005 1.0000000180025095e-35
decision_type=2 2 2 2 2 2 2 2 2 2 2 2 2 2
left_child=1 2 3 6 5 -4 -1 12 13 -10 -6 -12 -8 -9
right_child=-2 -3 4 -5 10 -7 7 8 9 -11 11 -13 -14 -15
leaf_value=0.54932016054789234 -0.52212862407719651 0.29411817848401256 1.2210247078846241 -1.186324778571725 -0.5307446365730436 -0.050075609703858701 -0.30492802637238658 0.12415146658497474 1.0758903696801929 -0.077354668623780556 0.75248614566295513 0.019408028024049312 -1.2331273824638791 -0.73672558025615986
leaf_weight=34 25 104 27 26 49 28 29 29 34 71 29 647 34 39
leaf_count=34 25 104 27 26 49 28 29 29 34 71 29 647 34 39
internal_value=-0.000594372 0.0113199 -0.0165088 -0.203217 0.0546833 0.594868 -0.100521 -0.197972 0.0384463 0.309207 0.0121801 0.0529836 -0.82839 -0.376529
internal_weight=1205 1180 1076 296 780 55 270 236 173 105 725 676 63 68
internal_count=1205 1180 1076 296 780 55 270 236 173 105 725 676 63 68
is_linear=0
shrinkage=0.035


Tree=168
num_leaves=15
num_cat=0
split_feature=0 0 1 4 2 3 0 1 4 12 3 3 2 0
split_gain=6354.49 33040.2 19519.4 23252.4 19304.8 37878.5 18661.5 35581.6 18313.1 13690.8 10700.6 10076.9 9897.96 15344.7
threshold=2987.0000000000005 2996.5000000000005 335.50000000000006 668.50000000000011 266.50000000000006 127.00000000000001 2842.5000000000005 174.50000000000003 417.50000000000006 1.0000000180025095e-35 225.00000000000003 106.00000000000001 286.50000000000006 2823.5000000000005
decision_type=2 2 2 2 2 2 2 2 2 2 2 2 2 2
left_child=6 11 3 4 5 -3 12 9 -6 -8 -11 -2 13 -1
right_child=1 2 -4 -5 8 -7 7 -9 -10 10 -12 -13 -14 -15
leaf_value=0.03178295867691202 1.3732584506494028 1.6732340329885484 -0.89405903678139054 -0.85870355199884496 0.30067914771252974 -0.051067877927341979 -0.6180357126370073 -1.3413942198495608 -0.8307980936765671 -0.1365531160550959 0.69843364071846015 0.43410831058347549 -0.25204450944946571 0.66307828578294492
leaf_weight=631 25 26 28 25 45 35 38 35 26 49 28 35 130 49
leaf_count=631 25 26 28 25 45 35 38 35 26 49 28 35 130 49
internal_value=-0.000608658 0.157748 -0.0758083 0.0795322 0.267393 0.713667 -0.0412666 -0.397133 -0.125074 -0.0917319 0.177073 0.857097 0.0254504 0.0790845
internal_weight=1205 245 185 157 132 61 960 150 71 115 77 60 810 680
internal_count=1205 245 185 157 132 61 960 150 71 115 77 60 810 680
is_linear=0
shrinkage=0.035


Tree=169
num_leaves=15
num_cat=0
split_feature=17 12 2 1 8 2 16 2 13 2 9 2 4 1
split_gain=5965.97 7532.76 13356.4 30440.4 17722.2 14604.6 10782.7 11777.1 18720.1 14091.4 10169.7 27167.6 35722.6 19977
threshold=1.0000000180025095e-35 1.0000000180025095e-35 216.50000000000003 87.500000000000014 1.0000000180025095e-35 231.50000000000003 1.0000000180025095e-35 242.50000000000003 1.0000000180025095e-35 258.50000000000006 1.0000000180025095e-35 268.50000000000006 31.000000000000004 139.50000000000003
decision_type=2 2 2 2 2 2 2 2 2 2 2 2 2 2
left_child=-1 2 3 -2 5 -4 7 -7 9 -9 13 12 -12 -3
right_child=1 10 4 -5 -6 6 -8 8 -10 -11 11 -13 -14 -15
leaf_value=0.42527425995239848 -1.4993673542693811 0.10173091173391133 0.73741189042727151 -0.057774275280535227 -0.61360922210194446 -0.74684177232511129 0.41870346394771679 0.74060936560806556 -0.72538529157638554 -0.072597290982492263 0.00029101164252669725 -0.046275276109437519 1.8363850045204164 -0.35139711751690456
leaf_weight=37 25 474 34 54 52 31 51 37 33 78 25 92 25 157
leaf_count=37 25 474 34 54 52 31 51 37 33 78 25 92 25 157
internal_value=-0.000576223 -0.0147703 -0.138724 -0.539732 -0.0357078 0.0818791 -0.0205474 -0.148941 -0.0154167 0.197231 0.0487641 0.314169 0.953659 -0.0117666
internal_weight=1205 1168 395 79 316 264 230 179 148 115 773 142 50 631
internal_count=1205 1168 395 79 316 264 230 179 148 115 773 142 50 631
is_linear=0
shrinkage=0.035


Tree=170
num_leaves=15
num_cat=0
split_feature=0 0 1 4 0 1 1 1 3 2 2 0 0 0
split_gain=6163.38 30954.6 18349.2 23477.3 17260.7 33212 14144.5 13353.1 9349.17 9251.68 9008.41 8672.32 11775.8 25732.4
threshold=2987.0000000000005 2996.5000000000005 313.50000000000006 440.50000000000006 2842.5000000000005 174.50000000000003 176.50000000000003 70.500000000000014 106.00000000000001 168.50000000000003 266.50000000000006 2830.5000000000005 2810.5000000000005 2787.0000000000005
decision_type=2 2 2 2 2 2 2 2 2 2 2 2 2 2
left_child=4 8 3 6 9 7 -3 -6 -2 -1 -5 12 13 -11
right_child=1 2 -4 10 5 -7 -8 -9 -10 11 -12 -13 -14 -15
leaf_value=0.61656342260299202 1.3297259712660756 0.12993305200090013 -0.80642461265272958 -0.052834645846197688 -0.72520362230141966 -1.2951126040639105 1.1428129459222161 0.12903203621339263 0.4243554502886695 -0.02870007654807467 -0.82462581101391053 0.48933423896630607 -0.4179090141753356 0.95986814393716702
leaf_weight=29 25 40 32 60 28 35 28 87 35 627 25 40 82 32
leaf_count=29 25 40 32 60 28 35 28 87 35 627 25 40 82 32
internal_value=-0.000547523 0.15541 -0.0706818 0.0916189 -0.0405895 -0.382838 0.567737 -0.0877971 0.832319 0.0235767 -0.293571 3.93992e-05 -0.0276194 0.0220623
internal_weight=1205 245 185 153 960 150 68 115 60 810 85 781 741 659
internal_count=1205 245 185 153 960 150 68 115 60 810 85 781 741 659
is_linear=0
shrinkage=0.035


Tree=171
num_leaves=15
num_cat=0
split_feature=0 0 1 4 1 4 0 0 0 2 0 1 1 1
split_gain=5841.68 42666.4 17159.8 21966.9 15995.3 14186.4 13171.5 10741.3 13267.3 17608.1 12538.2 11294.4 9942.73 26207.2
threshold=2989.5000000000005 2996.5000000000005 313.50000000000006 440.50000000000006 190.50000000000003 3.5000000000000004 2651.5000000000005 2626.5000000000005 2642.5000000000005 223.50000000000003 2643.5000000000005 60.500000000000007 59.500000000000007 66.500000000000014
decision_type=2 2 2 2 2 2 2 2 2 2 2 2 2 2
left_child=4 -2 3 5 7 -3 -6 11 9 -9 -10 -1 -12 -14
right_child=1 2 -4 -5 6 -7 -8 8 10 -11 12 -13 13 -15
leaf_value=-0.93294898554682737 1.166712289551894 0.14696620430548987 -0.77986003354191791 -0.2840016600892119 0.16787844990491868 1.1787493768886286 -0.49760071851260274 1.1928331356357647 -0.62253609046742731 0.17116787307439968 0.4535335199302063 0.041800556443631655 -0.63921279835700995 0.088026322670183121
leaf_weight=26 40 43 32 85 48 25 139 25 35 92 62 30 68 455
leaf_count=26 40 43 32 85 48 25 139 25 35 92 62 30 68 455
internal_value=-0.000466256 0.159552 -0.0683619 0.0885908 -0.0374552 0.549139 -0.326814 0.0314299 0.0673501 0.405851 0.0023721 -0.427327 0.0417535 -0.00860356
internal_weight=1205 225 185 153 980 68 187 793 737 117 620 56 585 523
internal_count=1205 225 185 153 980 68 187 793 737 117 620 56 585 523
is_linear=0
shrinkage=0.035


Tree=172
num_leaves=15
num_cat=0
split_feature=2 9 1 4 2 15 2 0 2 2 14 0 0 0
split_gain=5826.47 8349.59 14984.7 41582.2 24254.1 10174.1 10025 11421.1 9176.48 17782.7 14032 11001 19709.8 18446.3
threshold=306.50000000000006 1.0000000180025095e-35 214.50000000000003 92.500000000000014 180.50000000000003 1.0000000180025095e-35 279.50000000000006 2651.5000000000005 254.50000000000003 259.50000000000006 1.0000000180025095e-35 2810.5000000000005 2706.0000000000005 2693.0000000000005
decision_type=2 2 2 2 2 2 2 2 2 2 2 2 2 2
left_child=1 2 5 -4 -5 8 7 -3 10 -10 11 12 13 -1
right_child=-2 6 3 4 -6 -7 -8 -9 9 -11 -12 -13 -14 -15
leaf_value=0.14690899882051681 -0.5087752840033285 0.98415271318320074 -1.2739590135909793 0.84895808516010174 -0.35344158185310054 0.60501957488059999 -0.031054159976703969 0.20429212489760068 -0.85907059669494634 -0.053413791277578899 0.73985691708487444 -0.176146524073901 0.67873153290152555 -0.69820258560933568
leaf_weight=187 25 31 41 29 59 33 113 81 37 243 35 187 68 36
leaf_count=187 25 31 41 29 59 33 113 81 37 243 35 187 68 36
internal_value=-0.000400558 0.0112127 -0.0340738 -0.381851 0.052864 0.0210313 0.202035 0.433625 -0.00473184 -0.165213 0.0831618 0.032195 0.166366 0.0054849
internal_weight=1205 1180 955 129 88 826 225 112 793 280 513 478 291 223
internal_count=1205 1180 955 129 88 826 225 112 793 280 513 478 291 223
is_linear=0
shrinkage=0.035


Tree=173
num_leaves=15
num_cat=0
split_feature=0 0 1 4 2 3 0 1 4 12 3 2 3 0
split_gain=5787.37 27589.7 15766.9 20787.6 17837.2 35626.2 15757.9 30329 15463.4 12399.7 9899.25 8719.16 8430.23 8347.71
threshold=2987.0000000000005 2996.5000000000005 335.50000000000006 668.50000000000011 266.50000000000006 127.00000000000001 2842.5000000000005 174.50000000000003 417.50000000000006 1.0000000180025095e-35 225.00000000000003 168.50000000000003 106.00000000000001 2830.5000000000005
decision_type=2 2 2 2 2 2 2 2 2 2 2 2 2 2
left_child=6 12 3 4 5 -3 11 9 -6 -8 -11 -1 -2 -13
right_child=1 2 -4 -5 8 -7 7 -9 -10 10 -12 13 -14 -15
leaf_value=0.59780480923191193 1.2621134494962518 1.6140288263559344 -0.79816986064116169 -0.81033016772733801 0.26870093848794069 -0.057785404163437921 -0.58513985735177998 -1.2379652090813664 -0.77112136438488965 -0.13017018098457186 0.67296972012519851 -0.027845481560323616 0.40245138384200435 0.47934081951777141
leaf_weight=29 25 26 28 25 45 35 38 35 26 49 28 741 35 40
leaf_count=29 25 26 28 25 45 35 38 35 26 49 28 741 35 40
internal_value=-0.000371812 0.150753 -0.0627365 0.0768137 0.25442 0.683409 -0.0391734 -0.366184 -0.122773 -0.0842323 0.171524 0.0221368 0.789803 -0.000711211
internal_weight=1205 245 185 157 132 61 960 150 71 115 77 810 60 781
internal_count=1205 245 185 157 132 61 960 150 71 115 77 810 60 781
is_linear=0
shrinkage=0.035


Tree=174
num_leaves=15
num_cat=0
split_feature=17 9 2 4 1 4 2 1 1 2 1 6 12 2
split_gain=5527.22 6743.55 15198.1 37863 14877.4 39607.5 27171.5 10606.8 7722.91 13150.4 9662.73 16613.7 11984.2 26459.8
threshold=1.0000000180025095e-35 1.0000000180025095e-35 269.50000000000006 50.500000000000007 214.50000000000003 92.500000000000014 180.50000000000003 189.50000000000003 137.50000000000003 238.50000000000003 102.50000000000001 1.0000000180025095e-35 1.0000000180025095e-35 216.50000000000003
decision_type=2 2 2 2 2 2 2 2 2 2 2 2 2 2
left_child=-1 4 3 -3 7 -6 -7 8 10 -10 12 -12 13 -2
right_child=1 2 -4 -5 5 6 -8 -9 9 -11 11 -13 -14 -15
leaf_value=0.40958430339128549 -1.1353511032793258 -0.037038648423721204 -0.053127732519083509 1.528568190733592 -1.2869970818112295 0.90530506294349156 -0.40312974119590506 0.64519031825661666 0.043656492382287977 -0.91468760166918084 0.079315767512871685 1.0086309846721848 0.060857291691796982 -0.086764472482090238
leaf_weight=37 34 51 149 28 40 27 57 28 40 29 128 27 365 165
leaf_count=37 34 51 149 28 40 27 57 28 40 29 128 27 365 165
internal_value=-0.000307832 -0.0139704 0.155964 0.541901 -0.0554321 -0.409402 0.0287115 -0.000773063 -0.0253014 -0.373546 0.00906195 0.251983 -0.0583528 -0.275434
internal_weight=1205 1168 228 79 940 124 84 816 788 69 719 155 564 199
internal_count=1205 1168 228 79 940 124 84 816 788 69 719 155 564 199
is_linear=0
shrinkage=0.035


Tree=175
num_leaves=15
num_cat=0
split_feature=16 0 4 4 4 9 1 4 4 12 2 2 4 2
split_gain=5613.39 8268.84 7077.16 13695.2 14341.9 11594.5 29138 67697.1 26384.2 23631.4 34148.8 24537.1 21601 15882.6
threshold=1.0000000180025095e-35 2911.0000000000005 377.50000000000006 435.50000000000006 447.50000000000006 1.0000000180025095e-35 112.50000000000001 92.500000000000014 261.50000000000006 1.0000000180025095e-35 223.50000000000003 242.50000000000003 4.5000000000000009 258.50000000000006
decision_type=2 2 2 2 2 2 2 2 2 2 2 2 2 2
left_child=2 -2 5 -4 -5 6 9 12 -9 11 -11 -1 -8 -13
right_child=1 -3 3 4 -6 -7 7 8 -10 10 -12 13 -14 -15
leaf_value=-1.1093301386099597 0.45557863925417813 -0.17391273462772372 0.38806012501474474 -0.7960548061132432 0.031245176899201664 0.10748969138706249 -0.83702242814442696 0.84489186104266878 -0.41997806932391796 1.3709518408775332 0.038189925401416046 0.66342039231900818 -2.2708650786788378 -0.41966431364070544
leaf_weight=37 71 38 126 26 307 217 32 29 56 26 149 25 25 41
leaf_count=37 71 38 126 26 307 217 32 29 56 26 149 25 25 41
internal_value=-0.000252747 0.236944 -0.0242311 0.0803404 -0.0377157 -0.0995974 -0.206595 -0.610689 0.021068 0.00270086 0.249454 -0.413306 -1.52156 -0.00195904
internal_weight=1205 109 1096 459 333 637 420 142 85 278 175 103 57 66
internal_count=1205 109 1096 459 333 637 420 142 85 278 175 103 57 66
is_linear=0
shrinkage=0.035


Tree=176
num_leaves=15
num_cat=0
split_feature=0 0 1 0 1 4 2 3 4 2 4 0 0 2
split_gain=5904.65 26164.9 14629.7 22680.6 14250.8 20214.7 15543.1 32777.7 15641.7 11783.9 11156.3 10177.3 12386.3 16400.9
threshold=2987.0000000000005 2996.5000000000005 190.50000000000003 2842.5000000000005 313.50000000000006 668.50000000000011 266.50000000000006 127.00000000000001 417.50000000000006 181.50000000000003 134.00000000000003 2626.5000000000005 2642.5000000000005 234.50000000000003
decision_type=2 2 2 2 2 2 2 2 2 2 2 2 2 2
left_child=2 -2 11 9 5 6 7 -3 -8 -4 -11 -1 13 -13
right_child=1 4 3 -5 -6 -7 8 -9 -10 10 -12 12 -14 -15
leaf_value=-0.42288018941879274 0.77459818911167899 1.5547274166345597 0.42443294672405019 -1.2263066585631721 -0.70410893739146352 -0.78554776474281596 0.32118931343735657 -0.049189934907732789 -0.74234290100634104 -0.10987585917115213 -0.91197921177436581 0.99772176828537451 -0.0042115452126772323 0.10689411669969559
leaf_weight=56 60 26 32 27 32 25 41 35 26 82 27 35 619 82
leaf_count=56 60 26 32 27 32 25 41 35 26 82 27 35 619 82
internal_value=-0.000367256 0.152281 -0.03956 -0.334171 -0.0556771 0.087278 0.267214 0.662101 -0.101079 -0.148575 -0.321414 0.0236176 0.0586442 0.385671
internal_weight=1205 245 960 168 185 153 128 61 67 141 109 792 736 117
internal_count=1205 245 960 168 185 153 128 61 67 141 109 792 736 117
is_linear=0
shrinkage=0.035


Tree=177
num_leaves=15
num_cat=0
split_feature=0 0 1 4 2 3 4 1 1 4 4 0 0 2
split_gain=5565.7 36078.5 13340.9 18393.4 15441.3 30680.6 13622.6 13046.4 11884.2 18235.9 33542.6 9627.54 11350.3 15400.2
threshold=2989.5000000000005 2996.5000000000005 335.50000000000006 668.50000000000011 266.50000000000006 127.00000000000001 417.50000000000006 190.50000000000003 241.50000000000003 50.500000000000007 261.50000000000006 2626.5000000000005 2642.5000000000005 223.50000000000003
decision_type=2 2 2 2 2 2 2 2 2 2 2 2 2 2
left_child=7 -2 3 4 5 -3 -6 11 -9 -10 -11 -1 13 -13
right_child=1 2 -4 -5 6 -7 -8 8 9 10 -12 12 -14 -15
leaf_value=-0.40858973988171288 1.0819178571303687 1.5041987881064416 -0.73039502918347721 -0.76009018818537399 0.25768049858986064 -0.047561335338128584 -0.71821674451231965 -0.64394492390993485 -0.57300373063367971 1.1307829307392241 -0.41051873501978425 1.1087304016175095 -0.00036166770121687578 0.15351166396223487
leaf_weight=56 40 26 28 25 45 35 26 72 49 30 36 25 620 92
leaf_count=56 40 26 28 25 45 35 26 72 49 30 36 25 620 92
internal_value=-0.000399455 0.155793 -0.0538801 0.074442 0.241483 0.6406 -0.109577 -0.0365042 -0.297829 -0.0738278 0.302726 0.025714 0.0597305 0.372822
internal_weight=1205 225 185 157 132 61 71 980 187 115 66 793 737 117
internal_count=1205 225 185 157 132 61 71 980 187 115 66 793 737 117
is_linear=0
shrinkage=0.035


Tree=178
num_leaves=15
num_cat=0
split_feature=16 0 9 4 1 2 4 0 2 2 0 4 1 1
split_gain=5415.76 7684.9 6956.97 24894 64187.6 45397.1 17293.1 16713.3 14898.9 14182.7 11467.1 10501.5 6844.42 6648.45
threshold=1.0000000180025095e-35 2911.0000000000005 1.0000000180025095e-35 148.50000000000003 108.50000000000001 228.50000000000003 13.000000000000002 2989.5000000000005 164.50000000000003 287.50000000000006 2837.5000000000005 238.50000000000003 69.500000000000014 65.500000000000014
decision_type=2 2 2 2 2 2 2 2 2 2 2 2 2 2
left_child=2 12 3 4 5 -1 -6 9 -5 10 -4 -10 -2 -13
right_child=1 -3 7 8 6 -7 -8 -9 11 -11 -12 13 -14 -15
leaf_value=1.3072664332389832 0.86217510743387815 -0.16358453845977783 0.52229648803671203 0.63108105547884685 -0.73877036233743043 -0.29646326909410325 -1.9170214134057364 0.78962936506038761 0.59405219439304247 -0.32477092644725658 -0.31742603272199632 -0.272477486260294 0.16010355029417123 0.011644966691974703
leaf_weight=26 27 38 70 45 40 93 28 39 31 83 26 125 44 490
leaf_count=26 27 38 70 45 40 93 28 39 31 83 26 125 44 490
internal_value=-0.000330721 0.232653 -0.0238831 -0.0678527 -0.423807 0.0697475 -1.26484 0.152212 0.0294217 0.00614304 0.293035 -0.014308 0.443395 -0.0467995
internal_weight=1205 109 1096 878 187 119 68 218 691 179 96 646 71 615
internal_count=1205 109 1096 878 187 119 68 218 691 179 96 646 71 615
is_linear=0
shrinkage=0.035


Tree=179
num_leaves=15
num_cat=0
split_feature=2 9 1 4 1 0 15 2 0 0 2 2 14 12
split_gain=5312.81 7503.86 11310.6 30374.2 20101.4 10183.5 9755.95 8564.11 9462.18 8427.23 8140.78 17540.6 12829.7 10782.9
threshold=306.50000000000006 1.0000000180025095e-35 214.50000000000003 92.500000000000014 468.00000000000006 2787.0000000000005 1.0000000180025095e-35 279.50000000000006 2651.5000000000005 2859.0000000000005 254.50000000000003 259.50000000000006 1.0000000180025095e-35 1.0000000180025095e-35
decision_type=2 2 2 2 2 2 2 2 2 2 2 2 2 2
left_child=1 2 6 -4 5 -5 10 8 -3 -10 12 -12 -1 -13
right_child=-2 7 3 4 -6 -7 -8 -9 9 -11 11 13 -14 -15
leaf_value=0.024642731796329226 -0.4857188960909844 0.90704153498013829 -1.0967044578735219 -0.8167478168452228 0.83939600926858415 0.068972349330782889 0.58763303709030146 -0.023799207680899166 -0.17028437407278435 0.52969463632865388 -0.84969837677784454 -0.37138088688254361 0.70126801595494559 0.11685719318756481
leaf_weight=478 25 31 41 25 25 38 33 113 39 42 37 82 35 161
leaf_count=478 25 31 41 25 25 38 33 113 39 42 37 82 35 161
internal_value=-0.000269979 0.0108194 -0.0321127 -0.334259 0.0374488 -0.29682 0.0157682 0.19172 0.405766 0.196686 -0.0094479 -0.16059 0.0733503 -0.0495848
internal_weight=1205 1180 955 129 88 63 826 225 112 81 793 280 513 243
internal_count=1205 1180 955 129 88 63 826 225 112 81 793 280 513 243
is_linear=0
shrinkage=0.035


Tree=180
num_leaves=15
num_cat=0
split_feature=3 3 3 0 3 2 3 16 1 1 4 1 2 2
split_gain=5364.66 11322.2 6448.7 13795.1 8517.22 11575.9 8648.42 8377.92 9072.48 8880.87 7942.02 35224 22656.8 22383.2
threshold=420.50000000000006 339.50000000000006 106.00000000000001 3116.0000000000005 130.50000000000003 234.50000000000003 173.50000000000003 1.0000000180025095e-35 99.500000000000014 69.500000000000014 57.500000000000007 393.00000000000006 229.50000000000003 168.50000000000003
decision_type=2 2 2 2 2 2 2 2 2 2 2 2 2 2
left_child=1 2 3 7 -4 -6 -7 10 9 -9 11 12 -1 -12
right_child=-2 -3 4 -5 5 6 -8 8 -10 -11 13 -13 -14 -15
leaf_value=0.79987384691834462 -0.48807461782738021 0.57524085015058524 -0.78398493904620425 0.63310843588307852 -0.47319360148906708 0.7104542584924235 -0.16560711548246188 0.4439538689390306 0.76578558886752413 -0.41607885360717778 0.92604122005403056 -1.4033055558028047 -0.20970975227043281 -0.023156856521724507
leaf_weight=30 25 40 26 41 48 25 27 29 32 26 30 25 181 620
leaf_count=30 25 40 26 41 48 25 27 29 32 26 30 25 181 620
internal_value=-0.000262785 0.0108806 -0.00989429 0.0196184 -0.243997 -0.0909806 0.26629 -0.0074783 0.316282 0.037059 -0.0399104 -0.2129 -0.0600043 0.0233585
internal_weight=1205 1180 1140 1014 126 100 52 973 87 55 886 236 211 650
internal_count=1205 1180 1140 1014 126 100 52 973 87 55 886 236 211 650
is_linear=0
shrinkage=0.035


Tree=181
num_leaves=15
num_cat=0
split_feature=2 9 1 4 2 1 1 1 2 4 0 1 15 2
split_gain=5077.67 7191.91 10472.7 27568.1 18880.9 9426.28 15563 13777.2 13026.4 13325.8 19356.2 16438.8 10994.5 9553.6
threshold=306.50000000000006 1.0000000180025095e-35 214.50000000000003 92.500000000000014 180.50000000000003 66.500000000000014 63.500000000000007 68.500000000000014 216.50000000000003 403.50000000000006 2667.5000000000005 52.500000000000007 1.0000000180025095e-35 236.50000000000003
decision_type=2 2 2 2 2 2 2 2 2 2 2 2 2 2
left_child=1 2 5 -4 -5 6 8 -7 -1 10 11 -10 13 -9
right_child=-2 -3 3 4 -6 7 -8 12 9 -11 -12 -13 -14 -15
leaf_value=-0.74675871372222913 -0.47478661250185089 0.18773933561789571 -1.0484976604095726 0.73475232606933971 -0.32608055972662131 0.84564024657011039 -0.76811528810045948 0.16610172896892175 -0.63816159760250768 -0.39393382972478869 0.84634398408558065 0.42152111544420851 0.68068629841320227 -0.12675034972233373
leaf_weight=25 25 225 41 29 59 26 42 259 32 48 44 36 30 284
leaf_count=25 25 225 41 29 59 26 42 259 32 48 44 36 30 284
internal_value=-0.000201888 0.0106392 -0.0313911 -0.32213 0.0320712 0.0146832 -0.176437 0.0874573 -0.0353318 0.0836756 0.291685 -0.0811385 0.0502329 0.0130311
internal_weight=1205 1180 955 129 88 826 227 599 185 160 112 68 573 543
internal_count=1205 1180 955 129 88 826 227 599 185 160 112 68 573 543
is_linear=0
shrinkage=0.035


Tree=182
num_leaves=15
num_cat=0
split_feature=3 3 3 0 3 2 16 1 1 4 1 2 9 1
split_gain=5175.99 10439.9 6177.8 13091.3 8315.82 10188 7886.27 8570.74 8244.48 7443.96 32065.2 21546.9 21833.4 35313.4
threshold=420.50000000000006 339.50000000000006 106.00000000000001 3116.0000000000005 236.50000000000003 235.50000000000003 1.0000000180025095e-35 99.500000000000014 69.500000000000014 57.500000000000007 393.00000000000006 229.50000000000003 1.0000000180025095e-35 88.500000000000014
decision_type=2 2 2 2 2 2 2 2 2 2 2 2 2 2
left_child=1 2 3 6 5 -4 9 8 -8 10 11 -1 13 -13
right_child=-2 -3 4 -5 -6 -7 7 -9 -10 -11 -12 12 -14 -15
leaf_value=0.77877919115126137 -0.47938904409055361 0.55263685107231142 -0.96742850727048413 0.61728453486464752 0.17271386305491132 -0.15917664784632746 0.42801380668917011 0.74426516720039015 -0.4006332910060883 0.023036702093354032 -1.341476738717821 -0.13530141937732698 0.19196861112385655 -1.6167871820926669
leaf_weight=30 25 40 27 41 40 59 29 32 26 650 25 68 87 26
leaf_count=30 25 40 27 41 40 59 29 32 26 650 25 68 87 26
internal_value=-0.000231957 0.0107136 -0.00923574 0.0196496 -0.238369 -0.42915 -0.00674793 0.307368 0.0359771 -0.038215 -0.205693 -0.0597887 -0.20577 -0.57022
internal_weight=1205 1180 1140 1014 126 86 973 87 55 886 236 211 181 94
internal_count=1205 1180 1140 1014 126 86 973 87 55 886 236 211 181 94
is_linear=0
shrinkage=0.035


Tree=183
num_leaves=15
num_cat=0
split_feature=0 0 0 1 1 4 4 1 13 12 4 0 2 2
split_gain=4967.16 23931.7 14511.8 24058.2 12369.9 18082.1 13451.6 11451.6 8521.48 13714.2 12734.8 15834.7 14557.7 12511.7
threshold=2987.0000000000005 2996.5000000000005 2842.5000000000005 174.50000000000003 313.50000000000006 440.50000000000006 3.5000000000000004 70.500000000000014 1.0000000180025095e-35 1.0000000180025095e-35 535.00000000000011 2787.0000000000005 196.50000000000003 264.50000000000006
decision_type=2 2 2 2 2 2 2 2 2 2 2 2 2 2
left_child=2 -2 8 7 5 6 -3 -4 10 -10 12 -12 -1 -11
right_child=1 4 3 -5 -6 -7 -8 -9 9 13 11 -13 -14 -15
leaf_value=0.58689282443660962 0.73487074207394354 0.10255362491144075 -0.68863747664292652 -1.1266316638443923 -0.66321685819064879 -0.2638154301903714 1.1047420140548989 0.1026127602009291 -0.57869717764681672 0.41527813473614783 0.013097500562667848 1.1155061476845896 -0.026197721621509629 -0.39854492762684829
leaf_weight=50 60 43 28 35 32 85 25 87 67 53 33 29 540 38
leaf_count=50 60 43 28 35 32 85 25 87 67 53 33 29 540 38
internal_value=-0.000316141 0.139691 -0.0362632 -0.350079 -0.0591357 0.0741355 0.492042 -0.0985179 0.0225699 -0.206448 0.0785296 0.547486 0.0275663 0.0741774
internal_weight=1205 245 960 150 185 153 68 115 810 158 652 62 590 91
internal_count=1205 245 960 150 185 153 68 115 810 158 652 62 590 91
is_linear=0
shrinkage=0.035


Tree=184
num_leaves=15
num_cat=0
split_feature=17 9 2 4 1 4 2 1 1 2 1 6 1 4
split_gain=4988.6 5813.92 13034.5 33591.1 10209.4 26044.8 21600.5 9179.23 6869.5 10519.8 8918.57 15876.8 10354.8 25635.3
threshold=1.0000000180025095e-35 1.0000000180025095e-35 269.50000000000006 50.500000000000007 214.50000000000003 92.500000000000014 180.50000000000003 189.50000000000003 137.50000000000003 238.50000000000003 102.50000000000001 1.0000000180025095e-35 112.50000000000001 390.50000000000006
decision_type=2 2 2 2 2 2 2 2 2 2 2 2 2 2
left_child=-1 4 3 -3 7 -6 -7 8 10 -10 -2 12 13 -12
right_child=1 2 -4 -5 5 6 -8 -9 9 -11 11 -13 -14 -15
leaf_value=0.38912821135459802 -0.061595198383337622 -0.043053264764119997 -0.049110447509300631 1.4312962737083437 -1.0566235735019049 0.79248730801045897 -0.37410186411970758 0.59447477185726172 0.016529683892925584 -0.84165603851118398 1.2034522973111383 0.97617208678146894 -0.18710997960989989 -0.31722277671098714
leaf_weight=37 564 51 149 28 40 27 57 28 40 29 25 27 77 26
leaf_count=37 564 51 149 28 40 27 57 28 40 29 25 27 77 26
internal_value=-0.000280144 -0.0132599 0.144528 0.501939 -0.0517575 -0.344985 0.0105828 -0.00646388 -0.029268 -0.357705 0.00315589 0.23655 0.0679176 0.44549
internal_weight=1205 1168 228 79 940 124 84 816 788 69 719 155 128 51
internal_count=1205 1168 228 79 940 124 84 816 788 69 719 155 128 51
is_linear=0
shrinkage=0.035


Tree=185
num_leaves=15
num_cat=0
split_feature=2 16 1 9 4 1 2 4 4 2 2 1 2 15
split_gain=4974.57 6445.89 10747.6 8459 20095.2 53136.4 39629.5 16576.3 12482.8 10038.1 9642.59 7982.29 7084.49 9520.49
threshold=306.50000000000006 1.0000000180025095e-35 99.500000000000014 1.0000000180025095e-35 148.50000000000003 108.50000000000001 228.50000000000003 13.000000000000002 238.50000000000003 164.50000000000003 241.50000000000003 72.500000000000014 181.50000000000003 1.0000000180025095e-35
decision_type=2 2 2 2 2 2 2 2 2 2 2 2 2 2
left_child=1 3 11 4 5 6 -1 -7 -6 -10 -5 -3 -11 -14
right_child=-2 2 -4 10 8 7 -8 -9 9 12 -12 -13 13 -15
leaf_value=1.2229802078008651 -0.46986894969586979 0.30043567323022419 0.6659377947449685 0.73465342467481443 0.65986176838477462 -0.63930919806162523 -0.27542108819359229 -1.7823911274274193 0.51374990517894437 -0.58947791695594798 0.081099680856207002 -0.49580665455924144 -0.050330939506180596 0.62257584624820295
leaf_weight=26 25 34 45 31 34 40 93 28 40 26 175 25 558 25
leaf_count=26 25 34 45 31 34 40 93 28 40 26 175 25 558 25
internal_value=-0.00012692 0.0106034 0.271019 -0.0150229 -0.0628359 -0.382245 0.066764 -1.14747 0.0254764 -0.00968305 0.185568 -0.0421491 -0.045632 -0.0194458
internal_weight=1205 1180 104 1076 870 187 119 68 683 649 206 59 609 583
internal_count=1205 1180 104 1076 870 187 119 68 683 649 206 59 609 583
is_linear=0
shrinkage=0.035


Tree=186
num_leaves=15
num_cat=0
split_feature=3 3 3 0 3 9 16 1 1 1 0 2 2 2
split_gain=4980.55 9753.54 5939.58 12274 7578.64 10780.5 7231.74 7524.8 7330.46 7129.82 20467.4 29097.8 24864 34613.7
threshold=420.50000000000006 339.50000000000006 106.00000000000001 3116.0000000000005 130.50000000000003 1.0000000180025095e-35 1.0000000180025095e-35 99.500000000000014 69.500000000000014 86.500000000000014 2626.5000000000005 213.50000000000003 227.50000000000003 250.50000000000003
decision_type=2 2 2 2 2 2 2 2 2 2 2 2 2 2
left_child=1 2 3 6 -4 -6 9 8 -8 10 -1 -12 -13 -14
right_child=-2 -3 4 -5 5 -7 7 -9 -10 -11 11 12 13 -15
leaf_value=-0.66469120663404468 -0.47011763140007307 0.53444987444827963 -0.74270928932353852 0.59836102520830414 -0.29832909142429181 0.51493422419936574 0.40983657465827084 0.70431180780424796 -0.37156771779060366 -0.11835276947983546 1.0848162975750473 -0.72370768032794786 0.76629083900401995 -0.10545295493688413
leaf_weight=38 25 40 26 41 75 25 29 32 26 524 36 41 82 165
leaf_count=38 25 40 26 41 75 25 29 32 26 524 36 41 82 165
internal_value=-9.35568e-05 0.0106432 -0.00863979 0.0196824 -0.233312 -0.0889031 -0.00587917 0.294917 0.0403691 -0.0360133 0.0831696 0.174421 0.0539254 0.187782
internal_weight=1205 1180 1140 1014 126 100 973 87 55 886 362 324 288 247
internal_count=1205 1180 1140 1014 126 100 973 87 55 886 362 324 288 247
is_linear=0
shrinkage=0.035


Tree=187
num_leaves=15
num_cat=0
split_feature=2 6 2 2 2 2 0 0 0 3 4 4 0 4
split_gain=4730.45 6092.21 18960.4 21273.2 9395.96 12266.4 12126.9 24874.6 36708.5 14823.1 17038.6 19445.5 13602.9 23368.8
threshold=306.50000000000006 1.0000000180025095e-35 227.50000000000003 211.50000000000003 254.50000000000003 259.50000000000006 2989.5000000000005 2810.5000000000005 2761.5000000000005 236.50000000000003 541.50000000000011 22.500000000000004 2693.0000000000005 61.500000000000007
decision_type=2 2 2 2 2 2 2 2 2 2 2 2 2 2
left_child=1 4 3 -3 6 -6 7 8 12 10 11 -9 -1 -14
right_child=-2 2 -4 -5 5 -7 -8 9 -10 -11 -12 -13 13 -15
leaf_value=0.28760953658440497 -0.45809667437164875 -0.068650326503897616 0.094013378557405977 -1.1497214525341988 -0.72293049711169621 -0.019031928293406965 0.49675448509478809 -0.18708365953885595 1.3967237678266342 0.24772999648087557 0.17531070774251767 -1.2993387382725876 -1.0141560471057893 0.20717147018395221
leaf_weight=179 25 51 150 38 31 376 97 37 29 43 31 40 29 49
leaf_count=179 25 51 150 38 31 376 97 37 29 43 31 40 29 49
internal_value=-2.54345e-05 0.0104382 -0.146628 -0.545355 0.0505569 -0.0759188 0.146877 0.0673059 0.25862 -0.293695 -0.509848 -0.783145 0.120402 -0.260914
internal_weight=1205 1180 239 89 941 407 534 437 286 151 108 77 257 78
internal_count=1205 1180 239 89 941 407 534 437 286 151 108 77 257 78
is_linear=0
shrinkage=0.035


Tree=188
num_leaves=15
num_cat=0
split_feature=3 3 3 0 13 0 4 1 1 1 1 0 1 8
split_gain=4808.52 8920.84 5660.52 11250.8 6910.68 14949.5 16976.5 13581.3 29270.6 25756.6 10890.4 10707.6 15997.4 15142.7
threshold=420.50000000000006 339.50000000000006 106.00000000000001 3116.0000000000005 1.0000000180025095e-35 3062.5000000000005 640.50000000000011 69.500000000000014 87.500000000000014 57.500000000000007 47.500000000000007 2911.0000000000005 68.500000000000014 1.0000000180025095e-35
decision_type=2 2 2 2 2 2 2 2 2 2 2 2 2 2
left_child=1 2 3 4 5 6 10 9 -9 -6 -1 12 -12 -14
right_child=-2 -3 -4 -5 7 -7 -8 8 -10 -11 11 -13 13 -15
leaf_value=-0.54240375494634796 -0.46197658132623748 0.51135644071425002 -0.2273651419277303 0.57364802472813192 0.14755122175923102 -0.51669856182011697 0.80203990407680215 1.0026963949203493 -0.26840410650890567 -1.3747794840356402 0.36088067802307494 0.58395742150063212 0.03505817971266139 -0.46193218838623784
leaf_weight=35 25 40 126 41 25 53 36 26 105 27 141 45 389 91
leaf_count=35 25 40 126 41 25 53 36 26 105 27 141 45 389 91
internal_value=-0.00014133 0.0104084 -0.00803344 0.0196147 -0.00485981 0.0401391 0.081473 -0.197451 -0.00484015 -0.664532 0.0422917 0.0745509 0.0358812 -0.0606887
internal_weight=1205 1180 1140 1014 973 790 737 183 131 52 701 666 621 480
internal_count=1205 1180 1140 1014 973 790 737 183 131 52 701 666 621 480
is_linear=0
shrinkage=0.035


Tree=189
num_leaves=15
num_cat=0
split_feature=17 12 15 2 4 4 1 16 0 13 0 4 14 9
split_gain=4572.69 5765.93 12763.5 17686.8 20803 22501.4 18700.5 15209.3 12347.8 24205.2 18827.4 18658 7813.87 10649.1
threshold=1.0000000180025095e-35 1.0000000180025095e-35 1.0000000180025095e-35 210.50000000000003 520.00000000000011 430.50000000000006 113.50000000000001 1.0000000180025095e-35 2710.5000000000005 1.0000000180025095e-35 2643.5000000000005 148.50000000000003 1.0000000180025095e-35 1.0000000180025095e-35
decision_type=2 2 2 2 2 2 2 2 2 2 2 2 2 2
left_child=-1 2 3 6 5 7 -2 8 9 10 -5 -10 13 -3
right_child=1 12 -4 4 -6 -7 -8 -9 11 -11 -12 -13 -14 -15
leaf_value=0.37269520615920043 -1.4088076844038788 -0.045210527959472141 0.61506787023576059 -0.23012429133057596 0.77820423770695935 -1.069922189950943 -0.14758844241499902 0.4175815968960524 -0.82303961891568078 -0.76349362848202396 0.91118220349637491 0.18656817090511324 0.53247940007009009 0.29755435632322641
leaf_weight=37 25 603 25 30 30 28 32 61 64 28 39 33 36 134
leaf_count=37 25 603 25 30 30 28 32 61 64 28 39 33 36 134
internal_value=-0.000126896 -0.0125541 -0.121001 -0.173775 -0.068535 -0.163127 -0.72976 -0.0560055 -0.207658 0.071613 0.422458 -0.482735 0.0430313 0.017747
internal_weight=1205 1168 395 370 313 283 57 255 194 97 69 97 773 737
internal_count=1205 1168 395 370 313 283 57 255 194 97 69 97 773 737
is_linear=0
shrinkage=0.035


Tree=190
num_leaves=15
num_cat=0
split_feature=0 0 0 1 4 1 2 3 4 1 2 0 0 0
split_gain=4417.97 21639.3 14091.6 22302.2 12036.5 17177.7 13014.5 27137.5 12621.2 10854.6 7333.57 7802.25 10664.6 22054.3
threshold=2987.0000000000005 2996.5000000000005 2842.5000000000005 174.50000000000003 668.50000000000011 313.50000000000006 266.50000000000006 127.00000000000001 417.50000000000006 70.500000000000014 168.50000000000003 2830.5000000000005 2810.5000000000005 2787.0000000000005
decision_type=2 2 2 2 2 2 2 2 2 2 2 2 2 2
left_child=2 -2 10 9 5 6 7 -3 -8 -4 -1 12 13 -12
right_child=1 4 3 -5 -6 -7 8 -9 -10 -11 11 -13 -14 -15
leaf_value=0.55187498136393498 0.6978555806365706 1.4135819005966186 -0.67545316147804269 -1.0909963723976872 -0.74087305108706158 -0.64373557597398767 0.28263081382093735 -0.045775562814764081 -0.67278184205293656 0.094954914310005287 -0.023015270964235116 0.46705596978465724 -0.39470379018535218 0.89218365412424594
leaf_weight=29 60 26 28 35 25 32 41 35 26 87 627 40 82 32
leaf_count=29 60 26 28 35 25 32 41 35 26 87 627 40 82 32
internal_value=-0.000144311 0.131896 -0.0340462 -0.343286 -0.0571591 0.0574989 0.240014 0.601375 -0.0968807 -0.100962 0.0239249 0.00296152 -0.0232806 0.0239904
internal_weight=1205 245 960 150 185 160 128 61 67 115 810 781 741 659
internal_count=1205 245 960 150 185 160 128 61 67 115 810 781 741 659
is_linear=0
shrinkage=0.035


Tree=191
num_leaves=15
num_cat=0
split_feature=1 0 0 0 1 1 1 1 4 4 4 0 0 0
split_gain=4410.41 7920.04 43361.4 31053.3 20205.5 25861.1 15747 32376.5 12194.7 11528.6 11089.9 10804.5 34107.8 18539.6
threshold=518.00000000000011 2667.5000000000005 2651.5000000000005 2693.0000000000005 58.500000000000007 63.500000000000007 66.500000000000014 59.500000000000007 332.50000000000006 385.50000000000006 42.500000000000007 2706.0000000000005 2724.5000000000005 2761.5000000000005
decision_type=2 2 2 2 2 2 2 2 2 2 2 2 2 2
left_child=1 2 4 -3 8 -6 7 -5 -1 10 -7 -8 -13 -14
right_child=-2 3 -4 6 5 9 11 -9 -10 -11 -12 12 13 -15
leaf_value=-0.87599129478136706 -0.37122394050422475 0.97681108782237236 -1.1541186236251486 0.27162551352653008 1.1771534053236246 0.45655471067679559 -0.36983119637270773 -1.0265471279621126 -0.0043094403119996573 0.5820984915345907 -0.21690557016873027 0.97142885433088233 -0.56220212250947954 0.10834948217720083
leaf_weight=40 36 42 42 44 26 36 58 47 37 38 140 51 54 514
leaf_count=40 36 42 42 44 26 36 58 47 37 38 140 51 54 514
internal_value=-0.000132713 0.0119098 -0.12451 0.0725302 0.0182853 0.176829 0.0206686 -0.406517 -0.467844 0.0455205 -0.0755703 0.0791176 0.12224 0.0428509
internal_weight=1205 1169 359 810 317 240 768 91 77 214 176 677 619 568
internal_count=1205 1169 359 810 317 240 768 91 77 214 176 677 619 568
is_linear=0
shrinkage=0.035


Tree=192
num_leaves=15
num_cat=0
split_feature=2 9 1 4 1 0 1 1 1 2 4 0 1 13
split_gain=4398.07 5797.73 8884.29 21222.7 18407.2 8989.22 8176.86 13546.4 13020 11964.7 12817.2 17602 14141.4 9259.37
threshold=306.50000000000006 1.0000000180025095e-35 214.50000000000003 92.500000000000014 468.00000000000006 2787.0000000000005 66.500000000000014 63.500000000000007 68.500000000000014 216.50000000000003 403.50000000000006 2667.5000000000005 52.500000000000007 1.0000000180025095e-35
decision_type=2 2 2 2 2 2 2 2 2 2 2 2 2 2
left_child=1 2 6 -4 5 -5 7 9 -8 -1 11 12 -11 -10
right_child=-2 -3 3 4 -6 -7 8 -9 13 10 -12 -13 -14 -15
leaf_value=-0.7135548972200465 -0.44181537531040338 0.16896915598456558 -0.93286368295875233 -0.79229605807198433 0.78330679454185348 0.040925205707550052 0.81947698598727592 -0.71536341343752374 -0.014189961781453733 -0.58620350729016701 -0.38609970276579264 0.81520914075005313 0.39659838248044255 0.37230388744009874
leaf_weight=25 25 225 41 25 25 38 26 42 485 32 48 44 36 88
leaf_count=25 25 225 41 25 25 38 26 42 485 32 48 44 36 88
internal_value=-0.000130224 0.00995925 -0.0277786 -0.295564 0.0154922 -0.303923 0.0146554 -0.163352 0.0824329 -0.0317194 0.0823114 0.286311 -0.0694312 0.0462554
internal_weight=1205 1180 955 129 88 63 826 227 599 185 160 112 68 573
internal_count=1205 1180 955 129 88 63 826 227 599 185 160 112 68 573
is_linear=0
shrinkage=0.035


Tree=193
num_leaves=15
num_cat=0
split_feature=3 3 3 0 3 2 3 16 1 1 1 0 2 2
split_gain=4408.42 8428.11 5364.35 10290.1 6975.83 10501.2 7633.21 6446.65 7095.27 6841.22 6791.29 18314.3 27973.4 21947.5
threshold=420.50000000000006 339.50000000000006 106.00000000000001 3116.0000000000005 130.50000000000003 234.50000000000003 173.50000000000003 1.0000000180025095e-35 99.500000000000014 69.500000000000014 86.500000000000014 2626.5000000000005 213.50000000000003 227.50000000000003
decision_type=2 2 2 2 2 2 2 2 2 2 2 2 2 2
left_child=1 2 3 7 -4 -6 -7 10 9 -9 11 -1 -13 -14
right_child=-2 -3 4 -5 5 6 -8 8 -10 -11 -12 12 13 -15
leaf_value=-0.62413143569231033 -0.44239863360369652 0.49682391258577507 -0.7102306360006333 0.54874788960745169 -0.44713048310279851 0.67434495838152042 -0.14899014119444223 0.38969177153802692 0.67700427334098268 -0.36514671832323076 -0.1133269177023109 1.0622720767165486 -0.67910095206526833 0.17726685789424973
leaf_weight=38 25 40 26 41 48 25 27 29 32 26 524 36 41 247
leaf_count=38 25 40 26 41 48 25 27 29 32 26 524 36 41 247
internal_value=-0.000194424 0.00990702 -0.00801796 0.0188975 -0.221534 -0.0830385 0.257159 -0.00450901 0.279489 0.0325673 -0.0329626 0.0833494 0.169646 0.0515107
internal_weight=1205 1180 1140 1014 126 100 52 973 87 55 886 362 324 288
internal_count=1205 1180 1140 1014 126 100 52 973 87 55 886 362 324 288
is_linear=0
shrinkage=0.035


Tree=194
num_leaves=15
num_cat=0
split_feature=1 2 0 0 0 1 1 0 0 1 0 0 0 1
split_gain=4205.7 7946.43 6835.28 43771.9 29573.8 17458.6 24533.2 16264.7 23504.7 17403.9 16074.6 15562.9 18828.5 13526.8
threshold=518.00000000000011 142.50000000000003 2667.5000000000005 2651.5000000000005 2693.0000000000005 58.500000000000007 63.500000000000007 2706.0000000000005 2724.5000000000005 81.500000000000014 2761.5000000000005 2810.5000000000005 2821.5000000000005 66.500000000000014
decision_type=2 2 2 2 2 2 2 2 2 2 2 2 2 2
left_child=1 -1 3 5 -4 -3 -7 -6 9 -9 -10 -12 -13 -14
right_child=-2 2 4 -5 7 6 -8 8 10 -11 11 12 13 -15
leaf_value=0.60508201943503492 -0.36253569926086232 -0.4381523287484918 0.93693876401944609 -1.1766887559447179 -0.53979851897205078 1.1354123939760032 0.033053193034127702 0.089179122738721903 -0.55580644802701096 1.1332259189486504 0.53439178189810588 -0.73933009882768008 -0.54680973374623476 0.099628663133385031
leaf_weight=25 36 77 42 41 60 26 213 39 60 38 66 40 42 400
leaf_count=25 36 77 42 41 60 26 213 39 60 38 66 40 42 400
internal_value=-0.000158873 0.0116009 -0.00240193 -0.129007 0.0552105 0.0134715 0.161402 0.00312683 0.0521154 0.620068 -0.02161 0.038687 -0.0311173 0.036016
internal_weight=1205 1169 1144 357 787 316 239 745 685 77 608 548 482 442
internal_count=1205 1169 1144 357 787 316 239 745 685 77 608 548 482 442
is_linear=0
shrinkage=0.035


Tree=195
num_leaves=15
num_cat=0
split_feature=2 9 1 4 1 0 1 1 1 2 4 0 1 15
split_gain=4288.77 5392.26 8162.81 19838.3 17621.8 8236.14 7514.15 12696.1 11969.6 11184.7 11900.5 19994.2 10216.3 8960.16
threshold=306.50000000000006 1.0000000180025095e-35 214.50000000000003 92.500000000000014 468.00000000000006 2787.0000000000005 66.500000000000014 63.500000000000007 68.500000000000014 216.50000000000003 411.50000000000006 2667.5000000000005 52.500000000000007 1.0000000180025095e-35
decision_type=2 2 2 2 2 2 2 2 2 2 2 2 2 2
left_child=1 2 6 -4 5 -5 7 9 -8 -1 11 12 -11 -10
right_child=-2 -3 3 4 -6 -7 8 -9 13 10 -12 -13 -14 -15
leaf_value=-0.68837032671327947 -0.43630347636010913 0.16317073843322927 -0.89942032246049064 -0.76260111075860482 0.76864044970936252 0.035142040863633157 0.78576294660568247 -0.69094253216277468 0.010806431828254682 -0.5503262238993365 -0.39049439073560088 0.8180173576623202 0.28049753123751053 0.61352996101602919
leaf_weight=25 25 225 41 25 25 38 26 42 543 32 45 46 37 30
leaf_count=25 25 225 41 25 25 38 26 42 543 32 45 46 37 30
internal_value=-0.00014126 0.00982208 -0.0265727 -0.283254 0.0174305 -0.295147 0.0141018 -0.15654 0.0790746 -0.0291235 0.0811105 0.269172 -0.10946 0.0443869
internal_weight=1205 1180 955 129 88 63 826 227 599 185 160 115 69 573
internal_count=1205 1180 955 129 88 63 826 227 599 185 160 115 69 573
is_linear=0
shrinkage=0.035


Tree=196
num_leaves=15
num_cat=0
split_feature=0 0 2 1 1 2 4 1 1 0 0 4 0 4
split_gain=4331.28 18102.8 13788.2 23375.7 8112.71 12354.2 15050.5 8669.61 19927.1 10314.5 36020.3 17775.2 24495.3 23828
threshold=2642.5000000000005 2643.5000000000005 236.50000000000003 60.500000000000007 518.00000000000011 164.50000000000003 506.00000000000006 59.500000000000007 66.500000000000014 2706.0000000000005 2724.5000000000005 60.500000000000007 2660.0000000000005 444.50000000000006
decision_type=2 2 2 2 2 2 2 2 2 2 2 2 2 2
left_child=2 -2 3 -1 5 6 -3 -7 -9 11 -11 12 -10 -13
right_child=1 4 -4 -5 -6 7 -8 8 9 10 -12 13 -14 -15
leaf_value=-0.27784188896417622 -0.7312452843438747 1.0992558225244284 -0.08145780932928981 1.0228221735424465 -0.52878018326619092 0.37958009643738089 -0.055019803396586714 -0.60531342065334326 0.077505629206525872 0.96439154606599087 -0.0014002510419419965 0.24851324674186359 -1.3291164478363797 -0.91291144291559856
leaf_weight=26 41 26 114 43 32 63 27 68 27 50 524 107 32 25
leaf_count=26 41 26 114 43 32 63 27 68 27 50 524 107 32 25
internal_value=-0.000190995 -0.0283485 0.155667 0.538696 0.00245646 0.021444 0.530611 -0.00978883 -0.0400755 0.0116152 0.0857844 -0.20986 -0.703972 0.018204
internal_weight=1205 1022 183 69 981 949 53 896 833 765 574 191 59 132
internal_count=1205 1022 183 69 981 949 53 896 833 765 574 191 59 132
is_linear=0
shrinkage=0.035


Tree=197
num_leaves=15
num_cat=0
split_feature=3 3 3 0 3 2 13 0 4 1 1 1 1 0
split_gain=4328.29 7552.06 5237.24 9550.9 6732 7885.36 6505.3 14313.2 16047 11372.2 27381.6 24944.3 8895.2 9383.66
threshold=420.50000000000006 339.50000000000006 106.00000000000001 3116.0000000000005 236.50000000000003 235.50000000000003 1.0000000180025095e-35 3062.5000000000005 640.50000000000011 69.500000000000014 87.500000000000014 57.500000000000007 47.500000000000007 2911.0000000000005
decision_type=2 2 2 2 2 2 2 2 2 2 2 2 2 2
left_child=1 2 3 6 5 -4 7 8 12 11 -11 -8 -1 -14
right_child=-2 -3 4 -5 -6 -7 9 -9 -10 10 -12 -13 13 -15
leaf_value=-0.48560584045745236 -0.43839334457008933 0.47069903602202734 -0.86352124958202769 0.52987227925034464 0.15183728446563086 -0.15179220996919227 0.17934200339847142 -0.50435348014398051 0.78152004116067775 0.9610087442398072 -0.26839843300458427 -1.3166500683694051 0.035788428420305593 0.54887877645644745
leaf_weight=35 25 40 27 41 40 59 25 53 36 26 105 27 621 45
leaf_count=35 25 40 27 41 40 59 25 53 36 26 105 27 621 45
internal_value=-0.000226707 0.00978256 -0.00718597 0.0194074 -0.218158 -0.389789 -0.00314524 0.0405106 0.0809524 -0.190005 -0.0136119 -0.617419 0.0428536 0.0719962
internal_weight=1205 1180 1140 1014 126 86 973 790 737 183 131 52 701 666
internal_count=1205 1180 1140 1014 126 86 973 790 737 183 131 52 701 666
is_linear=0
shrinkage=0.035


Tree=198
num_leaves=15
num_cat=0
split_feature=0 0 2 1 0 0 0 1 1 1 4 0 0 0
split_gain=4117.76 16741.1 12837.9 21764.8 7811.33 27961.6 29349.2 23245.3 13692 26366.9 12981.4 8344.06 28103.6 15715.1
threshold=2642.5000000000005 2643.5000000000005 236.50000000000003 60.500000000000007 2646.5000000000005 2667.5000000000005 2693.0000000000005 518.00000000000011 66.500000000000014 59.500000000000007 59.500000000000007 2706.0000000000005 2724.5000000000005 2761.5000000000005
decision_type=2 2 2 2 2 2 2 2 2 2 2 2 2 2
left_child=2 -2 3 -1 10 -6 -7 8 9 -8 -3 -10 -13 -14
right_child=1 4 -4 -5 5 6 7 -9 11 -11 -12 12 13 -15
leaf_value=-0.26666904360055926 -0.70363842410057098 -0.28957934069222419 -0.077103115226431138 0.9884497197998896 -0.72743384295243496 0.90603917998346417 0.22779597132102306 -1.0131315596401691 -0.32649102245271205 -0.94419195328439998 0.62587513499092651 0.87675018065380605 -0.5231451120227576 0.094204774254927598
leaf_weight=26 41 27 114 43 63 42 44 26 58 47 55 51 54 514
leaf_count=26 41 27 114 43 63 42 44 26 58 47 55 51 54 514
internal_value=-0.000240218 -0.0276948 0.151727 0.521317 0.00192977 -0.0281688 0.0261373 -0.0225661 0.013513 -0.384804 0.324727 0.0680292 0.105928 0.0338834
internal_weight=1205 1022 183 69 981 899 836 794 768 91 82 677 619 568
internal_count=1205 1022 183 69 981 899 836 794 768 91 82 677 619 568
is_linear=0
shrinkage=0.035


Tree=199
num_leaves=15
num_cat=0
split_feature=17 12 15 3 4 2 16 0 13 4 4 7 2 0
split_gain=4113.54 5445.01 11648.4 16538.3 24119.1 13770.6 23682.6 15831.4 20281 14266.4 8882.93 7646.92 41780 12906.1
threshold=1.0000000180025095e-35 1.0000000180025095e-35 1.0000000180025095e-35 109.50000000000001 520.00000000000011 210.50000000000003 1.0000000180025095e-35 2710.5000000000005 1.0000000180025095e-35 199.50000000000003 148.50000000000003 1.0000000180025095e-35 223.50000000000003 2710.5000000000005
decision_type=2 2 2 2 2 2 2 2 2 2 2 2 2 2
left_child=-1 2 3 4 5 -2 7 8 9 -7 -9 -3 -13 -14
right_child=1 11 -4 -5 -6 6 -8 10 -10 -11 -12 12 13 -15
leaf_value=0.35331093277686687 -0.81533414592614051 -0.0060328950044937196 0.58573888445342037 -0.81361487682475608 0.80105472150970924 0.74512741785157821 0.52653708825677126 -0.89227968013948877 -0.72111283067613852 -0.18599273192255122 -0.21402102808051923 1.2792786919748462 -0.60149432367239253 0.24155745890278085
leaf_weight=37 35 651 25 41 32 42 57 52 30 36 45 35 37 50
leaf_count=37 35 651 25 41 32 42 57 52 30 36 45 35 37 50
internal_value=-0.000298639 -0.0120851 -0.117471 -0.167879 -0.0829777 -0.182948 -0.0929323 -0.268598 0.0240207 0.321474 -0.588304 0.041931 0.293839 -0.122441
internal_weight=1205 1168 395 370 329 297 262 205 108 78 97 773 122 87
internal_count=1205 1168 395 370 329 297 262 205 108 78 97 773 122 87
is_linear=0
shrinkage=0.035


Tree=200
num_leaves=15
num_cat=0
split_feature=3 3 0 0 0 0 4 0 0 0 0 1 1 2
split_gain=4104.21 7885.96 4901.84 27240.4 14696.7 12979.7 29018.8 13904 20699.2 25450.4 40021.6 18362.3 19458.8 11420.6
threshold=417.50000000000006 339.50000000000006 2810.5000000000005 2787.0000000000005 2821.5000000000005 2743.0000000000005 423.50000000000006 2706.0000000000005 2700.5000000000005 2667.5000000000005 2651.5000000000005 58.500000000000007 63.500000000000007 284.50000000000006
decision_type=2 2 2 2 2 2 2 2 2 2 2 2 2 2
left_child=1 2 3 5 -4 7 -7 8 9 10 11 -1 -13 -14
right_child=-2 -3 4 -5 -6 6 -8 -9 -10 -11 -12 12 13 -15
leaf_value=-0.39087117852289471 -0.40453610554834213 0.49941148203152885 -0.70356608259406972 0.9896639540791512 -0.030585001718002162 0.10632116641998293 -1.2773389941453934 0.43089168648613563 -0.72706513972386078 0.69821816774085166 -1.0487311007217928 1.0911871186271311 0.22269347448039939 -0.43571468411347808
leaf_weight=77 28 37 42 34 414 48 28 99 44 62 42 26 187 37
leaf_count=77 28 37 42 34 414 48 28 99 44 62 42 26 187 37
internal_value=-0.000271785 0.0100153 -0.00671542 0.0524945 -0.0953718 0.000587971 -0.42313 0.0579644 -0.0212423 0.0538393 -0.0576107 0.0752906 0.220831 0.111045
internal_weight=1205 1177 1140 684 456 650 76 574 475 431 369 327 250 224
internal_count=1205 1177 1140 684 456 650 76 574 475 431 369 327 250 224
is_linear=0
shrinkage=0.035


Tree=201
num_leaves=15
num_cat=0
split_feature=2 9 1 4 1 0 2 4 2 1 1 1 6 0
split_gain=4005.02 5397.07 7758.43 18597.4 17278.8 7772.07 7456.48 7905.04 20491.9 7241.11 9151.81 11611.1 11758.2 11402.6
threshold=306.50000000000006 1.0000000180025095e-35 214.50000000000003 92.500000000000014 468.00000000000006 2787.0000000000005 279.50000000000006 13.000000000000002 260.50000000000006 173.50000000000003 137.50000000000003 102.50000000000001 1.0000000180025095e-35 2706.0000000000005
decision_type=2 2 2 2 2 2 2 2 2 2 2 2 2 2
left_child=1 2 9 -4 5 -5 7 -3 -9 10 11 -1 13 -13
right_child=-2 6 3 4 -6 -7 -8 8 -10 -11 -12 12 -14 -15
leaf_value=-0.04875531083029673 -0.42180543493341521 0.025719210785977983 -0.87392370139270337 -0.74965968317455722 0.75778548092753795 0.025684669867157939 -0.03811255410686136 1.286819926487903 0.037991673608083983 0.47195961713790896 -0.41543143768277441 -0.28885784452160201 0.92821008715136311 0.38836806048639122
leaf_weight=572 25 49 41 25 25 38 113 28 35 38 61 46 27 82
leaf_count=572 25 49 41 25 25 38 113 28 35 38 61 46 27 82
internal_value=-0.000319112 0.00930929 -0.0271008 -0.277343 0.0138531 -0.295591 0.162727 0.362473 0.615543 0.0125561 -0.0107366 0.0242665 0.290929 0.14429
internal_weight=1205 1180 955 129 88 63 225 112 63 826 788 727 155 128
internal_count=1205 1180 955 129 88 63 225 112 63 826 788 727 155 128
is_linear=0
shrinkage=0.035


Tree=202
num_leaves=15
num_cat=0
split_feature=3 3 3 0 3 9 2 13 0 4 1 1 1 1
split_gain=3908.29 6418.43 4843.93 8847.38 6418.24 9641.19 6176.38 5904.03 13389.8 14850.4 10209.8 25671.8 23396.9 7906.18
threshold=420.50000000000006 339.50000000000006 106.00000000000001 3116.0000000000005 130.50000000000003 1.0000000180025095e-35 224.50000000000003 1.0000000180025095e-35 3062.5000000000005 640.50000000000011 69.500000000000014 88.500000000000014 57.500000000000007 47.500000000000007
decision_type=2 2 2 2 2 2 2 2 2 2 2 2 2 2
left_child=1 2 3 7 -4 6 -6 8 9 13 12 -12 -9 -1
right_child=-2 -3 4 -5 5 -7 -8 10 -10 -11 11 -13 -14 -15
leaf_value=-0.45668100803285033 -0.4166102828747697 0.43418292631705607 -0.67800263687968265 0.51050178135550306 -0.61806634747982026 0.49433658988387502 0.010959810133684767 0.18533641614295818 -0.48791850998184905 0.75213657865006678 0.90956949057250192 -0.2656364888276132 -1.2628103400021793 0.069014248154098234
leaf_weight=35 25 40 26 41 33 25 42 25 53 36 27 104 27 666
leaf_count=35 25 40 26 41 33 25 42 25 53 36 27 104 27 666
internal_value=-0.000244964 0.00926633 -0.0063773 0.019197 -0.209274 -0.0765 -0.274677 -0.00251013 0.0390783 0.0781942 -0.180526 -0.0133831 -0.585508 0.0415424
internal_weight=1205 1180 1140 1014 126 100 75 973 790 737 183 131 52 701
internal_count=1205 1180 1140 1014 126 100 75 973 790 737 183 131 52 701
is_linear=0
shrinkage=0.035


Tree=203
num_leaves=15
num_cat=0
split_feature=17 12 15 3 4 2 16 0 13 4 4 7 2 0
split_gain=3949.55 5133.29 10925.9 15395.9 22462.7 12908 22185.8 14679.5 18831.8 13564.2 8325.17 7309.79 39683.6 11674.2
threshold=1.0000000180025095e-35 1.0000000180025095e-35 1.0000000180025095e-35 109.50000000000001 520.00000000000011 210.50000000000003 1.0000000180025095e-35 2710.5000000000005 1.0000000180025095e-35 199.50000000000003 148.50000000000003 1.0000000180025095e-35 223.50000000000003 2710.5000000000005
decision_type=2 2 2 2 2 2 2 2 2 2 2 2 2 2
left_child=-1 2 3 4 5 -2 7 8 9 -7 -9 -3 -13 -14
right_child=1 11 -4 -5 -6 6 -8 10 -10 -11 -12 12 13 -15
leaf_value=0.34620531543707239 -0.78978625001335478 -0.0062792984778731837 0.56690234279742946 -0.78601392937261017 0.77209400187520427 0.72121452643112705 0.50920824559058186 -0.86250675698535317 -0.69657252982258799 -0.18652312975180776 -0.20597453636057833 1.2473028631468079 -0.5743880637028278 0.22744955081206103
leaf_weight=37 35 651 25 41 32 42 57 52 30 36 45 35 37 50
leaf_count=37 35 651 25 41 32 42 57 52 30 36 45 35 37 50
internal_value=-0.000283927 -0.0118331 -0.114158 -0.162976 -0.081053 -0.177524 -0.0903699 -0.260391 0.0214113 0.30807 -0.568244 0.0406143 0.286907 -0.118806
internal_weight=1205 1168 395 370 329 297 262 205 108 78 97 773 122 87
internal_count=1205 1168 395 370 329 297 262 205 108 78 97 773 122 87
is_linear=0
shrinkage=0.035


Tree=204
num_leaves=15
num_cat=0
split_feature=0 0 4 4 1 1 1 0 2 14 4 0 2 2
split_gain=3859.64 15377.2 12468.1 16632.2 13492.3 7373.88 18358.8 17836 9292.38 8694.49 7475.19 18294.7 11139.5 14732.9
threshold=2642.5000000000005 2643.5000000000005 42.500000000000007 343.50000000000006 73.500000000000014 59.500000000000007 66.500000000000014 2704.5000000000005 247.50000000000003 1.0000000180025095e-35 56.500000000000007 2710.5000000000005 289.50000000000006 270.50000000000006
decision_type=2 2 2 2 2 2 2 2 2 2 2 2 2 2
left_child=2 -2 -1 4 -4 8 7 -7 -3 10 11 -8 13 -12
right_child=1 5 3 -5 -6 6 9 -9 -10 -11 12 -13 -14 -15
leaf_value=0.69393119960278282 -0.67466237041492805 0.7740550398104119 -0.90406320925801997 0.39423644247586315 0.022827695369720461 0.18153910905674653 -0.72239486933277375 -0.96290449072349271 -0.059558895940289784 0.36889347513671966 0.027976360246168445 -0.0098889625584236314 -0.44711014325420068 0.5627012556393941
leaf_weight=38 41 31 30 67 48 25 55 45 32 78 400 196 46 73
leaf_count=38 41 31 30 67 48 25 55 45 32 78 400 196 46 73
internal_value=-0.000257613 -0.0268378 0.14687 -0.00398859 -0.347358 0.00155505 -0.0239024 -0.560485 0.361828 0.0216056 -0.0144388 -0.170492 0.0613969 0.112524
internal_weight=1205 1022 183 145 78 981 918 70 63 848 770 251 519 473
internal_count=1205 1022 183 145 78 981 918 70 63 848 770 251 519 473
is_linear=0
shrinkage=0.035


Tree=205
num_leaves=15
num_cat=0
split_feature=3 3 0 0 4 0 4 4 0 4 0 4 0 0
split_gain=3737.48 6776.45 4754.73 25443.7 13900.5 14688.9 12545.6 18941.5 15385.5 14228.9 12382.8 27228.3 12887.6 18955.6
threshold=417.50000000000006 339.50000000000006 2810.5000000000005 2787.0000000000005 1.0000000180025095e-35 2821.5000000000005 212.50000000000003 13.000000000000002 3116.0000000000005 1.5000000000000002 2743.0000000000005 423.50000000000006 2706.0000000000005 2700.5000000000005
decision_type=2 2 2 2 2 2 2 2 2 2 2 2 2 2
left_child=1 2 3 10 -4 -6 7 9 -8 -7 12 -12 13 -1
right_child=-2 -3 4 -5 5 6 8 -9 -10 -11 11 -13 -14 -15
leaf_value=0.05376856469340606 -0.38607254652182266 0.46318822354078298 0.33980113495337338 0.95806447068850209 -0.83214141117114782 -0.61264251577854167 -0.065896891960035578 -1.1643100927521786 0.79395367425063568 0.29084310014610709 0.10121655158996583 -1.2391353612144789 0.4172304936712331 -0.69351940274238588
leaf_weight=431 28 37 74 34 36 38 209 28 27 44 48 28 99 44
leaf_count=431 28 37 74 34 36 38 209 28 27 44 48 28 99 44
internal_value=-0.000292351 0.00952443 -0.00598514 0.0523284 -0.093302 -0.178534 -0.106137 -0.411216 0.0383211 -0.132463 0.00215789 -0.411708 0.0581947 -0.0180715
internal_weight=1205 1177 1140 684 456 382 346 110 236 82 650 76 574 475
internal_count=1205 1177 1140 684 456 382 346 110 236 82 650 76 574 475
is_linear=0
shrinkage=0.035


Tree=206
num_leaves=15
num_cat=0
split_feature=17 12 15 3 4 2 16 0 13 2 1 9 2 4
split_gain=3714.19 4880.27 10217.2 14335 20978.4 11902.7 20779.6 13707.8 17540.8 13500.5 8522.58 6844.83 19783.8 26945.3
threshold=1.0000000180025095e-35 1.0000000180025095e-35 1.0000000180025095e-35 109.50000000000001 520.00000000000011 210.50000000000003 1.0000000180025095e-35 2710.5000000000005 1.0000000180025095e-35 253.50000000000003 98.500000000000014 1.0000000180025095e-35 268.50000000000006 31.000000000000004
decision_type=2 2 2 2 2 2 2 2 2 2 2 2 2 2
left_child=-1 2 3 4 5 -2 7 8 9 -7 -9 -3 13 -13
right_child=1 11 -4 -5 -6 6 -8 10 -10 -11 -12 12 -14 -15
leaf_value=0.33563364854225752 -0.76066513310413109 -0.01009274330661054 0.54727237533639983 -0.75974491016809342 0.74500188824008495 0.81138649225234993 0.49128189262192135 -0.91633637837388304 -0.67408877089619645 -0.10123997870911944 -0.24969713254194514 -0.023108477460013498 -0.050063873919400773 1.5696975298281071
leaf_weight=37 35 631 25 41 32 33 57 42 30 45 55 25 92 25
leaf_count=37 35 631 25 41 32 33 57 42 30 45 55 25 92 25
internal_value=-0.0003735 -0.0115731 -0.111344 -0.158549 -0.0794896 -0.172713 -0.0890019 -0.253537 0.0188128 0.295503 -0.551026 0.0395654 0.257305 0.803037
internal_weight=1205 1168 395 370 329 297 262 205 108 78 97 773 142 50
internal_count=1205 1168 395 370 329 297 262 205 108 78 97 773 142 50
is_linear=0
shrinkage=0.035


Tree=207
num_leaves=15
num_cat=0
split_feature=2 9 1 4 1 0 1 1 1 6 0 12 2 2
split_gain=3635.44 4973.84 6993.69 17526 16744.9 7133.33 6867.33 8402.04 10839.3 10892.4 10520.6 8795.57 16511.5 15730.2
threshold=306.50000000000006 1.0000000180025095e-35 214.50000000000003 92.500000000000014 468.00000000000006 2787.0000000000005 173.50000000000003 137.50000000000003 102.50000000000001 1.0000000180025095e-35 2706.0000000000005 1.0000000180025095e-35 220.50000000000003 255.50000000000003
decision_type=2 2 2 2 2 2 2 2 2 2 2 2 2 2
left_child=1 2 6 -4 5 -5 7 8 11 10 -10 12 -1 -14
right_child=-2 -3 3 4 -6 -7 -8 -9 9 -11 -12 -13 13 -15
leaf_value=-0.85095128695170097 -0.40187366507671501 0.15614793861227416 -0.84281942581021518 -0.72085811844578496 0.75112961866237504 0.022065519422292713 0.45895798486471179 -0.3988759720987744 -0.27712936833500867 0.89344631556806897 0.37338309458146496 0.053732044142934518 0.23974785051666775 -0.44256068248595853
leaf_weight=40 25 225 41 25 25 38 38 61 46 27 82 369 89 74
leaf_count=40 25 225 41 25 25 38 38 61 46 27 82 369 89 74
internal_value=-0.000305027 0.00886838 -0.0260848 -0.263674 0.0188883 -0.285855 0.0115678 -0.0111142 0.0224266 0.280076 0.138938 -0.0481236 -0.231988 -0.0716216
internal_weight=1205 1180 955 129 88 63 826 788 727 155 128 572 203 163
internal_count=1205 1180 955 129 88 63 826 788 727 155 128 572 203 163
is_linear=0
shrinkage=0.035


Tree=208
num_leaves=15
num_cat=0
split_feature=14 1 1 0 0 0 4 0 0 0 0 1 0 4
split_gain=3518.16 6194.05 8942.11 5573.16 23925.5 15806.9 22659.8 15436.3 25180.8 31351.8 42745.7 14752 16135.4 26686.2
threshold=1.0000000180025095e-35 98.500000000000014 204.50000000000003 2810.5000000000005 2787.0000000000005 2743.0000000000005 423.50000000000006 2706.0000000000005 2700.5000000000005 2667.5000000000005 2651.5000000000005 58.500000000000007 2644.5000000000005 290.50000000000006
decision_type=2 2 2 2 2 2 2 2 2 2 2 2 2 2
left_child=3 -2 -3 4 5 7 -7 8 9 10 11 -1 -13 -14
right_child=1 2 -4 -5 -6 6 -8 -9 -10 -11 -12 12 13 -15
leaf_value=-0.34925550499785463 -0.095002017604543826 0.90395897079397136 -0.013594142110259446 -0.11078433157719238 0.92506025211678622 0.014897658987478777 -1.2698129171133041 0.47087919865885092 -0.81995246570218705 0.80072120234044286 -1.0991165715040163 0.058355537040624773 1.5204646133935011 -0.047048384025692946
leaf_weight=74 45 25 25 461 34 42 26 91 42 58 41 190 25 26
leaf_count=74 45 25 25 461 34 42 26 91 42 58 41 190 25 26
internal_value=-0.000351561 0.201802 0.462305 -0.0179848 0.0480707 -0.00325464 -0.498561 0.059911 -0.0238005 0.0605223 -0.0638714 0.0769591 0.209627 0.749721
internal_weight=1205 95 50 1110 649 615 68 547 456 414 356 315 241 51
internal_count=1205 95 50 1110 649 615 68 547 456 414 356 315 241 51
is_linear=0
shrinkage=0.035


Tree=209
num_leaves=15
num_cat=0
split_feature=0 0 2 1 0 1 2 4 0 0 0 0 0 1
split_gain=3561.12 14510.9 11862.6 19113.2 6969.7 6960.22 9397.31 10947.8 7755.07 32023.1 23444.7 10646.6 19330.2 16899.6
threshold=2642.5000000000005 2643.5000000000005 236.50000000000003 60.500000000000007 2626.5000000000005 541.00000000000011 164.50000000000003 506.00000000000006 2667.5000000000005 2651.5000000000005 2693.0000000000005 2706.0000000000005 2724.5000000000005 81.500000000000014
decision_type=2 2 2 2 2 2 2 2 2 2 2 2 2 2
left_child=2 -2 3 -1 -4 6 7 -3 9 -8 -10 -12 13 -13
right_child=1 5 4 -5 -6 -7 8 -9 10 -11 11 12 -14 -15
leaf_value=-0.24254178747534755 -0.65512967364732622 0.91403594128290822 -0.51880681769456716 0.93400774639182627 0.086677021942166407 -0.53242666996758559 0.10339129409619742 -0.053676999108544711 0.81843259077857844 -1.0440851805099223 -0.45621810211509961 0.027946708783870792 -0.041887504631047359 1.059781032892374
leaf_weight=26 41 28 30 43 84 27 96 27 42 41 59 39 585 37
leaf_count=26 41 28 30 43 84 27 96 27 42 41 59 39 585 37
internal_value=-0.000287652 -0.0258191 0.141036 0.496326 -0.0788586 0.00176175 0.0179625 0.453762 -0.00964737 -0.250096 0.0341244 -0.0137673 0.0269824 0.54458
internal_weight=1205 1022 183 69 114 981 954 55 899 137 762 720 661 76
internal_count=1205 1022 183 69 114 981 954 55 899 137 762 720 661 76
is_linear=0
shrinkage=0.035


Tree=210
num_leaves=15
num_cat=0
split_feature=0 0 0 1 4 1 2 4 4 3 1 2 0 0
split_gain=3663.35 19708.3 13713.9 20227.9 10675.7 14385.6 11592.3 14913.4 11484.7 9646.95 7780.26 7699 11973.8 13697.6
threshold=2987.0000000000005 2996.5000000000005 2842.5000000000005 174.50000000000003 668.50000000000011 313.50000000000006 256.50000000000006 440.50000000000006 1.5000000000000002 145.50000000000003 70.500000000000014 286.50000000000006 2823.5000000000005 2810.5000000000005
decision_type=2 2 2 2 2 2 2 2 2 2 2 2 2 2
left_child=2 -2 11 10 5 6 9 8 -8 -3 -4 12 13 -1
right_child=1 4 3 -5 -6 -7 7 -9 -10 -11 -12 -13 -14 -15
leaf_value=0.077944315360062577 0.66011456713080408 1.0788976861370936 -0.59147384007771819 -1.048337625458434 -0.70425616939862579 -0.59396565912400989 -0.21892255933196458 -0.67399220792452497 0.80845177045574901 0.1144576829009586 0.061023111396961004 -0.21869225696406586 0.58923486188930629 -0.53703775448103752
leaf_weight=585 60 25 28 35 25 32 25 28 25 25 87 130 49 46
leaf_count=585 60 25 28 35 25 32 25 28 25 25 87 130 49 46
internal_value=-0.000254414 0.119982 -0.0311253 -0.336195 -0.0603831 0.0476746 0.214755 -0.053781 0.306102 0.619627 -0.105241 0.026058 0.0733526 0.0315569
internal_weight=1205 245 960 150 185 160 128 78 50 50 115 810 680 631
internal_count=1205 245 960 150 185 160 128 78 50 50 115 810 680 631
is_linear=0
shrinkage=0.035


Tree=211
num_leaves=15
num_cat=0
split_feature=2 9 2 4 2 1 4 2 5 1 1 1 2 2
split_gain=3452.11 4786.64 6655.66 6707.96 18552.3 6642.59 16245.1 16372.5 22153.5 6558.95 7849.11 10135.3 6198.89 18972.9
threshold=306.50000000000006 1.0000000180025095e-35 279.50000000000006 13.000000000000002 260.50000000000006 214.50000000000003 92.500000000000014 217.50000000000003 1.0000000180025095e-35 173.50000000000003 139.50000000000003 130.50000000000003 175.50000000000003 201.50000000000003
decision_type=2 2 2 2 2 2 2 2 2 2 2 2 2 2
left_child=1 5 3 -3 -5 9 -7 8 -8 10 11 12 -1 -14
right_child=-2 2 -4 4 -6 6 7 -9 -10 -11 -12 -13 13 -15
leaf_value=-0.45990124619007111 -0.39162706379537232 0.031285758696350398 -0.036632545600766724 1.2136569260756176 0.026012965021906673 -0.81479106670548751 -0.34584938764572148 -0.65665372016032542 0.96248640542680575 0.4482609021663666 -0.39947845291283174 0.67321024239063276 0.70399325383746103 -0.032324622476680415
leaf_weight=33 25 49 113 28 35 41 29 28 31 38 57 26 44 628
leaf_count=33 25 49 113 28 35 41 29 28 31 38 57 26 44 628
internal_value=-0.000314906 0.00862423 0.153106 0.341822 0.574957 -0.0256648 -0.257213 0.0149012 0.339366 0.0110311 -0.0111351 0.0201535 -0.00576714 0.0178326
internal_weight=1205 1180 225 112 63 955 129 88 60 826 788 731 705 672
internal_count=1205 1180 225 112 63 955 129 88 60 826 788 731 705 672
is_linear=0
shrinkage=0.035


Tree=212
num_leaves=15
num_cat=0
split_feature=0 0 0 1 4 1 2 3 4 12 3 2 0 0
split_gain=3504.84 18298.4 12841.3 18879.5 10123.6 13249.4 11002.9 23465.4 11300.4 7654.14 8004.87 6997.9 11177 12802.5
threshold=2987.0000000000005 2996.5000000000005 2842.5000000000005 174.50000000000003 668.50000000000011 313.50000000000006 266.50000000000006 127.00000000000001 417.50000000000006 1.0000000180025095e-35 225.00000000000003 286.50000000000006 2823.5000000000005 2818.0000000000005
decision_type=2 2 2 2 2 2 2 2 2 2 2 2 2 2
left_child=2 -2 11 9 5 6 7 -3 -8 -4 -11 12 13 -1
right_child=1 4 3 -5 -6 -7 8 -9 -10 10 -12 -13 -14 -15
leaf_value=0.068600572381156161 0.6378049757595986 1.2966803044080735 -0.49570341856777672 -1.0136542914042603 -0.68347007857428665 -0.56708293718450209 0.25897198287553569 -0.059473173392785572 -0.64517488539218915 -0.17039657076199852 0.55082101209958401 -0.20845156378818283 0.5683986619275575 -0.60232533863670124
leaf_weight=596 60 26 38 35 25 32 41 35 26 49 28 130 49 35
leaf_count=596 60 26 38 35 25 32 41 35 26 49 28 130 49 35
internal_value=-0.000250434 0.117356 -0.0304461 -0.325651 -0.0564549 0.0487446 0.209057 0.541374 -0.100422 -0.102511 0.0991697 0.024889 0.0699786 0.0296005
internal_weight=1205 245 960 150 185 160 128 61 67 115 77 810 680 631
internal_count=1205 245 960 150 185 160 128 61 67 115 77 810 680 631
is_linear=0
shrinkage=0.035


Tree=213
num_leaves=15
num_cat=0
split_feature=17 9 2 4 1 1 1 1 1 4 2 1 1 3
split_gain=3461.42 4370.45 10168.6 28711.2 8069.65 12316.9 9269.14 6913.45 6402.86 16380.1 17873.4 6609.03 6864.63 7544.22
threshold=1.0000000180025095e-35 1.0000000180025095e-35 268.50000000000006 50.500000000000007 164.50000000000003 182.50000000000003 211.50000000000003 248.50000000000003 214.50000000000003 92.500000000000014 180.50000000000003 173.50000000000003 137.50000000000003 185.50000000000003
decision_type=2 2 2 2 2 2 2 2 2 2 2 2 2 2
left_child=-1 8 3 -3 -4 -6 -7 -8 11 -10 -11 12 13 -2
right_child=1 2 4 -5 5 6 7 -9 9 10 -12 -13 -14 -15
leaf_value=0.32406877762232073 0.034384777935416826 -0.045174869782431938 -0.44920783784500395 1.3480380511283876 0.73630225000710336 -0.55999181630033446 0.568981381058693 -0.21182018339633946 -0.84107061505317693 0.71669229166261095 -0.34448581677372175 0.43018959653377536 -0.38757129351623726 -0.36364142921753229
leaf_weight=37 657 51 41 26 27 31 26 26 40 27 57 38 59 62
leaf_count=37 657 51 41 26 27 31 26 26 40 27 57 38 59 62
internal_value=-0.000303404 -0.0111153 0.125689 0.447478 -0.0421071 0.114942 -0.0997555 0.185195 -0.0444939 -0.276711 0.00534201 -0.00861583 -0.0310966 -0.000850878
internal_weight=1205 1168 228 77 151 110 83 52 940 124 84 816 778 719
internal_count=1205 1168 228 77 151 110 83 52 940 124 84 816 778 719
is_linear=0
shrinkage=0.035


Tree=214
num_leaves=15
num_cat=0
split_feature=14 1 1 6 2 2 2 2 1 0 4 4 2 4
split_gain=3485.03 5920.22 8139.14 4774.78 19547 14277.8 10849.8 10075.8 15347.9 21086.8 23415.7 30866.7 15572.5 13308.6
threshold=1.0000000180025095e-35 98.500000000000014 204.50000000000003 1.0000000180025095e-35 238.50000000000003 211.50000000000003 230.50000000000003 238.50000000000003 76.500000000000014 2987.0000000000005 52.500000000000007 290.50000000000006 225.50000000000003 525.50000000000011
decision_type=2 2 2 2 2 2 2 2 2 2 2 2 2 2
left_child=3 -2 -3 7 5 -5 -7 8 -1 10 -10 -12 13 -13
right_child=1 2 -4 4 -6 6 -8 -9 9 -11 11 12 -14 -15
leaf_value=0.61980506016335024 -0.089337250260596593 0.8769686260046784 0.00051758033257943623 0.0046260438320484569 0.16729848701078281 -1.130397588420998 -0.20929480776190759 -0.082197802227869141 -0.79960005708895632 0.51012035254774424 1.103314499443975 -0.0510768941007083 0.55587358053653479 -0.82705840090910598
leaf_weight=69 45 25 25 45 111 42 26 511 48 85 27 77 29 40
leaf_count=69 45 25 25 45 111 42 26 511 48 85 27 77 29 40
internal_value=-0.000237357 0.200962 0.455618 -0.0177876 -0.161396 -0.481568 -0.794254 0.0188016 0.156136 0.0482375 -0.132392 0.0597524 -0.145537 -0.325811
internal_weight=1205 95 50 1110 224 113 68 886 375 306 221 173 146 117
internal_count=1205 95 50 1110 224 113 68 886 375 306 221 173 146 117
is_linear=0
shrinkage=0.035


Tree=215
num_leaves=15
num_cat=0
split_feature=1 2 0 0 0 0 0 0 2 1 1 4 4 0
split_gain=3567.96 7216.68 4879.18 10136.4 16651.8 21791.6 20523.9 15970.9 12809.4 10930.8 22012 14937.8 9438.58 9253.56
threshold=518.00000000000011 142.50000000000003 2626.5000000000005 2642.5000000000005 2667.5000000000005 2651.5000000000005 2693.0000000000005 2644.5000000000005 234.50000000000003 66.500000000000014 61.500000000000007 383.00000000000006 300.50000000000006 2706.0000000000005
decision_type=2 2 2 2 2 2 2 2 2 2 2 2 2 2
left_child=1 -1 -3 8 5 7 -6 -5 -4 10 11 -8 -9 -11
right_child=-2 2 3 4 6 -7 9 12 -10 13 -12 -13 -14 -15
leaf_value=0.57621479096236061 -0.33396417715047544 -0.30729229391109752 0.85878636990044577 -0.41530870055158936 0.78032347929748624 -1.0149891893297089 0.55303326707114198 0.77205724724133806 0.076494532823562625 -0.37406006380131374 -1.045918743133545 -0.54992186824480704 -0.12216342198437659 0.092636456279907131
leaf_weight=25 36 59 35 82 42 41 32 28 85 55 33 25 27 600
leaf_count=25 36 59 35 82 42 41 32 28 85 55 33 25 27 600
internal_value=-0.000191381 0.0106402 -0.00270345 0.0143944 -0.023561 -0.327286 0.0457897 -0.109834 0.315001 0.00240135 -0.354912 0.067038 0.344193 0.0524288
internal_weight=1205 1169 1144 1085 965 178 787 137 120 745 90 57 55 655
internal_count=1205 1169 1144 1085 965 178 787 137 120 745 90 57 55 655
is_linear=0
shrinkage=0.035


Tree=216
num_leaves=15
num_cat=0
split_feature=1 2 0 0 0 0 0 0 2 1 1 4 1 4
split_gain=3334.73 6757.37 4553.2 9475.86 15528.5 20375.5 19182 14919 11978 10218.6 20586.3 8933.29 9630.16 8832.21
threshold=518.00000000000011 142.50000000000003 2626.5000000000005 2642.5000000000005 2667.5000000000005 2651.5000000000005 2693.0000000000005 2644.5000000000005 234.50000000000003 66.500000000000014 59.500000000000007 310.50000000000006 137.50000000000003 300.50000000000006
decision_type=2 2 2 2 2 2 2 2 2 2 2 2 2 2
left_child=1 -1 -3 8 5 7 -6 11 -4 10 -8 12 -5 -9
right_child=-2 2 3 4 6 -7 9 13 -10 -11 -12 -13 -14 -15
leaf_value=0.55754118698614619 -0.32289061125956087 -0.29688970684852511 0.83035359796237318 -1.1052123275707508 0.7542536043578929 -0.98111685307393259 0.1955316088575384 0.74683668363094335 0.073878772519100674 0.050563808949706766 -0.84534475406010956 0.078206604197621349 -0.15353513971523003 -0.11818259434453374
leaf_weight=25 36 59 35 27 42 41 44 28 85 655 46 30 25 27
leaf_count=25 36 59 35 27 42 41 44 28 85 655 46 30 25 27
internal_value=-0.000211014 0.0102606 -0.00265136 0.0138655 -0.0228322 -0.316135 0.0441388 -0.105872 0.304513 0.00219321 -0.343284 -0.401119 -0.670308 0.332944
internal_weight=1205 1169 1144 1085 965 178 787 137 120 745 90 82 52 55
internal_count=1205 1169 1144 1085 965 178 787 137 120 745 90 82 52 55
is_linear=0
shrinkage=0.035


Tree=217
num_leaves=15
num_cat=0
split_feature=16 0 1 3 3 9 0 4 1 2 2 4 2 0
split_gain=3352.19 5592.83 5305.57 4785.7 6792.94 4680.87 17946.7 12938.4 58749.9 34232.1 15585.5 9597.93 9495.91 9937.85
threshold=1.0000000180025095e-35 2911.0000000000005 69.500000000000014 417.50000000000006 339.50000000000006 1.0000000180025095e-35 2989.5000000000005 92.500000000000014 112.50000000000001 233.50000000000003 168.50000000000003 2.5000000000000004 289.50000000000006 2651.5000000000005
decision_type=2 2 2 2 2 2 2 2 2 2 2 2 2 2
left_child=3 2 -2 4 5 7 12 8 9 -1 -9 -10 13 -7
right_child=1 -3 -4 -5 -6 6 -8 10 11 -11 -12 -13 -14 -15
leaf_value=1.1791758966445924 0.73128402997707509 -0.15441158735752109 0.11498607095816862 -0.47047074049711235 0.46573711463974582 0.65891817202170699 0.80168254491610413 0.70598175767305738 -0.71904965100465001 -0.2282749282012041 -0.033148931246664792 -1.7638755752146247 -0.3279956733862559 -0.060513555347055631
leaf_weight=26 27 38 44 26 34 34 37 35 25 85 628 26 73 67
leaf_count=26 27 38 44 26 34 34 37 35 25 85 628 26 73 67
internal_value=-0.000234715 0.183064 0.362967 -0.0187645 -0.00693121 -0.023311 0.123059 -0.0609533 -0.339304 0.116434 0.00787594 -1.29817 -0.0287162 0.189763
internal_weight=1205 109 71 1096 1070 1036 211 825 162 111 663 51 174 101
internal_count=1205 109 71 1096 1070 1036 211 825 162 111 663 51 174 101
is_linear=0
shrinkage=0.035


Tree=218
num_leaves=15
num_cat=0
split_feature=2 0 0 0 3 0 4 4 2 13 2 2 12 0
split_gain=3149.63 4836.63 13586.6 12045.1 20190 11256.2 12118.9 34026.2 20058.8 8547.65 14981.6 11272.6 11112.2 9000.08
threshold=306.50000000000006 3062.5000000000005 2989.5000000000005 2996.5000000000005 145.50000000000003 2842.5000000000005 486.50000000000006 7.5000000000000009 190.50000000000003 1.0000000180025095e-35 285.50000000000006 233.50000000000003 1.0000000180025095e-35 2761.5000000000005
decision_type=2 2 2 2 2 2 2 2 2 2 2 2 2 2
left_child=1 2 5 -4 -5 9 7 -7 -8 13 11 -11 -13 -1
right_child=-2 -3 3 4 -6 6 8 -9 -10 10 -12 12 -14 -15
leaf_value=0.027179051335027193 -0.37394987101908084 -0.2094332170644693 0.86940467079480488 -0.53614420806989083 0.68919903664027948 0.051640632598350451 -0.48476003358492986 -1.2292103033065795 0.67607366614871556 -0.48173370952076383 -0.93578040774221782 -0.21927349086417711 0.55382563020501818 0.33082349676287404
leaf_weight=484 25 111 40 30 32 58 35 43 34 43 25 41 47 157
leaf_count=484 25 111 40 30 32 58 35 43 34 43 25 41 47 157
internal_value=-0.000174303 0.00836401 0.0313279 0.411453 0.0980649 -0.0095345 -0.266358 -0.506952 0.0901765 0.0457754 -0.185034 -0.0298445 0.196763 0.102348
internal_weight=1205 1180 1069 102 62 967 170 101 69 797 156 131 88 641
internal_count=1205 1180 1069 102 62 967 170 101 69 797 156 131 88 641
is_linear=0
shrinkage=0.035


Tree=219
num_leaves=15
num_cat=0
split_feature=16 1 1 0 3 3 9 0 4 1 2 2 4 2
split_gain=3081.71 5972.34 8340.2 6022.54 4282.81 6416.98 4490.25 16571.9 12057.1 54576 32082.5 14729 8870.29 8640.83
threshold=1.0000000180025095e-35 97.500000000000014 219.50000000000003 2759.0000000000005 417.50000000000006 339.50000000000006 1.0000000180025095e-35 2989.5000000000005 92.500000000000014 112.50000000000001 233.50000000000003 168.50000000000003 2.5000000000000004 289.50000000000006
decision_type=2 2 2 2 2 2 2 2 2 2 2 2 2 2
left_child=4 3 -3 -2 5 6 8 13 9 10 -1 -10 -11 -8
right_child=1 2 -4 -5 -6 -7 7 -9 11 12 -12 -13 -14 -15
leaf_value=1.1398205441236495 0.23761139059066774 0.87509656058417429 -0.0029431306570768356 -0.45853244591642311 -0.44532312586903577 0.45258859786515437 0.18313698874515238 0.77273436494362668 0.68549970240206337 -0.69518071845725737 -0.22271033241145916 -0.033034932438284162 -1.7004031861573459 -0.31075559622446702
leaf_weight=26 33 25 26 25 26 34 101 37 35 25 85 628 26 73
leaf_count=26 33 25 26 25 26 34 101 37 35 25 85 628 26 73
internal_value=-0.000241977 0.175507 0.444249 -0.067733 -0.0180085 -0.00681366 -0.0227336 0.120625 -0.0596016 -0.328305 0.110966 0.00684433 -1.25247 -0.0252475
internal_weight=1205 109 51 58 1096 1070 1036 211 825 162 111 663 51 174
internal_count=1205 109 51 58 1096 1070 1036 211 825 162 111 663 51 174
is_linear=0
shrinkage=0.035


Tree=220
num_leaves=15
num_cat=0
split_feature=17 3 13 0 0 3 4 0 0 0 1 1 0 13
split_gain=2993.86 4137.9 12660.7 9181.57 9172.48 9165.94 5176.3 4582.21 20802.7 7852.09 12462.9 6866.08 6461.15 8152.73
threshold=1.0000000180025095e-35 106.00000000000001 1.0000000180025095e-35 2989.5000000000005 3116.0000000000005 148.50000000000003 7.5000000000000009 3062.5000000000005 2987.0000000000005 2842.5000000000005 84.500000000000014 153.50000000000003 2830.5000000000005 1.0000000180025095e-35
decision_type=2 2 2 2 2 2 2 2 2 2 2 2 2 2
left_child=-1 4 3 6 7 -5 -3 8 9 12 -11 -9 13 -2
right_child=1 2 -4 5 -6 -7 -8 11 -10 10 -12 -13 -14 -15
leaf_value=0.30146385972316453 0.05026724528789131 -0.17593945405549477 0.39802190248782826 -0.55616336766768393 0.52401815474033364 0.24420090152025226 -0.81899286603150168 0.14239604331828928 0.97240655152886013 0.18514255523681641 -0.7256772499084474 -0.59900455481297277 0.44072715400019663 -0.24326153603258668
leaf_weight=37 610 25 37 25 40 48 44 25 25 30 43 35 40 141
leaf_count=37 610 25 37 25 40 48 44 25 25 30 43 35 40 141
internal_value=-0.000205811 -0.0102611 -0.16413 -0.3141 0.0178628 -0.0374182 -0.597522 -0.00452862 0.0157259 -0.0141377 -0.356412 -0.295459 0.0182695 -0.00534242
internal_weight=1205 1168 179 142 989 73 69 949 889 864 73 60 791 751
internal_count=1205 1168 179 142 989 73 69 949 889 864 73 60 791 751
is_linear=0
shrinkage=0.035


Tree=221
num_leaves=15
num_cat=0
split_feature=1 2 0 0 0 0 0 0 2 1 1 4 0 0
split_gain=3026.62 6281.97 4445.2 8751.63 14290.1 19029.8 17772.5 14110 11066.1 9870.87 19573.6 13821 8468.65 22774.1
threshold=518.00000000000011 142.50000000000003 2626.5000000000005 2642.5000000000005 2667.5000000000005 2651.5000000000005 2693.0000000000005 2644.5000000000005 234.50000000000003 66.500000000000014 61.500000000000007 383.00000000000006 2706.0000000000005 2724.5000000000005
decision_type=2 2 2 2 2 2 2 2 2 2 2 2 2 2
left_child=1 -1 -3 8 5 7 -6 -5 -4 10 11 -8 -11 -14
right_child=-2 2 3 4 6 -7 9 -9 -10 12 -12 -13 13 -15
leaf_value=0.53746378845638709 -0.30760205008481684 -0.2933912843392521 0.79840362754222516 -0.38698044240474705 0.72616005633365022 -0.94560890262903174 0.52827205910402197 0.32687599917252858 0.071287711492215078 -0.35820039849532281 -0.98889190578460695 -0.53262393395106 0.78112336732306575 0.021296876859792025
leaf_weight=25 36 59 35 82 42 41 32 55 85 55 33 25 51 549
leaf_count=25 36 59 35 82 42 41 32 55 85 55 33 25 51 549
internal_value=-0.000190507 0.0097856 -0.00266369 0.0136562 -0.0216119 -0.302976 0.0426324 -0.099816 0.292975 0.00225687 -0.337291 0.0606848 0.0497971 0.0882627
internal_weight=1205 1169 1144 1085 965 178 787 137 120 745 90 57 655 600
internal_count=1205 1169 1144 1085 965 178 787 137 120 745 90 57 655 600
is_linear=0
shrinkage=0.035


Tree=222
num_leaves=15
num_cat=0
split_feature=2 0 0 1 1 0 4 4 2 13 2 2 12 4
split_gain=2975.12 4692.57 11788.9 10725.2 15136.8 9749.03 11142.9 30669.6 18873.1 7526.17 14030.8 10498.6 10375 8712.35
threshold=306.50000000000006 3062.5000000000005 2989.5000000000005 145.50000000000003 245.50000000000003 2842.5000000000005 486.50000000000006 7.5000000000000009 190.50000000000003 1.0000000180025095e-35 285.50000000000006 233.50000000000003 1.0000000180025095e-35 535.00000000000011
decision_type=2 2 2 2 2 2 2 2 2 2 2 2 2 2
left_child=1 2 5 -4 -5 9 7 -7 -8 13 11 -11 -13 -1
right_child=-2 -3 3 4 -6 6 8 -9 -10 10 -12 12 -14 -15
leaf_value=0.054187437877148754 -0.36345832102828557 -0.2064156166589366 -0.061814951896667483 1.2218334972858431 0.13544358348846436 0.05311223313460748 -0.46261890735175165 -1.1627952324450017 0.66345040400822963 -0.45854773900243972 -0.89896781371699441 -0.2059811909873645 0.54116719186306006 0.48483361097052696
leaf_weight=579 25 111 40 29 33 58 35 43 34 43 25 41 47 62
leaf_count=579 25 111 40 29 33 58 35 43 34 43 25 41 47 62
internal_value=-0.000185141 0.00811329 0.0307328 0.384819 0.665896 -0.0073336 -0.246347 -0.477078 0.0953143 0.044137 -0.172448 -0.0223658 0.196222 0.0972197
internal_weight=1205 1180 1069 102 62 967 170 101 69 797 156 131 88 641
internal_count=1205 1180 1069 102 62 967 170 101 69 797 156 131 88 641
is_linear=0
shrinkage=0.035


Tree=223
num_leaves=15
num_cat=0
split_feature=16 1 1 0 9 4 1 2 0 2 4 4 2 4
split_gain=2889.84 5587.95 7588.68 5761.91 3920.29 12859.3 40599.3 25393.7 11891.8 11219.5 14729.4 11121.6 8518.68 6693.91
threshold=1.0000000180025095e-35 97.500000000000014 219.50000000000003 2759.0000000000005 1.0000000180025095e-35 92.500000000000014 112.50000000000001 228.50000000000003 2987.0000000000005 168.50000000000003 514.50000000000011 4.5000000000000009 285.50000000000006 63.500000000000007
decision_type=2 2 2 2 2 2 2 2 2 2 2 2 2 2
left_child=4 3 -3 -2 5 6 7 -1 12 10 -7 -8 13 -6
right_child=1 2 -4 -5 8 9 11 -9 -10 -11 -12 -13 -14 -15
leaf_value=1.0031522185714157 0.23331348907947541 0.84089899142583224 0.0029125438444316388 -0.4475894826429862 0.42877351725173579 1.0796936953067782 -0.57789994927013622 -0.21334725373512822 0.6222239545252588 -0.023483687721515167 -0.071461467876516541 -1.6033625214629705 -0.25817993337183859 -0.21191466832160952
leaf_weight=25 33 25 26 25 60 25 32 93 43 651 27 25 87 28
leaf_count=25 33 25 26 25 60 25 32 93 43 651 27 25 87 28
internal_value=-0.000217319 0.169972 0.429921 -0.0653157 -0.0174218 -0.0504293 -0.317075 0.0568093 0.114766 0.0166589 0.501469 -1.06677 -0.0155452 0.224739
internal_weight=1205 109 51 58 1096 878 175 118 218 703 52 57 175 88
internal_count=1205 109 51 58 1096 878 175 118 218 703 52 57 175 88
is_linear=0
shrinkage=0.035


Tree=224
num_leaves=15
num_cat=0
split_feature=14 1 1 0 0 0 4 0 0 0 0 0 1 1
split_gain=2812.18 5312.57 7981.71 4692.25 22313.4 14407.8 21342.3 13453.5 13264.1 20090 23041.4 31460.3 14585.7 13446.4
threshold=1.0000000180025095e-35 98.500000000000014 204.50000000000003 2810.5000000000005 2787.0000000000005 2743.0000000000005 423.50000000000006 2821.5000000000005 2706.0000000000005 2700.5000000000005 2667.5000000000005 2651.5000000000005 78.500000000000014 58.500000000000007
decision_type=2 2 2 2 2 2 2 2 2 2 2 2 2 2
left_child=3 -2 -3 4 5 8 -7 -5 9 10 11 13 -12 -1
right_child=1 2 -4 7 -6 6 -8 -9 -10 -11 12 -13 -14 -15
leaf_value=-0.33953621141220397 -0.094080500830995284 0.83915981610616064 -0.026667078871417931 -0.71467851404845717 0.89161074585384803 0.020282361290671611 -1.2262538963556291 -0.042853159871127679 0.43638769311289638 -0.73329706758260738 1.2720478679984808 -0.94162827730178844 0.16603916063028223 0.19401299292597263
leaf_weight=74 45 25 25 38 34 42 26 423 91 42 26 41 32 241
leaf_count=74 45 25 25 38 34 42 26 423 91 42 26 41 32 241
internal_value=-0.000163104 0.180572 0.421871 -0.0159284 0.044681 -0.00487948 -0.477753 -0.101079 0.0554318 -0.022166 0.0531564 -0.0534905 0.687711 0.0673199
internal_weight=1205 95 50 1110 649 615 68 461 547 456 414 356 58 315
internal_count=1205 95 50 1110 649 615 68 461 547 456 414 356 58 315
is_linear=0
shrinkage=0.035


Tree=225
num_leaves=15
num_cat=0
split_feature=2 0 0 0 3 0 0 2 4 12 4 2 13 2
split_gain=2850.45 4432.87 10912.8 10312.5 18574.8 9280.37 11043.2 10302 9058.03 7369.48 7177.42 10383.4 7144.13 13029.7
threshold=306.50000000000006 3062.5000000000005 2989.5000000000005 2996.5000000000005 145.50000000000003 2842.5000000000005 2959.0000000000005 205.50000000000003 545.50000000000011 1.0000000180025095e-35 308.50000000000006 234.50000000000003 1.0000000180025095e-35 285.50000000000006
decision_type=2 2 2 2 2 2 2 2 2 2 2 2 2 2
left_child=1 2 5 -4 -5 12 8 -8 -7 -9 -3 -12 -1 -14
right_child=-2 10 3 4 -6 6 7 9 -10 -11 11 -13 13 -15
leaf_value=0.095241177323249701 -0.35575521570112972 -0.51941720203629571 0.79428743518888967 -0.52686957019381231 0.64832135509042188 -0.90103311538696307 0.3917591416835785 -0.73147629270950953 -0.1115044182889602 0.067809935231362625 0.54262411919133424 -0.33199940261168359 -0.022845029499577851 -0.86761893987655647
leaf_weight=641 25 47 40 30 32 40 44 25 32 29 27 37 131 25
leaf_count=641 25 47 40 30 32 40 44 25 32 29 27 37 131 25
internal_value=-0.000174759 0.00794793 0.0299326 0.370607 0.0809859 -0.00669287 -0.239892 0.00373169 -0.562629 -0.315138 -0.20056 0.0422443 0.0435244 -0.167494
internal_weight=1205 1180 1069 102 62 967 170 98 72 54 111 64 797 156
internal_count=1205 1180 1069 102 62 967 170 98 72 54 111 64 797 156
is_linear=0
shrinkage=0.035


Tree=226
num_leaves=15
num_cat=0
split_feature=16 1 1 1 3 3 9 0 4 1 2 2 2 2
split_gain=2792.53 5369.6 6132.14 4649.88 4096.76 5558.17 4173.76 14238 10172.1 46893.7 28961.5 12968.8 8303.11 8422.65
threshold=1.0000000180025095e-35 99.500000000000014 72.500000000000014 221.50000000000003 417.50000000000006 339.50000000000006 1.0000000180025095e-35 2989.5000000000005 92.500000000000014 112.50000000000001 233.50000000000003 168.50000000000003 189.00000000000003 199.50000000000003
decision_type=2 2 2 2 2 2 2 2 2 2 2 2 2 2
left_child=4 2 -2 -3 5 6 8 -8 9 10 -1 -10 -13 -14
right_child=1 3 -4 -5 -6 -7 7 -9 11 -11 -12 12 13 -15
leaf_value=1.0813097879290581 0.241456150578128 0.74529368365252469 -0.45663190793108066 0.076054817105953895 -0.43511704355478287 0.42131780507663891 -0.018114057565954602 0.72159588155838172 0.64125502076503405 -1.1600703759238407 -0.21323964815372709 -0.54165985316843612 0.57029397096733259 -0.031471928262933629
leaf_weight=26 34 25 25 25 26 34 174 37 35 51 85 35 28 565
leaf_count=26 34 25 25 25 26 34 174 37 35 51 85 35 28 565
internal_value=-0.000274689 0.167025 -0.0596171 0.426469 -0.017187 -0.00623885 -0.0210554 0.117156 -0.0566018 -0.303408 0.10376 0.00443497 -0.0329796 -0.00123658
internal_weight=1205 109 59 50 1096 1070 1036 211 825 162 111 663 628 593
internal_count=1205 109 59 50 1096 1070 1036 211 825 162 111 663 628 593
is_linear=0
shrinkage=0.035


Tree=227
num_leaves=15
num_cat=0
split_feature=1 2 0 0 0 0 0 0 2 1 1 4 0 0
split_gain=2739.95 5731.06 4272.08 7960.68 12952.4 16565 15236.2 13113.5 10165.2 9552.25 17988.8 12884.2 7416.18 20617.1
threshold=518.00000000000011 142.50000000000003 2626.5000000000005 2642.5000000000005 2667.5000000000005 2651.5000000000005 2693.0000000000005 2643.5000000000005 234.50000000000003 66.500000000000014 61.500000000000007 383.00000000000006 2706.0000000000005 2724.5000000000005
decision_type=2 2 2 2 2 2 2 2 2 2 2 2 2 2
left_child=1 -1 -3 8 5 7 -6 -5 -4 10 11 -8 -11 -14
right_child=-2 2 3 4 6 -7 9 -9 -10 12 -12 -13 13 -15
leaf_value=0.51333138253953725 -0.29266053105655476 -0.28757895854042209 0.76424275108285855 -0.60691448447316199 0.67383239939131523 -0.88768190392228064 0.50297245856593642 0.12666736094014988 0.067379172094937032 -0.33149985852994418 -0.95510198640823374 -0.52128665751881076 0.74555242643041442 0.022592722296997055
leaf_weight=25 36 59 35 41 42 41 32 96 85 55 33 25 51 549
leaf_count=25 36 59 35 41 42 41 32 96 85 55 33 25 51 549
internal_value=-0.000169831 0.00932204 -0.00256879 0.0134301 -0.0202073 -0.288079 0.0409553 -0.0984455 0.279828 0.00356778 -0.330459 0.0512936 0.0503309 0.0863171
internal_weight=1205 1169 1144 1085 965 178 787 137 120 745 90 57 655 600
internal_count=1205 1169 1144 1085 965 178 787 137 120 745 90 57 655 600
is_linear=0
shrinkage=0.035


Tree=228
num_leaves=15
num_cat=0
split_feature=2 0 0 0 3 0 0 2 4 12 4 4 13 2
split_gain=2738.56 4170.62 9914.03 9672.55 17412.4 8742.03 10335.8 9488 8356.61 6848.37 6761.78 10095.7 6708.41 12302.4
threshold=306.50000000000006 3062.5000000000005 2989.5000000000005 2996.5000000000005 145.50000000000003 2842.5000000000005 2959.0000000000005 205.50000000000003 545.50000000000011 1.0000000180025095e-35 308.50000000000006 581.00000000000011 1.0000000180025095e-35 285.50000000000006
decision_type=2 2 2 2 2 2 2 2 2 2 2 2 2 2
left_child=1 2 5 -4 -5 12 8 -8 -7 -9 -3 -12 -1 -14
right_child=-2 10 3 4 -6 6 7 9 -10 -11 11 -13 13 -15
leaf_value=0.093035754296063408 -0.34872293266571236 -0.50396325401163533 0.7641016372044882 -0.51486874863505372 0.6229209274930112 -0.86944451530774447 0.37592498448879824 -0.70382677563914553 -0.11080613844534931 0.066612232154415502 0.38609942517629486 -0.48561696224742468 -0.021028024052318777 -0.84186331620922805
leaf_weight=641 25 47 40 30 32 40 44 25 32 29 39 25 131 25
leaf_count=641 25 47 40 30 32 40 44 25 32 29 39 25 131 25
internal_value=-0.000190919 0.0077708 0.0290951 0.353806 0.0734924 -0.00581519 -0.23215 0.00354206 -0.544379 -0.30247 -0.194476 0.0411882 0.0429223 -0.161564
internal_weight=1205 1180 1069 102 62 967 170 98 72 54 111 64 797 156
internal_count=1205 1180 1069 102 62 967 170 98 72 54 111 64 797 156
is_linear=0
shrinkage=0.035


Tree=229
num_leaves=15
num_cat=0
split_feature=16 1 1 2 3 3 9 0 4 1 2 2 2 0
split_gain=2742.05 5082.5 5814.52 4494.32 3936.15 5027.06 4159.87 13219.7 9375.07 43349.7 27201 11832.8 8282.86 9094.09
threshold=1.0000000180025095e-35 99.500000000000014 72.500000000000014 264.50000000000006 417.50000000000006 339.50000000000006 1.0000000180025095e-35 2993.0000000000005 92.500000000000014 112.50000000000001 233.50000000000003 168.50000000000003 289.50000000000006 2837.5000000000005
decision_type=2 2 2 2 2 2 2 2 2 2 2 2 2 2
left_child=4 2 -2 -3 5 6 8 12 9 10 -1 -10 13 -8
right_child=1 3 -4 -5 -6 -7 7 -9 11 -11 -12 -13 -14 -15
leaf_value=1.0460428746044637 0.23795506424374055 0.73130856037139902 -0.44178287938789085 0.073487048585105824 -0.42672015190124518 0.40028497111466199 0.37497988488939077 0.72895676374021501 0.61098299524268584 -1.1165023519632953 -0.20852893153740759 -0.033042961733415727 -0.28812305952707928 -0.36914989505653034
leaf_weight=26 34 25 25 25 26 34 79 34 35 51 85 628 73 25
leaf_count=26 34 25 25 25 26 34 79 34 35 51 85 628 73 25
internal_value=-0.000305533 0.165475 -0.0551107 0.417875 -0.0170642 -0.00633241 -0.0204225 0.117557 -0.0559107 -0.29285 0.0986476 0.00269068 -0.00672015 0.192512
internal_weight=1205 109 59 50 1096 1070 1036 211 825 162 111 663 177 104
internal_count=1205 109 59 50 1096 1070 1036 211 825 162 111 663 177 104
is_linear=0
shrinkage=0.035


Tree=230
num_leaves=15
num_cat=0
split_feature=17 3 13 0 0 3 1 0 0 4 0 1 1 0
split_gain=2676.56 4189.96 11526.1 8756.89 7389.88 8080.59 4596.38 3578.79 16699 6598.4 9566 9721.71 6164.9 5884.73
threshold=1.0000000180025095e-35 106.00000000000001 1.0000000180025095e-35 3116.0000000000005 2989.5000000000005 336.50000000000006 106.50000000000001 3062.5000000000005 2987.0000000000005 701.50000000000011 2842.5000000000005 89.500000000000014 153.50000000000003 2823.5000000000005
decision_type=2 2 2 2 2 2 2 2 2 2 2 2 2 2
left_child=-1 3 4 7 6 -6 -3 8 9 10 13 -12 -9 -2
right_child=1 2 -4 -5 5 -7 -8 12 -10 -11 11 -13 -14 -15
leaf_value=0.28501811320965109 -0.023787072038874757 -0.18626468826984538 0.37199368462348603 0.51312906796733548 -0.32066070093661553 0.43098786799995992 -0.78398072036829869 0.15332622042408697 0.87173250136552038 0.52644328298392129 0.03912548160552979 -0.83317721781879672 -0.54826448781667536 0.33422950944451041
leaf_weight=37 719 27 37 40 48 25 42 25 25 25 28 33 35 59
leaf_count=37 719 27 37 40 48 25 42 25 25 25 28 33 35 59
internal_value=-0.000218275 -0.00972578 -0.16456 0.0185734 -0.307592 -0.0586182 -0.561927 -0.0033072 0.0145913 -0.0121662 -0.0294292 -0.444245 -0.260419 0.00415067
internal_weight=1205 1168 179 989 142 73 69 949 889 864 839 61 60 778
internal_count=1205 1168 179 989 142 73 69 949 889 864 839 61 60 778
is_linear=0
shrinkage=0.035


Tree=231
num_leaves=15
num_cat=0
split_feature=1 2 0 0 0 0 1 1 0 2 2 4 4 1
split_gain=2637.98 5244.12 4076.13 7329.76 12162.8 15677 14651.9 23571.4 12691.2 12433 9480.06 8867.63 8058.3 9098.11
threshold=518.00000000000011 142.50000000000003 2626.5000000000005 2642.5000000000005 2667.5000000000005 2651.5000000000005 59.500000000000007 66.500000000000014 2644.5000000000005 247.50000000000003 223.50000000000003 300.50000000000006 310.50000000000006 137.50000000000003
decision_type=2 2 2 2 2 2 2 2 2 2 2 2 2 2
left_child=1 -1 -3 10 5 8 9 -8 12 -6 -4 -10 13 -5
right_child=-2 2 3 4 6 -7 7 -9 11 -11 -12 -13 -14 -15
leaf_value=0.49127333552749075 -0.28715921616867968 -0.28062122586909416 0.84828429712189579 -1.0445027544580658 1.1090180286765099 -0.86175351489421936 -0.7041417954586171 0.055341171281274457 0.72560585252443965 0.032485292046158402 0.10224202656561568 -0.14002772064044558 0.088083821721374994 -0.12228895869519976
leaf_weight=25 36 59 25 27 26 41 52 684 28 25 95 27 30 25
leaf_count=25 36 59 25 27 26 41 52 684 28 25 95 27 30 25
internal_value=-0.000162508 0.00915107 -0.0022238 0.0134033 -0.0188746 -0.278454 0.0403929 -8.0777e-05 -0.0940024 0.602445 0.269026 0.310656 -0.366354 -0.622081
internal_weight=1205 1169 1144 1085 965 178 787 736 137 51 120 55 82 52
internal_count=1205 1169 1144 1085 965 178 787 736 137 51 120 55 82 52
is_linear=0
shrinkage=0.035


Tree=232
num_leaves=15
num_cat=0
split_feature=16 0 0 2 3 3 9 0 4 1 12 2 4 0
split_gain=2661.95 5147.67 5081.23 4418.61 3746.29 4555.99 3955 12336.2 8607.39 40028.1 26823 36057.5 11054.2 8153.62
threshold=1.0000000180025095e-35 2818.0000000000005 2984.0000000000005 256.50000000000006 417.50000000000006 339.50000000000006 1.0000000180025095e-35 2987.0000000000005 92.500000000000014 112.50000000000001 1.0000000180025095e-35 247.50000000000003 199.50000000000003 2710.5000000000005
decision_type=2 2 2 2 2 2 2 2 2 2 2 2 2 2
left_child=4 3 -3 -2 5 6 8 -8 9 10 13 -12 -10 -1
right_child=1 2 -4 -5 -6 -7 7 -9 12 -11 11 -13 -14 -15
leaf_value=-0.036747883116757432 0.6892545743783316 -0.3812441340184981 0.26977755956351757 0.060738199036568408 -0.41632255271077157 0.38089895150727698 -0.018817561052219815 0.64455288954252421 0.63664957303553826 -1.0727151362597944 1.4308814879675067 -0.23166635990581094 -0.030054631381082959 -0.91700449742652757
leaf_weight=25 28 29 26 26 26 34 170 41 30 51 29 32 633 25
leaf_count=25 28 29 26 26 26 34 170 41 30 51 29 32 633 25
internal_value=-0.000156136 0.163185 -0.074821 0.399613 -0.0166685 -0.00619863 -0.019612 0.114926 -0.0542158 -0.281247 0.09495 0.579058 0.00193699 -0.495218
internal_weight=1205 109 55 54 1096 1070 1036 211 825 162 111 61 663 50
internal_count=1205 109 55 54 1096 1070 1036 211 825 162 111 61 663 50
is_linear=0
shrinkage=0.035


Tree=233
num_leaves=15
num_cat=0
split_feature=2 0 0 1 1 0 0 4 2 4 2 13 2 1
split_gain=2674.14 4106.76 8361.39 8485.97 14418.1 7559.9 9573.88 9138.64 8751.19 6286.04 9843.12 6245.97 11392.1 10707.9
threshold=306.50000000000006 3062.5000000000005 2989.5000000000005 145.50000000000003 245.50000000000003 2842.5000000000005 2959.0000000000005 22.500000000000004 205.50000000000003 308.50000000000006 234.50000000000003 1.0000000180025095e-35 285.50000000000006 69.500000000000014
decision_type=2 2 2 2 2 2 2 2 2 2 2 2 2 2
left_child=1 2 5 -4 -5 11 7 -7 -8 -3 -11 -1 13 -13
right_child=-2 9 3 4 -6 6 8 -9 -10 10 -12 12 -14 -15
leaf_value=0.0905422924416108 -0.34450025217400659 -0.49130320276532863 -0.069493600229422262 1.1193464985057231 0.064034485518932344 0.028199628944750189 0.37048345564500151 -0.79195730609553217 -0.28104807525873188 0.5218208240640575 -0.3297074949426147 -0.44613958110200602 -0.80977353493372606 0.20820877608589153
leaf_weight=641 25 47 40 29 33 25 44 47 54 27 37 45 25 86
leaf_count=641 25 47 40 29 33 25 44 47 54 27 37 45 25 86
internal_value=-9.22002e-05 0.00777514 0.0289354 0.327137 0.577202 -0.00312936 -0.21361 -0.514115 0.0130355 -0.192917 0.0344578 0.0421885 -0.155127 -0.0198962
internal_weight=1205 1180 1069 102 62 967 170 72 98 111 64 797 156 131
internal_count=1205 1180 1069 102 62 967 170 72 98 111 64 797 156 131
is_linear=0
shrinkage=0.035


Tree=234
num_leaves=15
num_cat=0
split_feature=14 4 4 3 1 13 1 13 1 1 8 4 1 2
split_gain=2544.87 5131.15 11945.3 4387.09 12889.8 12842.1 11202.3 6555 7703.19 21230.8 11497.2 11058.9 26679.5 21362.2
threshold=1.0000000180025095e-35 1.0000000180025095e-35 379.50000000000006 106.00000000000001 87.500000000000014 1.0000000180025095e-35 227.00000000000003 1.0000000180025095e-35 51.500000000000007 68.500000000000014 1.0000000180025095e-35 28.500000000000004 227.00000000000003 227.50000000000003
decision_type=2 2 2 2 2 2 2 2 2 2 2 2 2 2
left_child=3 -2 -3 7 -5 6 -6 8 -1 -10 11 13 -13 -11
right_child=1 2 -4 4 5 -7 -8 -9 9 10 -12 12 -14 -15
leaf_value=-0.34863373812639492 0.5345807751268149 -0.43471064548234684 0.48874579932540657 -0.75691538416050586 0.084147289511747672 0.59574775351677101 -0.66480644098669295 -0.17482736507860513 0.49925972563544602 -1.0733906530450892 -0.30565183126926426 0.045632742472892181 0.88092492617666729 0.030967873653467256
leaf_weight=51 30 35 30 35 62 30 38 180 125 25 118 288 54 104
leaf_count=51 30 35 30 35 62 30 38 180 125 25 118 288 54 104
internal_value=-0.000156322 0.171775 -0.00663326 -0.0151536 -0.180532 -0.0162341 -0.20791 0.0140422 0.0588221 0.0888186 0.000318305 0.0779415 0.181876 -0.196175
internal_weight=1205 95 65 1110 165 130 100 945 765 714 589 471 342 129
internal_count=1205 95 65 1110 165 130 100 945 765 714 589 471 342 129
is_linear=0
shrinkage=0.035


Tree=235
num_leaves=15
num_cat=0
split_feature=17 3 13 0 0 3 4 0 0 4 0 1 1 0
split_gain=2547.61 3941.03 10065.4 8210.48 6350.07 7549.28 4603.29 3097.8 14999.9 6324.05 8172.92 9120.39 5820.65 5485.54
threshold=1.0000000180025095e-35 106.00000000000001 1.0000000180025095e-35 3116.0000000000005 2989.5000000000005 148.50000000000003 7.5000000000000009 3062.5000000000005 2987.0000000000005 701.50000000000011 2842.5000000000005 89.500000000000014 153.50000000000003 2823.5000000000005
decision_type=2 2 2 2 2 2 2 2 2 2 2 2 2 2
left_child=-1 3 4 7 6 -6 -3 8 9 10 13 -12 -9 -2
right_child=1 2 -4 -5 5 -7 -8 12 -10 -11 11 -13 -14 -15
leaf_value=0.27809453420149977 -0.024735319063212108 -0.13465712518603715 0.3419145571956268 0.49686194787422822 -0.53238764497968893 0.19418007116317751 -0.73751678243927343 0.15900490019056535 0.82581676289991113 0.51538478091911033 0.05481319560607275 -0.78900069844722753 -0.5222363335578829 0.32092435091825544
leaf_weight=37 719 25 37 40 25 48 44 25 25 25 28 33 35 59
leaf_count=37 719 25 37 40 25 48 44 25 25 25 28 33 35 59
internal_value=-0.000185584 -0.00946127 -0.159626 0.0179845 -0.293243 -0.0622062 -0.529035 -0.0032025 0.0134501 -0.0119088 -0.028809 -0.412232 -0.242413 0.00223362
internal_weight=1205 1168 179 989 142 73 69 949 889 864 839 61 60 778
internal_count=1205 1168 179 989 142 73 69 949 889 864 839 61 60 778
is_linear=0
shrinkage=0.035


Tree=236
num_leaves=15
num_cat=0
split_feature=1 2 0 1 0 0 0 0 0 1 1 4 2 0
split_gain=2564.01 5127.19 3970.46 7370.86 6579.11 11598 14939.2 13847.3 11982.9 9054.04 15518.5 11833.5 8873.67 7080.75
threshold=518.00000000000011 142.50000000000003 2626.5000000000005 60.500000000000007 2642.5000000000005 2667.5000000000005 2651.5000000000005 2693.0000000000005 2643.5000000000005 66.500000000000014 61.500000000000007 383.00000000000006 260.50000000000006 2706.0000000000005
decision_type=2 2 2 2 2 2 2 2 2 2 2 2 2 2
left_child=1 -1 3 -3 12 6 8 -7 -6 10 11 -9 -4 -11
right_child=-2 2 4 -5 5 7 -8 9 -10 13 -12 -13 -14 -15
leaf_value=0.48574621006294538 -0.28309780159278924 -0.69492306590080277 0.48394612778994173 0.073195469513535519 -0.57689586090487111 0.64383919187567462 -0.84026270045790563 0.46796543844482485 0.12431884493678809 -0.32273145725852564 -0.90049102973937989 -0.51356434539512352 -0.12993594466371741 0.085532789954612429
leaf_weight=25 36 26 75 33 41 42 41 32 96 55 33 25 45 600
leaf_count=25 36 26 75 33 41 42 41 32 96 55 33 25 45 600
internal_value=-0.000153198 0.00902887 -0.00221845 -0.276984 0.0132048 -0.0173766 -0.270859 0.040496 -0.0908149 0.00484933 -0.320354 0.034654 0.255384 0.050373
internal_weight=1205 1169 1144 59 1085 965 178 787 137 745 90 57 120 655
internal_count=1205 1169 1144 59 1085 965 178 787 137 745 90 57 120 655
is_linear=0
shrinkage=0.035


Tree=237
num_leaves=15
num_cat=0
split_feature=2 0 0 1 1 0 0 0 2 4 2 4 16 0
split_gain=2534.32 4076.75 7426.71 7664.73 13329.4 6764.37 25141.6 8294.17 9834.46 9470.66 22686.6 11945.7 5879.14 7640.45
threshold=306.50000000000006 3062.5000000000005 2989.5000000000005 145.50000000000003 245.50000000000003 2810.5000000000005 2787.0000000000005 2821.5000000000005 176.50000000000003 456.50000000000006 234.50000000000003 112.00000000000001 1.0000000180025095e-35 2743.0000000000005
decision_type=2 2 2 2 2 2 2 2 2 2 2 2 2 2
left_child=1 2 5 -4 -5 6 12 -7 -9 11 -11 -10 13 -1
right_child=-2 -3 3 4 -6 7 -8 8 9 10 -12 -13 -14 -15
leaf_value=0.022885427297286268 -0.33554142119707886 -0.19255578878706539 -0.067366269727547973 1.068432187139988 0.0542448891401291 -0.59082106454427852 0.98691873729228985 -0.54034181731668385 0.083351580408903281 -0.18998633727114253 0.97306706253741249 -0.62009880348362711 0.36702425159943791 -0.37919413697719573
leaf_weight=528 25 111 40 29 33 41 32 42 89 45 35 42 50 63
leaf_count=528 25 111 40 29 33 41 32 42 89 45 35 42 50 63
internal_value=-0.000257877 0.00740132 0.0284847 0.309525 0.547187 -0.00173728 0.0594402 -0.141235 -0.0643148 0.0346233 0.330172 -0.148115 0.0102129 -0.0211102
internal_weight=1205 1180 1069 102 62 967 673 294 253 211 80 131 641 591
internal_count=1205 1180 1069 102 62 967 673 294 253 211 80 131 641 591
is_linear=0
shrinkage=0.035


Tree=238
num_leaves=15
num_cat=0
split_feature=2 0 0 1 4 2 0 1 1 4 4 13 4 4
split_gain=2373.28 3803.34 6985.95 14137.8 8645.97 8260.39 7759.02 15519.4 6283.29 5760.95 9162.1 5481.58 10653.1 15475.4
threshold=306.50000000000006 3062.5000000000005 2987.0000000000005 402.50000000000006 612.50000000000011 238.50000000000003 2842.5000000000005 174.50000000000003 70.500000000000014 308.50000000000006 581.00000000000011 1.0000000180025095e-35 52.500000000000007 435.50000000000006
decision_type=2 2 2 2 2 2 2 2 2 2 2 2 2 2
left_child=1 2 6 4 5 -4 11 8 -8 -3 -11 -1 -13 -14
right_child=-2 9 3 -5 -6 -7 7 -9 -10 10 -12 12 13 -15
leaf_value=0.084142277320589112 -0.32466738736187972 -0.47158407373087752 -0.64075324919488708 0.90837642139289532 0.55689196393407625 0.14600487450758617 -0.47034587025642399 -0.85750102780155246 0.11544009246183247 0.36055181830394561 -0.46984185415285606 -0.60863579951226721 0.24979404527407428 -0.70443017266414798
leaf_weight=641 25 47 25 30 27 40 28 35 87 39 25 42 89 25
leaf_count=641 25 47 25 30 27 40 28 35 87 39 25 42 89 25
internal_value=-0.00021173 0.00720005 0.0275641 0.274595 0.0529972 -0.166689 -0.00477196 -0.233972 -0.0327881 -0.185936 0.0317711 0.0388425 -0.146002 0.0319969
internal_weight=1205 1180 1069 122 92 65 947 150 115 111 64 797 156 114
internal_count=1205 1180 1069 122 92 65 947 150 115 111 64 797 156 114
is_linear=0
shrinkage=0.035


Tree=239
num_leaves=15
num_cat=0
split_feature=4 0 1 2 3 2 1 4 3 1 1 0 1 4
split_gain=2449.73 10829 16471.3 13615.5 12450.4 9245.27 7649.5 5883.64 13661.5 13938.7 6911.35 7642.32 7558.71 9613.26
threshold=1.0000000180025095e-35 2717.5000000000005 77.500000000000014 238.50000000000003 18.000000000000004 255.50000000000003 99.500000000000014 28.500000000000004 109.50000000000001 313.50000000000006 507.50000000000006 2626.5000000000005 269.00000000000006 435.50000000000006
decision_type=2 2 2 2 2 2 2 2 2 2 2 2 2 2
left_child=1 2 3 -1 5 -3 -7 8 9 -2 11 -9 13 -13
right_child=7 4 -4 -5 -6 6 -8 10 -10 -11 -12 12 -14 -15
leaf_value=0.68411010349950496 -0.18437295714968988 1.0494961550235749 -0.87827421069145217 -0.2538236477971077 -0.29463260667077429 -0.10846159771084786 0.68975959762930883 -0.42355034025933819 0.19143164916675201 -1.1587185930460693 0.54124882989916312 0.16237539308802765 -0.35906982408960664 -0.093481707135620332
leaf_weight=29 53 28 26 47 27 30 26 49 53 26 27 406 58 320
leaf_count=29 53 28 26 47 27 30 26 49 53 26 27 406 58 320
internal_value=-0.000327647 0.106797 -0.152131 0.112437 0.343213 0.550318 0.273147 -0.0234979 -0.239223 -0.525736 0.0100917 -0.00837989 0.01858 0.0496539
internal_weight=1205 213 102 76 111 84 56 992 132 79 860 833 784 726
internal_count=1205 213 102 76 111 84 56 992 132 79 860 833 784 726
is_linear=0
shrinkage=0.035


Tree=240
num_leaves=15
num_cat=0
split_feature=1 2 0 0 1 1 1 1 4 2 4 4 2 2
split_gain=2471.14 5051.9 3636.59 20913.3 13258 21243.9 11393.4 17950.2 11541.7 11175.7 8430.05 12886.5 7652.42 6841.95
threshold=518.00000000000011 142.50000000000003 2667.5000000000005 2651.5000000000005 59.500000000000007 66.500000000000014 58.500000000000007 63.500000000000007 332.50000000000006 247.50000000000003 42.500000000000007 385.50000000000006 227.50000000000003 262.50000000000006
decision_type=2 2 2 2 2 2 2 2 2 2 2 2 2 2
left_child=1 -1 3 6 9 -6 8 -8 -3 -4 -9 12 -12 -14
right_child=-2 2 4 -5 5 -7 7 10 -10 -11 11 -13 13 -15
leaf_value=0.48187713879126093 -0.27811415407022366 -0.75838978871703155 1.0544663015007973 -0.81900771457095489 -0.66736986027823553 0.053641405929502443 0.95635164871811873 0.48693275986533419 0.085255453991584296 0.03357966016840052 -0.66076012214024871 0.46863732640072708 0.3287790560196428 -0.27412663882805244
leaf_weight=25 36 40 26 41 52 684 26 36 37 25 37 38 32 70
leaf_count=25 36 40 26 41 52 684 26 36 37 25 37 38 32 70
internal_value=-0.000341464 0.00867309 -0.00249083 -0.0948363 0.0395333 0.00102985 0.00368271 0.12323 -0.361106 0.574183 0.0135845 -0.0870546 -0.243463 -0.0822945
internal_weight=1205 1169 1144 357 787 736 316 239 77 51 213 177 139 102
internal_count=1205 1169 1144 357 787 736 316 239 77 51 213 177 139 102
is_linear=0
shrinkage=0.035


Tree=241
num_leaves=15
num_cat=0
split_feature=16 1 1 0 9 0 4 4 4 2 4 2 1 0
split_gain=2377.2 5160.32 6058.95 5189.58 3633.11 9529.18 15419.4 9212.33 30345.3 16790.5 10403.2 8266.83 8167.43 6421.4
threshold=1.0000000180025095e-35 97.500000000000014 219.50000000000003 2759.0000000000005 1.0000000180025095e-35 2911.0000000000005 1.5000000000000002 92.500000000000014 7.5000000000000009 228.50000000000003 199.50000000000003 285.50000000000006 93.500000000000014 2761.5000000000005
decision_type=2 2 2 2 2 2 2 2 2 2 2 2 2 2
left_child=4 3 -3 -2 7 11 -7 8 9 -1 -9 -6 -11 -13
right_child=1 2 -4 -5 5 6 -8 10 -10 12 -12 13 -14 -15
leaf_value=0.49543811400731408 0.21199884867668156 0.77116079462899112 0.020926885902881626 -0.43433124701182052 0.23841825240879863 -0.051884057151548799 1.0677270574842035 0.62571491496753884 -1.3306859595887364 -0.13021329433084972 -0.020143164795706121 -0.059010644228094163 -0.83755560391479078 -0.70954372536253052
leaf_weight=43 33 25 26 25 74 31 27 30 26 81 673 61 25 25
leaf_count=43 33 25 26 25 74 31 27 30 26 81 673 61 25 25
internal_value=-0.000300993 0.154057 0.403911 -0.0717831 -0.0159049 0.111347 0.487532 -0.0476818 -0.273368 -0.0736887 0.00911524 -0.0293553 -0.30946 -0.259947
internal_weight=1205 109 51 58 1096 218 58 878 175 149 703 160 106 86
internal_count=1205 109 51 58 1096 218 58 878 175 149 703 160 106 86
is_linear=0
shrinkage=0.035


Tree=242
num_leaves=15
num_cat=0
split_feature=1 2 2 1 2 2 4 2 2 2 2 0 4 0
split_gain=2346.45 4818.31 3516.81 16801.3 9329.55 10238 8965.74 6475.21 8275.82 18072.5 15456.4 14373.5 13889.4 18095.1
threshold=518.00000000000011 142.50000000000003 176.50000000000003 158.50000000000003 196.50000000000003 206.50000000000003 541.50000000000011 214.50000000000003 226.50000000000003 223.50000000000003 236.50000000000003 2759.0000000000005 3.5000000000000004 2818.0000000000005
decision_type=2 2 2 2 2 2 2 2 2 2 2 2 2 2
left_child=1 -1 3 -3 6 -6 -4 -7 9 11 12 -9 -10 -14
right_child=-2 2 4 -5 5 7 -8 8 10 -11 -12 -13 13 -15
leaf_value=0.47062017529099082 -0.27097261169239095 -0.87356603346765049 0.65269551105359025 0.35460402827571946 -0.5215278301609958 0.35349120036083009 -0.13685242652893068 0.46399252576072048 1.0798653119802475 -0.94402909113301181 -0.038842925753846444 -0.48089697331190112 0.60271659198637106 -0.40759275241117732
leaf_weight=25 36 26 49 25 45 60 26 39 26 34 693 36 49 36
leaf_count=25 36 26 49 25 45 60 26 39 26 34 693 36 49 36
internal_value=-0.000298697 0.00848542 -0.00241738 -0.280859 0.0110641 -0.0170004 0.38254 0.00735532 -0.0161148 -0.299418 0.022941 0.00973518 0.402533 0.175288
internal_weight=1205 1169 1144 51 1093 1018 75 973 913 109 804 75 111 85
internal_count=1205 1169 1144 51 1093 1018 75 973 913 109 804 75 111 85
is_linear=0
shrinkage=0.035


Tree=243
num_leaves=15
num_cat=0
split_feature=14 1 1 15 3 2 9 0 4 13 0 7 4 2
split_gain=2290.14 4757.28 8031.11 3894.19 7977.5 6964.71 5012.02 15634.6 14963.8 13400 7672.84 5454.64 32987.5 20608.9
threshold=1.0000000180025095e-35 98.500000000000014 204.50000000000003 1.0000000180025095e-35 389.50000000000006 304.50000000000006 1.0000000180025095e-35 2989.5000000000005 31.000000000000004 1.0000000180025095e-35 2644.5000000000005 1.0000000180025095e-35 148.50000000000003 232.50000000000003
decision_type=2 2 2 2 2 2 2 2 2 2 2 2 2 2
left_child=3 -2 -3 4 5 6 11 8 -8 10 -10 12 -1 -13
right_child=1 2 -4 -5 -6 -7 7 -9 9 -11 -12 13 -14 -15
leaf_value=-1.2377647971284802 -0.096796303779837944 0.80991948085802579 -0.056443144723221116 0.28127107514211769 -0.62288262263492311 -0.53014459194915919 -0.43504945641383536 0.92782323747873319 0.13403145596787738 -0.28867640356759766 0.84477630237738299 0.67938138536338155 -0.029058917661816827 -0.11086791356664097
leaf_weight=27 45 25 25 50 25 29 54 26 35 35 40 56 601 132
leaf_count=27 45 25 25 50 25 29 54 26 35 35 40 56 601 132
internal_value=-0.000270627 0.162829 0.391228 -0.0144974 -0.0289521 -0.0134323 0.00248525 0.163412 0.0325059 0.265703 0.525192 -0.0352933 -0.08479 0.129199
internal_weight=1205 95 50 1110 1060 1035 1006 190 164 110 75 816 628 188
internal_count=1205 95 50 1110 1060 1035 1006 190 164 110 75 816 628 188
is_linear=0
shrinkage=0.035


Tree=244
num_leaves=15
num_cat=0
split_feature=17 3 13 0 1 0 1 1 9 0 4 1 4 4
split_gain=2255.92 3617.07 9330.61 7876.79 6155.62 13545.8 8367.2 5722.3 3124.42 7365.35 6995.78 21432.2 13555.3 11297.3
threshold=1.0000000180025095e-35 106.00000000000001 1.0000000180025095e-35 3116.0000000000005 254.50000000000003 2989.5000000000005 106.50000000000001 125.50000000000001 1.0000000180025095e-35 3062.5000000000005 533.50000000000011 104.50000000000001 480.50000000000006 452.50000000000006
decision_type=2 2 2 2 2 2 2 2 2 2 2 2 2 2
left_child=-1 3 4 8 5 6 -3 -7 9 10 12 -12 13 -2
right_child=1 2 -4 -5 -6 7 -8 -9 -10 -11 11 -13 -14 -15
leaf_value=0.26161965731626902 -0.037194840422814547 -0.11886452477553795 0.33003237383487904 0.48636466215054203 -0.74898354474455131 -0.092695784468203785 -0.99247921526432048 0.56968673196103847 0.12483825173946149 -0.44110534279954206 -0.048735558976473498 1.1085200099591856 -0.62054710347601705 0.68351333282887949
leaf_weight=37 548 27 37 40 26 38 26 25 185 49 71 25 45 26
leaf_count=37 548 27 37 40 26 38 26 25 185 49 71 25 45 26
internal_value=-0.000245527 -0.00897395 -0.152835 0.0173194 -0.281488 -0.165786 -0.567936 0.179596 -0.00343194 -0.034737 -0.00573523 0.269106 -0.0490894 -0.00228956
internal_weight=1205 1168 179 989 142 116 53 63 949 764 715 96 619 574
internal_count=1205 1168 179 989 142 116 53 63 949 764 715 96 619 574
is_linear=0
shrinkage=0.035


Tree=245
num_leaves=15
num_cat=0
split_feature=16 1 1 2 3 3 9 0 1 4 2 2 0 1
split_gain=2243.21 4934.46 5396.68 3917.09 3241.71 4162.02 3269.85 10236 7416.06 17448.3 20878.5 6981.57 8084.96 6612.2
threshold=1.0000000180025095e-35 99.500000000000014 72.500000000000014 264.50000000000006 417.50000000000006 339.50000000000006 1.0000000180025095e-35 2987.0000000000005 137.50000000000003 61.500000000000007 180.50000000000003 289.50000000000006 2651.5000000000005 65.500000000000014
decision_type=2 2 2 2 2 2 2 2 2 2 2 2 2 2
left_child=4 2 -2 -3 5 6 8 11 13 -10 -11 12 -8 -1
right_child=1 3 -4 -5 -6 -7 7 -9 9 10 -12 -13 -14 -15
leaf_value=-0.16272385253344179 0.21562259452210536 0.69118571775930915 -0.4393991068585052 0.07629162214420461 -0.38713446283712988 0.36435285304983456 0.59382762172155912 0.58632504683594378 -0.90091573770229649 0.71329618432079311 -0.27504260395924879 -0.27245594638188686 -0.061978987224256772 0.082743010171909839
leaf_weight=191 34 25 25 25 26 34 34 41 37 31 125 73 63 441
leaf_count=191 34 25 25 25 26 34 34 41 37 31 125 73 63 441
internal_value=-0.000210021 0.149734 -0.0672355 0.398498 -0.015368 -0.00562897 -0.0184499 0.103882 -0.0499128 -0.238602 -0.072099 -0.0179363 0.175244 0.00827989
internal_weight=1205 109 59 50 1096 1070 1036 211 825 193 156 170 97 632
internal_count=1205 109 59 50 1096 1070 1036 211 825 193 156 170 97 632
is_linear=0
shrinkage=0.035


Tree=246
num_leaves=15
num_cat=0
split_feature=4 0 1 3 2 2 1 4 3 1 1 0 1 4
split_gain=2250.47 10476.3 15399.3 11854.9 11690.4 8322.19 6912.81 5747.51 12625.2 13133.8 6648.84 7268.81 7090.75 8862.6
threshold=1.0000000180025095e-35 2717.5000000000005 77.500000000000014 18.000000000000004 238.50000000000003 255.50000000000003 99.500000000000014 28.500000000000004 109.50000000000001 313.50000000000006 507.50000000000006 2626.5000000000005 269.00000000000006 435.50000000000006
decision_type=2 2 2 2 2 2 2 2 2 2 2 2 2 2
left_child=1 2 4 5 -1 -3 -7 8 9 -2 11 -9 13 -13
right_child=7 3 -4 -5 -6 6 -8 10 -10 -11 -12 12 -14 -15
leaf_value=0.63353137900752421 -0.17958692171966489 1.0111230537891389 -0.85419836401939397 -0.28734512863488038 -0.23556321012122292 -0.090040108151733883 0.66940001554787165 -0.4121850598369744 0.17857084781608801 -1.1254161310987547 0.5318050173336063 0.15732753081311127 -0.34677210672820613 -0.088340205804890271
leaf_weight=29 53 28 26 27 47 30 26 49 53 26 27 406 58 320
leaf_count=29 53 28 26 27 47 30 26 49 53 26 27 406 58 320
internal_value=-0.000154886 0.102521 -0.152122 0.335067 0.103806 0.537158 0.273481 -0.022363 -0.235579 -0.510974 0.0108337 -0.00728584 0.0190048 0.049099
internal_weight=1205 213 102 111 76 84 56 992 132 79 860 833 784 726
internal_count=1205 213 102 111 76 84 56 992 132 79 860 833 784 726
is_linear=0
shrinkage=0.035


Tree=247
num_leaves=15
num_cat=0
split_feature=1 2 4 1 4 4 4 2 4 4 4 4 8 2
split_gain=2275.67 4726.47 7327.09 3922.93 3773.31 13348.3 13198.6 11312.5 10903.6 9194.8 14690.7 17479.4 8166.92 19255.2
threshold=518.00000000000011 164.50000000000003 525.50000000000011 455.00000000000006 435.50000000000006 377.50000000000006 450.00000000000006 231.50000000000003 359.50000000000006 343.50000000000006 317.50000000000006 303.00000000000006 1.0000000180025095e-35 268.50000000000006
decision_type=2 2 2 2 2 2 2 2 2 2 2 2 2 2
left_child=1 2 -1 4 5 8 -6 -7 9 10 11 12 -3 -14
right_child=-2 3 -4 -5 6 7 -8 -9 -10 -11 -12 -13 13 -15
leaf_value=0.65956287268041214 -0.26673515371488116 0.03353753295011546 -0.12622693421664063 -0.41660896014422177 -0.78650106218553362 0.81941841861274511 -0.023776480394333385 0.12194093751107775 -0.62052032709121707 0.6341772186756135 -0.63819266430167276 0.90190004624702313 -1.0776834625667997 0.25398020850287545
leaf_weight=31 36 490 25 26 29 43 270 80 33 26 41 25 25 25
leaf_count=31 36 490 25 26 29 43 270 80 33 26 41 25 25 25
internal_value=-0.000174849 0.00847557 0.316508 -0.00756283 0.00296832 0.0431408 -0.102487 0.374984 -0.019178 0.0140796 -0.0145239 0.032825 -0.0105895 -0.427692
internal_weight=1205 1169 56 1113 1087 788 299 123 665 632 606 565 540 50
internal_count=1205 1169 56 1113 1087 788 299 123 665 632 606 565 540 50
is_linear=0
shrinkage=0.035


Tree=248
num_leaves=15
num_cat=0
split_feature=1 2 0 0 1 1 1 1 4 2 4 4 2 2
split_gain=2126.75 4524.63 3569.61 19541.2 12672.2 19629.2 10429.8 17463.8 11009.6 10251.2 7995.87 12027.8 6888.22 6443.09
threshold=518.00000000000011 142.50000000000003 2667.5000000000005 2651.5000000000005 59.500000000000007 66.500000000000014 58.500000000000007 63.500000000000007 319.50000000000006 247.50000000000003 42.500000000000007 385.50000000000006 227.50000000000003 262.50000000000006
decision_type=2 2 2 2 2 2 2 2 2 2 2 2 2 2
left_child=1 -1 3 6 9 -6 8 -8 -3 -4 -9 12 -12 -14
right_child=-2 2 4 -5 5 -7 7 10 -10 -11 11 -13 13 -15
leaf_value=0.45599249539551917 -0.25789078334444449 -0.75578417631238715 1.0219589789211752 -0.79390616976937589 -0.64090972467705054 0.052159315069415138 0.93749848470091823 0.46869536255535327 0.067475874035096764 0.043254552152421744 -0.63735193387056011 0.4466575384680182 0.31091873389833113 -0.27425119258463387
leaf_weight=25 36 38 26 41 52 684 26 36 39 25 37 38 32 70
leaf_count=25 36 38 26 41 52 684 26 36 39 25 37 38 32 70
internal_value=-0.000199566 0.00816309 -0.00240211 -0.0938934 0.0392331 0.0015883 0.00135299 0.115747 -0.347656 0.561938 0.00765187 -0.0903088 -0.241359 -0.0882197
internal_weight=1205 1169 1144 357 787 736 316 239 77 51 213 177 139 102
internal_count=1205 1169 1144 357 787 736 316 239 77 51 213 177 139 102
is_linear=0
shrinkage=0.035


Tree=249
num_leaves=15
num_cat=0
split_feature=2 2 2 6 2 4 4 4 4 4 0 0 2 0
split_gain=2150.92 5481.68 11911.1 11442.1 9673.28 6344.42 16321.1 15405.1 13732.8 9360.86 8727.3 15899.7 5678.62 5316.37
threshold=156.50000000000003 196.50000000000003 189.00000000000003 1.0000000180025095e-35 206.50000000000003 588.50000000000011 435.50000000000006 641.50000000000011 456.50000000000006 423.50000000000006 2821.5000000000005 2972.5000000000005 236.50000000000003 2959.0000000000005
decision_type=2 2 2 2 2 2 2 2 2 2 2 2 2 2
left_child=-1 2 3 13 -3 6 9 -7 -8 -6 12 -12 -10 -2
right_child=1 4 -4 -5 5 7 8 -9 10 -11 11 -13 -14 -15
leaf_value=-0.21003928694285845 -0.015902386426925659 -0.50053989289794121 0.81302530161105102 -0.58129466085177339 0.024596262826590706 0.8190937648164599 -0.93066020024789353 -0.14256525795989569 -0.12135138288140299 0.64579727655216579 0.69799978921490335 -0.32792111153187964 -0.85703762478298617 0.63886016428470616
leaf_weight=55 33 46 30 25 723 36 35 43 26 29 29 44 25 26
leaf_count=55 33 46 30 25 723 36 35 43 26 29 29 44 25 26
internal_value=-0.000166799 0.0102178 0.238391 0.0190296 -0.015301 0.00820915 -0.0181453 0.305063 -0.338004 0.0502016 -0.158605 0.0873816 -0.500714 0.284123
internal_weight=1205 1150 114 84 1036 990 911 79 159 752 124 73 51 59
internal_count=1205 1150 114 84 1036 990 911 79 159 752 124 73 51 59
is_linear=0
shrinkage=0.035


Tree=250
num_leaves=15
num_cat=0
split_feature=2 0 0 1 4 2 0 0 0 1 2 0 0 0
split_gain=2125.12 3365.2 5954.34 13229.1 8302.28 11443 6944.77 23366.5 21389.5 9846.93 10853.6 9470.4 12995 6549.94
threshold=306.50000000000006 3062.5000000000005 2987.0000000000005 402.50000000000006 630.50000000000011 236.50000000000003 2810.5000000000005 2761.5000000000005 2743.0000000000005 167.50000000000003 262.50000000000006 2823.5000000000005 2837.5000000000005 2706.0000000000005
decision_type=2 2 2 2 2 2 2 2 2 2 2 2 2 2
left_child=1 2 6 4 5 -4 7 8 13 11 -11 -8 -13 -1
right_child=-2 -3 3 -5 -6 -7 9 -9 -10 10 -12 12 -14 -15
leaf_value=-0.0095561642274102354 -0.30718804006223327 -0.17482114050768119 -0.72815228445110503 0.86710351684130738 0.55954049472455636 0.18885533893988893 -0.44873285194238027 0.67697751874243151 -0.76433599837990696 -0.92216177885194095 -0.024636297058314088 0.70658458325792772 -0.062417269257398759 0.30240801578238607
leaf_weight=469 25 111 25 30 25 42 49 65 41 35 30 32 128 98
leaf_count=469 25 111 25 30 25 42 49 65 41 35 30 32 128 98
internal_value=-0.00016374 0.00684978 0.0260049 0.254068 0.0399693 -0.1645 -0.00384952 0.0566384 -0.011683 -0.151754 -0.52102 -0.0330604 0.0982076 0.045237
internal_weight=1205 1180 1069 122 92 67 947 673 608 274 65 209 160 567
internal_count=1205 1180 1069 122 92 67 947 673 608 274 65 209 160 567
is_linear=0
shrinkage=0.035


Tree=251
num_leaves=15
num_cat=0
split_feature=14 4 4 3 1 1 3 0 13 12 2 4 1 1
split_gain=2074.65 4677.42 11357.8 3716.7 10891.7 11513.9 8064.64 12460.1 5804.87 7480.14 8681.78 21209.5 7281.59 20251
threshold=1.0000000180025095e-35 1.0000000180025095e-35 380.50000000000006 106.00000000000001 87.500000000000014 106.50000000000001 145.50000000000003 2989.5000000000005 1.0000000180025095e-35 1.0000000180025095e-35 233.50000000000003 292.50000000000006 51.500000000000007 68.500000000000014
decision_type=2 2 2 2 2 2 2 2 2 2 2 2 2 2
left_child=3 -2 -3 8 -5 -6 -7 -8 12 -10 -11 -12 -1 -14
right_child=1 2 -4 4 5 6 7 -9 9 10 11 -13 13 -15
leaf_value=-0.34082973509183473 0.50147604260593659 -0.42016111987986066 0.4826040809481375 -0.6957550044639691 0.63118962848628024 -0.63269831068588034 -0.38559058507283533 0.50180529031488641 -0.43259356354872391 -0.44338274130707278 -0.27708016728030316 0.88342638439991905 0.48533171524213059 -0.0019530167711769469
leaf_weight=51 30 36 29 35 25 31 40 34 73 32 43 32 125 589
leaf_count=51 30 36 29 35 25 31 40 34 73 32 43 32 125 589
internal_value=-0.000166163 0.15507 -0.0150059 -0.0137072 -0.165926 -0.0148995 -0.177653 0.0246077 0.013165 -0.164569 0.0228704 0.228154 0.055305 0.0844733
internal_weight=1205 95 65 1110 165 130 105 74 945 180 107 75 765 714
internal_count=1205 95 65 1110 165 130 105 74 945 180 107 75 765 714
is_linear=0
shrinkage=0.035


Tree=252
num_leaves=15
num_cat=0
split_feature=2 6 0 4 4 4 2 2 9 2 2 0 2 2
split_gain=2093.98 9929.28 11167.2 6362.57 9166.68 9192.09 5945.12 21346.4 9159.65 9812.19 10474.4 19376.8 5646.4 8749.12
threshold=254.50000000000003 1.0000000180025095e-35 2993.0000000000005 514.50000000000011 443.50000000000006 383.00000000000006 270.50000000000006 274.50000000000006 1.0000000180025095e-35 266.50000000000006 263.50000000000006 2667.5000000000005 156.50000000000003 185.50000000000003
decision_type=2 2 2 2 2 2 2 2 2 2 2 2 2 2
left_child=1 12 3 4 5 -3 8 -8 9 10 11 -2 -1 -14
right_child=6 2 -4 -5 -6 -7 7 -9 -10 -11 -12 -13 13 -15
leaf_value=-0.25849871047974932 -0.98539847209173093 -0.30863652761165911 -0.84414496007064987 0.25121262028813363 -0.78129333257675182 0.46913695727571331 0.86524084561011383 -0.062625603129204954 0.29047785104976759 -0.77346544981002818 0.4133688251972199 0.12225155962550123 0.5774511586015042 0.096523220949717797
leaf_weight=44 32 50 25 49 25 27 32 283 34 42 28 44 50 440
leaf_count=44 32 50 25 49 25 27 32 283 34 42 28 44 50 440
internal_value=-0.000168709 0.0383155 -0.18831 -0.0701124 -0.226337 -0.0309383 -0.0553004 0.0364981 -0.214583 -0.334536 -0.146027 -0.357436 0.113432 0.147745
internal_weight=1205 710 176 151 102 77 495 315 180 146 104 76 534 490
internal_count=1205 710 176 151 102 77 495 315 180 146 104 76 534 490
is_linear=0
shrinkage=0.035


Tree=253
num_leaves=15
num_cat=0
split_feature=16 1 0 2 3 2 2 1 2 2 0 4 4 4
split_gain=2016.27 4667.22 4991.3 3650.74 2988.38 4124.36 14888.9 9922.15 13664.7 12025.3 10413.2 7592.8 7383.49 8601.93
threshold=1.0000000180025095e-35 99.500000000000014 2759.0000000000005 264.50000000000006 417.50000000000006 217.50000000000003 226.50000000000003 64.500000000000014 207.50000000000003 196.50000000000003 2700.5000000000005 445.50000000000006 588.50000000000011 462.50000000000006
decision_type=2 2 2 2 2 2 2 2 2 2 2 2 2 2
left_child=4 2 -2 -3 5 7 -7 -1 9 10 -9 -12 13 -8
right_child=1 3 -4 -5 -6 6 12 8 -10 -11 11 -13 -14 -15
leaf_value=-0.52473068722972172 0.2032194867399004 0.66644927413375288 -0.42677795052528383 0.072904411127997767 -0.371531773172319 -0.51448039727608363 0.019783947383270911 0.657152987936648 0.60450027302784093 -0.44791922787470478 -0.39700793932927286 0.24399201419204475 0.40958746413682023 -0.35644848008541502
leaf_weight=25 34 25 25 25 26 73 598 39 66 47 36 54 49 83
leaf_count=25 34 25 25 25 26 73 598 39 66 47 36 54 49 83
internal_value=-0.000216647 0.141941 -0.0689689 0.383895 -0.0145874 -0.00523699 -0.0448756 0.113423 0.183109 0.0200701 0.194813 -0.0154647 0.00336231 -0.0269806
internal_weight=1205 109 59 50 1096 1070 803 267 242 176 129 90 730 681
internal_count=1205 109 59 50 1096 1070 803 267 242 176 129 90 730 681
is_linear=0
shrinkage=0.035


Tree=254
num_leaves=15
num_cat=0
split_feature=17 3 13 0 1 0 1 1 9 0 4 2 2 0
split_gain=1990.03 3308.39 8607.58 7728.68 5696.6 12084.6 7646.91 5004.28 2884.59 6488.84 9864.33 17852.5 9063.33 6454.08
threshold=1.0000000180025095e-35 106.00000000000001 1.0000000180025095e-35 3116.0000000000005 254.50000000000003 2989.5000000000005 106.50000000000001 125.50000000000001 1.0000000180025095e-35 2842.5000000000005 31.000000000000004 263.50000000000006 296.50000000000006 3062.5000000000005
decision_type=2 2 2 2 2 2 2 2 2 2 2 2 2 2
left_child=-1 3 4 8 5 6 -3 -7 13 10 -10 -12 -13 -2
right_child=1 2 -4 -5 -6 7 -8 -9 9 -11 11 12 -14 -15
leaf_value=0.24573093301115131 -0.0067508144212712643 -0.10919241214620656 0.31776052762873663 0.48134454458951959 -0.71927881538867955 -0.086673042394220828 -0.94393582105636609 0.53276038605857778 -0.45601718114736761 0.59112572379906969 0.97771257435833969 0.18029577870299851 -0.54850713709990195 -0.41430378295335119
leaf_weight=37 715 27 37 40 26 38 26 25 37 28 25 67 28 49
leaf_count=37 715 27 37 40 26 38 26 25 37 28 25 67 28 49
internal_value=-0.000218421 -0.00841636 -0.146002 0.0167297 -0.269576 -0.158298 -0.538123 0.167963 -0.0038247 0.119425 0.028923 0.183471 -0.0413897 -0.0339032
internal_weight=1205 1168 179 989 142 116 53 63 949 185 157 120 95 764
internal_count=1205 1168 179 989 142 116 53 63 949 185 157 120 95 764
is_linear=0
shrinkage=0.035


Tree=255
num_leaves=15
num_cat=0
split_feature=1 2 0 0 0 1 1 4 1 1 4 4 4 0
split_gain=2064.05 4717.97 3283.31 18638.3 12169.6 9061.65 16214 10443 8379.89 12527.3 10351 7299.61 11135.4 6716.04
threshold=518.00000000000011 142.50000000000003 2667.5000000000005 2651.5000000000005 2693.0000000000005 58.500000000000007 63.500000000000007 319.50000000000006 66.500000000000014 61.500000000000007 379.50000000000006 385.50000000000006 42.500000000000007 2706.0000000000005
decision_type=2 2 2 2 2 2 2 2 2 2 2 2 2 2
left_child=1 -1 3 5 -4 7 -7 -3 9 10 -6 12 -8 -10
right_child=-2 2 4 -5 8 6 11 -9 13 -11 -12 -13 -14 -15
leaf_value=0.46532785777692448 -0.25407204475842027 -0.72037062123417861 0.60278703532435685 -0.77415259294731686 0.43019279483592876 0.90092946574091926 0.4415499972826557 0.080797321680115497 -0.31580108803615242 -0.83030807590484634 -0.48474743098020556 0.43196784892492002 -0.23392482257692526 0.081802772358817943
leaf_weight=25 36 38 42 41 31 26 36 39 55 33 26 38 139 600
leaf_count=25 36 38 42 41 31 26 36 39 55 33 26 38 139 600
internal_value=-0.00020833 0.00803013 -0.00275791 -0.0905027 0.0371735 0.00250976 0.10913 -0.322812 0.00375804 -0.309102 0.0105667 0.00499634 -0.0915508 0.0475565
internal_weight=1205 1169 1144 357 787 316 239 77 745 90 57 213 175 655
internal_count=1205 1169 1144 357 787 316 239 77 745 90 57 213 175 655
is_linear=0
shrinkage=0.035


Tree=256
num_leaves=15
num_cat=0
split_feature=2 0 4 2 0 1 1 0 0 0 2 3 2 4
split_gain=1963.2 3234.34 6001.91 8436.91 5498.13 12792.7 7446.15 11921.3 6243.07 21599.7 8999.91 15688.8 10832.6 17821.5
threshold=306.50000000000006 3062.5000000000005 308.50000000000006 234.50000000000003 2987.0000000000005 402.50000000000006 211.50000000000003 3002.5000000000005 2810.5000000000005 2787.0000000000005 175.50000000000003 236.50000000000003 235.50000000000003 456.50000000000006
decision_type=2 2 2 2 2 2 2 2 2 2 2 2 2 2
left_child=1 4 -3 -4 8 6 7 -6 9 -1 -10 12 -12 -14
right_child=-2 2 3 -5 5 -7 -8 -9 10 -11 11 -13 13 -15
leaf_value=0.0083458527101096629 -0.29530733744303389 -0.4631944120781763 0.50086841577342878 -0.28760178521657603 0.73200358055531989 0.84728397788770971 -0.39262253306128764 -0.2202265240071398 -0.61551496515671422 0.91363932355252275 -0.51833790060500029 0.67651474522006139 -0.21338936362663907 0.69857800927758229
leaf_weight=641 25 47 27 37 30 30 31 31 40 32 69 29 103 33
leaf_count=641 25 47 27 37 30 30 31 31 40 32 69 29 103 33
internal_value=-0.000211369 0.00652976 -0.171574 0.050132 0.025309 0.244461 0.0340436 0.256455 -0.00337955 0.0539705 -0.143613 -0.0584139 -0.167911 0.0148141
internal_weight=1205 1180 111 64 1069 122 92 61 947 673 274 234 205 136
internal_count=1205 1180 111 64 1069 122 92 61 947 673 274 234 205 136
is_linear=0
shrinkage=0.035


Tree=257
num_leaves=15
num_cat=0
split_feature=4 0 0 3 1 0 0 0 0 0 0 2 0 0
split_gain=1986.63 9940.49 15381.8 10347.3 7516.42 5915.81 5362.61 17330.8 19810.2 17791 11999 9696.02 9641.03 9406.18
threshold=1.0000000180025095e-35 2717.5000000000005 2642.5000000000005 18.000000000000004 107.50000000000001 2679.5000000000005 2717.5000000000005 2761.5000000000005 2810.5000000000005 2743.0000000000005 2821.5000000000005 251.50000000000003 2667.5000000000005 2651.5000000000005
decision_type=2 2 2 2 2 2 2 2 2 2 2 2 2 2
left_child=1 2 -1 4 -3 -4 12 9 11 -8 -10 -9 13 -2
right_child=6 3 5 -5 -6 -7 7 8 10 -11 -12 -13 -14 -15
leaf_value=0.4524265265464783 0.030816003708133987 0.2102625081777573 -0.17046560267155822 -0.25904943906027694 0.88119678483197583 -0.83125874001404343 -0.056875840968945456 1.0210576593677203 -0.69808616324474937 -1.2370902348333792 -0.047290715218615477 0.11460086805205193 0.31433450342094815 -0.57949175167083744
leaf_weight=33 265 48 42 27 36 27 32 28 36 29 405 29 135 33
leaf_count=33 265 48 42 27 36 27 32 28 36 29 405 29 135 33
internal_value=-0.000124456 0.0963447 -0.151654 0.322886 0.511612 -0.445169 -0.0209903 -0.0924667 -0.0231805 -0.639422 -0.103329 0.579396 0.0712862 -0.0401811
internal_weight=1205 213 102 111 84 69 992 559 498 61 441 57 433 298
internal_count=1205 213 102 111 84 69 992 559 498 61 441 57 433 298
is_linear=0
shrinkage=0.035


Tree=258
num_leaves=15
num_cat=0
split_feature=1 2 4 1 0 4 3 3 3 0 2 2 2 2
split_gain=1937.87 4700.64 6827.35 4080.65 3614.48 5005.72 3746 7807.06 7652.04 14566.1 6183.18 4309.09 11476.9 8217.04
threshold=518.00000000000011 164.50000000000003 506.00000000000006 455.00000000000006 3107.5000000000005 440.50000000000006 236.50000000000003 168.50000000000003 134.50000000000003 2996.5000000000005 193.50000000000003 189.00000000000003 201.50000000000003 208.50000000000003
decision_type=2 2 2 2 2 2 2 2 2 2 2 2 2 2
left_child=1 2 -1 4 6 -6 7 8 9 11 -8 -3 -13 -14
right_child=-2 3 -4 -5 5 -7 10 -9 -10 -11 -12 12 13 -15
leaf_value=0.66972825296944183 -0.24615157030130691 -0.39362875902743055 -0.085910818510014433 -0.42536844179034239 0.44801786814928057 -0.081234779939055451 -0.14910752892494206 -0.59884910661598734 0.55425917707383643 -0.66181771925022437 0.55422613763809203 0.65373423116225182 -0.52171694845766636 0.012536889406472723
leaf_weight=29 36 31 27 26 48 38 26 27 26 41 33 31 35 751
leaf_count=29 36 31 27 26 48 38 26 27 26 41 33 31 35 751
internal_value=-0.000169681 0.00781294 0.315003 -0.00818046 0.00256116 0.217631 -0.0163135 -0.033459 -0.0155056 -0.0333759 0.249556 -0.00150561 0.0142979 -0.0125168
internal_weight=1205 1169 56 1113 1087 86 1001 942 915 889 59 848 817 786
internal_count=1205 1169 56 1113 1087 86 1001 942 915 889 59 848 817 786
is_linear=0
shrinkage=0.035


Tree=259
num_leaves=15
num_cat=0
split_feature=16 1 1 2 4 4 4 0 4 0 4 4 4 1
split_gain=1902.05 4267.7 5006.07 3270.52 2865.49 12166.3 10857.8 10026.2 9684.77 7801.46 6043.74 12941.7 17190 8152.11
threshold=1.0000000180025095e-35 99.500000000000014 72.500000000000014 264.50000000000006 377.50000000000006 435.50000000000006 359.50000000000006 2953.0000000000005 447.50000000000006 2710.5000000000005 343.50000000000006 317.50000000000006 303.00000000000006 58.500000000000007
decision_type=2 2 2 2 2 2 2 2 2 2 2 2 2 2
left_child=4 2 -2 -3 6 7 10 9 -7 -6 11 12 13 -1
right_child=1 3 -4 -5 5 8 -8 -9 -10 -11 -12 -13 -14 -15
leaf_value=-0.48242077946662909 0.20854725039667557 0.63673885460253121 -0.42231271101368806 0.074404157289752249 0.44222254899093666 -0.68188138831406842 -0.65259464866585204 0.94317308408242695 -0.0019034125523274001 -0.16781888431828956 0.46643305309887595 -0.61462447467057602 0.85791350701340929 -0.0031251415528244391
leaf_weight=46 34 25 25 25 57 26 34 25 307 44 27 44 25 461
leaf_count=46 34 25 25 25 57 26 34 25 307 44 27 44 25 461
internal_value=-0.000179476 0.137893 -0.0638482 0.369247 -0.0141373 0.0523998 -0.0620955 0.342478 -0.0587488 0.178364 -0.0267531 -0.0514052 -0.00269564 -0.0483362
internal_weight=1205 109 59 50 1096 459 637 126 333 101 603 576 532 507
internal_count=1205 109 59 50 1096 459 637 126 333 101 603 576 532 507
is_linear=0
shrinkage=0.035


Tree=260
num_leaves=15
num_cat=0
split_feature=2 6 0 6 1 2 4 4 12 4 1 2 1 1
split_gain=1919.5 9039.68 10608.1 5992.57 15822.6 8198.39 9744.86 8079.38 8449.25 10361.2 8293.14 9173.93 12751.5 12488.9
threshold=254.50000000000003 1.0000000180025095e-35 2993.0000000000005 1.0000000180025095e-35 76.500000000000014 259.50000000000006 1.0000000180025095e-35 1.5000000000000002 1.0000000180025095e-35 128.00000000000003 206.50000000000003 273.50000000000006 167.50000000000003 107.50000000000001
decision_type=2 2 2 2 2 2 2 2 2 2 2 2 2 2
left_child=1 -1 -3 5 -5 -2 -7 -8 9 -9 11 -10 13 -13
right_child=3 2 -4 4 -6 6 7 8 10 -11 -12 12 -14 -15
leaf_value=0.10838027209113006 -0.63047551837834448 -0.064384228899782778 -0.81870982098358658 -0.22546916169555567 0.85335949190457661 0.26770655433783375 -0.6571185233794592 -0.035154837504872735 0.53093415068319216 -0.79445074191460241 -0.46150734110312031 0.16183781223992508 0.63571605700033695 -0.66228922697000725
leaf_weight=534 31 151 25 36 28 87 32 51 50 37 31 46 25 41
leaf_count=534 31 151 25 36 28 87 32 51 50 37 31 46 25 41
internal_value=-0.000138234 0.0367077 -0.179528 -0.052923 0.258075 -0.100082 -0.0560447 -0.147161 -0.0848546 -0.364964 0.0452972 0.146724 -0.0311043 -0.232699
internal_weight=1205 710 176 495 64 431 400 313 281 88 193 162 112 87
internal_count=1205 710 176 495 64 431 400 313 281 88 193 162 112 87
is_linear=0
shrinkage=0.035


Tree=261
num_leaves=15
num_cat=0
split_feature=2 2 2 0 1 12 4 1 2 1 0 0 1 1
split_gain=1886.11 22199.2 10541 15331.7 9791.09 15051.5 42170.1 26697 9303.32 11269.2 10456.7 19848.7 8701.62 5215.14
threshold=226.50000000000003 223.50000000000003 236.50000000000003 2805.5000000000005 518.00000000000011 1.0000000180025095e-35 6.5000000000000009 81.500000000000014 164.50000000000003 76.500000000000014 2646.5000000000005 2987.0000000000005 206.50000000000003 46.500000000000007
decision_type=2 2 2 2 2 2 2 2 2 2 2 2 2 2
left_child=1 4 3 -2 5 7 -7 -1 -8 -10 -11 -12 -9 -4
right_child=2 -3 13 -5 -6 6 8 12 9 10 11 -13 -14 -15
leaf_value=-1.1664327376782897 0.71448780399296552 -0.89162231617503707 -0.47230938510100051 -0.093119895834814434 -0.62086033357514281 1.3408264560699465 0.51480011971715178 0.4243961605727673 0.48884731001713699 0.28911562829404264 -0.76839595870538202 0.21837621498307805 -0.38952697091632421 -0.00068240472837489041
leaf_weight=28 60 34 28 53 25 33 37 38 32 35 64 39 25 674
leaf_count=28 60 34 28 53 25 33 37 38 32 35 64 39 25 674
internal_value=-0.000237303 -0.0633482 0.0300441 0.340667 0.0202959 0.0721596 0.217205 -0.306821 0.0269597 -0.0839687 -0.221882 -0.397721 0.0993634 -0.0207821
internal_weight=1205 390 815 113 356 331 240 91 207 170 138 103 63 702
internal_count=1205 390 815 113 356 331 240 91 207 170 138 103 63 702
is_linear=0
shrinkage=0.035


Tree=262
num_leaves=15
num_cat=0
split_feature=14 1 1 0 0 0 0 0 0 0 1 1 0 4
split_gain=1871.44 4195.79 7155.25 3520.62 22978.1 14075.7 11197.4 16264.1 16313.9 20592.5 13339.5 11266.1 10810.5 10388.4
threshold=1.0000000180025095e-35 98.500000000000014 204.50000000000003 2743.0000000000005 2761.5000000000005 2810.5000000000005 2706.0000000000005 2700.5000000000005 2667.5000000000005 2651.5000000000005 78.500000000000014 81.500000000000014 2821.5000000000005 199.50000000000003
decision_type=2 2 2 2 2 2 2 2 2 2 2 2 2 2
left_child=3 -2 -3 6 -5 -6 7 8 9 13 -10 -8 -7 -1
right_child=1 2 -4 4 5 12 11 -9 10 -11 -12 -13 -14 -15
leaf_value=0.28296640282307844 -0.096443641604261207 0.75696816877358497 -0.060307370225588484 -0.89414427974285238 0.46061217294477708 -0.63217013207077988 -0.03224045908728311 -0.6610988891802051 1.13863028049469 -0.76177303181138156 0.086638368227902593 0.74214404946909507 -0.030007465326128642 -0.12027031211501493
leaf_weight=136 45 25 25 37 65 38 41 42 26 41 32 50 423 179
leaf_count=136 45 25 25 37 65 38 41 42 26 41 32 50 423 179
internal_value=-0.0002529 0.147185 0.361728 -0.0131135 -0.0744258 -0.0135965 0.0500334 -0.0212594 0.0465181 -0.0432285 0.580456 0.400055 -0.0821598 0.0545124
internal_weight=1205 95 50 1110 563 526 547 456 414 356 58 91 461 315
internal_count=1205 95 50 1110 563 526 547 456 414 356 58 91 461 315
is_linear=0
shrinkage=0.035


Tree=263
num_leaves=15
num_cat=0
split_feature=2 6 0 4 4 4 2 2 4 2 4 2 2 2
split_gain=1807.49 8451.08 9761.59 5789.85 8342.64 8459.38 5683.1 18637.1 8793.72 9526.21 13692.6 9025.29 5478.98 7917.21
threshold=254.50000000000003 1.0000000180025095e-35 2993.0000000000005 514.50000000000011 443.50000000000006 383.00000000000006 270.50000000000006 274.50000000000006 411.50000000000006 266.50000000000006 305.50000000000006 261.50000000000006 156.50000000000003 185.50000000000003
decision_type=2 2 2 2 2 2 2 2 2 2 2 2 2 2
left_child=1 12 3 4 5 -3 8 -8 9 10 11 -2 -1 -14
right_child=6 2 -4 -5 -6 -7 7 -9 -10 -11 -12 -13 13 -15
leaf_value=-0.26144775268358544 -0.50635510151967034 -0.29232959826691796 -0.78671248552975837 0.24336899460749886 -0.74156396726767226 0.45378673086906307 0.81263580523869583 -0.054363748138411008 -0.63824047138745132 -0.50294412601825811 0.74627940563360851 0.27528084944276249 0.54739146778646575 0.089923889401507862
leaf_weight=44 37 50 25 49 25 27 32 283 42 41 28 32 50 440
leaf_count=44 37 50 25 49 25 27 32 283 42 41 28 32 50 440
internal_value=-0.000233635 0.0355213 -0.173556 -0.0630832 -0.21215 -0.0258395 -0.051455 0.0382838 -0.207193 -0.0687608 0.121213 -0.146314 0.104821 0.13864
internal_weight=1205 710 176 151 102 77 495 315 180 138 97 69 534 490
internal_count=1205 710 176 151 102 77 495 315 180 138 97 69 534 490
is_linear=0
shrinkage=0.035


Tree=264
num_leaves=15
num_cat=0
split_feature=4 4 4 4 2 4 4 4 4 0 5 4 2 0
split_gain=1803.26 10008.4 9828.61 9103.75 8247.02 8176.66 5172.53 12956.5 14872.1 8809.47 11198.5 11022.3 11828.4 7392.47
threshold=377.50000000000006 359.50000000000006 435.50000000000006 447.50000000000006 231.50000000000003 400.50000000000006 343.50000000000006 317.50000000000006 303.00000000000006 3116.0000000000005 1.0000000180025095e-35 87.000000000000014 269.50000000000006 2667.5000000000005
decision_type=2 2 2 2 2 2 2 2 2 2 2 2 2 2
left_child=1 6 4 -4 -2 -6 7 8 9 10 11 -1 13 -13
right_child=2 -3 3 -5 5 -7 -8 -9 -10 -11 -12 12 -14 -15
leaf_value=0.04683140769523942 0.67143072954245986 -0.59519638164623379 -0.65004251541336999 0.0088916146158216861 0.48891642745998176 -0.20944811386366688 0.45314337804399696 -0.59138093932815228 0.82072627829180833 -0.6250939482450486 0.62693920265225811 -0.90266602878653734 0.16038356855108932 -0.13352119162678719
leaf_weight=452 47 35 26 310 34 46 27 44 25 26 32 41 35 25
leaf_count=452 47 35 26 310 34 46 27 44 25 26 32 41 35 25
internal_value=-0.000261142 -0.0340535 0.0538077 -0.045642 0.313547 0.0920425 -0.0046735 -0.0241271 0.0168477 -0.0186146 0.010378 -0.0274307 -0.354228 -0.623819
internal_weight=1205 742 463 336 127 80 707 680 636 611 585 553 101 66
internal_count=1205 742 463 336 127 80 707 680 636 611 585 553 101 66
is_linear=0
shrinkage=0.035


Tree=265
num_leaves=15
num_cat=0
split_feature=2 2 2 0 1 12 4 1 1 4 0 1 1 2
split_gain=1832.69 20271 9662.17 14306.1 9318.72 14295.7 39624.8 24917.8 21026.2 19514.1 19576.2 17218.6 21135.4 13137.9
threshold=226.50000000000003 223.50000000000003 236.50000000000003 2805.5000000000005 518.00000000000011 1.0000000180025095e-35 261.50000000000006 81.500000000000014 214.50000000000003 388.50000000000006 2660.0000000000005 197.00000000000003 92.500000000000014 211.50000000000003
decision_type=2 2 2 2 2 2 2 2 2 2 2 2 2 2
left_child=1 4 3 -2 5 7 8 -1 -7 -8 -11 12 -12 -14
right_child=2 -3 -4 -5 -6 6 9 -9 -10 10 11 -13 13 -15
leaf_value=-1.1317113934357963 0.68807364907175783 -0.85397135986222172 -0.019090844160580839 -0.091996099650859836 -0.60802870119059538 1.6561726388931277 -0.69370723053466443 0.091292614260545163 0.2842818460793331 1.0055618874673491 0.53646454423666001 0.67629809446152189 -1.0125826425142588 -0.0018246713653206827
leaf_weight=28 60 34 702 53 25 28 41 63 27 25 26 29 38 26
leaf_count=28 60 34 702 53 25 28 41 63 27 25 26 29 38 26
internal_value=-0.000276947 -0.0624875 0.0295726 0.326963 0.0174521 0.068062 0.20943 -0.301262 1.0163 -0.0387561 0.154671 -0.0377533 -0.277537 -0.614461
internal_weight=1205 390 815 113 356 331 240 91 55 185 144 119 90 64
internal_count=1205 390 815 113 356 331 240 91 55 185 144 119 90 64
is_linear=0
shrinkage=0.035


Tree=266
num_leaves=15
num_cat=0
split_feature=17 3 13 0 1 0 1 1 4 4 4 4 2 1
split_gain=1860.52 3419.3 7769.95 7155.66 5445.27 11683.5 7116.72 4320.79 2714.32 12500.3 10159.8 9800.15 9780.69 8971.52
threshold=1.0000000180025095e-35 106.00000000000001 1.0000000180025095e-35 3116.0000000000005 254.50000000000003 2989.5000000000005 106.50000000000001 125.50000000000001 533.50000000000011 480.50000000000006 612.50000000000011 454.50000000000006 234.50000000000003 90.500000000000014
decision_type=2 2 2 2 2 2 2 2 2 2 2 2 2 2
left_child=-1 3 4 8 5 6 -3 -7 9 11 12 -2 -10 -12
right_child=1 2 -4 -5 -6 7 -8 -9 10 -11 13 -13 -14 -15
leaf_value=0.23757473898621706 -0.014289036055414105 -0.11535610749803742 0.29280658697470641 0.46445892368753755 -0.70508271917700771 -0.072682175979018229 -0.92160030066967025 0.5031728660149708 0.96689092808299604 -0.567216410871063 0.24633924651425335 0.66426738637465033 0.075519489533192416 -0.59125685764176239
leaf_weight=37 758 27 37 40 26 38 26 25 25 47 30 25 35 29
leaf_count=37 758 27 37 40 26 38 26 25 25 47 30 25 35 29
internal_value=-0.000236792 -0.00816344 -0.148037 0.0174 -0.265375 -0.15654 -0.530002 0.164283 -0.00238053 -0.0249015 0.152514 0.00901344 0.466133 -0.171248
internal_weight=1205 1168 179 989 142 116 53 63 949 830 119 783 60 59
internal_count=1205 1168 179 989 142 116 53 63 949 830 119 783 60 59
is_linear=0
shrinkage=0.035


Tree=267
num_leaves=15
num_cat=0
split_feature=2 9 4 2 4 13 0 0 4 1 1 1 0 2
split_gain=1799.33 2971.01 4369.37 17170.5 11555.2 4513.01 5759.58 4330.97 8105.48 8865.6 22094.7 8067.6 10421.8 23380.1
threshold=306.50000000000006 1.0000000180025095e-35 13.000000000000002 260.50000000000006 1.0000000180025095e-35 1.0000000180025095e-35 2644.5000000000005 3002.5000000000005 701.50000000000011 419.50000000000006 192.50000000000003 100.50000000000001 2710.5000000000005 213.50000000000003
decision_type=2 2 2 2 2 2 2 2 2 2 2 2 2 2
left_child=1 7 4 -4 -3 6 -5 8 9 10 11 -1 -13 -14
right_child=-2 2 3 5 -6 -7 -8 -9 -10 -11 -12 12 13 -15
leaf_value=-0.057946998728256607 -0.28271372446307436 0.44375592970848088 0.98544920133550973 -0.20275509926580618 -0.35427300593892086 -0.32268983908478294 0.40944595081465585 -0.21110880215571626 0.50771673053527544 0.42191433116231325 -0.66309584966072666 -0.090934045260602794 -0.34246013146825138 0.81018172178579417
leaf_weight=508 25 33 28 29 59 29 47 125 36 51 63 75 30 67
leaf_count=508 25 33 28 29 59 29 47 125 36 51 63 75 30 67
internal_value=-0.000201625 0.00625204 0.120081 0.246945 -0.0646723 0.0352716 0.176634 -0.0207612 0.00834422 -0.0155161 -0.0465937 0.0123005 0.218057 0.453978
internal_weight=1205 1180 225 133 92 105 76 955 830 794 743 680 172 97
internal_count=1205 1180 225 133 92 105 76 955 830 794 743 680 172 97
is_linear=0
shrinkage=0.035


Tree=268
num_leaves=15
num_cat=0
split_feature=16 0 0 1 3 2 2 1 2 2 0 1 1 1
split_gain=1792.45 3918.7 4328.75 3548.61 2778.4 3726.57 12363.5 8958.08 12581.2 10264.1 9654.36 7206.93 9612.81 8327.07
threshold=1.0000000180025095e-35 2818.0000000000005 2984.0000000000005 72.500000000000014 417.50000000000006 217.50000000000003 226.50000000000003 64.500000000000014 207.50000000000003 196.50000000000003 2700.5000000000005 241.50000000000003 335.50000000000006 85.500000000000014
decision_type=2 2 2 2 2 2 2 2 2 2 2 2 2 2
left_child=4 3 -3 -2 5 7 -7 -1 9 10 -9 13 -13 -8
right_child=1 2 -4 -5 -6 6 11 8 -10 -11 -12 12 -14 -15
leaf_value=-0.49824205001195276 0.61907525837421429 -0.3562183978480678 0.24473715037107469 0.057302810018261277 -0.35785862855613232 -0.47027710733413702 0.10346343092014225 0.62454504665805077 0.57867431176935935 -0.41444550416299281 -0.022940836634648885 0.78616431185975677 -0.01820300231603059 -0.14631296362545171
leaf_weight=25 26 29 26 28 26 73 293 39 66 47 90 30 42 365
leaf_count=25 26 29 26 28 26 73 293 39 66 47 90 30 42 365
internal_value=-0.000133641 0.133901 -0.0735111 0.340236 -0.0136834 -0.00466821 -0.0423473 0.108124 0.174335 0.0179099 0.179357 0.00161363 0.32914 -0.0351139
internal_weight=1205 109 55 54 1096 1070 803 267 242 176 129 730 72 658
internal_count=1205 109 55 54 1096 1070 803 267 242 176 129 730 72 658
is_linear=0
shrinkage=0.035


Tree=269
num_leaves=15
num_cat=0
split_feature=0 3 4 0 4 4 4 2 1 1 2 4 1 4
split_gain=1724.64 13146.8 8137.66 9072.4 5861.11 9304.47 8622.64 6190.07 8461.52 7533.88 8111.23 6151.6 30691 26491.5
threshold=2959.0000000000005 18.000000000000004 666.50000000000011 2842.5000000000005 480.50000000000006 529.50000000000011 444.50000000000006 265.50000000000006 211.50000000000003 180.50000000000003 272.50000000000006 50.500000000000007 78.500000000000014 199.50000000000003
decision_type=2 2 2 2 2 2 2 2 2 2 2 2 2 2
left_child=1 2 3 4 6 -6 7 11 9 10 -9 12 -1 -13
right_child=-2 -3 -4 -5 5 -7 -8 8 -10 -11 -12 13 -14 -15
leaf_value=0.35836442471861296 0.068856318218891446 -0.77172762140631679 0.5379529670693658 -0.56591607274280653 -0.6288225945728747 0.063586862469619185 0.54292541989913357 -0.54116863568623863 0.40906855989480395 -0.65740350964907057 0.007840972656203855 0.96592841472228375 -0.67188386744923068 0.033566929616101158
leaf_weight=79 323 26 31 34 42 51 37 40 30 35 153 43 61 220
leaf_count=79 323 26 31 34 42 51 37 40 30 35 153 43 61 220
internal_value=-8.66577e-05 -0.0254331 -0.00101926 -0.0225235 0.00220177 -0.255769 0.0372059 0.00734541 -0.125952 -0.199294 -0.110327 0.0928826 -0.0936702 0.192146
internal_weight=1205 882 856 825 791 93 698 661 258 228 193 403 140 263
internal_count=1205 882 856 825 791 93 698 661 258 228 193 403 140 263
is_linear=0
shrinkage=0.035


Tree=270
num_leaves=15
num_cat=0
split_feature=1 2 0 1 0 0 0 1 1 2 0 4 4 4
split_gain=1827.63 4403.85 3273.18 5679.9 5391.03 4312.6 14156.2 11461.8 17283.4 9174.15 5544.58 8268.38 7932.51 13013.9
threshold=518.00000000000011 142.50000000000003 2626.5000000000005 60.500000000000007 2633.5000000000005 2667.5000000000005 2651.5000000000005 59.500000000000007 66.500000000000014 247.50000000000003 2644.5000000000005 300.50000000000006 308.50000000000006 199.50000000000003
decision_type=2 2 2 2 2 2 2 2 2 2 2 2 2 2
left_child=1 -1 3 -3 -4 6 10 9 -9 -7 12 -12 13 -6
right_child=-2 2 4 -5 5 7 -8 8 -10 -11 11 -13 -14 -15
leaf_value=0.44943164949063907 -0.23901585080121696 -0.61909915208816535 0.39069742641665722 0.055597186475992204 -0.052845226812740446 0.96813608020544062 -0.70873419678488447 -0.60284897576327678 0.047489850311254973 0.042161814327593208 0.68493945475419371 -0.1502059829235077 0.18116804492857422 -0.93814857454135503
leaf_weight=25 36 26 42 33 69 26 41 52 684 25 28 27 64 27
leaf_count=25 36 26 42 33 69 26 41 52 684 25 28 27 64 27
internal_value=-0.000132853 0.00761934 -0.00280315 -0.252277 0.0112019 -0.00479829 -0.12901 0.0358306 3.27813e-05 0.532947 -0.0129448 0.284074 -0.117292 -0.315901
internal_weight=1205 1169 1144 59 1085 1043 256 787 736 51 215 55 160 96
internal_count=1205 1169 1144 59 1085 1043 256 787 736 51 215 55 160 96
is_linear=0
shrinkage=0.035


Tree=271
num_leaves=15
num_cat=0
split_feature=2 9 0 0 7 1 0 4 2 2 0 0 0 2
split_gain=1735.21 2903.16 4180.02 7368.05 5527.52 9750.78 4135.53 12171.8 20156.1 15561.6 8288 10057.9 12131.1 8422.49
threshold=306.50000000000006 1.0000000180025095e-35 3002.5000000000005 2989.5000000000005 1.0000000180025095e-35 137.50000000000003 2842.5000000000005 486.50000000000006 224.50000000000003 190.50000000000003 2823.5000000000005 2818.0000000000005 2787.0000000000005 254.50000000000003
decision_type=2 2 2 2 2 2 2 2 2 2 2 2 2 2
left_child=1 2 3 6 5 -4 10 8 -8 -9 11 12 13 -1
right_child=-2 -3 4 -5 -6 -7 7 9 -10 -11 -12 -13 -14 -15
leaf_value=0.071483375426641738 -0.27758903088393039 0.11870229442542346 0.066012474617292718 0.41148073800481288 0.18889973389379908 -0.64413953893834897 -0.002983948116501173 -0.37371161061364255 -1.2032676699459555 0.64935631891091672 0.4467821489420592 -0.58519990509582898 0.56948748880955913 -0.22566809345773386
leaf_weight=342 25 225 41 50 31 53 40 35 28 34 49 34 43 175
leaf_count=342 25 225 41 50 31 53 40 35 28 34 49 34 43 175
internal_value=-0.000156695 0.00618086 -0.0205221 0.00807187 -0.207523 -0.33947 -0.0187739 -0.191898 -0.517477 0.1345 0.0185933 -0.0181094 0.0182811 -0.0295818
internal_weight=1205 1180 955 830 125 94 780 137 68 69 643 594 560 517
internal_count=1205 1180 955 830 125 94 780 137 68 69 643 594 560 517
is_linear=0
shrinkage=0.035


Tree=272
num_leaves=15
num_cat=0
split_feature=16 1 1 1 4 4 0 4 4 0 2 2 1 0
split_gain=1734.04 3972.58 4158.33 2984.13 2690.12 10388.5 10156.3 9108.82 8580.24 6805.85 5681.96 9227.53 6530.35 5355.83
threshold=1.0000000180025095e-35 99.500000000000014 72.500000000000014 221.50000000000003 377.50000000000006 435.50000000000006 2953.0000000000005 359.50000000000006 447.50000000000006 2710.5000000000005 176.50000000000003 191.50000000000003 450.00000000000006 2629.5000000000005
decision_type=2 2 2 2 2 2 2 2 2 2 2 2 2 2
left_child=4 2 -2 -3 7 6 9 10 -7 -6 -1 -12 13 -13
right_child=1 3 -4 -5 5 8 -8 -9 -10 -11 11 12 -14 -15
leaf_value=-0.42543048896440655 0.18547551072306107 0.6103890779283313 -0.38955587106722372 0.073037402629852297 0.40098377549042141 -0.63829974919557586 0.92315388145270183 -0.60085295357637936 0.0017070583608543991 -0.16854261683381122 0.63277119345135169 -0.36551657118068809 -0.5320807517369589 0.034179615443057206
leaf_weight=39 34 25 25 25 57 26 25 34 307 44 25 43 28 468
leaf_count=39 34 25 25 25 57 26 25 34 307 44 25 43 28 468
internal_value=-0.000197045 0.131636 -0.0629654 0.354856 -0.0135241 0.0509443 0.318986 -0.0599918 -0.0517759 0.154418 -0.02761 0.0013049 -0.0302149 -0.0007482
internal_weight=1205 109 59 50 1096 459 126 637 333 101 603 564 539 511
internal_count=1205 109 59 50 1096 459 126 637 333 101 603 564 539 511
is_linear=0
shrinkage=0.035


Tree=273
num_leaves=15
num_cat=0
split_feature=17 3 13 0 4 0 1 1 9 0 4 2 2 1
split_gain=1677.15 2990.87 8136.17 6737.87 5190.31 6371.44 4618.31 2829.99 2429.44 6382.57 8801.76 15056.4 8094.07 6099.01
threshold=1.0000000180025095e-35 20.500000000000004 1.0000000180025095e-35 3116.0000000000005 1.5000000000000002 2989.5000000000005 141.50000000000003 106.50000000000001 1.0000000180025095e-35 2842.5000000000005 31.000000000000004 263.50000000000006 296.50000000000006 149.50000000000003
decision_type=2 2 2 2 2 2 2 2 2 2 2 2 2 2
left_child=-1 3 4 8 -3 7 -7 -6 13 10 -10 -12 -13 -2
right_child=1 2 -4 -5 5 6 -8 -9 9 -11 11 12 -14 -15
leaf_value=0.22558360613309422 0.014106438506382874 -0.62772699761390693 0.30942218635976315 0.45039751460154853 -0.11785123396802832 -0.14726493388414386 0.45602545954563006 -0.62993980976843067 -0.4372830373278031 0.578148706227541 0.89616608178174062 0.16980537331838541 -0.51892874803145739 -0.2507920053228736
leaf_weight=37 632 33 38 40 25 35 25 29 37 28 25 67 28 126
leaf_count=37 632 33 38 40 25 35 25 29 37 28 25 67 28 126
internal_value=-0.000205148 -0.00773109 -0.136042 0.0166441 -0.253803 -0.136605 0.110708 -0.405538 -0.00266908 0.110351 0.0206991 0.166764 -0.039704 -0.0304709
internal_weight=1205 1168 185 983 147 114 60 54 943 185 157 120 95 758
internal_count=1205 1168 185 983 147 114 60 54 943 185 157 120 95 758
is_linear=0
shrinkage=0.035


Tree=274
num_leaves=15
num_cat=0
split_feature=2 0 4 2 0 1 4 2 0 1 1 4 13 2
split_gain=1665.11 2769.52 6075.47 7397.03 4860.46 12521.7 6911.04 11173.7 4894.03 12638.3 5693.09 7446.15 4695.54 9920.11
threshold=306.50000000000006 3062.5000000000005 308.50000000000006 235.50000000000003 2987.0000000000005 402.50000000000006 630.50000000000011 236.50000000000003 2842.5000000000005 174.50000000000003 103.50000000000001 486.50000000000006 1.0000000180025095e-35 285.50000000000006
decision_type=2 2 2 2 2 2 2 2 2 2 2 2 2 2
left_child=1 4 -3 -4 8 6 7 -6 12 10 11 -10 -1 -14
right_child=-2 2 3 -5 5 -7 -8 -9 9 -11 -12 -13 13 -15
leaf_value=0.073010580404596417 -0.27194712135526872 -0.45224243587681229 0.47305019356310374 -0.2624597523243804 -0.72161327792538543 0.82583983713760978 0.49586318647419969 0.18458155862309716 -0.49467790444691984 -0.74824560500480042 0.34902934797500318 0.17043993743454539 -0.013863640129566193 -0.75086608100820473
leaf_weight=641 25 47 28 36 25 30 25 42 40 35 36 39 131 25
leaf_count=641 25 47 28 36 25 30 25 42 40 35 36 39 131 25
internal_value=-0.000176518 0.00603174 -0.158777 0.0639096 0.0234093 0.229461 0.0215568 -0.164666 -0.0035636 -0.185595 -0.00448991 -0.170228 0.0310745 -0.139983
internal_weight=1205 1180 111 64 1069 122 92 67 947 150 115 79 797 156
internal_count=1205 1180 111 64 1069 122 92 67 947 150 115 79 797 156
is_linear=0
shrinkage=0.035


Tree=275
num_leaves=15
num_cat=0
split_feature=16 1 1 2 3 3 9 0 0 1 4 1 12 2
split_gain=1685.44 3805.8 3911.25 2815.93 2549.16 3387.13 2679.49 9573 6783.17 12088.8 6771.03 30423.4 22216.8 29664.8
threshold=1.0000000180025095e-35 99.500000000000014 72.500000000000014 264.50000000000006 417.50000000000006 339.50000000000006 1.0000000180025095e-35 2911.0000000000005 2717.5000000000005 205.50000000000003 92.500000000000014 112.50000000000001 1.0000000180025095e-35 247.50000000000003
decision_type=2 2 2 2 2 2 2 2 2 2 2 2 2 2
left_child=4 2 -2 -3 5 6 10 8 -8 -10 11 12 -1 -14
right_child=1 3 -4 -5 -6 -7 7 -9 9 -11 -12 -13 13 -15
leaf_value=-0.45517791452316142 0.18017386744419733 0.59647817752979426 -0.37750809356018356 0.074158368436274713 -0.34304729543626311 0.32902708914544848 0.13136206123118219 0.50217330019429052 -0.8018914934853093 0.18325676183899245 0.0050055667397223029 -0.93615687590725027 1.2951451393096678 -0.21272692752235078
leaf_weight=50 34 25 25 25 26 34 102 51 30 28 663 51 29 32
leaf_count=50 34 25 25 25 26 34 102 51 30 28 663 51 29 32
internal_value=-0.000236692 0.129736 -0.0607616 0.348215 -0.0133756 -0.00473982 -0.0163064 0.094432 -0.0401307 -0.336047 -0.0447885 -0.246151 0.0818366 0.522489
internal_weight=1205 109 59 50 1096 1070 1036 211 160 58 825 162 111 61
internal_count=1205 109 59 50 1096 1070 1036 211 160 58 825 162 111 61
is_linear=0
shrinkage=0.035


Tree=276
num_leaves=15
num_cat=0
split_feature=2 2 1 12 4 1 2 2 1 2 0 1 0 0
split_gain=1655.17 18606.8 8601.83 13177.5 37116.8 22754 9211.64 11606 13444.4 8431.72 13245.6 7597.28 7316.59 12553.4
threshold=226.50000000000003 223.50000000000003 518.00000000000011 1.0000000180025095e-35 6.5000000000000009 81.500000000000014 164.50000000000003 191.50000000000003 76.500000000000014 236.50000000000003 2805.5000000000005 206.50000000000003 2987.0000000000005 2646.5000000000005
decision_type=2 2 2 2 2 2 2 2 2 2 2 2 2 2
left_child=1 2 3 5 -5 -1 -6 -8 -9 10 -2 -7 13 -10
right_child=9 -3 -4 4 6 11 7 8 12 -11 -12 -13 -14 -15
leaf_value=-1.0822929797371228 0.65345997045597737 -0.81763820833630041 -0.58369828630376752 1.2557394895553589 0.50858714114397008 0.39028745282441379 -0.58540058393118 0.77397031428637331 0.33503389418125151 -0.017312302166233584 -0.09689666844498028 -0.3701449741257562 0.37669167557667044 -0.58548748900305558
leaf_weight=28 60 34 25 33 37 38 41 25 26 702 53 25 27 51
leaf_count=28 60 34 25 33 37 38 41 25 26 702 53 25 27 51
internal_value=-0.000218533 -0.0593396 0.0172454 0.065867 0.201591 -0.288723 0.0231294 -0.0872143 0.077644 0.0281485 0.305958 0.0864244 -0.101187 -0.274049
internal_weight=1205 390 356 331 240 91 207 170 129 815 113 63 104 77
internal_count=1205 390 356 331 240 91 207 170 129 815 113 63 104 77
is_linear=0
shrinkage=0.035


Tree=277
num_leaves=15
num_cat=0
split_feature=17 3 13 0 3 0 1 1 9 0 4 2 2 1
split_gain=1649.15 2976.09 7534.61 6417.04 4979.46 7075.86 6892.35 3550.09 2333.74 5922.62 8070.77 14001.6 7526.94 5354.39
threshold=1.0000000180025095e-35 20.500000000000004 1.0000000180025095e-35 3116.0000000000005 130.50000000000003 2989.5000000000005 143.50000000000003 106.50000000000001 1.0000000180025095e-35 2842.5000000000005 31.000000000000004 296.50000000000006 263.50000000000006 149.50000000000003
decision_type=2 2 2 2 2 2 2 2 2 2 2 2 2 2
left_child=-1 3 4 8 -3 7 -7 -6 13 10 -10 12 -12 -2
right_child=1 2 -4 -5 5 6 -8 -9 9 -11 11 -13 -14 -15
leaf_value=0.22369439293176702 0.012322144191036419 -0.68067191123893422 0.29312945854663847 0.43995064983765286 -0.094525879004905972 -0.19584323902387879 0.54080351282049111 -0.6305223235729579 -0.4164047231582495 0.55920517880717913 0.86470416644105219 -0.49992151532570522 0.16546662343153057 -0.23588149757124485
leaf_weight=37 632 25 38 40 27 35 25 35 37 28 25 28 67 126
leaf_count=37 632 25 38 40 27 35 25 35 37 28 25 28 67 126
internal_value=-0.0002019 -0.00766476 -0.135658 0.01665 -0.248948 -0.150928 0.118637 -0.407353 -0.00219858 0.108572 0.022181 0.162021 0.369832 -0.0294481
internal_weight=1205 1168 185 983 147 122 60 62 943 185 157 120 92 758
internal_count=1205 1168 185 983 147 122 60 62 943 185 157 120 92 758
is_linear=0
shrinkage=0.035


Tree=278
num_leaves=15
num_cat=0
split_feature=14 4 4 15 3 2 9 0 4 13 0 2 4 4
split_gain=1607.23 4759.25 10535.6 3310.26 6562.46 5780.28 3461.79 12695.7 10140.3 11542.1 7288.03 4755.73 15358.8 22123.4
threshold=1.0000000180025095e-35 1.0000000180025095e-35 380.50000000000006 1.0000000180025095e-35 389.50000000000006 304.50000000000006 1.0000000180025095e-35 2989.5000000000005 31.000000000000004 1.0000000180025095e-35 2644.5000000000005 214.50000000000003 581.00000000000011 384.50000000000006
decision_type=2 2 2 2 2 2 2 2 2 2 2 2 2 2
left_child=3 -2 -3 4 5 6 11 8 -8 10 -10 12 13 -1
right_child=1 2 -4 -5 -6 -7 7 -9 9 -11 -12 -13 -14 -15
leaf_value=-0.077340580318750962 0.48594175679609186 -0.42419051643755096 0.44534584200189964 0.26059575249369332 -0.56410675828103674 -0.48207784179718266 -0.36573006093502047 0.82570046484470383 0.074762880466878415 -0.30220798836366553 0.76333569392561917 -0.076691330654165626 -0.41008501237513978 0.7637186376180719
leaf_weight=87 30 36 29 50 25 29 54 26 35 35 40 614 49 66
leaf_count=87 30 36 29 50 25 29 54 26 35 35 40 614 49 66
internal_value=-0.000174796 0.13646 -0.0345301 -0.0120932 -0.0254224 -0.0113478 0.00315151 0.136892 0.0190587 0.211113 0.45229 -0.0282477 0.11831 0.290642
internal_weight=1205 95 65 1110 1060 1035 1006 190 164 110 75 816 202 153
internal_count=1205 95 65 1110 1060 1035 1006 190 164 110 75 816 202 153
is_linear=0
shrinkage=0.035


Tree=279
num_leaves=15
num_cat=0
split_feature=16 0 1 0 1 1 2 3 0 2 0 2 1 1
split_gain=1615.15 3675.53 4634.01 2455.52 12016.9 5767.6 5490.34 14522.9 6267.54 13240 10357.3 7801.79 6041.64 8208.74
threshold=1.0000000180025095e-35 2911.0000000000005 77.500000000000014 2629.5000000000005 60.500000000000007 518.00000000000011 168.50000000000003 286.50000000000006 2642.5000000000005 242.50000000000003 2643.5000000000005 270.50000000000006 436.00000000000006 241.50000000000003
decision_type=2 2 2 2 2 2 2 2 2 2 2 2 2 2
left_child=3 2 -2 4 -1 6 7 -5 9 -8 -10 -11 13 -12
right_child=1 -3 -4 5 -6 -7 8 -9 10 11 12 -13 -14 -15
leaf_value=-0.70946301180304905 0.51958112495701492 -0.14574329196661712 -0.040088541472659396 0.91857140846550478 0.16820370065453261 -0.4401671098470688 0.81979777423774502 -0.19725432513157529 -0.59040243961872207 -0.3721685406840029 -0.028587276034003545 0.41045911568182486 -0.51149179946165535 0.33021857677704913
leaf_weight=31 39 38 32 26 44 33 32 28 37 35 693 25 26 86
leaf_count=31 39 38 32 26 44 33 32 28 37 35 693 25 26 86
internal_value=-0.000115499 0.127118 0.273148 -0.0129777 -0.20357 0.00139337 0.0170013 0.353614 -0.00317426 0.267929 -0.0333606 -0.0433523 -0.00635774 0.0117683
internal_weight=1205 109 71 1096 75 1021 988 54 934 92 842 60 805 779
internal_count=1205 109 71 1096 75 1021 988 54 934 92 842 60 805 779
is_linear=0
shrinkage=0.035


Tree=280
num_leaves=15
num_cat=0
split_feature=2 2 2 0 1 12 4 1 1 4 0 1 1 2
split_gain=1584.91 17347.4 7877.12 12592.6 7561.41 12470.4 35744 21186.3 18769.4 17407 17034.8 15489 18658.8 11471.1
threshold=226.50000000000003 223.50000000000003 236.50000000000003 2805.5000000000005 518.00000000000011 1.0000000180025095e-35 261.50000000000006 81.500000000000014 214.50000000000003 388.50000000000006 2660.0000000000005 197.00000000000003 92.500000000000014 211.50000000000003
decision_type=2 2 2 2 2 2 2 2 2 2 2 2 2 2
left_child=1 4 3 -2 5 7 8 -1 -7 -8 -11 12 -12 -14
right_child=2 -3 -4 -5 -6 6 9 -9 -10 10 11 -13 13 -15
leaf_value=-1.0490635651548705 0.63500920560090779 -0.79014204283555356 -0.016287082626844165 -0.096560530608350598 -0.54743358895734506 1.5645302593708039 -0.66057316070379224 0.078787326519305895 0.26837454631410801 0.9344570616439537 0.49891796216368678 0.63856085093752035 -0.95461843568086635 -0.0095437578856945055
leaf_weight=28 60 34 702 53 25 28 41 63 27 25 26 29 38 26
leaf_count=28 60 34 702 53 25 28 41 63 27 25 26 29 38 26
internal_value=-0.000103832 -0.0579565 0.0276544 0.296172 0.0159948 0.0615822 0.193626 -0.283341 0.959978 -0.0420384 0.140709 -0.0387345 -0.266112 -0.582605
internal_weight=1205 390 815 113 356 331 240 91 55 185 144 119 90 64
internal_count=1205 390 815 113 356 331 240 91 55 185 144 119 90 64
is_linear=0
shrinkage=0.035


Tree=281
num_leaves=15
num_cat=0
split_feature=17 3 13 0 1 0 1 1 2 4 4 4 4 4
split_gain=1606.09 2726.02 6163.68 5902.07 5137.59 9205.59 5548.19 3304.01 2446.04 3761.43 11719.4 10453 11068.6 8045.6
threshold=1.0000000180025095e-35 106.00000000000001 1.0000000180025095e-35 3116.0000000000005 254.50000000000003 2989.5000000000005 106.50000000000001 125.50000000000001 303.50000000000006 533.50000000000011 612.50000000000011 480.50000000000006 452.50000000000006 434.50000000000006
decision_type=2 2 2 2 2 2 2 2 2 2 2 2 2 2
left_child=-1 3 4 8 5 6 -3 -7 9 11 -11 12 13 -2
right_child=1 2 -4 -5 -6 7 -8 -9 -10 10 -12 -13 -14 -15
leaf_value=0.22088190943766867 -0.009764305667176499 -0.097400667852368866 0.26032489437323353 0.42140430599451068 -0.66353800905868421 -0.054591696530580526 -0.80884507179260257 0.44930169160719274 0.27642896127056432 0.50983466584174364 -0.17757836410256683 -0.53654131144285211 0.66164991497993475 -0.56130697667598728
leaf_weight=37 690 27 37 40 26 38 26 25 35 59 59 47 27 32
leaf_count=37 690 27 37 40 26 38 26 25 35 59 59 47 27 32
internal_value=-7.15237e-05 -0.00743652 -0.132327 0.015389 -0.236832 -0.131566 -0.463132 0.153038 -0.00257467 -0.0138388 0.168897 -0.0412832 -0.00885951 -0.0356925
internal_weight=1205 1168 179 989 142 116 53 63 949 914 118 796 749 722
internal_count=1205 1168 179 989 142 116 53 63 949 914 118 796 749 722
is_linear=0
shrinkage=0.035


Tree=282
num_leaves=15
num_cat=0
split_feature=2 0 4 2 1 1 15 4 9 4 2 2 4 4
split_gain=1544.94 2876.06 5777.67 6982.52 4990.46 7444.47 11141.5 7157.46 5618.36 3808.6 7933.32 6433.39 6358.86 3630.44
threshold=306.50000000000006 3062.5000000000005 308.50000000000006 235.50000000000003 419.50000000000006 269.00000000000006 1.0000000180025095e-35 50.500000000000007 1.0000000180025095e-35 701.50000000000011 175.50000000000003 196.50000000000003 604.50000000000011 434.50000000000006
decision_type=2 2 2 2 2 2 2 2 2 2 2 2 2 2
left_child=1 4 -3 -4 5 6 9 -6 -7 10 -1 -12 13 -13
right_child=-2 2 3 -5 7 8 -8 -9 -10 -11 11 12 -14 -15
leaf_value=-0.50932284976306719 -0.26185606373680964 -0.44819225639104843 0.45298456491529948 -0.26155572887313994 -0.12869040859156641 -0.7276150173154371 0.58364227612813313 0.59032747920862461 -0.010761390173876728 0.33452419508993625 0.48671899224772602 0.0041119121336093672 0.43636834115595435 -0.18725283062418568
leaf_weight=36 25 47 28 36 27 27 40 41 25 38 31 620 35 149
leaf_count=36 25 47 28 36 27 27 40 41 25 38 31 620 35 149
internal_value=-7.53819e-05 0.00590451 -0.162044 0.0553094 0.0236136 0.00362719 0.0263191 0.309315 -0.396137 0.000566945 -0.0147359 0.00775363 -0.0118759 -0.0333561
internal_weight=1205 1180 111 64 1069 1001 949 68 52 909 871 835 804 769
internal_count=1205 1180 111 64 1069 1001 949 68 52 909 871 835 804 769
is_linear=0
shrinkage=0.035


Tree=283
num_leaves=15
num_cat=0
split_feature=16 1 1 1 0 1 1 2 3 1 0 2 0 4
split_gain=1530.63 3926.04 3461.01 2685.01 2361.56 11201.7 5173.07 5414.89 13639.4 5964.02 5139.43 12161.1 10152.9 8090.73
threshold=1.0000000180025095e-35 99.500000000000014 72.500000000000014 221.50000000000003 2629.5000000000005 60.500000000000007 518.00000000000011 168.50000000000003 286.50000000000006 436.00000000000006 2642.5000000000005 242.50000000000003 2643.5000000000005 435.50000000000006
decision_type=2 2 2 2 2 2 2 2 2 2 2 2 2 2
left_child=4 2 -2 -3 5 -1 7 8 -6 10 11 -9 -12 -14
right_child=1 3 -4 -5 6 -7 -8 9 -10 -11 12 -13 13 -15
leaf_value=-0.6878825210305779 0.15765797628296746 0.58824451605478922 -0.36713066639723607 0.077661907325188337 0.89799728315323601 0.15956196167830219 -0.41666392412781722 0.78573883382713106 -0.18369152041276296 -0.50685460995882758 -0.56753305386274289 -0.041497706718021825 0.093411576390266426 -0.14268062850985774
leaf_weight=31 34 25 25 25 26 44 33 32 28 26 37 60 508 271
leaf_count=31 34 25 25 25 26 44 33 32 28 26 37 60 508 271
internal_value=-5.22474e-05 0.123808 -0.0694564 0.345759 -0.0125735 -0.199484 0.00151963 0.0163008 0.350592 -0.00373436 0.0117545 0.256833 -0.0164373 0.0111243
internal_weight=1205 109 59 50 1096 75 1021 988 54 934 908 92 816 779
internal_count=1205 109 59 50 1096 75 1021 988 54 934 908 92 816 779
is_linear=0
shrinkage=0.035


Tree=284
num_leaves=15
num_cat=0
split_feature=17 9 2 4 1 1 1 2 0 1 2 1 1 1
split_gain=1492.57 2574.42 6356.21 20180.7 7273.35 11568.7 6688.55 7513.79 3103.78 2907.7 12075 4912.79 11327 9397.92
threshold=1.0000000180025095e-35 1.0000000180025095e-35 268.50000000000006 50.500000000000007 164.50000000000003 182.50000000000003 211.50000000000003 291.50000000000006 2959.0000000000005 214.50000000000003 186.50000000000003 156.50000000000003 139.50000000000003 130.50000000000003
decision_type=2 2 2 2 2 2 2 2 2 2 2 2 2 2
left_child=-1 9 3 8 -4 -6 -7 -8 -3 11 -11 12 13 -2
right_child=1 2 4 -5 5 6 7 -9 -10 10 -12 -13 -14 -15
leaf_value=0.2129422358518992 -0.028209314517708813 -0.32576536037303788 -0.42135367722012279 1.1073334408551454 0.71638439162024137 -0.48473785696607652 -0.24899314945114073 0.5642310244176123 0.20065086275339131 0.2062605969147249 -0.48208604062256749 0.28839327904913159 -0.64819977450370792 0.63726644789731057
leaf_weight=37 697 25 41 26 27 31 27 25 26 53 71 61 33 25
leaf_count=37 697 25 41 26 27 31 27 25 26 53 71 61 33 25
internal_value=-5.93299e-05 -0.00715928 0.0978344 0.352252 -0.0348103 0.114216 -0.0939166 0.148397 -0.0599517 -0.0327795 -0.189269 -0.00859454 -0.0332881 -0.00346977
internal_weight=1205 1168 228 77 151 110 83 52 51 940 124 816 755 722
internal_count=1205 1168 228 77 151 110 83 52 51 940 124 816 755 722
is_linear=0
shrinkage=0.035


Tree=285
num_leaves=15
num_cat=0
split_feature=2 0 4 4 1 1 15 4 9 4 2 2 4 4
split_gain=1535.57 2659.44 5634.07 6138.09 4930.85 7018.68 10360.1 6586.67 5161.57 3536.18 7622.14 5970.86 6031.41 3212.04
threshold=306.50000000000006 3062.5000000000005 92.500000000000014 581.00000000000011 419.50000000000006 269.00000000000006 1.0000000180025095e-35 50.500000000000007 1.0000000180025095e-35 701.50000000000011 175.50000000000003 196.50000000000003 604.50000000000011 434.50000000000006
decision_type=2 2 2 2 2 2 2 2 2 2 2 2 2 2
left_child=1 4 -3 -4 5 6 9 -6 -7 10 -1 -12 13 -13
right_child=-2 2 3 -5 7 8 -8 -9 -10 -11 11 12 -14 -15
leaf_value=-0.49919055531683726 -0.26096779920436719 -0.46508169983598324 0.28551906406879429 -0.37941441438816215 -0.1137667669921086 -0.7027445019524674 0.56259951353073123 0.57649030278761726 -0.015240855305283161 0.32213657970726495 0.46906962136427566 0.0030569739480446009 0.4252814563545021 -0.17694559189410797
leaf_weight=36 25 42 44 25 27 27 40 41 25 38 31 620 35 149
leaf_count=36 25 42 44 25 27 27 40 41 25 38 31 620 35 149
internal_value=1.77978e-05 0.00597937 -0.155521 0.0406998 0.023008 0.00314225 0.0251764 0.306998 -0.38502 0.000344223 -0.0144008 0.00764321 -0.0112679 -0.0321885
internal_weight=1205 1180 111 69 1069 1001 949 68 52 909 871 835 804 769
internal_count=1205 1180 111 69 1069 1001 949 68 52 909 871 835 804 769
is_linear=0
shrinkage=0.035


Tree=286
num_leaves=15
num_cat=0
split_feature=4 0 0 2 3 2 12 4 1 0 1 1 0 0
split_gain=1550.3 10085.4 13514.1 12070.1 8773.12 6793.92 11813.8 4816.66 11883.9 13945.2 11344.5 7035.56 8014.98 6527.81
threshold=1.0000000180025095e-35 2717.5000000000005 2679.5000000000005 254.50000000000003 18.000000000000004 255.50000000000003 1.0000000180025095e-35 57.500000000000007 236.50000000000003 2959.0000000000005 164.50000000000003 475.50000000000006 2626.5000000000005 2743.0000000000005
decision_type=2 2 2 2 2 2 2 2 2 2 2 2 2 2
left_child=1 2 3 -1 5 -3 -7 8 10 -10 -2 12 -9 -12
right_child=7 4 -4 -5 -6 6 -8 11 9 -11 13 -13 -14 -15
leaf_value=0.41820037058421544 -0.30172943914400752 0.91543512384096781 -0.80629391571571096 -0.47360125295321148 -0.22310371984695568 0.75039836012083916 -0.23644247568422749 -0.44814378971638891 -1.0571274007563338 -0.10019674706070321 0.75379893106633222 0.55522829886911251 0.028265942429235982 0.04548031923018004
leaf_weight=47 59 28 27 28 27 27 29 44 31 44 27 27 724 36
leaf_count=47 59 28 27 28 27 27 29 44 31 44 27 27 724 36
internal_value=1.89642e-05 0.0852379 -0.164411 0.0816075 0.313495 0.48715 0.248825 -0.0184137 -0.172419 -0.512912 0.0417978 0.0200854 -0.000121481 0.362899
internal_weight=1205 213 102 75 111 84 56 992 197 75 122 795 768 63
internal_count=1205 213 102 75 111 84 56 992 197 75 122 795 768 63
is_linear=0
shrinkage=0.035


Tree=287
num_leaves=15
num_cat=0
split_feature=2 2 2 0 1 12 4 1 1 4 0 1 1 2
split_gain=1515.71 16098.8 7353.17 12030.3 7214.44 11536.7 34240.1 19439.4 16570.2 16041 15990.8 14239.2 17400.2 10479.1
threshold=226.50000000000003 223.50000000000003 236.50000000000003 2805.5000000000005 518.00000000000011 1.0000000180025095e-35 261.50000000000006 81.500000000000014 214.50000000000003 388.50000000000006 2660.0000000000005 197.00000000000003 92.500000000000014 211.50000000000003
decision_type=2 2 2 2 2 2 2 2 2 2 2 2 2 2
left_child=1 4 3 -2 5 7 8 -1 -7 -8 -11 12 -12 -14
right_child=2 -3 -4 -5 -6 6 9 -9 -10 10 11 -13 13 -15
leaf_value=-1.0060166131705046 0.61778523991905876 -0.76191152910391491 -0.015302906677904751 -0.097186606201258588 -0.53566620120295783 1.5048112106323244 -0.63814198083655782 0.074361411699881932 0.28356821504132507 0.90013102412223822 0.47828858584165579 0.60679868506808443 -0.92178277025371802 -0.017808822542428972
leaf_weight=28 60 34 702 53 25 28 41 63 27 25 26 29 38 26
leaf_count=28 60 34 702 53 25 28 41 63 27 25 26 29 38 26
internal_value=7.86657e-06 -0.0565681 0.0271532 0.286586 0.0146764 0.0592106 0.186215 -0.272548 0.936277 -0.0444047 0.131071 -0.0427035 -0.260629 -0.566211
internal_weight=1205 390 815 113 356 331 240 91 55 185 144 119 90 64
internal_count=1205 390 815 113 356 331 240 91 55 185 144 119 90 64
is_linear=0
shrinkage=0.035


Tree=288
num_leaves=15
num_cat=0
split_feature=0 0 4 4 4 4 4 0 2 4 2 0 0 2
split_gain=1445.07 10172.8 8584.2 5439.66 7702.29 17610.4 8269.5 10716.2 6211.64 5418.96 5040.34 4851.12 5305.05 19537.2
threshold=2959.0000000000005 2842.5000000000005 22.500000000000004 668.50000000000011 486.50000000000006 429.50000000000006 285.50000000000006 3116.0000000000005 234.50000000000003 535.00000000000011 168.50000000000003 2830.5000000000005 2810.5000000000005 262.50000000000006
decision_type=2 2 2 2 2 2 2 2 2 2 2 2 2 2
left_child=1 10 -3 4 5 6 7 8 -2 -6 -1 12 -12 -14
right_child=3 2 -4 -5 9 -7 -8 -9 -10 -11 11 -13 13 -15
leaf_value=0.45037906155470886 -0.14630687766841483 0.10402976534984731 -0.68554699625287752 -0.30932328775525098 0.79629836342586535 -0.76405176222324378 0.58294547989964496 -0.60265942290425301 0.36918584740161903 0.1797716361641884 0.008019662736020363 0.36129328548908241 -0.87550997300202182 0.1903360314356784
leaf_weight=29 47 25 47 40 27 29 38 26 68 48 659 40 36 46
leaf_count=29 47 25 47 40 27 29 38 26 68 48 659 40 36 46
internal_value=3.49599e-05 -0.0231665 -0.415986 0.0631427 0.117589 0.00681773 0.13877 0.012584 0.159607 0.416639 0.0126894 -0.00467169 -0.0253462 -0.287301
internal_weight=1205 882 72 323 283 208 179 141 115 75 810 781 741 82
internal_count=1205 882 72 323 283 208 179 141 115 75 810 781 741 82
is_linear=0
shrinkage=0.035


Tree=289
num_leaves=15
num_cat=0
split_feature=4 4 4 4 0 0 4 4 4 0 5 4 2 0
split_gain=1471.89 8310.95 7503.98 7922.82 6963.52 5998.31 5260.55 11003.6 14078.9 7590.99 10743.6 9498.13 10842.1 6793.52
threshold=377.50000000000006 359.50000000000006 435.50000000000006 447.50000000000006 2953.0000000000005 2710.5000000000005 343.50000000000006 317.50000000000006 303.00000000000006 3116.0000000000005 1.0000000180025095e-35 87.000000000000014 269.50000000000006 2706.0000000000005
decision_type=2 2 2 2 2 2 2 2 2 2 2 2 2 2
left_child=1 6 4 -4 5 -2 7 8 9 10 11 13 -13 -1
right_child=2 -3 3 -5 -6 -7 -8 -9 -10 -11 -12 12 -14 -15
leaf_value=-0.12128586037731486 0.36894481824995101 -0.54186420598545593 -0.60188766922801729 0.012801480561924669 0.76530663866549731 -0.16557527053615323 0.45794765908142621 -0.54612304034440418 0.79654926264727566 -0.58307297127088542 0.61073960532379512 -0.59169182193629888 0.15890072713027131 0.1527820245921612
leaf_weight=188 57 35 26 310 26 44 27 44 25 26 32 66 35 264
leaf_count=188 57 35 26 310 26 44 27 44 25 26 32 66 35 264
internal_value=1.39545e-05 -0.0305164 0.0488625 -0.0380438 0.275813 0.137391 -0.00374507 -0.0233662 0.014398 -0.0200994 0.00682306 -0.0301982 -0.333551 0.0387571
internal_weight=1205 742 463 336 127 101 707 680 636 611 585 553 101 452
internal_count=1205 742 463 336 127 101 707 680 636 611 585 553 101 452
is_linear=0
shrinkage=0.035


Tree=290
num_leaves=15
num_cat=0
split_feature=2 2 2 17 9 4 2 3 2 4 2 2 2 2
split_gain=1496.1 2567.25 2579.26 4062.02 4590.39 16013.6 12964.2 12790.3 4522.89 3768.57 12801.6 11645 7685.46 10619.7
threshold=306.50000000000006 302.50000000000006 296.50000000000006 1.0000000180025095e-35 1.0000000180025095e-35 6.5000000000000009 263.50000000000006 6.0000000000000009 281.50000000000006 396.50000000000006 267.50000000000006 254.50000000000003 266.50000000000006 270.50000000000006
decision_type=2 2 2 2 2 2 2 2 2 2 2 2 2 2
left_child=1 2 3 -1 9 7 -7 -6 -8 12 11 -11 -5 -14
right_child=-2 -3 -4 4 5 6 8 -9 -10 10 -12 -13 13 -15
leaf_value=0.38391828577746367 -0.25758600482234251 0.3202129294026283 -0.28233411411444354 -0.024723643292382625 -0.74275095932623925 0.99220287929234274 -0.15618596779577662 0.20149047139528636 0.38826790804212746 0.038010359878341358 0.55714721272771173 -0.61874476926552291 -0.94284176588058488 -0.15734118552311607
leaf_weight=32 25 29 37 399 32 32 31 35 42 310 50 35 26 90
leaf_count=32 25 29 37 399 32 32 31 35 42 310 50 35 26 90
internal_value=2.34674e-05 0.00590791 -0.00255287 0.00722901 -0.0045993 0.16015 0.426771 -0.257948 0.159062 -0.0360217 0.0451822 -0.0317992 -0.0982382 -0.346398
internal_weight=1205 1180 1151 1114 1082 172 105 67 73 910 395 345 515 116
internal_count=1205 1180 1151 1114 1082 172 105 67 73 910 395 345 515 116
is_linear=0
shrinkage=0.035


Tree=291
num_leaves=15
num_cat=0
split_feature=2 2 2 0 1 12 4 1 2 2 1 1 5 4
split_gain=1435.68 14981.5 7109.93 11093.8 6962.87 10902.1 32221.3 18186.5 8481.46 10799.6 11312.2 6820.78 6363.54 10925.2
threshold=226.50000000000003 223.50000000000003 236.50000000000003 2805.5000000000005 518.00000000000011 1.0000000180025095e-35 6.5000000000000009 81.500000000000014 164.50000000000003 191.50000000000003 76.500000000000014 206.50000000000003 1.0000000180025095e-35 525.50000000000011
decision_type=2 2 2 2 2 2 2 2 2 2 2 2 2 2
left_child=1 4 3 -2 5 7 -7 -1 -8 -10 -11 -9 -12 -14
right_child=2 -3 -4 -5 -6 6 8 11 9 10 12 -13 13 -15
leaf_value=-0.97450904439886421 0.59955018775597702 -0.7354822887976965 -0.015323072544468398 -0.087202215200120767 -0.52698325595370044 1.163058282017708 0.48056196700303988 0.35870731158554559 -0.57165632784713161 0.70675643059942461 0.32970181293785578 -0.36167176432079745 0.11079830546270719 -0.72200898504257216
leaf_weight=28 60 34 702 53 25 33 37 38 41 25 29 25 42 33
leaf_count=28 60 34 702 53 25 33 37 38 41 25 29 25 42 33
internal_value=5.17415e-06 -0.0550569 0.0264242 0.28153 0.0136734 0.0574283 0.180891 -0.265077 0.0146827 -0.0911234 0.0679999 0.0705101 -0.0959852 -0.264873
internal_weight=1205 390 815 113 356 331 240 91 207 170 129 63 104 75
internal_count=1205 390 815 113 356 331 240 91 207 170 129 63 104 75
is_linear=0
shrinkage=0.035


Tree=292
num_leaves=15
num_cat=0
split_feature=2 2 16 1 4 0 0 1 2 0 1 2 2 2
split_gain=1394.77 2410.49 2610.73 6262.63 5206.44 8003.81 12074.8 8437.29 10465.5 8213.71 5956.8 4718.88 8603.76 8902.87
threshold=306.50000000000006 302.50000000000006 1.0000000180025095e-35 99.500000000000014 56.500000000000007 2859.0000000000005 2651.5000000000005 107.50000000000001 261.50000000000006 3107.5000000000005 60.500000000000007 168.50000000000003 189.00000000000003 199.50000000000003
decision_type=2 2 2 2 2 2 2 2 2 2 2 2 2 2
left_child=1 2 4 -4 5 6 10 -8 -9 -7 -1 -6 -13 -14
right_child=-2 -3 3 -5 11 9 7 8 -10 -11 -12 12 13 -15
leaf_value=-0.32293133603201973 -0.24874173252670856 0.31023022812220358 -0.072416591942310343 0.47570599822203319 0.33483576233841872 0.28401913516796556 -0.13703572256224497 -1.2785615211725236 -0.36816083689530693 -0.39805969928701718 0.34103959109894072 -0.44377695881894663 0.59721953308943543 0.0075426087198111258
leaf_weight=25 25 29 58 43 55 76 47 26 40 28 41 47 31 634
leaf_count=25 25 29 58 43 55 76 47 26 40 28 41 47 31 634
internal_value=-9.25794e-06 0.00567246 -0.00252583 0.165648 -0.0189867 -0.146737 -0.287468 -0.50415 -0.75386 0.0963368 0.0874347 0.0284082 0.00386593 0.0367396
internal_weight=1205 1180 1151 101 1050 283 179 113 66 104 66 767 712 665
internal_count=1205 1180 1151 101 1050 283 179 113 66 104 66 767 712 665
is_linear=0
shrinkage=0.035


Tree=293
num_leaves=15
num_cat=0
split_feature=2 0 0 0 2 0 2 0 0 1 1 4 2 1
split_gain=1455.81 4563.1 5484.29 4768.82 10386.7 9569.75 5819.34 4618.55 16053.5 11561.7 15085 10251.9 8323.69 7275.42
threshold=156.50000000000003 2625.0000000000005 2629.5000000000005 2642.5000000000005 242.50000000000003 2643.5000000000005 270.50000000000006 2646.5000000000005 2667.5000000000005 59.500000000000007 66.500000000000014 59.500000000000007 247.50000000000003 114.50000000000001
decision_type=2 2 2 2 2 2 2 2 2 2 2 2 2 2
left_child=-1 -2 -3 4 -4 -5 -6 11 -9 12 -11 -7 -10 -13
right_child=1 2 3 5 6 7 -8 8 9 10 -12 13 -14 -15
leaf_value=-0.17272406890465505 0.3806060826210067 -0.38752256478098307 0.73831843037158262 -0.52296531499818311 -0.26673698249251349 -0.27961422250188633 0.38887930583070834 -0.55078059808247626 0.94368312060832982 -0.56938904382564404 0.038055157762560722 0.94876725603032996 0.059908575216929119 0.13239023971557617
leaf_weight=55 37 42 32 41 41 27 25 61 26 52 688 25 25 28
leaf_count=55 37 42 32 41 41 27 25 61 26 52 688 25 25 28
internal_value=-6.22337e-05 0.00848104 -0.00455021 0.0111626 0.241329 -0.012467 -0.014264 0.0110623 -0.0130532 0.0296995 -0.0060498 0.261946 0.529069 0.537971
internal_weight=1205 1150 1113 1071 98 973 66 932 852 791 740 80 51 53
internal_count=1205 1150 1113 1071 98 973 66 932 852 791 740 80 51 53
is_linear=0
shrinkage=0.035


Tree=294
num_leaves=15
num_cat=0
split_feature=4 0 0 2 3 1 4 1 0 1 1 0 0 2
split_gain=1442.77 8938.47 12502.5 10543.5 8737.3 6276.22 4583.19 10343.7 12427.1 10620.2 6694.96 7640.93 6246.49 4721.95
threshold=1.0000000180025095e-35 2717.5000000000005 2679.5000000000005 254.50000000000003 18.000000000000004 102.50000000000001 57.500000000000007 236.50000000000003 2959.0000000000005 164.50000000000003 475.50000000000006 2626.5000000000005 2743.0000000000005 241.50000000000003
decision_type=2 2 2 2 2 2 2 2 2 2 2 2 2 2
left_child=1 2 3 -1 5 -3 7 9 -9 13 11 -8 -11 -2
right_child=6 4 -4 -5 -6 -7 10 8 -10 12 -12 -13 -14 -15
leaf_value=0.39808754316398082 0.064376854808242234 0.18878381780215675 -0.77027376322910712 -0.43548590711752577 -0.23769155775678572 0.80031232745219516 -0.43739239138105646 -0.9994181454362292 -0.095992881109857056 0.7250820419603381 0.54179197703456061 0.027767726014170685 0.032922076896617289 -0.55709845914194989
leaf_weight=47 25 47 27 28 27 37 44 31 44 27 27 724 36 34
leaf_count=47 25 47 27 28 27 37 44 31 44 27 27 724 36 34
internal_value=-8.9729e-06 0.0822014 -0.152848 0.0836586 0.297076 0.470495 -0.0177909 -0.168017 -0.485668 0.0319439 0.0197632 5.10637e-05 0.342745 -0.300285
internal_weight=1205 213 102 75 111 84 992 197 75 122 795 768 63 59
internal_count=1205 213 102 75 111 84 992 197 75 122 795 768 63 59
is_linear=0
shrinkage=0.035


Tree=295
num_leaves=15
num_cat=0
split_feature=0 0 0 2 0 0 4 2 2 12 1 1 2 2
split_gain=1410.76 15629.9 9895.18 10102.3 8587.12 7970.71 12683.1 10125.8 9161.69 7805.31 6037.17 5536.43 5265.1 5569.48
threshold=2743.0000000000005 2761.5000000000005 2810.5000000000005 252.50000000000003 2821.5000000000005 2706.0000000000005 510.00000000000006 196.50000000000003 277.50000000000006 1.0000000180025095e-35 495.50000000000006 66.500000000000014 208.50000000000003 258.50000000000006
decision_type=2 2 2 2 2 2 2 2 2 2 2 2 2 2
left_child=5 -2 3 -3 -4 6 7 -1 9 -7 11 -6 -9 -14
right_child=1 2 4 -5 10 8 -8 12 -10 -11 -12 -13 13 -15
leaf_value=0.48402369418969526 -0.6724412424997851 0.81079098423322049 -0.50889789601449265 -0.028843529356850521 -0.33611423900392323 0.064782218756499116 -0.74311338901519786 -0.45862358978300388 -0.13868699338701038 0.85143355910976737 -0.49681270562112334 0.072820894251033913 0.1217831490362684 -0.15135358276742478
leaf_weight=50 42 34 42 34 43 25 26 31 34 40 26 410 208 160
leaf_count=50 42 34 42 34 43 25 26 31 34 40 26 410 208 160
internal_value=-5.23981e-05 -0.0361177 0.0113789 0.402144 -0.040966 0.039582 -0.0203718 0.0245894 0.321947 0.559841 0.00200896 0.0326969 -0.0351107 0.00285184
internal_weight=1205 631 589 68 521 574 475 449 99 65 479 453 399 368
internal_count=1205 631 589 68 521 574 475 449 99 65 479 453 399 368
is_linear=0
shrinkage=0.035


Tree=296
num_leaves=15
num_cat=0
split_feature=2 2 1 12 4 1 1 4 0 1 1 2 2 4
split_gain=1461.92 13987.6 6300.04 10212.8 30257.2 16806.2 15456 15147.6 14235.8 13095.4 15631.3 9924.48 6276.18 10587.3
threshold=226.50000000000003 223.50000000000003 518.00000000000011 1.0000000180025095e-35 261.50000000000006 81.500000000000014 214.50000000000003 388.50000000000006 2660.0000000000005 197.00000000000003 92.500000000000014 211.50000000000003 236.50000000000003 3.5000000000000004
decision_type=2 2 2 2 2 2 2 2 2 2 2 2 2 2
left_child=1 2 3 5 6 -1 -5 -6 -9 10 -10 -12 13 -2
right_child=12 -3 -4 4 7 -7 -8 8 9 -11 11 -13 -14 -15
leaf_value=-0.94169525814056398 0.84475746711780297 -0.71314523531330964 -0.5035171856206877 1.4256684629917145 -0.62182318820509797 0.063005345711341282 0.24889997193525581 0.85129383433748185 0.45301256194710737 0.5844959783361805 -0.8830066060870887 -0.0043044838309288028 -0.012684369541391127 0.069520775584969677
leaf_weight=28 27 34 25 28 41 63 27 25 26 29 38 26 702 86
leaf_count=28 27 34 25 28 41 63 27 25 26 29 38 26 702 86
internal_value=-0.000116054 -0.0556788 0.0107462 0.0523787 0.171891 -0.259737 0.876985 -0.0448691 0.12567 -0.0383228 -0.247353 -0.536982 0.0265434 0.266224
internal_weight=1205 390 356 331 240 91 55 185 144 119 90 64 815 113
internal_count=1205 390 356 331 240 91 55 185 144 119 90 64 815 113
is_linear=0
shrinkage=0.035


Tree=297
num_leaves=15
num_cat=0
split_feature=2 0 0 1 2 0 0 4 2 2 1 4 0 14
split_gain=1408.85 4451.54 5127.29 4650.79 16089.7 13088.2 13790.5 9077.79 26958.9 15221.7 8131.13 10226 9144.52 6034.57
threshold=156.50000000000003 2625.0000000000005 2629.5000000000005 78.500000000000014 223.50000000000003 2679.5000000000005 2644.5000000000005 378.50000000000006 254.50000000000003 252.50000000000003 98.500000000000014 456.50000000000006 2724.5000000000005 1.0000000180025095e-35
decision_type=2 2 2 2 2 2 2 2 2 2 2 2 2 2
left_child=-1 -2 -3 4 -4 6 -6 9 -9 -7 11 12 -5 -12
right_child=1 2 3 10 5 7 -8 8 -10 -11 13 -13 -14 -15
leaf_value=-0.16991601523600131 0.37588996085696502 -0.37482628705996007 0.65473788709984282 -0.1106860247041498 0.0016229083929976374 -0.46876245307839587 0.80176846037308391 0.14634351755710359 -1.0887017308211908 0.48360052995383745 -0.012817997296852571 0.15388333261013032 -0.7867572666114232 0.4043630267153292
leaf_weight=55 37 42 55 47 71 34 40 45 39 46 553 46 51 44
leaf_count=55 37 42 55 47 71 34 40 45 39 46 553 46 51 44
internal_value=-6.20895e-05 0.00834225 -0.00452864 0.0106644 0.119553 0.00856137 0.299051 -0.189285 -0.439054 0.0772851 -0.0380197 -0.27216 -0.471218 0.0191765
internal_weight=1205 1150 1113 1071 330 275 111 164 84 80 741 144 98 597
internal_count=1205 1150 1113 1071 330 275 111 164 84 80 741 144 98 597
is_linear=0
shrinkage=0.035


Tree=298
num_leaves=15
num_cat=0
split_feature=2 2 2 0 1 12 4 4 1 4 0 1 1 0
split_gain=1493.02 13059.8 5850.26 10232.1 5803.74 9659.23 28225.9 16586.5 14256.6 14213.4 13197.6 12310.8 14436.3 7241.89
threshold=226.50000000000003 223.50000000000003 236.50000000000003 2805.5000000000005 518.00000000000011 1.0000000180025095e-35 261.50000000000006 272.50000000000006 214.50000000000003 388.50000000000006 2660.0000000000005 197.00000000000003 97.500000000000014 2837.5000000000005
decision_type=2 2 2 2 2 2 2 2 2 2 2 2 2 2
left_child=1 4 3 -2 5 7 8 -1 -7 -8 -11 12 -12 -9
right_child=2 -3 -4 -5 -6 6 9 13 -10 10 11 -13 -14 -15
leaf_value=-0.88606718610633517 0.5637584778906839 -0.69149398436148968 -0.010994733339598913 -0.095455873695286853 -0.48558866820401619 1.3722257141669594 -0.60400365175202841 0.48221813130378732 0.24175116887637257 0.81874347132665148 0.35624435780626357 0.56607768905559386 -0.55539482282566244 -0.26449430220267356
leaf_weight=31 60 34 702 53 25 28 41 28 27 25 31 29 59 32
leaf_count=31 60 34 702 53 25 28 41 28 27 25 31 29 59 32
internal_value=-5.9351e-05 -0.0562099 0.0268821 0.258287 0.00798739 0.0479591 0.164202 -0.255554 0.84522 -0.0451374 0.120079 -0.0378067 -0.240468 0.0882861
internal_weight=1205 390 815 113 356 331 240 91 55 185 144 119 90 60
internal_count=1205 390 815 113 356 331 240 91 55 185 144 119 90 60
is_linear=0
shrinkage=0.035


Tree=299
num_leaves=15
num_cat=0
split_feature=17 3 1 1 0 3 3 2 2 4 4 4 4 1
split_gain=1406.63 3023.02 6992.61 13401.7 5951.82 5063.94 2324.57 9782.35 2232.93 2926.13 10340.2 9381.36 12106.8 8248.93
threshold=1.0000000180025095e-35 20.500000000000004 87.500000000000014 105.50000000000001 3116.0000000000005 382.00000000000006 134.50000000000003 229.50000000000003 303.50000000000006 541.50000000000011 612.50000000000011 480.50000000000006 452.50000000000006 90.500000000000014
decision_type=2 2 2 2 2 2 2 2 2 2 2 2 2 2
left_child=-1 4 -3 -4 8 6 -5 -8 9 11 -11 12 -2 -12
right_child=1 2 3 5 -6 -7 7 -9 -10 10 13 -13 -14 -15
leaf_value=0.20676821113587956 -0.0292954329461153 -0.53980525440559157 0.62631991259513375 -0.58483210673619968 0.42526857721308869 0.1921941059175879 -0.56849549396170518 0.30635969310998923 0.26980417089329828 0.51720433175563818 0.25137382274673831 -0.47133190765976907 0.71244912639260294 -0.55798744801552069
leaf_weight=37 721 39 29 27 40 30 34 26 34 50 29 54 26 29
leaf_count=37 721 39 29 27 40 30 34 26 34 50 29 54 26 29
internal_value=-1.04391e-05 -0.00690304 -0.135903 -0.0221741 0.0176012 -0.190737 -0.324134 -0.191738 -0.000554557 -0.0112371 0.158087 -0.0344042 -0.00164489 -0.158417
internal_weight=1205 1168 185 146 983 117 87 60 943 909 108 801 747 58
internal_count=1205 1168 185 146 983 117 87 60 943 909 108 801 747 58
is_linear=0
shrinkage=0.035


Tree=300
num_leaves=15
num_cat=0
split_feature=17 3 1 1 0 2 1 1 1 0 4 6 0 1
split_gain=1314.19 2826.23 6535.4 12537 5560.23 4800.31 8058 2146.68 13134.3 9119.86 9093.21 8758.5 9195.96 13011.9
threshold=1.0000000180025095e-35 20.500000000000004 87.500000000000014 105.50000000000001 3116.0000000000005 185.50000000000003 206.50000000000003 86.500000000000014 102.50000000000001 2830.5000000000005 290.50000000000006 1.0000000180025095e-35 2704.5000000000005 58.500000000000007
decision_type=2 2 2 2 2 2 2 2 2 2 2 2 2 2
left_child=-1 4 -3 -4 7 -5 -7 9 10 11 -9 -2 13 -13
right_child=1 2 3 5 -6 6 -8 8 -10 -11 -12 12 -14 -15
leaf_value=0.19990244809060526 0.11088583563536282 -0.52183368664325747 0.60581297009221968 0.14007343546905293 0.41109296336770063 0.073850151515669302 -0.62647026365622882 0.079061085049994304 0.038177851964804263 0.46273107520604539 -0.6181783936338292 -0.52568371639107214 -0.67371567467848459 0.41864008443477835
leaf_weight=37 237 39 29 37 40 34 46 33 438 57 70 31 40 37
leaf_count=37 237 39 29 37 40 34 46 33 438 57 70 31 40 37
internal_value=3.37669e-05 -0.00662858 -0.131359 -0.0214115 0.0170646 -0.184446 -0.334292 -0.000483874 -0.0459364 0.0606094 -0.39754 -0.00811223 -0.266515 -0.01458
internal_weight=1205 1168 185 146 983 117 80 943 541 402 103 345 108 68
internal_count=1205 1168 185 146 983 117 80 943 541 402 103 345 108 68
is_linear=0
shrinkage=0.035


Tree=301
num_leaves=15
num_cat=0
split_feature=2 0 0 1 4 2 4 2 0 0 0 0 0 0
split_gain=1338.14 2572.6 6699.68 9839.37 5607.4 6569.36 8762.95 4355.63 3375.64 18581.9 8846.78 7381.04 9549.5 25996.7
threshold=306.50000000000006 3002.5000000000005 2989.5000000000005 245.50000000000003 640.50000000000011 266.50000000000006 423.50000000000006 299.50000000000006 2837.5000000000005 2859.0000000000005 2823.5000000000005 2818.0000000000005 2761.5000000000005 2743.0000000000005
decision_type=2 2 2 2 2 2 2 2 2 2 2 2 2 2
left_child=1 2 7 -4 5 6 -3 8 10 -10 11 12 13 -1
right_child=-2 4 3 -5 -6 -7 -8 -9 9 -11 -12 -13 -14 -15
leaf_value=0.036596176355535338 -0.24362342445938678 -0.16803979182854678 0.73287638765808794 -0.1325192086449985 -0.58633100546068617 -0.30549725943855177 0.60339512644445203 0.35086622635523484 -0.80499444470172976 0.035974575051273043 0.55542641175289953 -0.4514740852422493 0.38294461604160607 -0.87700581325263516
leaf_weight=548 25 37 36 27 25 56 32 40 39 149 34 41 77 39
leaf_count=548 25 37 36 27 25 56 32 40 39 149 34 41 77 39
internal_value=7.9006e-06 0.00557307 0.0253636 0.369327 -0.128868 -0.0295824 0.196646 0.00223841 -0.0135278 -0.145119 0.02025 -0.00705814 0.0216566 -0.0268749
internal_weight=1205 1180 1030 63 150 125 69 967 927 188 739 705 664 587
internal_count=1205 1180 1030 63 150 125 69 967 927 188 739 705 664 587
is_linear=0
shrinkage=0.035


Tree=302
num_leaves=15
num_cat=0
split_feature=2 2 2 4 4 1 12 4 1 2 2 1 0 0
split_gain=1337.59 12438.7 5617.32 10002.8 14855.7 5334.86 9065.6 26737.4 16217.9 7981.27 10044.8 8994.93 6131.64 14438.4
threshold=226.50000000000003 223.50000000000003 236.50000000000003 3.5000000000000004 426.50000000000006 518.00000000000011 1.0000000180025095e-35 6.5000000000000009 81.500000000000014 164.50000000000003 191.50000000000003 76.500000000000014 2830.5000000000005 2660.0000000000005
decision_type=2 2 2 2 2 2 2 2 2 2 2 2 2 2
left_child=1 5 3 -2 -5 6 8 -8 -1 -9 -11 -12 13 -13
right_child=2 -3 -4 4 -6 -7 7 9 -10 10 11 12 -14 -15
leaf_value=-0.91623926440874737 0.81450535876740682 -0.67318553482492771 -0.011655005347089504 -0.35159395030566626 0.55149963200637486 -0.46377788874838094 1.0550619429871442 0.4609874456342406 0.070504649529090302 -0.55698551410852482 0.6295553082462263 0.25696660034358504 0.24625588953495028 -0.76968402193652263
leaf_weight=28 27 34 702 47 39 25 33 37 63 41 25 30 40 34
leaf_count=28 27 34 702 47 39 25 33 37 63 41 25 30 40 34
internal_value=-4.29135e-05 -0.0531906 0.0254577 0.252209 0.0611748 0.00945243 0.0477657 0.160373 -0.246284 0.00901043 -0.0935775 0.0599622 -0.0862542 -0.295238
internal_weight=1205 390 815 113 86 356 331 240 91 207 170 129 104 64
internal_count=1205 390 815 113 86 356 331 240 91 207 170 129 104 64
is_linear=0
shrinkage=0.035


Tree=303
num_leaves=15
num_cat=0
split_feature=3 2 2 2 2 2 4 4 4 4 0 0 0 2
split_gain=1416.12 3619.35 5054.05 4791.66 12566.8 8645.6 5901.62 13342.1 12593.1 10268.3 7606.98 6118.83 11815.2 5319.39
threshold=417.50000000000006 168.50000000000003 152.50000000000003 189.00000000000003 196.50000000000003 206.50000000000003 588.50000000000011 641.50000000000011 435.50000000000006 456.50000000000006 3116.0000000000005 2821.5000000000005 2972.5000000000005 214.50000000000003
decision_type=2 2 2 2 2 2 2 2 2 2 2 2 2 2
left_child=1 2 -1 -3 -5 -6 8 -8 10 -10 13 -11 -13 -7
right_child=-2 3 -4 4 5 6 7 -9 9 11 -12 12 -14 -15
leaf_value=-0.0081452423334121716 -0.23748775529861452 -0.31852754427698154 0.6146751531586051 0.72674625232301915 -0.47577669062512989 0.44110163617134102 0.78532451528149683 -0.1212830735743046 -0.80910012423186706 -0.4263371760805823 0.54873034226894379 0.60637316367278493 -0.28670327688040942 -0.0012650845244288273
leaf_weight=37 28 56 26 27 45 33 35 42 35 51 33 28 44 685
leaf_count=37 28 56 26 27 45 33 35 42 35 51 33 28 44 685
internal_value=-2.15628e-05 0.00602087 0.259896 -0.00877655 0.00818865 -0.0119997 0.0100869 0.30026 -0.0150985 -0.297061 0.0448539 -0.140744 0.067606 0.0202353
internal_weight=1205 1177 63 1114 1058 1031 986 77 909 158 751 123 72 718
internal_count=1205 1177 63 1114 1058 1031 986 77 909 158 751 123 72 718
is_linear=0
shrinkage=0.035


Tree=304
num_leaves=15
num_cat=0
split_feature=2 0 0 0 4 2 0 0 0 1 1 4 2 1
split_gain=1418.21 4104.07 5082.93 4222.66 9842.4 16414.9 8968.94 4218.42 15992.8 11008 13263.7 10047.8 7825.49 6518.3
threshold=156.50000000000003 2625.0000000000005 2629.5000000000005 2642.5000000000005 59.500000000000007 251.50000000000003 2643.5000000000005 2646.5000000000005 2667.5000000000005 59.500000000000007 66.500000000000014 59.500000000000007 247.50000000000003 114.50000000000001
decision_type=2 2 2 2 2 2 2 2 2 2 2 2 2 2
left_child=-1 -2 -3 4 -4 -6 -5 11 -9 12 -11 -8 -10 -13
right_child=1 2 3 6 5 -7 7 8 9 10 -12 13 -14 -15
leaf_value=-0.17037827621426499 0.36138287896529225 -0.37258064237846578 0.78463735505938537 -0.50521311948465752 0.56741572108864791 -0.4645629012293932 -0.2842464502309931 -0.54798445544309093 0.92070168763399141 -0.53173738609861454 0.037857502520300339 0.91394252830081524 0.063305364008303056 0.13978533999125164
leaf_weight=55 37 42 26 41 33 39 27 61 26 52 688 25 25 28
leaf_count=55 37 42 26 41 33 39 27 61 26 52 688 25 25 28
internal_value=3.94085e-05 0.00847147 -0.00388772 0.0112383 0.227823 0.0109793 -0.0109985 0.0117779 -0.011272 0.0313956 -0.00349345 0.251547 0.518658 0.524909
internal_weight=1205 1150 1113 1071 98 72 973 932 852 791 740 80 51 53
internal_count=1205 1150 1113 1071 98 72 973 932 852 791 740 80 51 53
is_linear=0
shrinkage=0.035


Tree=305
num_leaves=15
num_cat=0
split_feature=2 0 0 1 2 0 0 2 0 4 1 4 0 3
split_gain=1324.89 3834.9 4750.34 4040.4 14419.2 12128.9 12911.4 8646.59 20917.2 10534.5 7280.1 9735.32 8295.75 5515.86
threshold=156.50000000000003 2625.0000000000005 2629.5000000000005 78.500000000000014 223.50000000000003 2679.5000000000005 2644.5000000000005 269.50000000000006 2830.5000000000005 435.50000000000006 98.500000000000014 456.50000000000006 2724.5000000000005 382.00000000000006
decision_type=2 2 2 2 2 2 2 2 2 2 2 2 2 2
left_child=-1 -2 -3 4 -4 6 -6 8 9 -7 11 12 -5 -12
right_child=1 2 3 10 5 7 -8 -9 -10 -11 13 -13 -14 -15
leaf_value=-0.16462427920416783 0.34938311022825735 -0.36013306139545009 0.61904809614545431 -0.10682213668312347 -0.00073762496040291983 -0.35071862978405427 0.77341838200887048 0.2060111586943269 0.22938136385753752 -1.2387909697766963 -0.0034104218106807737 0.15938640752496819 -0.75083267794465125 0.50850591467486495
leaf_weight=55 37 42 55 47 71 43 40 48 46 27 572 46 51 25
leaf_count=55 37 42 55 47 71 43 40 48 46 27 572 46 51 25
internal_value=9.09404e-05 0.00824075 -0.00370636 0.0109164 0.112407 0.00734048 0.286989 -0.183111 -0.34489 -0.718157 -0.0344627 -0.256013 -0.450284 0.0196529
internal_weight=1205 1150 1113 1071 330 275 111 164 116 70 741 144 98 597
internal_count=1205 1150 1113 1071 330 275 111 164 116 70 741 144 98 597
is_linear=0
shrinkage=0.035


Tree=306
num_leaves=15
num_cat=0
split_feature=3 2 2 2 2 4 4 4 4 0 0 0 2 1
split_gain=1387.94 3550.9 4628 11676.8 8270.67 5398.23 12666.8 11719.5 9438.48 7099.58 5648.18 11114.1 4872.49 7030.65
threshold=417.50000000000006 168.50000000000003 189.00000000000003 196.50000000000003 206.50000000000003 588.50000000000011 641.50000000000011 435.50000000000006 456.50000000000006 3116.0000000000005 2821.5000000000005 2972.5000000000005 214.50000000000003 63.500000000000007
decision_type=2 2 2 2 2 2 2 2 2 2 2 2 2 2
left_child=1 -1 -3 -4 -5 7 -7 9 -9 12 -10 -12 -6 -14
right_child=-2 2 3 4 5 6 -8 8 10 -11 11 -13 13 -15
leaf_value=0.25752469414014084 -0.23501123917102817 -0.31301013174755821 0.70072484854994155 -0.46499238988186459 0.42297829461097719 0.76040526293419508 -0.12280752008611506 -0.77680311122456125 -0.41037512875952814 0.53074753642082217 0.58677255848050114 -0.27939111109661019 0.22926662925066371 -0.054826671642717817
leaf_weight=63 28 56 27 45 33 35 42 35 51 33 28 44 130 555
leaf_count=63 28 56 27 45 33 35 42 35 51 33 28 44 130 555
internal_value=8.01609e-05 0.00606199 -0.00859499 0.0080779 -0.0113828 0.0102188 0.28774 -0.0138697 -0.285878 0.0439643 -0.13599 0.0642052 0.0201791 -0.000400671
internal_weight=1205 1177 1114 1058 1031 986 77 909 158 751 123 72 718 685
internal_count=1205 1177 1114 1058 1031 986 77 909 158 751 123 72 718 685
is_linear=0
shrinkage=0.035


Tree=307
num_leaves=15
num_cat=0
split_feature=4 4 4 4 0 4 4 4 0 5 4 2 0 0
split_gain=1369.75 7140.43 6715.42 6345.05 6276.84 5097.87 9493.94 13488.3 7653.5 10468.9 8526.1 10303.7 6626.12 14163.7
threshold=377.50000000000006 359.50000000000006 435.50000000000006 447.50000000000006 2953.0000000000005 343.50000000000006 317.50000000000006 303.00000000000006 3116.0000000000005 1.0000000180025095e-35 87.000000000000014 269.50000000000006 2706.0000000000005 2651.5000000000005
decision_type=2 2 2 2 2 2 2 2 2 2 2 2 2 2
left_child=1 5 4 -4 -2 6 7 8 9 10 12 -12 13 -1
right_child=2 -3 3 -5 -6 -7 -8 -9 -10 -11 11 -13 -14 -15
leaf_value=0.084407427733907345 0.1305198869919314 -0.50329976155951228 -0.53955587632954127 0.0105375952899265 0.72667578697204604 0.44999111619488952 -0.50939404967038537 0.77683917491524324 -0.58777989105554307 0.60069782328956267 -0.57108217514393966 0.16042731053120382 0.14598187838730062 -0.55905675539085953
leaf_weight=128 101 35 26 310 26 27 44 25 26 32 66 35 264 60
leaf_count=128 101 35 26 310 26 27 44 25 26 32 66 35 264 60
internal_value=0.000125564 -0.0293267 0.0472487 -0.0349699 0.261942 -0.00450915 -0.0238222 0.0112624 -0.0224947 0.00454612 -0.0319913 -0.319396 0.0333538 -0.124677
internal_weight=1205 742 463 336 127 707 680 636 611 585 553 101 452 188
internal_count=1205 742 463 336 127 707 680 636 611 585 553 101 452 188
is_linear=0
shrinkage=0.035


Tree=308
num_leaves=15
num_cat=0
split_feature=2 2 0 0 0 4 2 0 0 0 1 1 4 2
split_gain=1350.31 3730.2 3607.27 4427.95 3908.71 9050.12 15320.5 8375.66 3848.15 15294.3 10491.8 12760.1 9560.39 7393.94
threshold=156.50000000000003 137.50000000000003 2625.0000000000005 2629.5000000000005 2642.5000000000005 59.500000000000007 251.50000000000003 2643.5000000000005 2646.5000000000005 2667.5000000000005 59.500000000000007 66.500000000000014 59.500000000000007 247.50000000000003
decision_type=2 2 2 2 2 2 2 2 2 2 2 2 2 2
left_child=1 -1 -2 -4 5 -5 -7 -6 12 -10 13 -12 -9 -11
right_child=2 -3 3 4 7 6 -8 8 9 10 11 -13 -14 -15
leaf_value=0.10548353896987055 0.339200309866514 -0.45507524907588964 -0.34736937593330042 0.753179348409176 -0.48811615153800614 0.54884022656083109 -0.44814342309516386 -0.28193082819724907 -0.53539429118235915 0.89770820967853082 -0.5209901164251346 0.037686047317757126 0.50719942053881562 0.064055350886450882
leaf_weight=29 37 26 42 26 41 33 39 27 61 26 52 688 53 25
leaf_count=29 37 26 42 26 41 33 39 27 61 26 52 688 53 25
internal_value=0.00011049 -0.166177 0.00833809 -0.00324963 0.0108676 0.219245 0.0112909 -0.0105268 0.0114833 -0.0105323 0.031192 -0.00287075 0.240487 0.506893
internal_weight=1205 55 1150 1113 1071 98 72 973 932 852 791 740 80 51
internal_count=1205 55 1150 1113 1071 98 72 973 932 852 791 740 80 51
is_linear=0
shrinkage=0.035


Tree=309
num_leaves=15
num_cat=0
split_feature=0 0 0 0 4 0 4 4 4 0 0 2 4 4
split_gain=1340.69 11521.8 7075.64 6014.91 15089 7940.39 11956.3 9174.94 9135.44 18370 16632.3 13185.4 9726.2 7538.61
threshold=2810.5000000000005 2787.0000000000005 2821.5000000000005 2743.0000000000005 423.50000000000006 2706.0000000000005 510.00000000000006 423.50000000000006 56.500000000000007 2643.5000000000005 2651.5000000000005 217.50000000000003 379.50000000000006 343.50000000000006
decision_type=2 2 2 2 2 2 2 2 2 2 2 2 2 2
left_child=1 3 -2 5 -5 6 8 -7 10 13 -1 -11 -13 -10
right_child=2 -3 -4 4 -6 7 -8 -9 9 11 -12 12 -14 -15
leaf_value=0.064020029498954842 -0.4668530946563591 0.64179614226023363 -0.00306460526889953 0.091333854103088391 -0.90594015351931267 0.11460043646787343 -0.72394472360610973 0.87236101424252543 -0.34789017844459291 0.90736961792815829 -0.75180043751889092 0.36787246517585909 -0.3723547048815366 0.12940657387857568
leaf_weight=87 42 34 479 48 28 74 26 25 90 42 45 87 27 71
leaf_count=87 42 34 479 48 28 74 26 25 90 42 45 87 27 71
internal_value=0.00011685 0.0322983 -0.0420949 -0.00145401 -0.289891 0.0376102 -0.022222 0.319439 0.0214425 0.123221 -0.22117 0.391561 0.189158 -0.1384
internal_weight=1205 684 521 650 76 574 475 99 449 317 132 156 114 161
internal_count=1205 684 521 650 76 574 475 99 449 317 132 156 114 161
is_linear=0
shrinkage=0.035


Tree=310
num_leaves=15
num_cat=0
split_feature=2 1 1 12 2 7 4 4 0 0 3 1 2 0
split_gain=1393.82 10984.3 21369.7 16446.5 15809.7 10044.9 10673.9 11806.1 7565.38 11686 7505.01 6042.95 5189.01 10295.7
threshold=226.50000000000003 85.500000000000014 74.500000000000014 1.0000000180025095e-35 212.50000000000003 1.0000000180025095e-35 59.500000000000007 264.50000000000006 2972.5000000000005 2700.5000000000005 328.50000000000006 125.50000000000001 236.50000000000003 2805.5000000000005
decision_type=2 2 2 2 2 2 2 2 2 2 2 2 2 2
left_child=1 2 3 -1 -5 6 -3 -8 9 -9 -10 -11 13 -2
right_child=12 5 -4 4 -6 -7 7 8 10 11 -12 -13 -14 -15
leaf_value=-0.67955301747177599 0.55055009456171144 -0.62440891137046206 -1.1852856636047364 0.91368942578633638 -0.26892569226437607 0.61694695138931277 0.75486074992903962 0.19742350267039407 -0.010852904230356217 -0.15039974074105961 0.71811475981164863 -0.80693409661451976 -0.0095528555049730311 -0.11032251761616632
leaf_weight=31 60 29 26 25 27 33 25 52 48 35 25 34 702 53
leaf_count=31 60 29 26 25 27 33 25 52 48 35 25 34 702 53
internal_value=9.0547e-05 -0.0541629 -0.349031 -0.0653468 0.312422 0.061875 -0.0163301 0.0691138 -0.0260566 -0.194744 0.251286 -0.487527 0.0261214 0.244055
internal_weight=1205 390 109 83 52 281 248 219 194 121 73 69 815 113
internal_count=1205 390 109 83 52 281 248 219 194 121 73 69 815 113
is_linear=0
shrinkage=0.035


Tree=311
num_leaves=15
num_cat=0
split_feature=4 4 4 4 0 2 0 1 1 0 2 4 0 4
split_gain=1341.15 6903.07 6264.51 6002.65 5885.07 4952.72 4741.38 12877.8 7998.9 12892.9 16945.7 12855.2 6180.47 4522.5
threshold=377.50000000000006 359.50000000000006 435.50000000000006 447.50000000000006 2953.0000000000005 216.50000000000003 2706.0000000000005 72.500000000000014 70.500000000000014 3002.5000000000005 224.50000000000003 535.00000000000011 2972.5000000000005 343.50000000000006
decision_type=2 2 2 2 2 2 2 2 2 2 2 2 2 2
left_child=1 13 4 -4 5 -2 7 -5 -8 10 12 -12 -10 -1
right_child=2 -3 3 6 -6 -7 8 -9 9 -11 11 -13 -14 -15
leaf_value=-0.022848328460565063 0.52404603272676475 -0.4950900411283648 -0.52349024906754504 0.28354298845485404 0.70407220602035525 -0.020941335775635461 -0.34554388859349755 -0.77524815165996552 -0.16640192977452686 -0.21390438997262237 0.26755663772920774 1.34317429156139 0.44412714580374385 0.42342672660433017
leaf_weight=680 26 35 26 25 26 75 44 28 57 72 28 27 29 27
leaf_count=680 26 35 26 25 26 75 44 28 57 72 28 27 29 27
internal_value=8.18874e-05 -0.0290612 0.0467104 -0.0327055 0.254068 0.126804 0.0115489 -0.283669 0.0741507 0.163256 0.356147 0.824189 0.044889 -0.00465894
internal_weight=1205 742 463 336 127 101 310 53 257 213 141 55 86 707
internal_count=1205 742 463 336 127 101 310 53 257 213 141 55 86 707
is_linear=0
shrinkage=0.035


Tree=312
num_leaves=15
num_cat=0
split_feature=3 1 1 4 4 2 0 0 9 1 2 2 2 0
split_gain=1372.22 7142.14 9543.53 9364.61 11278 4278.34 3766.74 13565.2 7136.65 9854.32 6589.36 7666.71 4372.21 4481.07
threshold=20.500000000000004 87.500000000000014 105.50000000000001 630.50000000000011 78.000000000000014 247.50000000000003 2859.0000000000005 2837.5000000000005 1.0000000180025095e-35 84.500000000000014 217.50000000000003 248.50000000000003 168.50000000000003 2823.5000000000005
decision_type=2 2 2 2 2 2 2 2 2 2 2 2 2 2
left_child=6 -2 -3 4 5 -4 7 12 9 -8 -11 -12 -1 -14
right_child=1 2 3 -5 -6 -7 8 -9 -10 10 11 -13 13 -15
leaf_value=0.43277893706162773 -0.47744946407323535 0.5782566783505102 0.34412387036508135 0.43939788222312931 -0.68658551125702549 -0.24254631149768832 0.59972662310446467 -0.61999369174935104 0.58819985789295881 0.27605716899821636 -0.7027756614610553 0.0025628206382195154 -0.018682621380267796 0.34909652820853304
leaf_weight=28 42 29 29 28 42 28 29 41 36 36 30 46 720 41
leaf_count=28 42 29 29 28 42 28 29 41 36 36 30 46 720 41
internal_value=0.000161747 -0.083591 0.0271493 -0.105708 -0.265528 0.0574822 0.0167626 -0.0146082 0.162388 0.0469643 -0.104172 -0.286741 0.0183384 0.00199515
internal_weight=1205 198 156 127 99 57 1007 830 177 141 112 76 789 761
internal_count=1205 198 156 127 99 57 1007 830 177 141 112 76 789 761
is_linear=0
shrinkage=0.035


Tree=313
num_leaves=15
num_cat=0
split_feature=2 0 4 4 1 1 1 15 4 9 4 2 2 4
split_gain=1360.5 2693.94 4676.19 7366.43 6228.72 4551.57 6297.21 8986.1 5220.93 5151.13 3484.51 7810.29 4182.75 4885.42
threshold=306.50000000000006 3062.5000000000005 409.00000000000006 581.00000000000011 252.50000000000003 419.50000000000006 269.00000000000006 1.0000000180025095e-35 50.500000000000007 1.0000000180025095e-35 701.50000000000011 175.50000000000003 196.50000000000003 604.50000000000011
decision_type=2 2 2 2 2 2 2 2 2 2 2 2 2 2
left_child=1 5 4 -4 -3 6 7 10 -7 -8 11 -1 -13 -14
right_child=-2 2 3 -5 -6 8 9 -9 -10 -11 -12 12 13 -15
leaf_value=-0.50377035351176014 -0.2454526941864579 -0.02414040578529239 0.42906973231583839 -0.35635946291464349 -0.75165034867823133 -0.080126900672912602 -0.68119654778776506 0.52525659064451857 0.53558325116024463 0.0040446476583127621 0.32103783178329476 0.39547758637052599 -0.02539367778253308 0.3863240841111622
leaf_weight=36 25 30 30 25 26 27 27 40 41 25 38 31 769 35
leaf_count=36 25 30 30 25 26 27 27 40 41 25 38 31 769 35
internal_value=0.000206088 0.00581723 -0.156727 0.0720794 -0.376185 0.0229563 0.00386814 0.0247374 0.295806 -0.363805 0.00160754 -0.0130321 0.00927865 -0.00655649
internal_weight=1205 1180 111 55 56 1069 1001 949 68 52 909 871 835 804
internal_count=1205 1180 111 55 56 1069 1001 949 68 52 909 871 835 804
is_linear=0
shrinkage=0.035


Tree=314
num_leaves=15
num_cat=0
split_feature=2 2 1 12 4 4 4 1 4 0 0 0 2 0
split_gain=1378.72 10448.7 5384.15 8403.88 24789 15475.2 13869.4 13047.6 11341.6 11215.4 9366.54 6665.88 4786.55 9583.92
threshold=226.50000000000003 223.50000000000003 518.00000000000011 1.0000000180025095e-35 261.50000000000006 272.50000000000006 388.50000000000006 214.50000000000003 525.50000000000011 2959.0000000000005 2759.0000000000005 2911.0000000000005 236.50000000000003 2805.5000000000005
decision_type=2 2 2 2 2 2 2 2 2 2 2 2 2 2
left_child=1 2 3 5 7 -1 -6 -5 10 -10 -8 -7 13 -2
right_child=12 -3 -4 4 6 11 8 -9 9 -11 -12 -13 -14 -15
leaf_value=-0.84994310545198848 0.53110678512242537 -0.62200252516816057 -0.47169635821823724 1.2927500010728838 -0.59756338341291559 0.41367914509773263 0.88942293189000343 0.21318132007944174 -0.5313291898833381 0.27551743286848068 0.046072737962007525 -0.30457879789944359 -0.0081816587794508629 -0.10651172522523186
leaf_weight=31 60 34 25 28 41 33 30 27 43 38 33 27 702 53
leaf_count=31 60 34 25 28 41 33 30 27 43 38 33 27 702 53
internal_value=0.000194742 -0.0537641 0.00367753 0.0421993 0.150638 -0.240883 -0.0455094 0.788855 0.117705 -0.155291 0.462678 0.0910643 0.026084 0.235395
internal_weight=1205 390 356 331 240 91 185 55 144 81 63 60 815 113
internal_count=1205 390 356 331 240 91 185 55 144 81 63 60 815 113
is_linear=0
shrinkage=0.035


Tree=315
num_leaves=15
num_cat=0
split_feature=3 1 1 4 4 2 0 1 4 4 1 0 0 2
split_gain=1309.14 6746.11 8880.46 8590.29 10519.5 4037.29 3758.54 2855 9082.85 17342 8372.71 18736.7 6638.33 11036.6
threshold=20.500000000000004 87.500000000000014 105.50000000000001 630.50000000000011 78.000000000000014 247.50000000000003 3116.0000000000005 86.500000000000014 606.50000000000011 535.00000000000011 97.500000000000014 2724.5000000000005 2626.5000000000005 213.50000000000003
decision_type=2 2 2 2 2 2 2 2 2 2 2 2 2 2
left_child=6 -2 -3 4 5 -4 7 12 9 10 11 -9 -1 -14
right_child=1 2 3 -5 -6 -7 -8 8 -10 -11 -12 -13 13 -15
leaf_value=-0.32990329596731399 -0.46438975266434934 0.55764255446772426 0.33515290617942811 0.41997251696387933 -0.66184842795133592 -0.23476137419541679 0.33658707502276403 0.12364612090587618 -0.58715933496753381 0.85169836212087568 -0.0049900648582531541 -1.0891457982104402 0.68571747886507151 0.055451884445574917
leaf_weight=43 42 29 29 28 42 28 41 33 34 25 437 27 36 331
leaf_count=43 42 29 29 28 42 28 41 33 34 25 437 27 36 331
internal_value=0.000197778 -0.0816074 0.0260232 -0.102134 -0.255192 0.0567271 0.0164125 0.00215595 -0.0494447 -0.0123137 -0.0590145 -0.439639 0.0720318 0.120658
internal_weight=1205 198 156 127 99 57 1007 966 556 522 497 60 410 367
internal_count=1205 198 156 127 99 57 1007 966 556 522 497 60 410 367
is_linear=0
shrinkage=0.035


Tree=316
num_leaves=15
num_cat=0
split_feature=2 1 4 6 7 4 4 4 4 0 1 1 2 0
split_gain=1356.03 10447.6 20647.9 11322.6 8938.21 9947.84 10967.3 6765.21 9749.55 14202.2 4664.58 11597.1 30710.1 11052
threshold=226.50000000000003 85.500000000000014 350.50000000000006 1.0000000180025095e-35 1.0000000180025095e-35 59.500000000000007 264.50000000000006 384.50000000000006 525.50000000000011 2987.0000000000005 85.500000000000014 73.500000000000014 249.50000000000003 2679.5000000000005
decision_type=2 2 2 2 2 2 2 2 2 2 2 2 2 2
left_child=1 2 -1 -4 5 -3 -7 -8 -9 -10 11 13 -13 -2
right_child=10 4 3 -5 -6 6 7 8 9 -11 -12 12 -14 -15
leaf_value=-0.88789798852677149 0.2567539621962876 -0.60098163562436269 0.57682465855280562 -0.33851326165972534 0.58344761025905612 0.72947256470168087 -0.42960830819606782 0.39692764828310295 -0.55684854953289042 0.3065124259753661 -0.044048577281356603 1.4543263198932013 -0.0052549850547088774 -0.19821598019371642
leaf_weight=46 120 29 28 35 33 25 38 66 48 42 480 25 51 139
leaf_count=46 120 29 28 35 33 25 38 66 48 42 480 25 51 139
internal_value=0.000190489 -0.0533227 -0.340895 0.0735346 0.0598476 -0.0139352 0.0685368 -0.0232099 0.0799696 -0.156042 0.0258659 0.125709 0.49985 0.0129331
internal_weight=1205 390 109 63 281 248 219 194 156 90 815 335 76 259
internal_count=1205 390 109 63 281 248 219 194 156 90 815 335 76 259
is_linear=0
shrinkage=0.035


Tree=317
num_leaves=15
num_cat=0
split_feature=2 1 1 12 2 7 0 4 0 4 1 1 2 0
split_gain=1268.22 9755.03 19785.5 14350.2 14188.5 8358.47 9525.8 14410.3 11235 6644.36 4360.73 10858.7 28751.6 10303.4
threshold=226.50000000000003 85.500000000000014 74.500000000000014 1.0000000180025095e-35 212.50000000000003 1.0000000180025095e-35 2700.5000000000005 411.50000000000006 2972.5000000000005 564.50000000000011 85.500000000000014 73.500000000000014 249.50000000000003 2679.5000000000005
decision_type=2 2 2 2 2 2 2 2 2 2 2 2 2 2
left_child=1 2 3 -1 -5 6 -3 -8 -9 -10 11 13 -13 -2
right_child=10 5 -4 4 -6 -7 7 8 9 -11 -12 12 -14 -15
leaf_value=-0.63038038860667844 0.24791489820499893 0.31719980602264408 -1.1340090012550357 0.86579476316769932 -0.25455520134547666 0.56419382828474052 -0.63658604659561846 -0.28700696406825899 0.76607718264234481 0.05524568039637346 -0.042513275819046119 1.4071953857634909 -0.0050779976990987675 -0.19137683115741042
leaf_weight=31 120 73 26 25 27 33 51 60 27 37 480 25 51 139
leaf_count=31 120 73 26 25 27 33 51 60 27 37 480 25 51 139
internal_value=0.000255905 -0.0514958 -0.329373 -0.056567 0.296192 0.057859 -0.0134907 -0.153461 0.0521936 0.369255 0.025086 0.121622 0.483656 0.0124961
internal_weight=1205 390 109 83 52 281 248 175 124 64 815 335 76 259
internal_count=1205 390 109 83 52 281 248 175 124 64 815 335 76 259
is_linear=0
shrinkage=0.035


Tree=318
num_leaves=15
num_cat=0
split_feature=9 2 0 0 0 0 4 1 1 1 0 2 4 1
split_gain=1314.4 5255.87 4218.53 7014.25 7043.1 4052.85 6571.36 7303.36 18290.1 6353.34 9282.58 18193.8 14060.3 8175.32
threshold=1.0000000180025095e-35 277.50000000000006 2837.5000000000005 2717.5000000000005 2646.5000000000005 3002.5000000000005 701.50000000000011 419.50000000000006 192.50000000000003 100.50000000000001 2710.5000000000005 213.50000000000003 272.50000000000006 136.50000000000003
decision_type=2 2 2 2 2 2 2 2 2 2 2 2 2 2
left_child=5 -2 3 4 -3 6 7 8 9 -1 12 -12 -11 -13
right_child=1 2 -4 -5 -6 -7 -8 -9 -10 10 11 13 -14 -15
leaf_value=-0.047952605150348979 0.25683068096916256 -0.27379514262956733 0.2466997270114524 -0.51325017138322193 0.47617906834930185 -0.19823337804638982 0.46015697393762439 0.38613711092339942 -0.6000592266275333 -0.74160564184188849 -0.28753957562148574 1.0107161283791066 0.24335965342246571 0.20172845458542862
leaf_weight=510 105 32 36 43 26 130 36 51 63 25 30 43 50 25
leaf_count=510 105 32 36 43 26 130 36 51 63 25 30 43 50 25
internal_value=0.000307385 0.0728819 -0.0697675 -0.185168 0.0670663 -0.0180437 0.0104846 -0.0109278 -0.0390329 0.0143171 0.196337 0.417276 -0.0956968 0.727556
internal_weight=1205 242 137 101 58 963 833 797 746 683 173 98 75 68
internal_count=1205 242 137 101 58 963 833 797 746 683 173 98 75 68
is_linear=0
shrinkage=0.035


Tree=319
num_leaves=15
num_cat=0
split_feature=3 1 1 4 4 2 0 1 4 4 0 4 0 0
split_gain=1265.38 6201 8194.85 8051.11 9742.22 3808.87 3612.03 2688.99 8241.9 16432.6 8116.61 19988.9 15706.2 13069.4
threshold=20.500000000000004 87.500000000000014 105.50000000000001 630.50000000000011 78.000000000000014 247.50000000000003 3116.0000000000005 86.500000000000014 606.50000000000011 535.00000000000011 2810.5000000000005 2.5000000000000004 2766.0000000000005 2743.0000000000005
decision_type=2 2 2 2 2 2 2 2 2 2 2 2 2 2
left_child=6 -2 -3 4 5 -4 7 -1 9 10 12 -12 13 -9
right_child=1 2 3 -5 -6 -7 -8 8 -10 -11 11 -13 -14 -15
leaf_value=0.070110802532182742 -0.44708115409721033 0.53382339362175235 0.32263829002457284 0.40551567719380066 -0.63946705551310024 -0.23088240969181062 0.33014608186344774 0.046641936841763952 -0.5599993875953887 0.82864609515225451 0.29435027284117848 -0.54992155351106409 0.81570433550867549 -0.64441774707091481
leaf_weight=410 42 29 29 28 42 28 41 283 34 25 50 101 27 36
leaf_count=410 42 29 29 28 42 28 41 283 34 25 50 101 27 36
internal_value=0.000332548 -0.0800941 0.0231187 -0.0999672 -0.248131 0.052124 0.0162737 0.00229743 -0.0477809 -0.0124079 -0.0578661 -0.270168 0.035806 -0.0348751
internal_weight=1205 198 156 127 99 57 1007 966 556 522 497 151 346 319
internal_count=1205 198 156 127 99 57 1007 966 556 522 497 151 346 319
is_linear=0
shrinkage=0.035


Tree=320
num_leaves=15
num_cat=0
split_feature=2 0 4 0 4 2 4 4 4 1 4 0 2 4
split_gain=1264.23 2681.87 5703.74 5656.28 5168.03 6050.88 7634.09 4698.46 5597.11 5750.67 5669.76 6572.92 10858.8 11997.5
threshold=306.50000000000006 3002.5000000000005 701.50000000000011 2993.0000000000005 640.50000000000011 266.50000000000006 423.50000000000006 612.50000000000011 533.50000000000011 80.500000000000014 506.00000000000006 2842.5000000000005 210.50000000000003 3.5000000000000004
decision_type=2 2 2 2 2 2 2 2 2 2 2 2 2 2
left_child=1 2 3 7 5 6 -3 8 10 -10 11 -1 -13 -14
right_child=-2 4 -4 -5 -6 -7 -8 -9 9 -11 -12 12 13 -15
leaf_value=0.042998375608150244 -0.23645338199756769 -0.15909872800875935 0.44680774247960042 0.38890645709374677 -0.57071377641072984 -0.30075858111011577 0.56087083788479075 -0.36597827287607421 -0.030125776190182262 0.66641954695024797 -0.49518621197548413 0.1910239250180514 -0.087271883362947514 -0.98123942845007961
leaf_weight=709 25 37 36 44 25 56 32 41 27 29 27 44 41 32
leaf_count=709 25 37 36 44 25 56 32 41 27 29 27 44 41 32
internal_value=0.000354304 0.00576302 0.0259694 0.00986115 -0.131503 -0.036057 0.181194 -0.00847478 0.0084183 0.341127 -0.0141711 0.00271028 -0.238048 -0.494864
internal_weight=1205 1180 1030 994 150 125 69 950 909 56 853 826 117 73
internal_count=1205 1180 1030 994 150 125 69 950 909 56 853 826 117 73
is_linear=0
shrinkage=0.035


Tree=321
num_leaves=15
num_cat=0
split_feature=2 4 1 1 1 1 0 1 2 2 1 2 2 0
split_gain=1309.5 2725.69 6097.07 7552.09 14080.2 5540.85 6685.26 5040.59 5590.15 8719.74 8084.55 8199.16 7301.8 6938.44
threshold=305.50000000000006 56.500000000000007 485.50000000000006 341.50000000000006 236.50000000000003 468.00000000000006 2626.5000000000005 204.50000000000003 284.50000000000006 259.50000000000006 109.50000000000001 230.50000000000003 267.50000000000006 2805.5000000000005
decision_type=2 2 2 2 2 2 2 2 2 2 2 2 2 2
left_child=1 2 3 4 7 6 -3 8 9 10 11 -1 -11 -10
right_child=-2 5 -4 -5 -6 -7 -8 -9 13 12 -12 -13 -14 -15
leaf_value=0.37529375392337183 0.22483057814259683 -0.40145796513557436 -0.57903294324874888 0.47138429740909493 -0.73541906563011383 0.47572332156426983 0.038351895197674464 0.37137502148344714 -0.73777557295560836 0.73849522540646217 -0.68471460276731744 -0.22805720529773019 0.017903897457006504 0.048103694562558773
leaf_weight=41 29 43 26 30 35 31 714 35 28 29 25 75 39 25
leaf_count=41 29 43 26 30 35 31 714 35 28 29 25 75 39 25
internal_value=0.000287977 -0.00562153 -0.0813215 -0.0425892 -0.0915771 0.0317636 0.0123773 -0.0112918 -0.0648376 0.0176177 -0.139231 -0.0120574 0.337534 -0.378808
internal_weight=1205 1176 388 362 332 788 757 297 262 209 141 116 68 53
internal_count=1205 1176 388 362 332 788 757 297 262 209 141 116 68 53
is_linear=0
shrinkage=0.035


Tree=322
num_leaves=15
num_cat=0
split_feature=9 0 2 0 0 4 0 1 1 0 2 7 1 4
split_gain=1344.48 5048.31 7726.07 6939.96 5070.04 6895.22 3794.8 5992.13 16744.7 7635.79 5130.86 4823.53 9965.03 3904.68
threshold=1.0000000180025095e-35 3014.5000000000005 296.50000000000006 2651.5000000000005 2859.0000000000005 35.000000000000007 3002.5000000000005 419.50000000000006 214.50000000000003 2987.0000000000005 189.00000000000003 1.0000000180025095e-35 137.50000000000003 701.50000000000011
decision_type=2 2 2 2 2 2 2 2 2 2 2 2 2 2
left_child=6 2 3 -2 5 -5 7 8 9 13 -10 12 -8 -1
right_child=1 -3 -4 4 -6 -7 11 -9 10 -11 -12 -13 -14 -15
leaf_value=-0.012360942812054593 0.45581373624644195 0.49096076729797555 -0.37920603960597266 -0.63791529804468161 0.26701115414169102 0.05385811763150352 0.066813601651228974 0.36944924335856483 -0.19865354043466074 0.55034163829052085 -0.88826785441488032 0.17983566717668015 -0.62863181023164239 0.3894468341142901
leaf_weight=667 51 29 46 26 43 47 46 51 25 31 30 31 53 29
leaf_count=667 51 29 46 26 43 47 46 51 25 31 30 31 53 29
internal_value=0.00024281 0.0736432 0.0127868 0.123971 -0.0271786 -0.202968 -0.018317 0.00929012 -0.0150811 0.0301298 -0.592776 -0.192675 -0.310571 0.00544897
internal_weight=1205 242 213 167 116 73 963 833 782 727 55 130 99 696
internal_count=1205 242 213 167 116 73 963 833 782 727 55 130 99 696
is_linear=0
shrinkage=0.035


Tree=323
num_leaves=15
num_cat=0
split_feature=2 2 1 12 4 4 1 4 4 0 0 5 2 4
split_gain=1283.36 9660.53 5128.42 7350.85 22719.2 14570.3 12648.1 12021.9 8191.07 10315.4 5993.91 4264.72 10381.2 11327.1
threshold=226.50000000000003 223.50000000000003 518.00000000000011 1.0000000180025095e-35 261.50000000000006 272.50000000000006 214.50000000000003 370.50000000000006 525.50000000000011 2959.0000000000005 2911.0000000000005 1.0000000180025095e-35 231.50000000000003 604.50000000000011
decision_type=2 2 2 2 2 2 2 2 2 2 2 2 2 2
left_child=1 2 3 5 6 -1 -5 -6 -9 -10 -7 12 -2 -14
right_child=11 -3 -4 4 7 10 -8 8 9 -11 -12 -13 13 -15
leaf_value=-0.81480179208697701 0.60397500878725308 -0.59820668371187324 -0.46053343139312886 1.2492428481280806 -0.64094925613964304 0.40369355487823494 0.18852916975473535 0.35273078004854758 -0.51464114975929265 0.25924922925233845 -0.27759344832650545 -0.25641975561004199 -0.011274653528675889 0.68339709142067795
leaf_weight=31 37 34 25 28 32 33 27 72 43 38 27 59 691 28
leaf_count=31 37 34 25 28 32 33 27 72 43 38 27 59 691 28
internal_value=0.000238867 -0.0518206 0.00341272 0.0410095 0.14242 -0.223757 0.753415 -0.0453427 0.0858916 -0.154083 0.0980494 0.0252166 0.0478148 0.0175986
internal_weight=1205 390 356 331 240 91 55 185 153 81 60 815 756 719
internal_count=1205 390 356 331 240 91 55 185 153 81 60 815 756 719
is_linear=0
shrinkage=0.035


Tree=324
num_leaves=15
num_cat=0
split_feature=9 0 2 0 0 4 4 0 1 1 0 2 7 1
split_gain=1285.64 4730.24 7230.11 6462.35 4724.73 6437.05 3735.9 3572.18 5680.01 15376.8 7134.49 4890.38 4543.52 9201.8
threshold=1.0000000180025095e-35 3014.5000000000005 296.50000000000006 2651.5000000000005 2859.0000000000005 35.000000000000007 60.500000000000007 3002.5000000000005 419.50000000000006 214.50000000000003 2987.0000000000005 189.00000000000003 1.0000000180025095e-35 137.50000000000003
decision_type=2 2 2 2 2 2 2 2 2 2 2 2 2 2
left_child=7 2 3 6 5 -5 -2 8 9 10 -1 -11 13 -9
right_child=1 -3 -4 4 -6 -7 -8 12 -10 11 -12 -13 -14 -15
leaf_value=0.0046197204336652104 0.73037614645781346 0.47597471156427945 -0.3661086700034018 -0.61518857985734943 0.2587544285323885 0.053168669002396723 0.13021204579621554 0.0612624129986701 0.35953019681404225 -0.18464571105109323 0.53132018766619948 -0.85674957837909471 0.17446452278079411 -0.60712534124201001
leaf_weight=696 25 29 46 26 43 47 26 46 51 25 31 30 31 53
leaf_count=696 25 29 46 26 43 47 26 46 51 25 31 30 31 53
internal_value=0.000240157 0.0720165 0.0131014 0.120651 -0.0252209 -0.194934 0.44087 -0.017909 0.00887642 -0.0148511 0.0284748 -0.568446 -0.187076 -0.301498
internal_weight=1205 242 213 167 116 73 51 963 833 782 727 55 130 99
internal_count=1205 242 213 167 116 73 51 963 833 782 727 55 130 99
is_linear=0
shrinkage=0.035


Tree=325
num_leaves=15
num_cat=0
split_feature=3 1 1 4 4 2 0 0 9 1 2 2 2 0
split_gain=1341.94 5930.84 7549.62 7842.57 9015.83 3634.29 3603.03 11963.2 6064.13 8759.96 5920.72 6671.96 4109.8 4387.8
threshold=20.500000000000004 87.500000000000014 105.50000000000001 630.50000000000011 78.000000000000014 247.50000000000003 2859.0000000000005 2837.5000000000005 1.0000000180025095e-35 84.500000000000014 217.50000000000003 248.50000000000003 168.50000000000003 2823.5000000000005
decision_type=2 2 2 2 2 2 2 2 2 2 2 2 2 2
left_child=6 -2 -3 4 5 -4 7 12 9 -8 -11 -12 -1 -14
right_child=1 2 3 -5 -6 -7 8 -9 -10 10 11 -13 13 -15
leaf_value=0.41872689731915796 -0.44147821055217229 0.50863401051490542 0.3076216613092731 0.39923549360595645 -0.62234503223137427 -0.23297939610481266 0.57363123359218726 -0.58254101991653451 0.55164340963489134 0.27011197196809872 -0.65135896591469655 0.0064580550541480384 -0.019386324611624029 0.34454511919686964
leaf_weight=28 42 29 29 28 42 28 29 41 36 36 30 46 720 41
leaf_count=28 42 29 29 28 42 28 29 41 36 36 30 46 720 41
internal_value=0.000240444 -0.0825831 0.0184078 -0.0996839 -0.245904 0.0431676 0.0166569 -0.0140252 0.159083 0.0525407 -0.0900811 -0.26325 0.0169157 0.00107276
internal_weight=1205 198 156 127 99 57 1007 830 177 141 112 76 789 761
internal_count=1205 198 156 127 99 57 1007 830 177 141 112 76 789 761
is_linear=0
shrinkage=0.035


Tree=326
num_leaves=15
num_cat=0
split_feature=2 0 4 0 2 4 2 4 4 4 1 0 1 4
split_gain=1309.57 2382.54 4958.86 4833.8 5175.34 4710.3 5903.54 7312.57 4106.27 5718.51 5494.74 5183.74 11839.2 23281.6
threshold=306.50000000000006 3002.5000000000005 701.50000000000011 2993.0000000000005 299.50000000000006 632.50000000000011 266.50000000000006 423.50000000000006 612.50000000000011 533.50000000000011 80.500000000000014 2818.0000000000005 116.50000000000001 1.5000000000000002
decision_type=2 2 2 2 2 2 2 2 2 2 2 2 2 2
left_child=1 2 3 4 8 6 7 -3 9 11 -11 -1 -13 -14
right_child=-2 5 -4 -5 -6 -7 -8 -9 -10 10 -12 12 13 -15
leaf_value=0.017654012662273101 -0.24073657291906855 -0.15030097799423414 0.41722870651044347 0.36021346662355508 0.37274624099334086 -0.53367979640141139 -0.2953444294134776 0.55449849503881798 -0.35849074161329936 -0.03479324028409761 0.64571776763085398 0.081646462008357054 0.15510020963170312 -0.9285831686668099
leaf_weight=619 25 37 36 44 40 26 55 32 41 27 29 98 42 54
leaf_count=619 25 37 36 44 40 26 55 32 41 27 29 98 42 54
internal_value=0.000280194 0.00578518 0.02483 0.00980908 -0.00714283 -0.123595 -0.0305033 0.182975 -0.0246221 -0.00808291 0.327728 -0.0319613 -0.188835 -0.460982
internal_weight=1205 1180 1030 994 950 150 124 69 910 869 56 813 194 96
internal_count=1205 1180 1030 994 950 150 124 69 910 869 56 813 194 96
is_linear=0
shrinkage=0.035


Tree=327
num_leaves=15
num_cat=0
split_feature=2 4 1 1 1 1 0 1 0 0 4 2 2 2
split_gain=1263.19 2721.48 5964.26 7112.43 12814 5136.48 6560.07 5031.93 5418.97 7386.23 9388.03 5217.92 3909.06 21437.5
threshold=305.50000000000006 56.500000000000007 485.50000000000006 341.50000000000006 236.50000000000003 475.50000000000006 2626.5000000000005 204.50000000000003 2642.5000000000005 2706.0000000000005 1.5000000000000002 282.50000000000006 270.50000000000006 260.50000000000006
decision_type=2 2 2 2 2 2 2 2 2 2 2 2 2 2
left_child=1 2 3 4 7 6 -3 8 -1 -10 11 -11 13 -8
right_child=-2 5 -4 -5 -6 -7 12 -9 9 10 -12 -13 -14 -15
leaf_value=0.2883236242627556 0.22081011326082295 -0.39594236901071339 -0.57343679308891304 0.4559445443935693 -0.70460528846930826 0.48103384838501617 0.083961341771002049 0.36857699405502631 -0.447516684619089 0.30181273585835172 -0.42138185597480615 -0.24341346444754766 0.19408286423440196 -0.53434035208821296
leaf_weight=42 29 43 26 30 35 28 484 35 64 84 45 27 155 78
leaf_count=42 29 43 26 30 35 28 484 35 64 84 45 27 155 78
internal_value=0.000274035 -0.00553001 -0.0811717 -0.0428591 -0.0903921 0.0318261 0.0140572 -0.0137811 -0.0672648 -0.137136 -0.0057471 0.167229 0.0396787 -0.00344329
internal_weight=1205 1176 388 362 332 788 760 297 262 220 156 111 717 562
internal_count=1205 1176 388 362 332 788 760 297 262 220 156 111 717 562
is_linear=0
shrinkage=0.035


Tree=328
num_leaves=15
num_cat=0
split_feature=2 9 0 1 1 0 7 1 2 1 4 5 2 1
split_gain=1301.81 2430.42 3685.75 5320.81 14173.9 6575.63 4772.31 7423.98 4485.24 3999.62 8530.39 16994.6 5386.55 8566.73
threshold=306.50000000000006 1.0000000180025095e-35 3002.5000000000005 419.50000000000006 214.50000000000003 2987.0000000000005 1.0000000180025095e-35 137.50000000000003 189.00000000000003 102.50000000000001 152.50000000000003 1.0000000180025095e-35 189.00000000000003 86.500000000000014
decision_type=2 2 2 2 2 2 2 2 2 2 2 2 2 2
left_child=1 2 3 4 5 9 7 -4 -6 12 -11 -12 -1 -14
right_child=-2 -3 6 -5 8 -7 -8 -9 -10 10 11 -13 13 -15
leaf_value=-0.49765826940536506 -0.2400908317389312 0.10865278065655923 0.037778470238649053 0.34746072018765056 -0.17860740590978555 0.50953265496275646 0.17407558318340419 -0.58270812624151058 -0.8224886077921838 -0.37851475699742637 0.75420019583569642 -0.052297283776104458 0.05802010166233984 -0.29666052444775898
leaf_weight=28 25 225 41 51 25 31 31 53 30 28 52 78 404 103
leaf_count=28 25 225 41 51 25 31 31 53 30 28 52 78 404 103
internal_value=0.000210732 0.0056995 -0.0187329 0.00811611 -0.0149332 0.0268309 -0.194331 -0.316922 -0.546351 0.00383402 0.157422 0.276841 -0.0419422 -0.0149179
internal_weight=1205 1180 955 830 779 724 125 94 55 693 158 130 535 507
internal_count=1205 1180 955 830 779 724 125 94 55 693 158 130 535 507
is_linear=0
shrinkage=0.035


Tree=329
num_leaves=15
num_cat=0
split_feature=2 4 1 1 1 1 0 0 4 2 1 0 4 13
split_gain=1261.76 2595.98 5678.27 6601.36 11889.8 4733.6 5049.45 6800.82 8777.83 4911.85 4669.88 6163.58 3594.86 13299.7
threshold=305.50000000000006 56.500000000000007 485.50000000000006 341.50000000000006 236.50000000000003 204.50000000000003 2642.5000000000005 2706.0000000000005 1.5000000000000002 282.50000000000006 475.50000000000006 2626.5000000000005 238.50000000000003 1.0000000180025095e-35
decision_type=2 2 2 2 2 2 2 2 2 2 2 2 2 2
left_child=1 2 3 4 5 6 -1 -8 9 -9 11 -3 13 -13
right_child=-2 10 -4 -5 -6 -7 7 8 -10 -11 -12 12 -14 -15
leaf_value=0.27725993119857534 0.22055364204991251 -0.38353483239809677 -0.55985518693923952 0.43840702593326575 -0.67958956328724096 0.35671974816837831 -0.43127416793369888 0.29053586945977322 -0.40922664317678897 -0.23839366008495463 0.45914630706235771 0.44426663353539464 0.0059736893478332014 -0.45407949297516437
leaf_weight=42 29 43 26 30 35 35 64 84 45 27 28 80 612 25
leaf_count=42 29 43 26 30 35 35 64 84 45 27 28 80 612 25
internal_value=0.000141924 -0.00565863 -0.0795352 -0.0421505 -0.0879396 -0.0141372 -0.0660062 -0.133446 -0.007348 0.159935 0.0308264 0.0138825 0.0387171 0.225885
internal_weight=1205 1176 388 362 332 297 262 220 156 111 788 760 717 105
internal_count=1205 1176 388 362 332 297 262 220 156 111 788 760 717 105
is_linear=0
shrinkage=0.035


Tree=330
num_leaves=15
num_cat=0
split_feature=2 9 0 4 2 2 0 0 0 0 4 4 2 2
split_gain=1293.75 2331.35 3463.4 5180.45 5800.04 15441.9 10344.3 5832.52 10475.9 10015 15998.3 10526 14689.5 8279.71
threshold=306.50000000000006 1.0000000180025095e-35 3002.5000000000005 652.50000000000011 270.50000000000006 266.50000000000006 2761.5000000000005 2724.5000000000005 2706.0000000000005 2959.0000000000005 474.50000000000006 35.000000000000007 238.50000000000003 185.50000000000003
decision_type=2 2 2 2 2 2 2 2 2 2 2 2 2 2
left_child=1 2 3 4 5 7 -6 8 -1 10 11 -9 -13 -11
right_child=-2 -3 -4 -5 6 -7 -8 9 -10 13 -12 12 -14 -15
leaf_value=0.00494995168348932 -0.23945768479947693 0.10640354279773351 -0.18857723453500141 0.32672251002541908 -0.081711471815040154 -0.78352220731623046 0.56719541203368595 -0.44828959687896397 0.58715529310841896 0.58639356931276398 -0.76665316059688737 -0.2415180161595345 0.82726992582452719 -0.081291114929560079
leaf_weight=317 25 225 125 56 67 32 52 44 41 31 58 33 27 72
leaf_count=317 25 225 125 56 67 32 52 44 41 31 58 33 27 72
internal_value=9.85028e-05 0.00557043 -0.0183588 0.00766822 -0.0161984 -0.0571696 0.206533 -0.0174731 0.0745186 -0.141376 -0.311481 -0.0479587 0.250608 0.127004
internal_weight=1205 1180 955 830 774 655 119 623 358 265 162 104 60 103
internal_count=1205 1180 955 830 774 655 119 623 358 265 162 104 60 103
is_linear=0
shrinkage=0.035


Tree=331
num_leaves=15
num_cat=0
split_feature=2 2 9 4 13 2 3 4 7 4 2 0 1 12
split_gain=1243.35 2420.13 3570.94 7036.86 12363.1 10702.8 9069.11 3433.71 16305 6975.56 5162.04 7000.98 7303.79 7207.34
threshold=305.50000000000006 296.50000000000006 1.0000000180025095e-35 13.000000000000002 1.0000000180025095e-35 269.50000000000006 134.50000000000003 148.50000000000003 1.0000000180025095e-35 238.50000000000003 275.50000000000006 2993.0000000000005 112.50000000000001 1.0000000180025095e-35
decision_type=2 2 2 2 2 2 2 2 2 2 2 2 2 2
left_child=1 2 7 6 5 -5 -4 8 -1 -9 11 12 13 -10
right_child=-2 -3 3 4 -6 -7 -8 9 10 -11 -12 -13 -14 -15
leaf_value=-0.86924423422198749 0.2189031639022212 -0.21495462113525721 -0.43457521529826859 1.090518995712201 -0.2186628079083231 0.2274044190719724 0.3301903958934726 0.51658990769675295 -0.17559310841560366 -0.0051725301172827259 -0.42392578035593037 0.55589876443147657 -0.47706529935469499 0.32698944228887561
leaf_weight=30 29 62 43 28 34 46 31 31 68 642 32 26 35 68
leaf_count=30 29 62 43 28 34 46 31 31 68 642 32 26 35 68
internal_value=0.000105203 -0.00565282 0.00636028 0.14728 0.325083 0.574092 -0.113942 -0.0214148 -0.129187 0.0203205 -0.0255497 0.0427713 -0.0407727 0.0767952
internal_weight=1205 1176 1114 182 108 74 74 932 259 673 229 197 171 136
internal_count=1205 1176 1114 182 108 74 74 932 259 673 229 197 171 136
is_linear=0
shrinkage=0.035


Tree=332
num_leaves=15
num_cat=0
split_feature=2 2 16 1 4 0 0 0 1 1 4 0 4 13
split_gain=1286.88 2167.7 2228.57 5305.87 4525.76 6060.31 7367.36 6834.11 6190.34 6069.45 8727.93 4115.61 10506.6 15541.3
threshold=306.50000000000006 302.50000000000006 1.0000000180025095e-35 99.500000000000014 56.500000000000007 2859.0000000000005 2651.5000000000005 3107.5000000000005 60.500000000000007 107.50000000000001 28.500000000000004 2643.5000000000005 317.50000000000006 1.0000000180025095e-35
decision_type=2 2 2 2 2 2 2 2 2 2 2 2 2 2
left_child=1 2 4 -4 5 6 8 -7 -1 -8 -11 -6 13 -13
right_child=-2 -3 3 -5 11 7 9 -9 -10 10 -12 12 -14 -15
leaf_value=-0.38162235692695334 -0.23879157031023945 0.29439733224530373 -0.065958748199045666 0.43857663400967922 -0.13132544204033914 0.24652408929780512 -0.11673366137913296 -0.37548989595969523 0.29465627437414127 -0.94264265708798589 -0.11041460121671361 0.55498486497501531 -0.013892943712772542 -0.22667692301008438
leaf_weight=25 25 29 58 43 158 76 47 28 41 41 25 103 463 43
leaf_count=25 25 29 58 43 158 76 47 28 41 41 25 103 463 43
internal_value=0.000127464 0.00558479 -0.00219002 0.153189 -0.0173988 -0.136506 -0.258941 0.0751338 0.0348002 -0.428129 -0.639924 0.0267889 0.0681059 0.324817
internal_weight=1205 1180 1151 101 1050 283 179 104 66 113 66 767 609 146
internal_count=1205 1180 1151 101 1050 283 179 104 66 113 66 767 609 146
is_linear=0
shrinkage=0.035


Tree=333
num_leaves=15
num_cat=0
split_feature=3 13 4 4 2 0 16 2 2 2 0 4 2 4
split_gain=1330.47 5751.9 7215.76 5723.74 4336.76 3913.97 2474.61 4109 3674.43 8602.15 7872.24 9906.62 8840.69 6062.03
threshold=20.500000000000004 1.0000000180025095e-35 486.50000000000006 581.00000000000011 242.50000000000003 3116.0000000000005 1.0000000180025095e-35 245.50000000000003 214.50000000000003 208.50000000000003 2700.5000000000005 384.50000000000006 181.50000000000003 588.50000000000011
decision_type=2 2 2 2 2 2 2 2 2 2 2 2 2 2
left_child=5 2 4 -4 -2 6 8 -8 9 10 11 12 -1 -10
right_child=1 -3 3 -5 -6 -7 7 -9 13 -11 -12 -13 -14 -15
leaf_value=0.40949755545015692 -0.13726919691847719 0.28330256733888143 0.48788923029546388 -0.14733168129410065 -0.63673221912743017 0.3431523409832356 -0.11655523907393218 0.36917071936307133 -0.079343102213108183 0.60991213086578577 -0.27812148509377788 0.78345096151034044 -0.47828488893806936 0.32051208789944652
leaf_weight=25 44 40 25 47 42 41 34 52 658 34 64 25 26 48
leaf_count=25 44 40 25 47 42 41 34 52 658 34 64 25 26 48
internal_value=7.80891e-05 -0.0823907 -0.177355 0.0804562 -0.39012 0.0164246 0.0018769 0.178855 -0.015785 0.127378 0.00325081 0.241252 -0.0440668 -0.0513289
internal_weight=1205 198 158 72 86 1007 966 86 880 174 140 76 51 706
internal_count=1205 198 158 72 86 1007 966 86 880 174 140 76 51 706
is_linear=0
shrinkage=0.035


Tree=334
num_leaves=15
num_cat=0
split_feature=2 1 0 2 1 8 1 1 4 0 2 4 4 0
split_gain=1282.45 9319.64 11539.6 13661.1 9866.93 7176.94 10765.5 10349.6 5341.28 4385.95 3984.23 8857.8 13308.9 4908.82
threshold=226.50000000000003 60.500000000000007 2642.5000000000005 221.50000000000003 77.500000000000014 1.0000000180025095e-35 102.50000000000001 214.50000000000003 152.50000000000003 2810.5000000000005 236.50000000000003 3.5000000000000004 426.50000000000006 2667.5000000000005
decision_type=2 2 2 2 2 2 2 2 2 2 2 2 2 2
left_child=1 -1 -3 4 -4 6 -6 9 -9 -8 11 -2 -13 -12
right_child=10 2 3 -5 5 -7 7 8 -10 -11 13 12 -14 -15
leaf_value=-0.6342329832719219 0.74514840138369598 0.56713960809585373 0.52813362291455268 -0.6511611781425255 -0.62492951519448658 0.42563853168860083 0.61986153304576885 -0.54575276803970341 -0.0032858008049104527 0.085752173296866893 -0.14282354688617441 -0.35332058868237903 0.50136506146047177 0.056195495778137879
leaf_weight=29 27 37 38 41 42 30 26 43 44 60 219 47 39 483
leaf_count=29 27 37 38 41 42 30 26 43 44 60 219 47 39 483
internal_value=0.000175875 -0.051865 -0.00184537 -0.0699028 0.0182864 -0.0644281 -0.136102 -0.0116415 -0.277641 0.257645 0.0251449 0.216109 0.0368552 -0.00612101
internal_weight=1205 390 361 324 283 245 215 173 87 86 815 113 86 702
internal_count=1205 390 361 324 283 245 215 173 87 86 815 113 86 702
is_linear=0
shrinkage=0.035


Tree=335
num_leaves=15
num_cat=0
split_feature=3 1 1 4 4 0 2 16 2 2 2 0 4 2
split_gain=1270.64 5662.24 7318.33 7279.37 8828.13 3578.39 3390.04 2337.18 3763.96 3353.18 8113.95 7136.07 9138.57 8193.12
threshold=20.500000000000004 87.500000000000014 105.50000000000001 630.50000000000011 78.000000000000014 3116.0000000000005 247.50000000000003 1.0000000180025095e-35 245.50000000000003 214.50000000000003 208.50000000000003 2700.5000000000005 384.50000000000006 181.50000000000003
decision_type=2 2 2 2 2 2 2 2 2 2 2 2 2 2
left_child=5 -2 -3 4 6 7 -4 9 -9 10 11 12 13 -1
right_child=1 2 3 -5 -6 -7 -8 8 -10 -11 -12 -13 -14 -15
leaf_value=0.39083540342472217 -0.43106482039798394 0.50094018398273377 0.30233466872765175 0.3827336871773005 -0.61135126446797095 0.32858471551606827 -0.21984277256329857 -0.10860627850310671 0.3563822173851508 -0.048853875508500358 0.59050326105621143 -0.26653386715686683 0.74873128643742315 -0.4638400939106942
leaf_weight=25 42 29 29 28 42 41 28 34 52 706 34 64 25 26
leaf_count=25 42 29 29 28 42 41 28 34 52 706 34 64 25 26
internal_value=0.000202993 -0.0803903 0.0182835 -0.0979872 -0.238835 0.0161775 0.0470693 0.00226646 0.174259 -0.014899 0.121862 0.00133481 0.227959 -0.0459428
internal_weight=1205 198 156 127 99 1007 57 966 86 880 174 140 76 51
internal_count=1205 198 156 127 99 1007 57 966 86 880 174 140 76 51
is_linear=0
shrinkage=0.035


Tree=336
num_leaves=15
num_cat=0
split_feature=2 1 4 6 7 4 4 4 4 0 1 1 2 0
split_gain=1263.44 9123.51 18447.2 10114.2 8184.98 7563.96 9291.31 5605.92 8614.89 12630 3921.87 9992.54 26470.5 10034.6
threshold=226.50000000000003 85.500000000000014 350.50000000000006 1.0000000180025095e-35 1.0000000180025095e-35 59.500000000000007 264.50000000000006 384.50000000000006 525.50000000000011 2987.0000000000005 85.500000000000014 73.500000000000014 249.50000000000003 2679.5000000000005
decision_type=2 2 2 2 2 2 2 2 2 2 2 2 2 2
left_child=1 2 -1 -4 5 -3 -7 -8 -9 -10 11 13 -13 -2
right_child=10 4 3 -5 -6 6 7 8 9 -11 -12 12 -14 -15
leaf_value=-0.83714043473203992 0.24425857177034757 -0.52806311725007915 0.54718494311968491 -0.31795050646002232 0.55544801759719853 0.664115948897821 -0.39850524443387991 0.36341430397813812 -0.53415939321517947 0.28015639353882188 -0.039048258052994909 1.3500530094349827 -0.0050330806903119358 -0.18926470833889986
leaf_weight=46 120 29 28 35 33 25 38 66 48 42 480 25 51 139
leaf_count=46 120 29 28 35 33 25 38 66 48 42 480 25 51 139
internal_value=0.000280039 -0.0513741 -0.320102 0.0715597 0.0543913 -0.0161918 0.0557557 -0.028618 0.0653866 -0.156316 0.0250632 0.116611 0.463906 0.0119281
internal_weight=1205 390 109 63 281 248 219 194 156 90 815 335 76 259
internal_count=1205 390 109 63 281 248 219 194 156 90 815 335 76 259
is_linear=0
shrinkage=0.035


Tree=337
num_leaves=15
num_cat=0
split_feature=0 0 1 1 1 1 4 1 1 6 2 4 2 2
split_gain=1284.47 11267.9 10785.1 10948.5 9991.25 12817.5 10197.3 9842.36 8792.32 12080.6 6923.41 5690.68 4977.31 7888.25
threshold=2667.5000000000005 2651.5000000000005 59.500000000000007 66.500000000000014 58.500000000000007 63.500000000000007 319.50000000000006 518.00000000000011 393.00000000000006 1.0000000180025095e-35 247.50000000000003 359.50000000000006 164.50000000000003 193.50000000000003
decision_type=2 2 2 2 2 2 2 2 2 2 2 2 2 2
left_child=1 4 10 -4 6 -6 -1 12 9 11 -2 -7 -5 -14
right_child=2 -3 3 7 5 8 -8 -9 -10 -11 -12 -13 13 -15
leaf_value=-0.71959533292055144 0.88585575744509704 -0.57972915374419909 -0.48453896629810339 0.38951586470603949 0.83041106611490256 -0.041908843383977289 0.072399301305413249 -0.61626885198056702 0.60486373687612605 0.62750415295362472 0.077685002574214235 -0.51084842160344124 -0.37039266581559793 0.063807476912363881
leaf_weight=38 26 42 53 48 26 131 39 26 27 26 25 40 54 604
leaf_count=38 26 42 53 48 26 131 39 26 27 26 25 40 54 604
internal_value=0.000337249 -0.0538824 0.0243406 -0.00826434 0.0167712 0.124338 -0.326778 0.0274463 0.0357595 -0.0475346 0.507575 -0.15624 0.0528265 0.0271596
internal_weight=1205 369 836 785 327 250 77 732 224 197 51 171 706 658
internal_count=1205 369 836 785 327 250 77 732 224 197 51 171 706 658
is_linear=0
shrinkage=0.035


Tree=338
num_leaves=15
num_cat=0
split_feature=2 9 0 1 1 4 2 3 1 4 1 4 1 1
split_gain=1257.28 2305.98 3650.74 4896.83 8887.72 6257.34 7405.33 5689.83 6284.44 4548.92 11427.2 7893.58 4872.02 4705.29
threshold=306.50000000000006 1.0000000180025095e-35 3002.5000000000005 468.00000000000006 214.50000000000003 701.50000000000011 175.50000000000003 14.500000000000002 83.500000000000014 480.50000000000006 104.50000000000001 447.50000000000006 72.500000000000014 78.500000000000014
decision_type=2 2 2 2 2 2 2 2 2 2 2 2 2 2
left_child=1 2 3 4 5 6 -1 9 -9 11 12 13 -11 -8
right_child=-2 -3 -4 -5 -6 -7 7 8 -10 10 -12 -13 -14 -15
leaf_value=-0.49949526071548467 -0.23581685856536586 0.10601535356845625 -0.19282851808477106 0.40225177092729392 -0.37774589644311229 0.48396219158172615 0.10278158994820322 0.0028313069790601732 0.7255704127499385 -0.12286211767574637 0.40821558624505999 0.56575427440982884 -0.67080792995386351 -0.12083917324212108
leaf_weight=32 25 225 125 35 71 33 263 30 27 39 26 31 41 202
leaf_count=32 25 225 125 35 71 33 263 30 27 39 26 31 41 202
internal_value=0.000338711 0.00573255 -0.0180665 0.00865339 -0.00964078 0.0273991 0.00426129 0.0301602 0.358172 -0.00198051 -0.207889 0.0426824 -0.413196 0.00553732
internal_weight=1205 1180 955 830 795 724 691 659 57 602 106 496 80 465
internal_count=1205 1180 955 830 795 724 691 659 57 602 106 496 80 465
is_linear=0
shrinkage=0.035


Tree=339
num_leaves=15
num_cat=0
split_feature=2 2 17 9 4 2 3 2 15 2 2 4 2 2
split_gain=1269.18 2262.09 3606.49 4280.33 13228.5 11014.3 9606.71 4199.61 3437.37 3340.11 11973.5 10677.2 7103.34 7281.08
threshold=305.50000000000006 296.50000000000006 1.0000000180025095e-35 1.0000000180025095e-35 6.5000000000000009 263.50000000000006 115.50000000000001 281.50000000000006 1.0000000180025095e-35 254.50000000000003 245.50000000000003 456.50000000000006 260.50000000000006 266.50000000000006
decision_type=2 2 2 2 2 2 2 2 2 2 2 2 2 2
left_child=1 2 -1 8 6 -6 -5 -7 9 10 -4 12 -11 -14
right_child=-2 -3 3 4 5 7 -8 -9 -10 11 -12 -13 13 -15
leaf_value=0.36109635772073978 0.2214190826877471 -0.20781006896868351 -0.068476505167213569 -0.60068409855036375 0.91758503761361632 -0.15409192206281608 0.21902722135637748 0.37043188263069504 0.26665281344543806 -0.67366046388944001 0.37490214273847383 0.29159644330869305 0.23627456022209903 -0.29014107474616468
leaf_weight=32 29 62 522 36 32 31 31 42 42 40 85 51 41 129
leaf_count=32 29 62 522 36 32 31 31 42 42 40 85 51 41 129
internal_value=0.000360319 -0.00545763 0.00615659 -0.00498756 0.154102 0.396373 -0.226059 0.14952 -0.0353293 -0.0505207 -0.00536158 -0.154706 -0.264823 -0.161911
internal_weight=1205 1176 1114 1082 172 105 67 73 910 868 607 261 210 170
internal_count=1205 1176 1114 1082 172 105 67 73 910 868 607 261 210 170
is_linear=0
shrinkage=0.035


Tree=340
num_leaves=15
num_cat=0
split_feature=3 13 4 4 2 0 1 2 4 4 4 0 0 4
split_gain=1336.72 5329.6 6549.13 5398.29 4078.67 3536.12 8239.12 9050.76 4665.44 7628.54 9900.71 7933.96 12552.4 7037.65
threshold=20.500000000000004 1.0000000180025095e-35 486.50000000000006 581.00000000000011 242.50000000000003 3107.5000000000005 280.00000000000006 266.50000000000006 701.50000000000011 469.50000000000006 444.50000000000006 2743.0000000000005 2821.5000000000005 417.50000000000006
decision_type=2 2 2 2 2 2 2 2 2 2 2 2 2 2
left_child=5 2 4 -4 -2 8 7 -7 9 10 13 -11 -13 -1
right_child=1 -3 3 -5 -6 6 -8 -9 -10 11 -12 12 -14 -15
leaf_value=0.027930938643688452 -0.13121243460670762 0.26982557733853663 0.46787410387286438 -0.14894090350185124 -0.61544875290583478 0.87451652434053684 -0.27763866609997223 -0.0018656462636487238 0.44213689684867863 0.083820894165680976 0.59237302660321201 -1.0756107372045518 -0.15798060429462218 -0.39067400581045253
leaf_weight=684 44 40 25 47 42 29 25 27 26 50 34 26 55 51
leaf_count=684 44 40 25 47 42 29 25 27 26 50 34 26 55 51
internal_value=0.000421022 -0.0822417 -0.173631 0.0720878 -0.376313 0.0168053 0.235659 0.466481 -0.00280511 -0.0166108 0.0256554 -0.261378 -0.471349 -0.00209647
internal_weight=1205 198 158 72 86 1007 81 56 926 900 769 131 81 735
internal_count=1205 198 158 72 86 1007 81 56 926 900 769 131 81 735
is_linear=0
shrinkage=0.035


Tree=341
num_leaves=15
num_cat=0
split_feature=0 0 1 1 1 1 1 4 1 6 2 4 2 2
split_gain=1294.83 10516.4 9989.89 10117.2 9426.82 9383.13 12079.8 9426.21 8181.25 11477.8 6440.74 5177.26 4925.83 4721.67
threshold=2667.5000000000005 2651.5000000000005 59.500000000000007 66.500000000000014 518.00000000000011 58.500000000000007 63.500000000000007 319.50000000000006 393.00000000000006 1.0000000180025095e-35 247.50000000000003 359.50000000000006 235.50000000000003 164.50000000000003
decision_type=2 2 2 2 2 2 2 2 2 2 2 2 2 2
left_child=1 5 10 -4 13 7 -7 -1 9 11 -2 12 -8 -5
right_child=2 -3 3 4 -6 6 8 -9 -10 -11 -12 -13 -14 -15
leaf_value=-0.69633536651730543 0.85443776853382603 -0.56203976104882636 -0.46471701941706922 0.38021534409523017 -0.60253667834425872 0.80393361076712622 0.37900599629790699 0.065306709597750409 0.58149843183057059 0.61019118547439577 0.074945501486460384 -0.49201223659639559 -0.14970974703284878 0.027281935660958746
leaf_weight=38 26 42 53 48 26 26 25 39 27 26 25 40 106 658
leaf_count=38 26 42 53 48 26 26 25 39 27 26 25 40 106 658
internal_value=0.000403913 -0.0540341 0.0245038 -0.0068788 0.0274466 0.0142344 0.118488 -0.318682 0.0325168 -0.0478123 0.489581 -0.153757 -0.0446278 0.0522837
internal_weight=1205 369 836 785 732 327 250 77 224 197 51 171 131 706
internal_count=1205 369 836 785 732 327 250 77 224 197 51 171 131 706
is_linear=0
shrinkage=0.035


Tree=342
num_leaves=15
num_cat=0
split_feature=3 1 1 4 4 0 1 2 4 4 4 0 0 4
split_gain=1310.6 5110.32 6773.14 6789.16 8365.51 3325.59 7601.88 8456.28 4311.74 7223.53 9240.43 7423.25 11714.5 6565.15
threshold=20.500000000000004 87.500000000000014 105.50000000000001 630.50000000000011 78.000000000000014 3107.5000000000005 280.00000000000006 266.50000000000006 701.50000000000011 469.50000000000006 444.50000000000006 2743.0000000000005 2821.5000000000005 417.50000000000006
decision_type=2 2 2 2 2 2 2 2 2 2 2 2 2 2
left_child=5 -2 -3 4 -4 8 7 -7 9 10 13 -11 -13 -1
right_child=1 2 3 -5 -6 6 -8 -9 -10 11 -12 12 -14 -15
leaf_value=0.027683988681861334 -0.41455205302346843 0.47677596034061531 0.043038191829445002 0.36497561075290047 -0.59798031436448762 0.84498991209653118 -0.26426775775573874 -0.0021000883497040851 0.42538446277379993 0.080123280859910537 0.5729906996049815 -1.0406743559241296 -0.15411702057444737 -0.37662438541088467
leaf_weight=684 42 29 57 28 42 29 25 27 26 50 34 26 55 51
leaf_count=684 42 29 57 28 42 29 25 27 26 50 34 26 55 51
internal_value=0.000436719 -0.0814142 0.0123889 -0.0994001 -0.235365 0.01666 0.228898 0.450582 -0.00235839 -0.0156312 0.0254965 -0.253813 -0.45691 -0.00131598
internal_weight=1205 198 156 127 99 1007 81 56 926 900 769 131 81 735
internal_count=1205 198 156 127 99 1007 81 56 926 900 769 131 81 735
is_linear=0
shrinkage=0.035


Tree=343
num_leaves=15
num_cat=0
split_feature=2 2 1 12 4 4 2 2 1 0 5 4 1 2
split_gain=1269.18 8624.42 4634.56 6796.04 21662.4 12821.9 7254.27 8500.44 6570.65 5360.37 5243.46 9303.41 3745.54 6754.07
threshold=226.50000000000003 223.50000000000003 518.00000000000011 1.0000000180025095e-35 6.5000000000000009 272.50000000000006 164.50000000000003 191.50000000000003 76.500000000000014 2911.0000000000005 1.0000000180025095e-35 525.50000000000011 241.50000000000003 241.50000000000003
decision_type=2 2 2 2 2 2 2 2 2 2 2 2 2 2
left_child=1 2 3 5 -5 -1 -6 -8 -9 -7 -10 -12 -2 -14
right_child=12 -3 -4 4 6 9 7 8 10 -11 11 -13 13 -15
leaf_value=-0.77235169136162973 -0.0006095067458481737 -0.5676053031285605 -0.44017820661818546 0.9394391845464708 0.42897943401948002 0.37340576791763308 -0.52596565331137457 0.52862583978308575 0.30319850473634663 -0.27072773020842983 0.10989371569319206 -0.65836800169944765 0.66743237111965825 0.017973285261857309
leaf_weight=31 730 34 25 33 37 33 41 25 29 27 42 33 28 57
leaf_count=31 730 34 25 33 37 33 41 25 29 27 42 33 28 57
internal_value=0.000420602 -0.0513509 0.00084978 0.0366037 0.134126 -0.217952 -0.00201833 -0.0997211 0.0417137 0.0841629 -0.0830981 -0.236462 0.0252598 0.242338
internal_weight=1205 390 356 331 240 91 207 170 129 60 104 75 815 85
internal_count=1205 390 356 331 240 91 207 170 129 60 104 75 815 85
is_linear=0
shrinkage=0.035


Tree=344
num_leaves=15
num_cat=0
split_feature=2 0 0 1 2 0 0 2 0 4 1 4 1 0
split_gain=1329.86 3546.61 4559.18 3631.83 13325.4 9847.54 12435.9 8398.54 18982.6 8572.41 5756.37 8376.42 7202.58 9464.02
threshold=156.50000000000003 2625.0000000000005 2629.5000000000005 78.500000000000014 223.50000000000003 2679.5000000000005 2644.5000000000005 269.50000000000006 2830.5000000000005 435.50000000000006 98.500000000000014 456.50000000000006 85.500000000000014 2724.5000000000005
decision_type=2 2 2 2 2 2 2 2 2 2 2 2 2 2
left_child=-1 -2 -3 4 -4 6 -6 8 9 -7 11 12 -5 -14
right_child=1 2 3 10 5 7 -8 -9 -10 -11 -12 -13 13 -15
leaf_value=-0.16461080471674602 0.33664659001888375 -0.352094806060195 0.59467774076942814 -0.81526797151565555 -0.023144868930725204 -0.34664502037896056 0.73601805249849961 0.21814609724283221 0.22242561330397928 -1.1507058851446572 0.016509462936978806 0.15643069739143053 0.25032497154943872 -0.57259033623668887
leaf_weight=55 37 42 55 33 71 43 40 48 46 27 597 46 31 34
leaf_count=55 37 42 55 33 71 43 40 48 46 27 597 46 31 34
internal_value=0.000413601 0.00857815 -0.00291227 0.0114119 0.107633 0.00663329 0.258612 -0.164974 -0.324518 -0.680132 -0.0316138 -0.228618 -0.408869 -0.184366
internal_weight=1205 1150 1113 1071 330 275 111 164 116 70 741 144 98 65
internal_count=1205 1150 1113 1071 330 275 111 164 116 70 741 144 98 65
is_linear=0
shrinkage=0.035


Tree=345
num_leaves=15
num_cat=0
split_feature=0 0 1 1 1 1 4 1 1 6 2 4 2 1
split_gain=1425.3 10111.9 9732.95 9368.95 8869.56 11153.1 8723.36 8571.93 7740.94 10777.6 5967.14 4858.93 4522.17 4282.39
threshold=2667.5000000000005 2651.5000000000005 59.500000000000007 66.500000000000014 58.500000000000007 63.500000000000007 319.50000000000006 518.00000000000011 393.00000000000006 1.0000000180025095e-35 247.50000000000003 359.50000000000006 235.50000000000003 153.50000000000003
decision_type=2 2 2 2 2 2 2 2 2 2 2 2 2 2
left_child=1 4 10 -4 6 -6 -1 -5 9 11 -2 12 -7 -14
right_child=2 -3 3 7 5 8 -8 -9 -10 -11 -12 -13 13 -15
leaf_value=-0.676727965772152 0.8359755018353463 -0.55490400743586099 -0.4459323441602967 0.051360892796373306 0.77020277842879303 0.35998361653751804 0.056249367376653162 -0.57306671731173997 0.56301107324402921 0.58853689908981333 0.084488559122438786 -0.47946240973969306 -0.29061746435337948 0.18384510005221646
leaf_weight=38 26 42 53 706 26 25 39 26 27 26 25 40 74 32
leaf_count=38 26 42 53 706 26 25 39 26 27 26 25 40 74 32
internal_value=0.000347286 -0.0567674 0.0256323 -0.00534769 0.0101978 0.111579 -0.313454 0.0276807 0.0289925 -0.0491207 0.484689 -0.151758 -0.0459897 -0.146631
internal_weight=1205 369 836 785 327 250 77 732 224 197 51 171 131 106
internal_count=1205 369 836 785 327 250 77 732 224 197 51 171 131 106
is_linear=0
shrinkage=0.035


Tree=346
num_leaves=15
num_cat=0
split_feature=0 0 1 1 1 1 4 1 1 6 2 4 2 2
split_gain=1323.87 9454.91 9113.54 8744.38 8300.71 10433.6 8152.84 8020.54 7238.63 10080.4 5585.44 4545.06 4228.48 4227
threshold=2667.5000000000005 2651.5000000000005 59.500000000000007 66.500000000000014 58.500000000000007 63.500000000000007 319.50000000000006 518.00000000000011 393.00000000000006 1.0000000180025095e-35 247.50000000000003 359.50000000000006 235.50000000000003 164.50000000000003
decision_type=2 2 2 2 2 2 2 2 2 2 2 2 2 2
left_child=1 4 10 -4 6 -6 -1 13 9 11 -2 12 -7 -5
right_child=2 -3 3 7 5 8 -8 -9 -10 -11 -12 -13 -14 -15
leaf_value=-0.65422676610946662 0.80880629107356072 -0.53636519556695772 -0.43089227245070721 0.35984696085453038 0.74517119005322474 0.34831748114691841 0.054376704543828973 -0.55444203004240999 0.54466469320757638 0.56940943866968152 0.081750516803176326 -0.46348031103610998 -0.14156852878630163 0.025912178429464503
leaf_weight=38 26 42 53 48 26 25 39 26 27 26 25 40 106 658
leaf_count=38 26 42 53 48 26 25 39 26 27 26 25 40 106 658
internal_value=0.000362561 -0.0546824 0.0247312 -0.00524659 0.0100696 0.108145 -0.303033 0.0266621 0.0282643 -0.0472741 0.46894 -0.146538 -0.0442468 0.0495683
internal_weight=1205 369 836 785 327 250 77 732 224 197 51 171 131 706
internal_count=1205 369 836 785 327 250 77 732 224 197 51 171 131 706
is_linear=0
shrinkage=0.035


Tree=347
num_leaves=15
num_cat=0
split_feature=2 1 1 12 2 7 4 4 4 4 0 0 1 1
split_gain=1388.01 8531.78 17673.6 12237.9 11701.7 6917.7 7055.69 8494.96 5345.99 7766.04 11600.6 4120.92 3854.58 9480.42
threshold=226.50000000000003 85.500000000000014 74.500000000000014 1.0000000180025095e-35 212.50000000000003 1.0000000180025095e-35 59.500000000000007 264.50000000000006 370.50000000000006 525.50000000000011 2987.0000000000005 2759.0000000000005 85.500000000000014 73.500000000000014
decision_type=2 2 2 2 2 2 2 2 2 2 2 2 2 2
left_child=1 2 3 -1 -5 6 -3 -8 -9 11 -11 -10 13 -2
right_child=12 5 -4 4 -6 -7 7 8 9 10 -12 -13 -14 -15
leaf_value=-0.58554616010550298 0.015133403027537226 -0.51069234784572359 -1.0740936243534089 0.78740313035470477 -0.23007978409528734 0.50919532608985907 0.63487758190543564 -0.41306471202108602 0.61841087283510154 -0.51738356466293345 0.26313060541044586 0.082034678531856073 -0.037194067616309369 0.4554078321044262
leaf_weight=31 259 29 26 25 27 33 25 34 31 48 42 39 480 76
leaf_count=31 259 29 26 25 27 33 25 34 31 48 42 39 480 76
internal_value=0.000393788 -0.0537469 -0.313604 -0.0557112 0.27014 0.0485558 -0.0163222 0.0531716 -0.027504 0.0585157 -0.155342 0.330153 0.0263698 0.117126
internal_weight=1205 390 109 83 52 281 248 219 194 160 90 70 815 335
internal_count=1205 390 109 83 52 281 248 219 194 160 90 70 815 335
is_linear=0
shrinkage=0.035


Tree=348
num_leaves=15
num_cat=0
split_feature=2 0 0 1 2 0 0 2 0 4 1 4 1 0
split_gain=1335.32 3476.2 3999.15 3347.68 12792.2 9335.42 11641.4 8273.45 17948.8 8114.59 5336.99 7971.64 6829.99 8977.26
threshold=156.50000000000003 2625.0000000000005 2629.5000000000005 78.500000000000014 223.50000000000003 2679.5000000000005 2644.5000000000005 269.50000000000006 2830.5000000000005 435.50000000000006 98.500000000000014 456.50000000000006 85.500000000000014 2724.5000000000005
decision_type=2 2 2 2 2 2 2 2 2 2 2 2 2 2
left_child=-1 -2 -3 4 -4 6 -6 8 9 -7 11 12 -5 -14
right_child=1 2 3 10 5 7 -8 -9 -10 -11 -12 -13 13 -15
leaf_value=-0.16498284256771995 0.33335686164024553 -0.32984875184568496 0.58018273014248478 -0.79197120928764353 -0.023189018303400852 -0.34233406538433497 0.71130280097325649 0.21721294429302218 0.21064361983289323 -1.1251368657062795 0.015631445177359655 0.15515268264959256 0.24557775472601259 -0.55584916152887875
leaf_weight=55 37 42 55 33 71 43 40 48 46 27 597 46 31 34
leaf_count=55 37 42 55 33 71 43 40 48 46 27 597 46 31 34
internal_value=0.000379861 0.00856121 -0.00281471 0.0106011 0.102982 0.00404137 0.249398 -0.163027 -0.321382 -0.667139 -0.0307065 -0.220398 -0.396255 -0.177709
internal_weight=1205 1150 1113 1071 330 275 111 164 116 70 741 144 98 65
internal_count=1205 1150 1113 1071 330 275 111 164 116 70 741 144 98 65
is_linear=0
shrinkage=0.035


Tree=349
num_leaves=15
num_cat=0
split_feature=0 0 1 1 1 1 4 1 1 6 2 1 1 4
split_gain=1405.64 9013.07 8842.58 8282.01 7763.92 9613.18 7620.57 7488.83 6713.65 9372.22 5236.65 4368.54 10891.8 10595.3
threshold=2667.5000000000005 2651.5000000000005 59.500000000000007 66.500000000000014 58.500000000000007 63.500000000000007 319.50000000000006 518.00000000000011 393.00000000000006 1.0000000180025095e-35 247.50000000000003 164.50000000000003 101.50000000000001 298.50000000000006
decision_type=2 2 2 2 2 2 2 2 2 2 2 2 2 2
left_child=1 4 10 -4 6 -6 -1 -5 9 11 -2 12 13 -7
right_child=2 -3 3 7 5 8 -8 -9 -10 -11 -12 -13 -14 -15
leaf_value=-0.63547954255342487 0.79214034140110023 -0.5266942528432067 -0.41834684421799401 0.049077019583286544 0.71316656969487668 0.53553081113146628 0.049725889200117536 -0.53457323372364052 0.52238214336592581 0.54697775065898901 0.087337722513410793 0.19726410540374553 -0.58719556827346497 -0.28015358445644384
leaf_weight=38 26 42 53 706 26 30 39 26 27 26 25 35 58 48
leaf_count=38 26 42 53 706 26 30 39 26 27 26 25 35 58 48
internal_value=0.000316447 -0.056403 0.0254266 -0.00410495 0.00683601 0.101704 -0.295955 0.0269462 0.0250478 -0.0476798 0.462982 -0.143374 -0.232626 0.0391163
internal_weight=1205 369 836 785 327 250 77 732 224 197 51 171 136 78
internal_count=1205 369 836 785 327 250 77 732 224 197 51 171 136 78
is_linear=0
shrinkage=0.035


end of trees

feature_importances:
employees=1213
vacation=1047
business_trip=1034
overtime=786
work_from_home=283
weekday_4=105
weekday_0=78
menu_meat=70
menu_fish=70
weekday_3=50
menu_rice_bowl=43
weekday_1=37
menu_special=28
menu_soup=24
menu_noodles=19
weekday_2=13

parameters:
[boosting: gbdt]
[objective: regression]
[metric: l2]
[tree_learner: serial]
[device_type: cpu]
[data_sample_strategy: bagging]
[data: ]
[valid: ]
[num_iterations: 350]
[learning_rate: 0.035]
[num_leaves: 15]
[num_threads: 2]
[seed: 42]
[deterministic: 1]
[force_col_wise: 1]
[force_row_wise: 0]
[histogram_pool_size: -1]
[max_depth: -1]
[min_data_in_leaf: 25]
[min_sum_hessian_in_leaf: 0.001]
[bagging_fraction: 1]
[pos_bagging_fraction: 1]
[neg_bagging_fraction: 1]
[bagging_freq: 0]
[bagging_seed: 400]
[bagging_by_query: 0]
[feature_fraction: 1]
[feature_fraction_bynode: 1]
[feature_fraction_seed: 30056]
[extra_trees: 0]
[extra_seed: 12879]
[early_stopping_round: 0]
[early_stopping_min_delta: 0]
[first_metric_only: 0]
[max_delta_step: 0]
[lambda_l1: 0]
[lambda_l2: 2]
[linear_lambda: 0]
[min_gain_to_split: 0]
[drop_rate: 0.1]
[max_drop: 50]
[skip_drop: 0.5]
[xgboost_dart_mode: 0]
[uniform_drop: 0]
[drop_seed: 17869]
[top_rate: 0.2]
[other_rate: 0.1]
[min_data_per_group: 100]
[max_cat_threshold: 32]
[cat_l2: 10]
[cat_smooth: 10]
[max_cat_to_onehot: 4]
[top_k: 20]
[monotone_constraints: ]
[monotone_constraints_method: basic]
[monotone_penalty: 0]
[feature_contri: ]
[forcedsplits_filename: ]
[refit_decay_rate: 0.9]
[cegb_tradeoff: 1]
[cegb_penalty_split: 0]
[cegb_penalty_feature_lazy: ]
[cegb_penalty_feature_coupled: ]
[path_smooth: 0]
[interaction_constraints: ]
[verbosity: -1]
[saved_feature_importance_type: 0]
[use_quantized_grad: 0]
[num_grad_quant_bins: 4]
[quant_train_renew_leaf: 0]
[stochastic_rounding: 1]
[linear_tree: 0]
[max_bin: 255]
[max_bin_by_feature: ]
[min_data_in_bin: 3]
[bin_construct_sample_cnt: 200000]
[data_random_seed: 175]
[is_enable_sparse: 1]
[enable_bundle: 1]
[use_missing: 1]
[zero_as_missing: 0]
[feature_pre_filter: 1]
[pre_partition: 0]
[two_round: 0]
[header: 0]
[label_column: ]
[weight_column: ]
[group_column: ]
[ignore_column: ]
[categorical_feature: ]
[forcedbins_filename: ]
[precise_float_parser: 0]
[parser_config_file: ]
[objective_seed: 16083]
[num_class: 1]
[is_unbalance: 0]
[scale_pos_weight: 1]
[sigmoid: 1]
[boost_from_average: 1]
[reg_sqrt: 0]
[alpha: 0.9]
[fair_c: 1]
[poisson_max_delta_step: 0.7]
[tweedie_variance_power: 1.5]
[lambdarank_truncation_level: 30]
[lambdarank_norm: 1]
[label_gain: ]
[lambdarank_position_bias_regularization: 0]
[eval_at: ]
[multi_error_top_k: 1]
[auc_mu_weights: ]
[num_machines: 1]
[local_listen_port: 12400]
[time_out: 120]
[machine_list_filename: ]
[machines: ]
[gpu_platform_id: -1]
[gpu_device_id: -1]
[gpu_device_id_list: ]
[gpu_use_dp: 0]
[num_gpu: 1]

end of parameters

pandas_categorical:[]
