fold,model,group,rules,include_overtime,date,actual,predicted
1,train_mean,baseline,n/a,False,2018-07-12,764.0,916
1,train_mean,baseline,n/a,False,2018-07-13,585.0,916
1,train_mean,baseline,n/a,False,2018-07-16,1061.0,916
1,train_mean,baseline,n/a,False,2018-07-17,1116.0,916
1,train_mean,baseline,n/a,False,2018-07-18,839.0,916
1,train_mean,baseline,n/a,False,2018-07-19,748.0,916
1,train_mean,baseline,n/a,False,2018-07-20,489.0,916
1,train_mean,baseline,n/a,False,2018-07-23,991.0,916
1,train_mean,baseline,n/a,False,2018-07-24,886.0,916
1,train_mean,baseline,n/a,False,2018-07-25,760.0,916
1,train_mean,baseline,n/a,False,2018-07-26,714.0,916
1,train_mean,baseline,n/a,False,2018-07-27,589.0,916
1,train_mean,baseline,n/a,False,2018-07-30,944.0,916
1,train_mean,baseline,n/a,False,2018-07-31,789.0,916
1,train_mean,baseline,n/a,False,2018-08-01,820.0,916
1,train_mean,baseline,n/a,False,2018-08-02,631.0,916
1,train_mean,baseline,n/a,False,2018-08-03,540.0,916
1,train_mean,baseline,n/a,False,2018-08-06,1092.0,916
1,train_mean,baseline,n/a,False,2018-08-07,773.0,916
1,train_mean,baseline,n/a,False,2018-08-08,896.0,916
1,train_mean,baseline,n/a,False,2018-08-09,821.0,916
1,train_mean,baseline,n/a,False,2018-08-10,548.0,916
1,train_mean,baseline,n/a,False,2018-08-13,930.0,916
1,train_mean,baseline,n/a,False,2018-08-14,772.0,916
1,train_mean,baseline,n/a,False,2018-08-16,789.0,916
1,train_mean,baseline,n/a,False,2018-08-17,646.0,916
1,train_mean,baseline,n/a,False,2018-08-20,1199.0,916
1,train_mean,baseline,n/a,False,2018-08-21,972.0,916
1,train_mean,baseline,n/a,False,2018-08-22,1000.0,916
1,train_mean,baseline,n/a,False,2018-08-23,835.0,916
1,train_mean,baseline,n/a,False,2018-08-24,678.0,916
1,train_mean,baseline,n/a,False,2018-08-27,1221.0,916
1,train_mean,baseline,n/a,False,2018-08-28,873.0,916
1,train_mean,baseline,n/a,False,2018-08-29,915.0,916
1,train_mean,baseline,n/a,False,2018-08-30,849.0,916
1,train_mean,baseline,n/a,False,2018-08-31,817.0,916
1,train_mean,baseline,n/a,False,2018-09-03,1213.0,916
1,train_mean,baseline,n/a,False,2018-09-04,938.0,916
1,train_mean,baseline,n/a,False,2018-09-05,829.0,916
1,train_mean,baseline,n/a,False,2018-09-06,830.0,916
1,train_mean,baseline,n/a,False,2018-09-07,581.0,916
1,train_mean,baseline,n/a,False,2018-09-10,1144.0,916
1,train_mean,baseline,n/a,False,2018-09-11,960.0,916
1,train_mean,baseline,n/a,False,2018-09-12,805.0,916
1,train_mean,baseline,n/a,False,2018-09-13,882.0,916
1,train_mean,baseline,n/a,False,2018-09-14,405.0,916
1,train_mean,baseline,n/a,False,2018-09-17,1189.0,916
1,train_mean,baseline,n/a,False,2018-09-18,946.0,916
1,train_mean,baseline,n/a,False,2018-09-19,833.0,916
1,train_mean,baseline,n/a,False,2018-09-20,817.0,916
1,train_mean,baseline,n/a,False,2018-09-21,929.0,916
1,train_mean,baseline,n/a,False,2018-10-08,895.0,916
1,train_mean,baseline,n/a,False,2018-10-10,1319.0,916
1,train_mean,baseline,n/a,False,2018-10-11,1211.0,916
1,train_mean,baseline,n/a,False,2018-10-12,622.0,916
1,train_mean,baseline,n/a,False,2018-10-15,1235.0,916
1,train_mean,baseline,n/a,False,2018-10-16,928.0,916
1,train_mean,baseline,n/a,False,2018-10-17,761.0,916
1,train_mean,baseline,n/a,False,2018-10-18,857.0,916
1,train_mean,baseline,n/a,False,2018-10-19,627.0,916
1,train_mean,baseline,n/a,False,2018-10-22,1176.0,916
1,train_mean,baseline,n/a,False,2018-10-23,902.0,916
1,train_mean,baseline,n/a,False,2018-10-24,777.0,916
1,train_mean,baseline,n/a,False,2018-10-25,722.0,916
1,train_mean,baseline,n/a,False,2018-10-26,528.0,916
1,train_mean,baseline,n/a,False,2018-10-29,1156.0,916
1,train_mean,baseline,n/a,False,2018-10-30,932.0,916
1,train_mean,baseline,n/a,False,2018-10-31,930.0,916
1,train_mean,baseline,n/a,False,2018-11-01,703.0,916
1,train_mean,baseline,n/a,False,2018-11-05,1088.0,916
1,train_mean,baseline,n/a,False,2018-11-06,813.0,916
1,train_mean,baseline,n/a,False,2018-11-07,860.0,916
1,train_mean,baseline,n/a,False,2018-11-08,926.0,916
1,train_mean,baseline,n/a,False,2018-11-09,496.0,916
1,train_mean,baseline,n/a,False,2018-11-12,1154.0,916
1,train_mean,baseline,n/a,False,2018-11-13,783.0,916
1,train_mean,baseline,n/a,False,2018-11-14,800.0,916
1,train_mean,baseline,n/a,False,2018-11-15,747.0,916
1,train_mean,baseline,n/a,False,2018-11-16,616.0,916
1,train_mean,baseline,n/a,False,2018-11-19,1124.0,916
1,train_mean,baseline,n/a,False,2018-11-20,740.0,916
1,train_mean,baseline,n/a,False,2018-11-21,832.0,916
1,train_mean,baseline,n/a,False,2018-11-22,718.0,916
1,train_mean,baseline,n/a,False,2018-11-23,527.0,916
1,train_mean,baseline,n/a,False,2018-11-26,1077.0,916
1,train_mean,baseline,n/a,False,2018-11-27,839.0,916
1,train_mean,baseline,n/a,False,2018-11-28,862.0,916
1,train_mean,baseline,n/a,False,2018-11-29,794.0,916
1,train_mean,baseline,n/a,False,2018-11-30,543.0,916
1,train_mean,baseline,n/a,False,2018-12-03,1248.0,916
1,train_mean,baseline,n/a,False,2018-12-04,911.0,916
1,train_mean,baseline,n/a,False,2018-12-05,885.0,916
1,train_mean,baseline,n/a,False,2018-12-06,765.0,916
1,train_mean,baseline,n/a,False,2018-12-07,674.0,916
1,train_mean,baseline,n/a,False,2018-12-10,1201.0,916
1,train_mean,baseline,n/a,False,2018-12-11,883.0,916
1,train_mean,baseline,n/a,False,2018-12-12,788.0,916
1,train_mean,baseline,n/a,False,2018-12-13,765.0,916
1,train_mean,baseline,n/a,False,2018-12-14,664.0,916
1,train_mean,baseline,n/a,False,2018-12-17,1170.0,916
1,train_mean,baseline,n/a,False,2018-12-18,813.0,916
1,train_mean,baseline,n/a,False,2018-12-19,710.0,916
1,train_mean,baseline,n/a,False,2018-12-20,784.0,916
1,train_mean,baseline,n/a,False,2018-12-21,456.0,916
1,train_mean,baseline,n/a,False,2018-12-24,296.0,916
1,train_mean,baseline,n/a,False,2018-12-26,695.0,916
1,train_mean,baseline,n/a,False,2018-12-27,517.0,916
1,train_mean,baseline,n/a,False,2018-12-28,491.0,916
1,train_mean,baseline,n/a,False,2018-12-31,332.0,916
1,train_mean,baseline,n/a,False,2019-01-02,1201.0,916
1,train_mean,baseline,n/a,False,2019-01-03,858.0,916
1,train_mean,baseline,n/a,False,2019-01-04,668.0,916
1,train_mean,baseline,n/a,False,2019-01-07,1072.0,916
1,train_mean,baseline,n/a,False,2019-01-08,839.0,916
1,train_mean,baseline,n/a,False,2019-01-09,778.0,916
1,train_mean,baseline,n/a,False,2019-01-10,767.0,916
1,train_mean,baseline,n/a,False,2019-01-11,627.0,916
1,train_mean,baseline,n/a,False,2019-01-14,1163.0,916
1,train_mean,baseline,n/a,False,2019-01-15,963.0,916
1,train_mean,baseline,n/a,False,2019-01-16,1021.0,916
1,train_mean,baseline,n/a,False,2019-01-17,837.0,916
1,train_mean,baseline,n/a,False,2019-01-18,585.0,916
1,train_mean,baseline,n/a,False,2019-01-21,1270.0,916
1,train_mean,baseline,n/a,False,2019-01-22,889.0,916
1,train_mean,baseline,n/a,False,2019-01-23,958.0,916
1,train_mean,baseline,n/a,False,2019-01-24,827.0,916
1,train_mean,baseline,n/a,False,2019-01-25,667.0,916
1,train_mean,baseline,n/a,False,2019-01-28,1140.0,916
1,train_mean,baseline,n/a,False,2019-01-29,968.0,916
1,train_mean,baseline,n/a,False,2019-01-30,679.0,916
1,train_mean,baseline,n/a,False,2019-01-31,765.0,916
1,train_mean,baseline,n/a,False,2019-02-01,804.0,916
1,train_mean,baseline,n/a,False,2019-02-07,1144.0,916
1,train_mean,baseline,n/a,False,2019-02-08,970.0,916
1,train_mean,baseline,n/a,False,2019-02-11,1459.0,916
1,train_mean,baseline,n/a,False,2019-02-12,1102.0,916
1,train_mean,baseline,n/a,False,2019-02-13,1044.0,916
1,train_mean,baseline,n/a,False,2019-02-14,963.0,916
1,train_mean,baseline,n/a,False,2019-02-15,682.0,916
1,train_mean,baseline,n/a,False,2019-02-18,1314.0,916
1,train_mean,baseline,n/a,False,2019-02-19,1052.0,916
1,train_mean,baseline,n/a,False,2019-02-20,1005.0,916
1,train_mean,baseline,n/a,False,2019-02-21,955.0,916
1,train_mean,baseline,n/a,False,2019-02-22,631.0,916
1,train_mean,baseline,n/a,False,2019-02-25,1299.0,916
1,train_mean,baseline,n/a,False,2019-02-26,924.0,916
1,train_mean,baseline,n/a,False,2019-02-27,944.0,916
1,train_mean,baseline,n/a,False,2019-02-28,772.0,916
1,train_mean,baseline,n/a,False,2019-03-04,1274.0,916
1,weekday_mean,baseline,n/a,False,2018-07-12,764.0,849
1,weekday_mean,baseline,n/a,False,2018-07-13,585.0,693
1,weekday_mean,baseline,n/a,False,2018-07-16,1061.0,1171
1,weekday_mean,baseline,n/a,False,2018-07-17,1116.0,950
1,weekday_mean,baseline,n/a,False,2018-07-18,839.0,931
1,weekday_mean,baseline,n/a,False,2018-07-19,748.0,849
1,weekday_mean,baseline,n/a,False,2018-07-20,489.0,693
1,weekday_mean,baseline,n/a,False,2018-07-23,991.0,1171
1,weekday_mean,baseline,n/a,False,2018-07-24,886.0,950
1,weekday_mean,baseline,n/a,False,2018-07-25,760.0,931
1,weekday_mean,baseline,n/a,False,2018-07-26,714.0,849
1,weekday_mean,baseline,n/a,False,2018-07-27,589.0,693
1,weekday_mean,baseline,n/a,False,2018-07-30,944.0,1171
1,weekday_mean,baseline,n/a,False,2018-07-31,789.0,950
1,weekday_mean,baseline,n/a,False,2018-08-01,820.0,931
1,weekday_mean,baseline,n/a,False,2018-08-02,631.0,849
1,weekday_mean,baseline,n/a,False,2018-08-03,540.0,693
1,weekday_mean,baseline,n/a,False,2018-08-06,1092.0,1171
1,weekday_mean,baseline,n/a,False,2018-08-07,773.0,950
1,weekday_mean,baseline,n/a,False,2018-08-08,896.0,931
1,weekday_mean,baseline,n/a,False,2018-08-09,821.0,849
1,weekday_mean,baseline,n/a,False,2018-08-10,548.0,693
1,weekday_mean,baseline,n/a,False,2018-08-13,930.0,1171
1,weekday_mean,baseline,n/a,False,2018-08-14,772.0,950
1,weekday_mean,baseline,n/a,False,2018-08-16,789.0,849
1,weekday_mean,baseline,n/a,False,2018-08-17,646.0,693
1,weekday_mean,baseline,n/a,False,2018-08-20,1199.0,1171
1,weekday_mean,baseline,n/a,False,2018-08-21,972.0,950
1,weekday_mean,baseline,n/a,False,2018-08-22,1000.0,931
1,weekday_mean,baseline,n/a,False,2018-08-23,835.0,849
1,weekday_mean,baseline,n/a,False,2018-08-24,678.0,693
1,weekday_mean,baseline,n/a,False,2018-08-27,1221.0,1171
1,weekday_mean,baseline,n/a,False,2018-08-28,873.0,950
1,weekday_mean,baseline,n/a,False,2018-08-29,915.0,931
1,weekday_mean,baseline,n/a,False,2018-08-30,849.0,849
1,weekday_mean,baseline,n/a,False,2018-08-31,817.0,693
1,weekday_mean,baseline,n/a,False,2018-09-03,1213.0,1171
1,weekday_mean,baseline,n/a,False,2018-09-04,938.0,950
1,weekday_mean,baseline,n/a,False,2018-09-05,829.0,931
1,weekday_mean,baseline,n/a,False,2018-09-06,830.0,849
1,weekday_mean,baseline,n/a,False,2018-09-07,581.0,693
1,weekday_mean,baseline,n/a,False,2018-09-10,1144.0,1171
1,weekday_mean,baseline,n/a,False,2018-09-11,960.0,950
1,weekday_mean,baseline,n/a,False,2018-09-12,805.0,931
1,weekday_mean,baseline,n/a,False,2018-09-13,882.0,849
1,weekday_mean,baseline,n/a,False,2018-09-14,405.0,693
1,weekday_mean,baseline,n/a,False,2018-09-17,1189.0,1171
1,weekday_mean,baseline,n/a,False,2018-09-18,946.0,950
1,weekday_mean,baseline,n/a,False,2018-09-19,833.0,931
1,weekday_mean,baseline,n/a,False,2018-09-20,817.0,849
1,weekday_mean,baseline,n/a,False,2018-09-21,929.0,693
1,weekday_mean,baseline,n/a,False,2018-10-08,895.0,1171
1,weekday_mean,baseline,n/a,False,2018-10-10,1319.0,931
1,weekday_mean,baseline,n/a,False,2018-10-11,1211.0,849
1,weekday_mean,baseline,n/a,False,2018-10-12,622.0,693
1,weekday_mean,baseline,n/a,False,2018-10-15,1235.0,1171
1,weekday_mean,baseline,n/a,False,2018-10-16,928.0,950
1,weekday_mean,baseline,n/a,False,2018-10-17,761.0,931
1,weekday_mean,baseline,n/a,False,2018-10-18,857.0,849
1,weekday_mean,baseline,n/a,False,2018-10-19,627.0,693
1,weekday_mean,baseline,n/a,False,2018-10-22,1176.0,1171
1,weekday_mean,baseline,n/a,False,2018-10-23,902.0,950
1,weekday_mean,baseline,n/a,False,2018-10-24,777.0,931
1,weekday_mean,baseline,n/a,False,2018-10-25,722.0,849
1,weekday_mean,baseline,n/a,False,2018-10-26,528.0,693
1,weekday_mean,baseline,n/a,False,2018-10-29,1156.0,1171
1,weekday_mean,baseline,n/a,False,2018-10-30,932.0,950
1,weekday_mean,baseline,n/a,False,2018-10-31,930.0,931
1,weekday_mean,baseline,n/a,False,2018-11-01,703.0,849
1,weekday_mean,baseline,n/a,False,2018-11-05,1088.0,1171
1,weekday_mean,baseline,n/a,False,2018-11-06,813.0,950
1,weekday_mean,baseline,n/a,False,2018-11-07,860.0,931
1,weekday_mean,baseline,n/a,False,2018-11-08,926.0,849
1,weekday_mean,baseline,n/a,False,2018-11-09,496.0,693
1,weekday_mean,baseline,n/a,False,2018-11-12,1154.0,1171
1,weekday_mean,baseline,n/a,False,2018-11-13,783.0,950
1,weekday_mean,baseline,n/a,False,2018-11-14,800.0,931
1,weekday_mean,baseline,n/a,False,2018-11-15,747.0,849
1,weekday_mean,baseline,n/a,False,2018-11-16,616.0,693
1,weekday_mean,baseline,n/a,False,2018-11-19,1124.0,1171
1,weekday_mean,baseline,n/a,False,2018-11-20,740.0,950
1,weekday_mean,baseline,n/a,False,2018-11-21,832.0,931
1,weekday_mean,baseline,n/a,False,2018-11-22,718.0,849
1,weekday_mean,baseline,n/a,False,2018-11-23,527.0,693
1,weekday_mean,baseline,n/a,False,2018-11-26,1077.0,1171
1,weekday_mean,baseline,n/a,False,2018-11-27,839.0,950
1,weekday_mean,baseline,n/a,False,2018-11-28,862.0,931
1,weekday_mean,baseline,n/a,False,2018-11-29,794.0,849
1,weekday_mean,baseline,n/a,False,2018-11-30,543.0,693
1,weekday_mean,baseline,n/a,False,2018-12-03,1248.0,1171
1,weekday_mean,baseline,n/a,False,2018-12-04,911.0,950
1,weekday_mean,baseline,n/a,False,2018-12-05,885.0,931
1,weekday_mean,baseline,n/a,False,2018-12-06,765.0,849
1,weekday_mean,baseline,n/a,False,2018-12-07,674.0,693
1,weekday_mean,baseline,n/a,False,2018-12-10,1201.0,1171
1,weekday_mean,baseline,n/a,False,2018-12-11,883.0,950
1,weekday_mean,baseline,n/a,False,2018-12-12,788.0,931
1,weekday_mean,baseline,n/a,False,2018-12-13,765.0,849
1,weekday_mean,baseline,n/a,False,2018-12-14,664.0,693
1,weekday_mean,baseline,n/a,False,2018-12-17,1170.0,1171
1,weekday_mean,baseline,n/a,False,2018-12-18,813.0,950
1,weekday_mean,baseline,n/a,False,2018-12-19,710.0,931
1,weekday_mean,baseline,n/a,False,2018-12-20,784.0,849
1,weekday_mean,baseline,n/a,False,2018-12-21,456.0,693
1,weekday_mean,baseline,n/a,False,2018-12-24,296.0,1171
1,weekday_mean,baseline,n/a,False,2018-12-26,695.0,931
1,weekday_mean,baseline,n/a,False,2018-12-27,517.0,849
1,weekday_mean,baseline,n/a,False,2018-12-28,491.0,693
1,weekday_mean,baseline,n/a,False,2018-12-31,332.0,1171
1,weekday_mean,baseline,n/a,False,2019-01-02,1201.0,931
1,weekday_mean,baseline,n/a,False,2019-01-03,858.0,849
1,weekday_mean,baseline,n/a,False,2019-01-04,668.0,693
1,weekday_mean,baseline,n/a,False,2019-01-07,1072.0,1171
1,weekday_mean,baseline,n/a,False,2019-01-08,839.0,950
1,weekday_mean,baseline,n/a,False,2019-01-09,778.0,931
1,weekday_mean,baseline,n/a,False,2019-01-10,767.0,849
1,weekday_mean,baseline,n/a,False,2019-01-11,627.0,693
1,weekday_mean,baseline,n/a,False,2019-01-14,1163.0,1171
1,weekday_mean,baseline,n/a,False,2019-01-15,963.0,950
1,weekday_mean,baseline,n/a,False,2019-01-16,1021.0,931
1,weekday_mean,baseline,n/a,False,2019-01-17,837.0,849
1,weekday_mean,baseline,n/a,False,2019-01-18,585.0,693
1,weekday_mean,baseline,n/a,False,2019-01-21,1270.0,1171
1,weekday_mean,baseline,n/a,False,2019-01-22,889.0,950
1,weekday_mean,baseline,n/a,False,2019-01-23,958.0,931
1,weekday_mean,baseline,n/a,False,2019-01-24,827.0,849
1,weekday_mean,baseline,n/a,False,2019-01-25,667.0,693
1,weekday_mean,baseline,n/a,False,2019-01-28,1140.0,1171
1,weekday_mean,baseline,n/a,False,2019-01-29,968.0,950
1,weekday_mean,baseline,n/a,False,2019-01-30,679.0,931
1,weekday_mean,baseline,n/a,False,2019-01-31,765.0,849
1,weekday_mean,baseline,n/a,False,2019-02-01,804.0,693
1,weekday_mean,baseline,n/a,False,2019-02-07,1144.0,849
1,weekday_mean,baseline,n/a,False,2019-02-08,970.0,693
1,weekday_mean,baseline,n/a,False,2019-02-11,1459.0,1171
1,weekday_mean,baseline,n/a,False,2019-02-12,1102.0,950
1,weekday_mean,baseline,n/a,False,2019-02-13,1044.0,931
1,weekday_mean,baseline,n/a,False,2019-02-14,963.0,849
1,weekday_mean,baseline,n/a,False,2019-02-15,682.0,693
1,weekday_mean,baseline,n/a,False,2019-02-18,1314.0,1171
1,weekday_mean,baseline,n/a,False,2019-02-19,1052.0,950
1,weekday_mean,baseline,n/a,False,2019-02-20,1005.0,931
1,weekday_mean,baseline,n/a,False,2019-02-21,955.0,849
1,weekday_mean,baseline,n/a,False,2019-02-22,631.0,693
1,weekday_mean,baseline,n/a,False,2019-02-25,1299.0,1171
1,weekday_mean,baseline,n/a,False,2019-02-26,924.0,950
1,weekday_mean,baseline,n/a,False,2019-02-27,944.0,931
1,weekday_mean,baseline,n/a,False,2019-02-28,772.0,849
1,weekday_mean,baseline,n/a,False,2019-03-04,1274.0,1171
1,available_rate,baseline,n/a,False,2018-07-12,764.0,931
1,available_rate,baseline,n/a,False,2018-07-13,585.0,879
1,available_rate,baseline,n/a,False,2018-07-16,1061.0,940
1,available_rate,baseline,n/a,False,2018-07-17,1116.0,933
1,available_rate,baseline,n/a,False,2018-07-18,839.0,935
1,available_rate,baseline,n/a,False,2018-07-19,748.0,920
1,available_rate,baseline,n/a,False,2018-07-20,489.0,854
1,available_rate,baseline,n/a,False,2018-07-23,991.0,901
1,available_rate,baseline,n/a,False,2018-07-24,886.0,906
1,available_rate,baseline,n/a,False,2018-07-25,760.0,887
1,available_rate,baseline,n/a,False,2018-07-26,714.0,865
1,available_rate,baseline,n/a,False,2018-07-27,589.0,810
1,available_rate,baseline,n/a,False,2018-07-30,944.0,808
1,available_rate,baseline,n/a,False,2018-07-31,789.0,815
1,available_rate,baseline,n/a,False,2018-08-01,820.0,917
1,available_rate,baseline,n/a,False,2018-08-02,631.0,886
1,available_rate,baseline,n/a,False,2018-08-03,540.0,834
1,available_rate,baseline,n/a,False,2018-08-06,1092.0,931
1,available_rate,baseline,n/a,False,2018-08-07,773.0,926
1,available_rate,baseline,n/a,False,2018-08-08,896.0,914
1,available_rate,baseline,n/a,False,2018-08-09,821.0,909
1,available_rate,baseline,n/a,False,2018-08-10,548.0,870
1,available_rate,baseline,n/a,False,2018-08-13,930.0,893
1,available_rate,baseline,n/a,False,2018-08-14,772.0,889
1,available_rate,baseline,n/a,False,2018-08-16,789.0,913
1,available_rate,baseline,n/a,False,2018-08-17,646.0,886
1,available_rate,baseline,n/a,False,2018-08-20,1199.0,1032
1,available_rate,baseline,n/a,False,2018-08-21,972.0,1034
1,available_rate,baseline,n/a,False,2018-08-22,1000.0,1042
1,available_rate,baseline,n/a,False,2018-08-23,835.0,1038
1,available_rate,baseline,n/a,False,2018-08-24,678.0,995
1,available_rate,baseline,n/a,False,2018-08-27,1221.0,1050
1,available_rate,baseline,n/a,False,2018-08-28,873.0,1057
1,available_rate,baseline,n/a,False,2018-08-29,915.0,1052
1,available_rate,baseline,n/a,False,2018-08-30,849.0,1048
1,available_rate,baseline,n/a,False,2018-08-31,817.0,994
1,available_rate,baseline,n/a,False,2018-09-03,1213.0,961
1,available_rate,baseline,n/a,False,2018-09-04,938.0,962
1,available_rate,baseline,n/a,False,2018-09-05,829.0,958
1,available_rate,baseline,n/a,False,2018-09-06,830.0,947
1,available_rate,baseline,n/a,False,2018-09-07,581.0,916
1,available_rate,baseline,n/a,False,2018-09-10,1144.0,966
1,available_rate,baseline,n/a,False,2018-09-11,960.0,967
1,available_rate,baseline,n/a,False,2018-09-12,805.0,954
1,available_rate,baseline,n/a,False,2018-09-13,882.0,954
1,available_rate,baseline,n/a,False,2018-09-14,405.0,908
1,available_rate,baseline,n/a,False,2018-09-17,1189.0,966
1,available_rate,baseline,n/a,False,2018-09-18,946.0,961
1,available_rate,baseline,n/a,False,2018-09-19,833.0,957
1,available_rate,baseline,n/a,False,2018-09-20,817.0,955
1,available_rate,baseline,n/a,False,2018-09-21,929.0,903
1,available_rate,baseline,n/a,False,2018-10-08,895.0,857
1,available_rate,baseline,n/a,False,2018-10-10,1319.0,995
1,available_rate,baseline,n/a,False,2018-10-11,1211.0,997
1,available_rate,baseline,n/a,False,2018-10-12,622.0,928
1,available_rate,baseline,n/a,False,2018-10-15,1235.0,982
1,available_rate,baseline,n/a,False,2018-10-16,928.0,985
1,available_rate,baseline,n/a,False,2018-10-17,761.0,975
1,available_rate,baseline,n/a,False,2018-10-18,857.0,971
1,available_rate,baseline,n/a,False,2018-10-19,627.0,916
1,available_rate,baseline,n/a,False,2018-10-22,1176.0,969
1,available_rate,baseline,n/a,False,2018-10-23,902.0,980
1,available_rate,baseline,n/a,False,2018-10-24,777.0,967
1,available_rate,baseline,n/a,False,2018-10-25,722.0,950
1,available_rate,baseline,n/a,False,2018-10-26,528.0,892
1,available_rate,baseline,n/a,False,2018-10-29,1156.0,958
1,available_rate,baseline,n/a,False,2018-10-30,932.0,964
1,available_rate,baseline,n/a,False,2018-10-31,930.0,953
1,available_rate,baseline,n/a,False,2018-11-01,703.0,969
1,available_rate,baseline,n/a,False,2018-11-05,1088.0,983
1,available_rate,baseline,n/a,False,2018-11-06,813.0,989
1,available_rate,baseline,n/a,False,2018-11-07,860.0,977
1,available_rate,baseline,n/a,False,2018-11-08,926.0,981
1,available_rate,baseline,n/a,False,2018-11-09,496.0,929
1,available_rate,baseline,n/a,False,2018-11-12,1154.0,983
1,available_rate,baseline,n/a,False,2018-11-13,783.0,975
1,available_rate,baseline,n/a,False,2018-11-14,800.0,983
1,available_rate,baseline,n/a,False,2018-11-15,747.0,952
1,available_rate,baseline,n/a,False,2018-11-16,616.0,906
1,available_rate,baseline,n/a,False,2018-11-19,1124.0,985
1,available_rate,baseline,n/a,False,2018-11-20,740.0,985
1,available_rate,baseline,n/a,False,2018-11-21,832.0,975
1,available_rate,baseline,n/a,False,2018-11-22,718.0,977
1,available_rate,baseline,n/a,False,2018-11-23,527.0,913
1,available_rate,baseline,n/a,False,2018-11-26,1077.0,995
1,available_rate,baseline,n/a,False,2018-11-27,839.0,994
1,available_rate,baseline,n/a,False,2018-11-28,862.0,977
1,available_rate,baseline,n/a,False,2018-11-29,794.0,972
1,available_rate,baseline,n/a,False,2018-11-30,543.0,920
1,available_rate,baseline,n/a,False,2018-12-03,1248.0,1029
1,available_rate,baseline,n/a,False,2018-12-04,911.0,1012
1,available_rate,baseline,n/a,False,2018-12-05,885.0,1000
1,available_rate,baseline,n/a,False,2018-12-06,765.0,994
1,available_rate,baseline,n/a,False,2018-12-07,674.0,943
1,available_rate,baseline,n/a,False,2018-12-10,1201.0,1015
1,available_rate,baseline,n/a,False,2018-12-11,883.0,1008
1,available_rate,baseline,n/a,False,2018-12-12,788.0,1001
1,available_rate,baseline,n/a,False,2018-12-13,765.0,1009
1,available_rate,baseline,n/a,False,2018-12-14,664.0,961
1,available_rate,baseline,n/a,False,2018-12-17,1170.0,1020
1,available_rate,baseline,n/a,False,2018-12-18,813.0,1004
1,available_rate,baseline,n/a,False,2018-12-19,710.0,999
1,available_rate,baseline,n/a,False,2018-12-20,784.0,997
1,available_rate,baseline,n/a,False,2018-12-21,456.0,962
1,available_rate,baseline,n/a,False,2018-12-24,296.0,716
1,available_rate,baseline,n/a,False,2018-12-26,695.0,966
1,available_rate,baseline,n/a,False,2018-12-27,517.0,962
1,available_rate,baseline,n/a,False,2018-12-28,491.0,905
1,available_rate,baseline,n/a,False,2018-12-31,332.0,650
1,available_rate,baseline,n/a,False,2019-01-02,1201.0,1097
1,available_rate,baseline,n/a,False,2019-01-03,858.0,1061
1,available_rate,baseline,n/a,False,2019-01-04,668.0,1011
1,available_rate,baseline,n/a,False,2019-01-07,1072.0,1062
1,available_rate,baseline,n/a,False,2019-01-08,839.0,1063
1,available_rate,baseline,n/a,False,2019-01-09,778.0,1068
1,available_rate,baseline,n/a,False,2019-01-10,767.0,1057
1,available_rate,baseline,n/a,False,2019-01-11,627.0,1020
1,available_rate,baseline,n/a,False,2019-01-14,1163.0,1078
1,available_rate,baseline,n/a,False,2019-01-15,963.0,1074
1,available_rate,baseline,n/a,False,2019-01-16,1021.0,1068
1,available_rate,baseline,n/a,False,2019-01-17,837.0,1064
1,available_rate,baseline,n/a,False,2019-01-18,585.0,1003
1,available_rate,baseline,n/a,False,2019-01-21,1270.0,1066
1,available_rate,baseline,n/a,False,2019-01-22,889.0,1070
1,available_rate,baseline,n/a,False,2019-01-23,958.0,1068
1,available_rate,baseline,n/a,False,2019-01-24,827.0,1059
1,available_rate,baseline,n/a,False,2019-01-25,667.0,1010
1,available_rate,baseline,n/a,False,2019-01-28,1140.0,1073
1,available_rate,baseline,n/a,False,2019-01-29,968.0,1080
1,available_rate,baseline,n/a,False,2019-01-30,679.0,1075
1,available_rate,baseline,n/a,False,2019-01-31,765.0,1066
1,available_rate,baseline,n/a,False,2019-02-01,804.0,935
1,available_rate,baseline,n/a,False,2019-02-07,1144.0,923
1,available_rate,baseline,n/a,False,2019-02-08,970.0,895
1,available_rate,baseline,n/a,False,2019-02-11,1459.0,1030
1,available_rate,baseline,n/a,False,2019-02-12,1102.0,1004
1,available_rate,baseline,n/a,False,2019-02-13,1044.0,1003
1,available_rate,baseline,n/a,False,2019-02-14,963.0,995
1,available_rate,baseline,n/a,False,2019-02-15,682.0,945
1,available_rate,baseline,n/a,False,2019-02-18,1314.0,1001
1,available_rate,baseline,n/a,False,2019-02-19,1052.0,1004
1,available_rate,baseline,n/a,False,2019-02-20,1005.0,998
1,available_rate,baseline,n/a,False,2019-02-21,955.0,980
1,available_rate,baseline,n/a,False,2019-02-22,631.0,929
1,available_rate,baseline,n/a,False,2019-02-25,1299.0,986
1,available_rate,baseline,n/a,False,2019-02-26,924.0,981
1,available_rate,baseline,n/a,False,2019-02-27,944.0,971
1,available_rate,baseline,n/a,False,2019-02-28,772.0,910
1,available_rate,baseline,n/a,False,2019-03-04,1274.0,978
1,past_5_actual_mean,baseline,n/a,False,2018-07-12,764.0,873
1,past_5_actual_mean,baseline,n/a,False,2018-07-13,585.0,851
1,past_5_actual_mean,baseline,n/a,False,2018-07-16,1061.0,836
1,past_5_actual_mean,baseline,n/a,False,2018-07-17,1116.0,828
1,past_5_actual_mean,baseline,n/a,False,2018-07-18,839.0,884
1,past_5_actual_mean,baseline,n/a,False,2018-07-19,748.0,873
1,past_5_actual_mean,baseline,n/a,False,2018-07-20,489.0,870
1,past_5_actual_mean,baseline,n/a,False,2018-07-23,991.0,851
1,past_5_actual_mean,baseline,n/a,False,2018-07-24,886.0,837
1,past_5_actual_mean,baseline,n/a,False,2018-07-25,760.0,791
1,past_5_actual_mean,baseline,n/a,False,2018-07-26,714.0,775
1,past_5_actual_mean,baseline,n/a,False,2018-07-27,589.0,768
1,past_5_actual_mean,baseline,n/a,False,2018-07-30,944.0,788
1,past_5_actual_mean,baseline,n/a,False,2018-07-31,789.0,779
1,past_5_actual_mean,baseline,n/a,False,2018-08-01,820.0,759
1,past_5_actual_mean,baseline,n/a,False,2018-08-02,631.0,771
1,past_5_actual_mean,baseline,n/a,False,2018-08-03,540.0,755
1,past_5_actual_mean,baseline,n/a,False,2018-08-06,1092.0,745
1,past_5_actual_mean,baseline,n/a,False,2018-08-07,773.0,774
1,past_5_actual_mean,baseline,n/a,False,2018-08-08,896.0,771
1,past_5_actual_mean,baseline,n/a,False,2018-08-09,821.0,786
1,past_5_actual_mean,baseline,n/a,False,2018-08-10,548.0,824
1,past_5_actual_mean,baseline,n/a,False,2018-08-13,930.0,826
1,past_5_actual_mean,baseline,n/a,False,2018-08-14,772.0,794
1,past_5_actual_mean,baseline,n/a,False,2018-08-16,789.0,793
1,past_5_actual_mean,baseline,n/a,False,2018-08-17,646.0,772
1,past_5_actual_mean,baseline,n/a,False,2018-08-20,1199.0,737
1,past_5_actual_mean,baseline,n/a,False,2018-08-21,972.0,867
1,past_5_actual_mean,baseline,n/a,False,2018-08-22,1000.0,876
1,past_5_actual_mean,baseline,n/a,False,2018-08-23,835.0,921
1,past_5_actual_mean,baseline,n/a,False,2018-08-24,678.0,930
1,past_5_actual_mean,baseline,n/a,False,2018-08-27,1221.0,937
1,past_5_actual_mean,baseline,n/a,False,2018-08-28,873.0,941
1,past_5_actual_mean,baseline,n/a,False,2018-08-29,915.0,921
1,past_5_actual_mean,baseline,n/a,False,2018-08-30,849.0,904
1,past_5_actual_mean,baseline,n/a,False,2018-08-31,817.0,907
1,past_5_actual_mean,baseline,n/a,False,2018-09-03,1213.0,935
1,past_5_actual_mean,baseline,n/a,False,2018-09-04,938.0,933
1,past_5_actual_mean,baseline,n/a,False,2018-09-05,829.0,946
1,past_5_actual_mean,baseline,n/a,False,2018-09-06,830.0,929
1,past_5_actual_mean,baseline,n/a,False,2018-09-07,581.0,925
1,past_5_actual_mean,baseline,n/a,False,2018-09-10,1144.0,878
1,past_5_actual_mean,baseline,n/a,False,2018-09-11,960.0,864
1,past_5_actual_mean,baseline,n/a,False,2018-09-12,805.0,869
1,past_5_actual_mean,baseline,n/a,False,2018-09-13,882.0,864
1,past_5_actual_mean,baseline,n/a,False,2018-09-14,405.0,874
1,past_5_actual_mean,baseline,n/a,False,2018-09-17,1189.0,839
1,past_5_actual_mean,baseline,n/a,False,2018-09-18,946.0,848
1,past_5_actual_mean,baseline,n/a,False,2018-09-19,833.0,845
1,past_5_actual_mean,baseline,n/a,False,2018-09-20,817.0,851
1,past_5_actual_mean,baseline,n/a,False,2018-09-21,929.0,838
1,past_5_actual_mean,baseline,n/a,False,2018-10-08,895.0,943
1,past_5_actual_mean,baseline,n/a,False,2018-10-10,1319.0,884
1,past_5_actual_mean,baseline,n/a,False,2018-10-11,1211.0,959
1,past_5_actual_mean,baseline,n/a,False,2018-10-12,622.0,1034
1,past_5_actual_mean,baseline,n/a,False,2018-10-15,1235.0,995
1,past_5_actual_mean,baseline,n/a,False,2018-10-16,928.0,1056
1,past_5_actual_mean,baseline,n/a,False,2018-10-17,761.0,1063
1,past_5_actual_mean,baseline,n/a,False,2018-10-18,857.0,951
1,past_5_actual_mean,baseline,n/a,False,2018-10-19,627.0,881
1,past_5_actual_mean,baseline,n/a,False,2018-10-22,1176.0,882
1,past_5_actual_mean,baseline,n/a,False,2018-10-23,902.0,870
1,past_5_actual_mean,baseline,n/a,False,2018-10-24,777.0,865
1,past_5_actual_mean,baseline,n/a,False,2018-10-25,722.0,868
1,past_5_actual_mean,baseline,n/a,False,2018-10-26,528.0,841
1,past_5_actual_mean,baseline,n/a,False,2018-10-29,1156.0,821
1,past_5_actual_mean,baseline,n/a,False,2018-10-30,932.0,817
1,past_5_actual_mean,baseline,n/a,False,2018-10-31,930.0,823
1,past_5_actual_mean,baseline,n/a,False,2018-11-01,703.0,854
1,past_5_actual_mean,baseline,n/a,False,2018-11-05,1088.0,850
1,past_5_actual_mean,baseline,n/a,False,2018-11-06,813.0,962
1,past_5_actual_mean,baseline,n/a,False,2018-11-07,860.0,893
1,past_5_actual_mean,baseline,n/a,False,2018-11-08,926.0,879
1,past_5_actual_mean,baseline,n/a,False,2018-11-09,496.0,878
1,past_5_actual_mean,baseline,n/a,False,2018-11-12,1154.0,837
1,past_5_actual_mean,baseline,n/a,False,2018-11-13,783.0,850
1,past_5_actual_mean,baseline,n/a,False,2018-11-14,800.0,844
1,past_5_actual_mean,baseline,n/a,False,2018-11-15,747.0,832
1,past_5_actual_mean,baseline,n/a,False,2018-11-16,616.0,796
1,past_5_actual_mean,baseline,n/a,False,2018-11-19,1124.0,820
1,past_5_actual_mean,baseline,n/a,False,2018-11-20,740.0,814
1,past_5_actual_mean,baseline,n/a,False,2018-11-21,832.0,805
1,past_5_actual_mean,baseline,n/a,False,2018-11-22,718.0,812
1,past_5_actual_mean,baseline,n/a,False,2018-11-23,527.0,806
1,past_5_actual_mean,baseline,n/a,False,2018-11-26,1077.0,788
1,past_5_actual_mean,baseline,n/a,False,2018-11-27,839.0,779
1,past_5_actual_mean,baseline,n/a,False,2018-11-28,862.0,799
1,past_5_actual_mean,baseline,n/a,False,2018-11-29,794.0,805
1,past_5_actual_mean,baseline,n/a,False,2018-11-30,543.0,820
1,past_5_actual_mean,baseline,n/a,False,2018-12-03,1248.0,823
1,past_5_actual_mean,baseline,n/a,False,2018-12-04,911.0,857
1,past_5_actual_mean,baseline,n/a,False,2018-12-05,885.0,872
1,past_5_actual_mean,baseline,n/a,False,2018-12-06,765.0,876
1,past_5_actual_mean,baseline,n/a,False,2018-12-07,674.0,870
1,past_5_actual_mean,baseline,n/a,False,2018-12-10,1201.0,897
1,past_5_actual_mean,baseline,n/a,False,2018-12-11,883.0,887
1,past_5_actual_mean,baseline,n/a,False,2018-12-12,788.0,882
1,past_5_actual_mean,baseline,n/a,False,2018-12-13,765.0,862
1,past_5_actual_mean,baseline,n/a,False,2018-12-14,664.0,862
1,past_5_actual_mean,baseline,n/a,False,2018-12-17,1170.0,860
1,past_5_actual_mean,baseline,n/a,False,2018-12-18,813.0,854
1,past_5_actual_mean,baseline,n/a,False,2018-12-19,710.0,840
1,past_5_actual_mean,baseline,n/a,False,2018-12-20,784.0,824
1,past_5_actual_mean,baseline,n/a,False,2018-12-21,456.0,828
1,past_5_actual_mean,baseline,n/a,False,2018-12-24,296.0,787
1,past_5_actual_mean,baseline,n/a,False,2018-12-26,695.0,612
1,past_5_actual_mean,baseline,n/a,False,2018-12-27,517.0,588
1,past_5_actual_mean,baseline,n/a,False,2018-12-28,491.0,550
1,past_5_actual_mean,baseline,n/a,False,2018-12-31,332.0,491
1,past_5_actual_mean,baseline,n/a,False,2019-01-02,1201.0,466
1,past_5_actual_mean,baseline,n/a,False,2019-01-03,858.0,647
1,past_5_actual_mean,baseline,n/a,False,2019-01-04,668.0,680
1,past_5_actual_mean,baseline,n/a,False,2019-01-07,1072.0,710
1,past_5_actual_mean,baseline,n/a,False,2019-01-08,839.0,826
1,past_5_actual_mean,baseline,n/a,False,2019-01-09,778.0,928
1,past_5_actual_mean,baseline,n/a,False,2019-01-10,767.0,843
1,past_5_actual_mean,baseline,n/a,False,2019-01-11,627.0,825
1,past_5_actual_mean,baseline,n/a,False,2019-01-14,1163.0,817
1,past_5_actual_mean,baseline,n/a,False,2019-01-15,963.0,835
1,past_5_actual_mean,baseline,n/a,False,2019-01-16,1021.0,860
1,past_5_actual_mean,baseline,n/a,False,2019-01-17,837.0,908
1,past_5_actual_mean,baseline,n/a,False,2019-01-18,585.0,922
1,past_5_actual_mean,baseline,n/a,False,2019-01-21,1270.0,914
1,past_5_actual_mean,baseline,n/a,False,2019-01-22,889.0,935
1,past_5_actual_mean,baseline,n/a,False,2019-01-23,958.0,920
1,past_5_actual_mean,baseline,n/a,False,2019-01-24,827.0,908
1,past_5_actual_mean,baseline,n/a,False,2019-01-25,667.0,906
1,past_5_actual_mean,baseline,n/a,False,2019-01-28,1140.0,922
1,past_5_actual_mean,baseline,n/a,False,2019-01-29,968.0,896
1,past_5_actual_mean,baseline,n/a,False,2019-01-30,679.0,912
1,past_5_actual_mean,baseline,n/a,False,2019-01-31,765.0,856
1,past_5_actual_mean,baseline,n/a,False,2019-02-01,804.0,844
1,past_5_actual_mean,baseline,n/a,False,2019-02-07,1144.0,871
1,past_5_actual_mean,baseline,n/a,False,2019-02-08,970.0,872
1,past_5_actual_mean,baseline,n/a,False,2019-02-11,1459.0,872
1,past_5_actual_mean,baseline,n/a,False,2019-02-12,1102.0,1028
1,past_5_actual_mean,baseline,n/a,False,2019-02-13,1044.0,1096
1,past_5_actual_mean,baseline,n/a,False,2019-02-14,963.0,1144
1,past_5_actual_mean,baseline,n/a,False,2019-02-15,682.0,1108
1,past_5_actual_mean,baseline,n/a,False,2019-02-18,1314.0,1050
1,past_5_actual_mean,baseline,n/a,False,2019-02-19,1052.0,1021
1,past_5_actual_mean,baseline,n/a,False,2019-02-20,1005.0,1011
1,past_5_actual_mean,baseline,n/a,False,2019-02-21,955.0,1003
1,past_5_actual_mean,baseline,n/a,False,2019-02-22,631.0,1002
1,past_5_actual_mean,baseline,n/a,False,2019-02-25,1299.0,991
1,past_5_actual_mean,baseline,n/a,False,2019-02-26,924.0,988
1,past_5_actual_mean,baseline,n/a,False,2019-02-27,944.0,963
1,past_5_actual_mean,baseline,n/a,False,2019-02-28,772.0,951
1,past_5_actual_mean,baseline,n/a,False,2019-03-04,1274.0,914
1,lightgbm,A,v2,True,2018-07-12,764.0,805
1,lightgbm,A,v2,True,2018-07-13,585.0,597
1,lightgbm,A,v2,True,2018-07-16,1061.0,1055
1,lightgbm,A,v2,True,2018-07-17,1116.0,860
1,lightgbm,A,v2,True,2018-07-18,839.0,823
1,lightgbm,A,v2,True,2018-07-19,748.0,802
1,lightgbm,A,v2,True,2018-07-20,489.0,579
1,lightgbm,A,v2,True,2018-07-23,991.0,1024
1,lightgbm,A,v2,True,2018-07-24,886.0,1074
1,lightgbm,A,v2,True,2018-07-25,760.0,654
1,lightgbm,A,v2,True,2018-07-26,714.0,755
1,lightgbm,A,v2,True,2018-07-27,589.0,651
1,lightgbm,A,v2,True,2018-07-30,944.0,1010
1,lightgbm,A,v2,True,2018-07-31,789.0,812
1,lightgbm,A,v2,True,2018-08-01,820.0,665
1,lightgbm,A,v2,True,2018-08-02,631.0,717
1,lightgbm,A,v2,True,2018-08-03,540.0,542
1,lightgbm,A,v2,True,2018-08-06,1092.0,847
1,lightgbm,A,v2,True,2018-08-07,773.0,882
1,lightgbm,A,v2,True,2018-08-08,896.0,659
1,lightgbm,A,v2,True,2018-08-09,821.0,724
1,lightgbm,A,v2,True,2018-08-10,548.0,579
1,lightgbm,A,v2,True,2018-08-13,930.0,785
1,lightgbm,A,v2,True,2018-08-14,772.0,715
1,lightgbm,A,v2,True,2018-08-16,789.0,725
1,lightgbm,A,v2,True,2018-08-17,646.0,555
1,lightgbm,A,v2,True,2018-08-20,1199.0,1230
1,lightgbm,A,v2,True,2018-08-21,972.0,1023
1,lightgbm,A,v2,True,2018-08-22,1000.0,786
1,lightgbm,A,v2,True,2018-08-23,835.0,840
1,lightgbm,A,v2,True,2018-08-24,678.0,646
1,lightgbm,A,v2,True,2018-08-27,1221.0,1212
1,lightgbm,A,v2,True,2018-08-28,873.0,1038
1,lightgbm,A,v2,True,2018-08-29,915.0,880
1,lightgbm,A,v2,True,2018-08-30,849.0,834
1,lightgbm,A,v2,True,2018-08-31,817.0,643
1,lightgbm,A,v2,True,2018-09-03,1213.0,1079
1,lightgbm,A,v2,True,2018-09-04,938.0,903
1,lightgbm,A,v2,True,2018-09-05,829.0,908
1,lightgbm,A,v2,True,2018-09-06,830.0,781
1,lightgbm,A,v2,True,2018-09-07,581.0,620
1,lightgbm,A,v2,True,2018-09-10,1144.0,923
1,lightgbm,A,v2,True,2018-09-11,960.0,838
1,lightgbm,A,v2,True,2018-09-12,805.0,829
1,lightgbm,A,v2,True,2018-09-13,882.0,787
1,lightgbm,A,v2,True,2018-09-14,405.0,663
1,lightgbm,A,v2,True,2018-09-17,1189.0,932
1,lightgbm,A,v2,True,2018-09-18,946.0,839
1,lightgbm,A,v2,True,2018-09-19,833.0,839
1,lightgbm,A,v2,True,2018-09-20,817.0,852
1,lightgbm,A,v2,True,2018-09-21,929.0,637
1,lightgbm,A,v2,True,2018-10-08,895.0,781
1,lightgbm,A,v2,True,2018-10-10,1319.0,1083
1,lightgbm,A,v2,True,2018-10-11,1211.0,949
1,lightgbm,A,v2,True,2018-10-12,622.0,637
1,lightgbm,A,v2,True,2018-10-15,1235.0,850
1,lightgbm,A,v2,True,2018-10-16,928.0,846
1,lightgbm,A,v2,True,2018-10-17,761.0,835
1,lightgbm,A,v2,True,2018-10-18,857.0,757
1,lightgbm,A,v2,True,2018-10-19,627.0,593
1,lightgbm,A,v2,True,2018-10-22,1176.0,917
1,lightgbm,A,v2,True,2018-10-23,902.0,783
1,lightgbm,A,v2,True,2018-10-24,777.0,799
1,lightgbm,A,v2,True,2018-10-25,722.0,762
1,lightgbm,A,v2,True,2018-10-26,528.0,563
1,lightgbm,A,v2,True,2018-10-29,1156.0,916
1,lightgbm,A,v2,True,2018-10-30,932.0,779
1,lightgbm,A,v2,True,2018-10-31,930.0,817
1,lightgbm,A,v2,True,2018-11-01,703.0,777
1,lightgbm,A,v2,True,2018-11-05,1088.0,1087
1,lightgbm,A,v2,True,2018-11-06,813.0,844
1,lightgbm,A,v2,True,2018-11-07,860.0,828
1,lightgbm,A,v2,True,2018-11-08,926.0,782
1,lightgbm,A,v2,True,2018-11-09,496.0,610
1,lightgbm,A,v2,True,2018-11-12,1154.0,1160
1,lightgbm,A,v2,True,2018-11-13,783.0,801
1,lightgbm,A,v2,True,2018-11-14,800.0,919
1,lightgbm,A,v2,True,2018-11-15,747.0,778
1,lightgbm,A,v2,True,2018-11-16,616.0,614
1,lightgbm,A,v2,True,2018-11-19,1124.0,1148
1,lightgbm,A,v2,True,2018-11-20,740.0,809
1,lightgbm,A,v2,True,2018-11-21,832.0,835
1,lightgbm,A,v2,True,2018-11-22,718.0,778
1,lightgbm,A,v2,True,2018-11-23,527.0,614
1,lightgbm,A,v2,True,2018-11-26,1077.0,1240
1,lightgbm,A,v2,True,2018-11-27,839.0,832
1,lightgbm,A,v2,True,2018-11-28,862.0,794
1,lightgbm,A,v2,True,2018-11-29,794.0,808
1,lightgbm,A,v2,True,2018-11-30,543.0,626
1,lightgbm,A,v2,True,2018-12-03,1248.0,1293
1,lightgbm,A,v2,True,2018-12-04,911.0,981
1,lightgbm,A,v2,True,2018-12-05,885.0,900
1,lightgbm,A,v2,True,2018-12-06,765.0,860
1,lightgbm,A,v2,True,2018-12-07,674.0,644
1,lightgbm,A,v2,True,2018-12-10,1201.0,1211
1,lightgbm,A,v2,True,2018-12-11,883.0,969
1,lightgbm,A,v2,True,2018-12-12,788.0,914
1,lightgbm,A,v2,True,2018-12-13,765.0,864
1,lightgbm,A,v2,True,2018-12-14,664.0,725
1,lightgbm,A,v2,True,2018-12-17,1170.0,1286
1,lightgbm,A,v2,True,2018-12-18,813.0,1069
1,lightgbm,A,v2,True,2018-12-19,710.0,904
1,lightgbm,A,v2,True,2018-12-20,784.0,846
1,lightgbm,A,v2,True,2018-12-21,456.0,870
1,lightgbm,A,v2,True,2018-12-24,296.0,676
1,lightgbm,A,v2,True,2018-12-26,695.0,744
1,lightgbm,A,v2,True,2018-12-27,517.0,771
1,lightgbm,A,v2,True,2018-12-28,491.0,604
1,lightgbm,A,v2,True,2018-12-31,332.0,676
1,lightgbm,A,v2,True,2019-01-02,1201.0,1151
1,lightgbm,A,v2,True,2019-01-03,858.0,1270
1,lightgbm,A,v2,True,2019-01-04,668.0,872
1,lightgbm,A,v2,True,2019-01-07,1072.0,1238
1,lightgbm,A,v2,True,2019-01-08,839.0,1206
1,lightgbm,A,v2,True,2019-01-09,778.0,1065
1,lightgbm,A,v2,True,2019-01-10,767.0,995
1,lightgbm,A,v2,True,2019-01-11,627.0,786
1,lightgbm,A,v2,True,2019-01-14,1163.0,1280
1,lightgbm,A,v2,True,2019-01-15,963.0,1056
1,lightgbm,A,v2,True,2019-01-16,1021.0,1081
1,lightgbm,A,v2,True,2019-01-17,837.0,881
1,lightgbm,A,v2,True,2019-01-18,585.0,671
1,lightgbm,A,v2,True,2019-01-21,1270.0,1289
1,lightgbm,A,v2,True,2019-01-22,889.0,1018
1,lightgbm,A,v2,True,2019-01-23,958.0,1066
1,lightgbm,A,v2,True,2019-01-24,827.0,1052
1,lightgbm,A,v2,True,2019-01-25,667.0,710
1,lightgbm,A,v2,True,2019-01-28,1140.0,1189
1,lightgbm,A,v2,True,2019-01-29,968.0,1066
1,lightgbm,A,v2,True,2019-01-30,679.0,989
1,lightgbm,A,v2,True,2019-01-31,765.0,1157
1,lightgbm,A,v2,True,2019-02-01,804.0,902
1,lightgbm,A,v2,True,2019-02-07,1144.0,1191
1,lightgbm,A,v2,True,2019-02-08,970.0,831
1,lightgbm,A,v2,True,2019-02-11,1459.0,1312
1,lightgbm,A,v2,True,2019-02-12,1102.0,1011
1,lightgbm,A,v2,True,2019-02-13,1044.0,1029
1,lightgbm,A,v2,True,2019-02-14,963.0,994
1,lightgbm,A,v2,True,2019-02-15,682.0,699
1,lightgbm,A,v2,True,2019-02-18,1314.0,1276
1,lightgbm,A,v2,True,2019-02-19,1052.0,1055
1,lightgbm,A,v2,True,2019-02-20,1005.0,930
1,lightgbm,A,v2,True,2019-02-21,955.0,847
1,lightgbm,A,v2,True,2019-02-22,631.0,618
1,lightgbm,A,v2,True,2019-02-25,1299.0,1240
1,lightgbm,A,v2,True,2019-02-26,924.0,1088
1,lightgbm,A,v2,True,2019-02-27,944.0,883
1,lightgbm,A,v2,True,2019-02-28,772.0,635
1,lightgbm,A,v2,True,2019-03-04,1274.0,1263
1,lightgbm,B,v2,True,2018-07-12,764.0,808
1,lightgbm,B,v2,True,2018-07-13,585.0,601
1,lightgbm,B,v2,True,2018-07-16,1061.0,1149
1,lightgbm,B,v2,True,2018-07-17,1116.0,873
1,lightgbm,B,v2,True,2018-07-18,839.0,815
1,lightgbm,B,v2,True,2018-07-19,748.0,810
1,lightgbm,B,v2,True,2018-07-20,489.0,594
1,lightgbm,B,v2,True,2018-07-23,991.0,1171
1,lightgbm,B,v2,True,2018-07-24,886.0,947
1,lightgbm,B,v2,True,2018-07-25,760.0,684
1,lightgbm,B,v2,True,2018-07-26,714.0,782
1,lightgbm,B,v2,True,2018-07-27,589.0,667
1,lightgbm,B,v2,True,2018-07-30,944.0,953
1,lightgbm,B,v2,True,2018-07-31,789.0,867
1,lightgbm,B,v2,True,2018-08-01,820.0,708
1,lightgbm,B,v2,True,2018-08-02,631.0,677
1,lightgbm,B,v2,True,2018-08-03,540.0,539
1,lightgbm,B,v2,True,2018-08-06,1092.0,811
1,lightgbm,B,v2,True,2018-08-07,773.0,706
1,lightgbm,B,v2,True,2018-08-08,896.0,690
1,lightgbm,B,v2,True,2018-08-09,821.0,678
1,lightgbm,B,v2,True,2018-08-10,548.0,537
1,lightgbm,B,v2,True,2018-08-13,930.0,808
1,lightgbm,B,v2,True,2018-08-14,772.0,646
1,lightgbm,B,v2,True,2018-08-16,789.0,676
1,lightgbm,B,v2,True,2018-08-17,646.0,546
1,lightgbm,B,v2,True,2018-08-20,1199.0,1183
1,lightgbm,B,v2,True,2018-08-21,972.0,906
1,lightgbm,B,v2,True,2018-08-22,1000.0,845
1,lightgbm,B,v2,True,2018-08-23,835.0,833
1,lightgbm,B,v2,True,2018-08-24,678.0,629
1,lightgbm,B,v2,True,2018-08-27,1221.0,1169
1,lightgbm,B,v2,True,2018-08-28,873.0,936
1,lightgbm,B,v2,True,2018-08-29,915.0,885
1,lightgbm,B,v2,True,2018-08-30,849.0,837
1,lightgbm,B,v2,True,2018-08-31,817.0,637
1,lightgbm,B,v2,True,2018-09-03,1213.0,1146
1,lightgbm,B,v2,True,2018-09-04,938.0,857
1,lightgbm,B,v2,True,2018-09-05,829.0,893
1,lightgbm,B,v2,True,2018-09-06,830.0,778
1,lightgbm,B,v2,True,2018-09-07,581.0,611
1,lightgbm,B,v2,True,2018-09-10,1144.0,1122
1,lightgbm,B,v2,True,2018-09-11,960.0,858
1,lightgbm,B,v2,True,2018-09-12,805.0,832
1,lightgbm,B,v2,True,2018-09-13,882.0,788
1,lightgbm,B,v2,True,2018-09-14,405.0,632
1,lightgbm,B,v2,True,2018-09-17,1189.0,1113
1,lightgbm,B,v2,True,2018-09-18,946.0,837
1,lightgbm,B,v2,True,2018-09-19,833.0,848
1,lightgbm,B,v2,True,2018-09-20,817.0,819
1,lightgbm,B,v2,True,2018-09-21,929.0,628
1,lightgbm,B,v2,True,2018-10-08,895.0,974
1,lightgbm,B,v2,True,2018-10-10,1319.0,1029
1,lightgbm,B,v2,True,2018-10-11,1211.0,933
1,lightgbm,B,v2,True,2018-10-12,622.0,627
1,lightgbm,B,v2,True,2018-10-15,1235.0,1059
1,lightgbm,B,v2,True,2018-10-16,928.0,859
1,lightgbm,B,v2,True,2018-10-17,761.0,852
1,lightgbm,B,v2,True,2018-10-18,857.0,744
1,lightgbm,B,v2,True,2018-10-19,627.0,589
1,lightgbm,B,v2,True,2018-10-22,1176.0,1035
1,lightgbm,B,v2,True,2018-10-23,902.0,844
1,lightgbm,B,v2,True,2018-10-24,777.0,843
1,lightgbm,B,v2,True,2018-10-25,722.0,765
1,lightgbm,B,v2,True,2018-10-26,528.0,574
1,lightgbm,B,v2,True,2018-10-29,1156.0,1013
1,lightgbm,B,v2,True,2018-10-30,932.0,847
1,lightgbm,B,v2,True,2018-10-31,930.0,849
1,lightgbm,B,v2,True,2018-11-01,703.0,768
1,lightgbm,B,v2,True,2018-11-05,1088.0,1129
1,lightgbm,B,v2,True,2018-11-06,813.0,861
1,lightgbm,B,v2,True,2018-11-07,860.0,837
1,lightgbm,B,v2,True,2018-11-08,926.0,790
1,lightgbm,B,v2,True,2018-11-09,496.0,602
1,lightgbm,B,v2,True,2018-11-12,1154.0,1185
1,lightgbm,B,v2,True,2018-11-13,783.0,838
1,lightgbm,B,v2,True,2018-11-14,800.0,909
1,lightgbm,B,v2,True,2018-11-15,747.0,777
1,lightgbm,B,v2,True,2018-11-16,616.0,626
1,lightgbm,B,v2,True,2018-11-19,1124.0,1178
1,lightgbm,B,v2,True,2018-11-20,740.0,819
1,lightgbm,B,v2,True,2018-11-21,832.0,851
1,lightgbm,B,v2,True,2018-11-22,718.0,792
1,lightgbm,B,v2,True,2018-11-23,527.0,601
1,lightgbm,B,v2,True,2018-11-26,1077.0,1215
1,lightgbm,B,v2,True,2018-11-27,839.0,859
1,lightgbm,B,v2,True,2018-11-28,862.0,836
1,lightgbm,B,v2,True,2018-11-29,794.0,815
1,lightgbm,B,v2,True,2018-11-30,543.0,617
1,lightgbm,B,v2,True,2018-12-03,1248.0,1306
1,lightgbm,B,v2,True,2018-12-04,911.0,999
1,lightgbm,B,v2,True,2018-12-05,885.0,894
1,lightgbm,B,v2,True,2018-12-06,765.0,846
1,lightgbm,B,v2,True,2018-12-07,674.0,628
1,lightgbm,B,v2,True,2018-12-10,1201.0,1232
1,lightgbm,B,v2,True,2018-12-11,883.0,967
1,lightgbm,B,v2,True,2018-12-12,788.0,914
1,lightgbm,B,v2,True,2018-12-13,765.0,896
1,lightgbm,B,v2,True,2018-12-14,664.0,738
1,lightgbm,B,v2,True,2018-12-17,1170.0,1280
1,lightgbm,B,v2,True,2018-12-18,813.0,959
1,lightgbm,B,v2,True,2018-12-19,710.0,894
1,lightgbm,B,v2,True,2018-12-20,784.0,831
1,lightgbm,B,v2,True,2018-12-21,456.0,856
1,lightgbm,B,v2,True,2018-12-24,296.0,813
1,lightgbm,B,v2,True,2018-12-26,695.0,780
1,lightgbm,B,v2,True,2018-12-27,517.0,783
1,lightgbm,B,v2,True,2018-12-28,491.0,614
1,lightgbm,B,v2,True,2018-12-31,332.0,813
1,lightgbm,B,v2,True,2019-01-02,1201.0,1108
1,lightgbm,B,v2,True,2019-01-03,858.0,961
1,lightgbm,B,v2,True,2019-01-04,668.0,833
1,lightgbm,B,v2,True,2019-01-07,1072.0,1210
1,lightgbm,B,v2,True,2019-01-08,839.0,992
1,lightgbm,B,v2,True,2019-01-09,778.0,1002
1,lightgbm,B,v2,True,2019-01-10,767.0,940
1,lightgbm,B,v2,True,2019-01-11,627.0,766
1,lightgbm,B,v2,True,2019-01-14,1163.0,1262
1,lightgbm,B,v2,True,2019-01-15,963.0,951
1,lightgbm,B,v2,True,2019-01-16,1021.0,1026
1,lightgbm,B,v2,True,2019-01-17,837.0,923
1,lightgbm,B,v2,True,2019-01-18,585.0,656
1,lightgbm,B,v2,True,2019-01-21,1270.0,1256
1,lightgbm,B,v2,True,2019-01-22,889.0,974
1,lightgbm,B,v2,True,2019-01-23,958.0,1002
1,lightgbm,B,v2,True,2019-01-24,827.0,964
1,lightgbm,B,v2,True,2019-01-25,667.0,704
1,lightgbm,B,v2,True,2019-01-28,1140.0,1198
1,lightgbm,B,v2,True,2019-01-29,968.0,937
1,lightgbm,B,v2,True,2019-01-30,679.0,1007
1,lightgbm,B,v2,True,2019-01-31,765.0,942
1,lightgbm,B,v2,True,2019-02-01,804.0,797
1,lightgbm,B,v2,True,2019-02-07,1144.0,979
1,lightgbm,B,v2,True,2019-02-08,970.0,793
1,lightgbm,B,v2,True,2019-02-11,1459.0,1306
1,lightgbm,B,v2,True,2019-02-12,1102.0,1031
1,lightgbm,B,v2,True,2019-02-13,1044.0,1012
1,lightgbm,B,v2,True,2019-02-14,963.0,988
1,lightgbm,B,v2,True,2019-02-15,682.0,699
1,lightgbm,B,v2,True,2019-02-18,1314.0,1270
1,lightgbm,B,v2,True,2019-02-19,1052.0,1022
1,lightgbm,B,v2,True,2019-02-20,1005.0,927
1,lightgbm,B,v2,True,2019-02-21,955.0,842
1,lightgbm,B,v2,True,2019-02-22,631.0,605
1,lightgbm,B,v2,True,2019-02-25,1299.0,1271
1,lightgbm,B,v2,True,2019-02-26,924.0,1002
1,lightgbm,B,v2,True,2019-02-27,944.0,891
1,lightgbm,B,v2,True,2019-02-28,772.0,645
1,lightgbm,B,v2,True,2019-03-04,1274.0,1263
1,lightgbm,C,v1,True,2018-07-12,764.0,802
1,lightgbm,C,v1,True,2018-07-13,585.0,590
1,lightgbm,C,v1,True,2018-07-16,1061.0,1129
1,lightgbm,C,v1,True,2018-07-17,1116.0,866
1,lightgbm,C,v1,True,2018-07-18,839.0,818
1,lightgbm,C,v1,True,2018-07-19,748.0,805
1,lightgbm,C,v1,True,2018-07-20,489.0,589
1,lightgbm,C,v1,True,2018-07-23,991.0,1156
1,lightgbm,C,v1,True,2018-07-24,886.0,936
1,lightgbm,C,v1,True,2018-07-25,760.0,681
1,lightgbm,C,v1,True,2018-07-26,714.0,782
1,lightgbm,C,v1,True,2018-07-27,589.0,674
1,lightgbm,C,v1,True,2018-07-30,944.0,927
1,lightgbm,C,v1,True,2018-07-31,789.0,863
1,lightgbm,C,v1,True,2018-08-01,820.0,729
1,lightgbm,C,v1,True,2018-08-02,631.0,672
1,lightgbm,C,v1,True,2018-08-03,540.0,531
1,lightgbm,C,v1,True,2018-08-06,1092.0,818
1,lightgbm,C,v1,True,2018-08-07,773.0,728
1,lightgbm,C,v1,True,2018-08-08,896.0,701
1,lightgbm,C,v1,True,2018-08-09,821.0,695
1,lightgbm,C,v1,True,2018-08-10,548.0,543
1,lightgbm,C,v1,True,2018-08-13,930.0,804
1,lightgbm,C,v1,True,2018-08-14,772.0,669
1,lightgbm,C,v1,True,2018-08-16,789.0,672
1,lightgbm,C,v1,True,2018-08-17,646.0,535
1,lightgbm,C,v1,True,2018-08-20,1199.0,1196
1,lightgbm,C,v1,True,2018-08-21,972.0,910
1,lightgbm,C,v1,True,2018-08-22,1000.0,858
1,lightgbm,C,v1,True,2018-08-23,835.0,828
1,lightgbm,C,v1,True,2018-08-24,678.0,648
1,lightgbm,C,v1,True,2018-08-27,1221.0,1166
1,lightgbm,C,v1,True,2018-08-28,873.0,937
1,lightgbm,C,v1,True,2018-08-29,915.0,845
1,lightgbm,C,v1,True,2018-08-30,849.0,836
1,lightgbm,C,v1,True,2018-08-31,817.0,656
1,lightgbm,C,v1,True,2018-09-03,1213.0,1138
1,lightgbm,C,v1,True,2018-09-04,938.0,859
1,lightgbm,C,v1,True,2018-09-05,829.0,907
1,lightgbm,C,v1,True,2018-09-06,830.0,779
1,lightgbm,C,v1,True,2018-09-07,581.0,609
1,lightgbm,C,v1,True,2018-09-10,1144.0,1125
1,lightgbm,C,v1,True,2018-09-11,960.0,878
1,lightgbm,C,v1,True,2018-09-12,805.0,843
1,lightgbm,C,v1,True,2018-09-13,882.0,799
1,lightgbm,C,v1,True,2018-09-14,405.0,651
1,lightgbm,C,v1,True,2018-09-17,1189.0,1138
1,lightgbm,C,v1,True,2018-09-18,946.0,855
1,lightgbm,C,v1,True,2018-09-19,833.0,866
1,lightgbm,C,v1,True,2018-09-20,817.0,818
1,lightgbm,C,v1,True,2018-09-21,929.0,613
1,lightgbm,C,v1,True,2018-10-08,895.0,979
1,lightgbm,C,v1,True,2018-10-10,1319.0,1003
1,lightgbm,C,v1,True,2018-10-11,1211.0,931
1,lightgbm,C,v1,True,2018-10-12,622.0,645
1,lightgbm,C,v1,True,2018-10-15,1235.0,1056
1,lightgbm,C,v1,True,2018-10-16,928.0,827
1,lightgbm,C,v1,True,2018-10-17,761.0,801
1,lightgbm,C,v1,True,2018-10-18,857.0,755
1,lightgbm,C,v1,True,2018-10-19,627.0,595
1,lightgbm,C,v1,True,2018-10-22,1176.0,1018
1,lightgbm,C,v1,True,2018-10-23,902.0,849
1,lightgbm,C,v1,True,2018-10-24,777.0,827
1,lightgbm,C,v1,True,2018-10-25,722.0,777
1,lightgbm,C,v1,True,2018-10-26,528.0,572
1,lightgbm,C,v1,True,2018-10-29,1156.0,1008
1,lightgbm,C,v1,True,2018-10-30,932.0,844
1,lightgbm,C,v1,True,2018-10-31,930.0,826
1,lightgbm,C,v1,True,2018-11-01,703.0,781
1,lightgbm,C,v1,True,2018-11-05,1088.0,1146
1,lightgbm,C,v1,True,2018-11-06,813.0,871
1,lightgbm,C,v1,True,2018-11-07,860.0,818
1,lightgbm,C,v1,True,2018-11-08,926.0,777
1,lightgbm,C,v1,True,2018-11-09,496.0,578
1,lightgbm,C,v1,True,2018-11-12,1154.0,1177
1,lightgbm,C,v1,True,2018-11-13,783.0,845
1,lightgbm,C,v1,True,2018-11-14,800.0,886
1,lightgbm,C,v1,True,2018-11-15,747.0,777
1,lightgbm,C,v1,True,2018-11-16,616.0,638
1,lightgbm,C,v1,True,2018-11-19,1124.0,1167
1,lightgbm,C,v1,True,2018-11-20,740.0,824
1,lightgbm,C,v1,True,2018-11-21,832.0,868
1,lightgbm,C,v1,True,2018-11-22,718.0,795
1,lightgbm,C,v1,True,2018-11-23,527.0,610
1,lightgbm,C,v1,True,2018-11-26,1077.0,1214
1,lightgbm,C,v1,True,2018-11-27,839.0,876
1,lightgbm,C,v1,True,2018-11-28,862.0,848
1,lightgbm,C,v1,True,2018-11-29,794.0,825
1,lightgbm,C,v1,True,2018-11-30,543.0,630
1,lightgbm,C,v1,True,2018-12-03,1248.0,1307
1,lightgbm,C,v1,True,2018-12-04,911.0,996
1,lightgbm,C,v1,True,2018-12-05,885.0,889
1,lightgbm,C,v1,True,2018-12-06,765.0,852
1,lightgbm,C,v1,True,2018-12-07,674.0,654
1,lightgbm,C,v1,True,2018-12-10,1201.0,1231
1,lightgbm,C,v1,True,2018-12-11,883.0,966
1,lightgbm,C,v1,True,2018-12-12,788.0,863
1,lightgbm,C,v1,True,2018-12-13,765.0,908
1,lightgbm,C,v1,True,2018-12-14,664.0,719
1,lightgbm,C,v1,True,2018-12-17,1170.0,1272
1,lightgbm,C,v1,True,2018-12-18,813.0,968
1,lightgbm,C,v1,True,2018-12-19,710.0,875
1,lightgbm,C,v1,True,2018-12-20,784.0,837
1,lightgbm,C,v1,True,2018-12-21,456.0,867
1,lightgbm,C,v1,True,2018-12-24,296.0,813
1,lightgbm,C,v1,True,2018-12-26,695.0,757
1,lightgbm,C,v1,True,2018-12-27,517.0,804
1,lightgbm,C,v1,True,2018-12-28,491.0,615
1,lightgbm,C,v1,True,2018-12-31,332.0,813
1,lightgbm,C,v1,True,2019-01-02,1201.0,1152
1,lightgbm,C,v1,True,2019-01-03,858.0,1001
1,lightgbm,C,v1,True,2019-01-04,668.0,810
1,lightgbm,C,v1,True,2019-01-07,1072.0,1227
1,lightgbm,C,v1,True,2019-01-08,839.0,980
1,lightgbm,C,v1,True,2019-01-09,778.0,1017
1,lightgbm,C,v1,True,2019-01-10,767.0,934
1,lightgbm,C,v1,True,2019-01-11,627.0,756
1,lightgbm,C,v1,True,2019-01-14,1163.0,1281
1,lightgbm,C,v1,True,2019-01-15,963.0,958
1,lightgbm,C,v1,True,2019-01-16,1021.0,1019
1,lightgbm,C,v1,True,2019-01-17,837.0,923
1,lightgbm,C,v1,True,2019-01-18,585.0,661
1,lightgbm,C,v1,True,2019-01-21,1270.0,1255
1,lightgbm,C,v1,True,2019-01-22,889.0,970
1,lightgbm,C,v1,True,2019-01-23,958.0,951
1,lightgbm,C,v1,True,2019-01-24,827.0,945
1,lightgbm,C,v1,True,2019-01-25,667.0,702
1,lightgbm,C,v1,True,2019-01-28,1140.0,1215
1,lightgbm,C,v1,True,2019-01-29,968.0,944
1,lightgbm,C,v1,True,2019-01-30,679.0,1015
1,lightgbm,C,v1,True,2019-01-31,765.0,938
1,lightgbm,C,v1,True,2019-02-01,804.0,827
1,lightgbm,C,v1,True,2019-02-07,1144.0,1014
1,lightgbm,C,v1,True,2019-02-08,970.0,764
1,lightgbm,C,v1,True,2019-02-11,1459.0,1320
1,lightgbm,C,v1,True,2019-02-12,1102.0,1021
1,lightgbm,C,v1,True,2019-02-13,1044.0,1026
1,lightgbm,C,v1,True,2019-02-14,963.0,965
1,lightgbm,C,v1,True,2019-02-15,682.0,689
1,lightgbm,C,v1,True,2019-02-18,1314.0,1268
1,lightgbm,C,v1,True,2019-02-19,1052.0,1004
1,lightgbm,C,v1,True,2019-02-20,1005.0,920
1,lightgbm,C,v1,True,2019-02-21,955.0,840
1,lightgbm,C,v1,True,2019-02-22,631.0,609
1,lightgbm,C,v1,True,2019-02-25,1299.0,1260
1,lightgbm,C,v1,True,2019-02-26,924.0,975
1,lightgbm,C,v1,True,2019-02-27,944.0,904
1,lightgbm,C,v1,True,2019-02-28,772.0,662
1,lightgbm,C,v1,True,2019-03-04,1274.0,1249
1,lightgbm,C,v2,True,2018-07-12,764.0,793
1,lightgbm,C,v2,True,2018-07-13,585.0,599
1,lightgbm,C,v2,True,2018-07-16,1061.0,1128
1,lightgbm,C,v2,True,2018-07-17,1116.0,863
1,lightgbm,C,v2,True,2018-07-18,839.0,814
1,lightgbm,C,v2,True,2018-07-19,748.0,802
1,lightgbm,C,v2,True,2018-07-20,489.0,597
1,lightgbm,C,v2,True,2018-07-23,991.0,1149
1,lightgbm,C,v2,True,2018-07-24,886.0,921
1,lightgbm,C,v2,True,2018-07-25,760.0,680
1,lightgbm,C,v2,True,2018-07-26,714.0,793
1,lightgbm,C,v2,True,2018-07-27,589.0,676
1,lightgbm,C,v2,True,2018-07-30,944.0,932
1,lightgbm,C,v2,True,2018-07-31,789.0,879
1,lightgbm,C,v2,True,2018-08-01,820.0,710
1,lightgbm,C,v2,True,2018-08-02,631.0,668
1,lightgbm,C,v2,True,2018-08-03,540.0,535
1,lightgbm,C,v2,True,2018-08-06,1092.0,814
1,lightgbm,C,v2,True,2018-08-07,773.0,723
1,lightgbm,C,v2,True,2018-08-08,896.0,692
1,lightgbm,C,v2,True,2018-08-09,821.0,711
1,lightgbm,C,v2,True,2018-08-10,548.0,549
1,lightgbm,C,v2,True,2018-08-13,930.0,798
1,lightgbm,C,v2,True,2018-08-14,772.0,652
1,lightgbm,C,v2,True,2018-08-16,789.0,668
1,lightgbm,C,v2,True,2018-08-17,646.0,537
1,lightgbm,C,v2,True,2018-08-20,1199.0,1181
1,lightgbm,C,v2,True,2018-08-21,972.0,915
1,lightgbm,C,v2,True,2018-08-22,1000.0,845
1,lightgbm,C,v2,True,2018-08-23,835.0,834
1,lightgbm,C,v2,True,2018-08-24,678.0,644
1,lightgbm,C,v2,True,2018-08-27,1221.0,1167
1,lightgbm,C,v2,True,2018-08-28,873.0,948
1,lightgbm,C,v2,True,2018-08-29,915.0,835
1,lightgbm,C,v2,True,2018-08-30,849.0,837
1,lightgbm,C,v2,True,2018-08-31,817.0,651
1,lightgbm,C,v2,True,2018-09-03,1213.0,1144
1,lightgbm,C,v2,True,2018-09-04,938.0,851
1,lightgbm,C,v2,True,2018-09-05,829.0,897
1,lightgbm,C,v2,True,2018-09-06,830.0,789
1,lightgbm,C,v2,True,2018-09-07,581.0,613
1,lightgbm,C,v2,True,2018-09-10,1144.0,1124
1,lightgbm,C,v2,True,2018-09-11,960.0,878
1,lightgbm,C,v2,True,2018-09-12,805.0,846
1,lightgbm,C,v2,True,2018-09-13,882.0,801
1,lightgbm,C,v2,True,2018-09-14,405.0,655
1,lightgbm,C,v2,True,2018-09-17,1189.0,1133
1,lightgbm,C,v2,True,2018-09-18,946.0,842
1,lightgbm,C,v2,True,2018-09-19,833.0,871
1,lightgbm,C,v2,True,2018-09-20,817.0,811
1,lightgbm,C,v2,True,2018-09-21,929.0,621
1,lightgbm,C,v2,True,2018-10-08,895.0,963
1,lightgbm,C,v2,True,2018-10-10,1319.0,1016
1,lightgbm,C,v2,True,2018-10-11,1211.0,916
1,lightgbm,C,v2,True,2018-10-12,622.0,646
1,lightgbm,C,v2,True,2018-10-15,1235.0,1065
1,lightgbm,C,v2,True,2018-10-16,928.0,837
1,lightgbm,C,v2,True,2018-10-17,761.0,811
1,lightgbm,C,v2,True,2018-10-18,857.0,756
1,lightgbm,C,v2,True,2018-10-19,627.0,600
1,lightgbm,C,v2,True,2018-10-22,1176.0,1018
1,lightgbm,C,v2,True,2018-10-23,902.0,842
1,lightgbm,C,v2,True,2018-10-24,777.0,824
1,lightgbm,C,v2,True,2018-10-25,722.0,775
1,lightgbm,C,v2,True,2018-10-26,528.0,579
1,lightgbm,C,v2,True,2018-10-29,1156.0,999
1,lightgbm,C,v2,True,2018-10-30,932.0,843
1,lightgbm,C,v2,True,2018-10-31,930.0,823
1,lightgbm,C,v2,True,2018-11-01,703.0,778
1,lightgbm,C,v2,True,2018-11-05,1088.0,1138
1,lightgbm,C,v2,True,2018-11-06,813.0,863
1,lightgbm,C,v2,True,2018-11-07,860.0,831
1,lightgbm,C,v2,True,2018-11-08,926.0,781
1,lightgbm,C,v2,True,2018-11-09,496.0,585
1,lightgbm,C,v2,True,2018-11-12,1154.0,1188
1,lightgbm,C,v2,True,2018-11-13,783.0,841
1,lightgbm,C,v2,True,2018-11-14,800.0,877
1,lightgbm,C,v2,True,2018-11-15,747.0,791
1,lightgbm,C,v2,True,2018-11-16,616.0,640
1,lightgbm,C,v2,True,2018-11-19,1124.0,1181
1,lightgbm,C,v2,True,2018-11-20,740.0,833
1,lightgbm,C,v2,True,2018-11-21,832.0,871
1,lightgbm,C,v2,True,2018-11-22,718.0,796
1,lightgbm,C,v2,True,2018-11-23,527.0,615
1,lightgbm,C,v2,True,2018-11-26,1077.0,1207
1,lightgbm,C,v2,True,2018-11-27,839.0,882
1,lightgbm,C,v2,True,2018-11-28,862.0,854
1,lightgbm,C,v2,True,2018-11-29,794.0,832
1,lightgbm,C,v2,True,2018-11-30,543.0,640
1,lightgbm,C,v2,True,2018-12-03,1248.0,1299
1,lightgbm,C,v2,True,2018-12-04,911.0,988
1,lightgbm,C,v2,True,2018-12-05,885.0,872
1,lightgbm,C,v2,True,2018-12-06,765.0,868
1,lightgbm,C,v2,True,2018-12-07,674.0,651
1,lightgbm,C,v2,True,2018-12-10,1201.0,1228
1,lightgbm,C,v2,True,2018-12-11,883.0,969
1,lightgbm,C,v2,True,2018-12-12,788.0,866
1,lightgbm,C,v2,True,2018-12-13,765.0,917
1,lightgbm,C,v2,True,2018-12-14,664.0,717
1,lightgbm,C,v2,True,2018-12-17,1170.0,1278
1,lightgbm,C,v2,True,2018-12-18,813.0,965
1,lightgbm,C,v2,True,2018-12-19,710.0,860
1,lightgbm,C,v2,True,2018-12-20,784.0,837
1,lightgbm,C,v2,True,2018-12-21,456.0,861
1,lightgbm,C,v2,True,2018-12-24,296.0,804
1,lightgbm,C,v2,True,2018-12-26,695.0,754
1,lightgbm,C,v2,True,2018-12-27,517.0,794
1,lightgbm,C,v2,True,2018-12-28,491.0,608
1,lightgbm,C,v2,True,2018-12-31,332.0,804
1,lightgbm,C,v2,True,2019-01-02,1201.0,1120
1,lightgbm,C,v2,True,2019-01-03,858.0,1005
1,lightgbm,C,v2,True,2019-01-04,668.0,818
1,lightgbm,C,v2,True,2019-01-07,1072.0,1225
1,lightgbm,C,v2,True,2019-01-08,839.0,976
1,lightgbm,C,v2,True,2019-01-09,778.0,1014
1,lightgbm,C,v2,True,2019-01-10,767.0,930
1,lightgbm,C,v2,True,2019-01-11,627.0,748
1,lightgbm,C,v2,True,2019-01-14,1163.0,1269
1,lightgbm,C,v2,True,2019-01-15,963.0,941
1,lightgbm,C,v2,True,2019-01-16,1021.0,1017
1,lightgbm,C,v2,True,2019-01-17,837.0,919
1,lightgbm,C,v2,True,2019-01-18,585.0,659
1,lightgbm,C,v2,True,2019-01-21,1270.0,1258
1,lightgbm,C,v2,True,2019-01-22,889.0,978
1,lightgbm,C,v2,True,2019-01-23,958.0,961
1,lightgbm,C,v2,True,2019-01-24,827.0,941
1,lightgbm,C,v2,True,2019-01-25,667.0,703
1,lightgbm,C,v2,True,2019-01-28,1140.0,1208
1,lightgbm,C,v2,True,2019-01-29,968.0,932
1,lightgbm,C,v2,True,2019-01-30,679.0,1009
1,lightgbm,C,v2,True,2019-01-31,765.0,936
1,lightgbm,C,v2,True,2019-02-01,804.0,814
1,lightgbm,C,v2,True,2019-02-07,1144.0,1010
1,lightgbm,C,v2,True,2019-02-08,970.0,750
1,lightgbm,C,v2,True,2019-02-11,1459.0,1313
1,lightgbm,C,v2,True,2019-02-12,1102.0,1022
1,lightgbm,C,v2,True,2019-02-13,1044.0,1019
1,lightgbm,C,v2,True,2019-02-14,963.0,977
1,lightgbm,C,v2,True,2019-02-15,682.0,682
1,lightgbm,C,v2,True,2019-02-18,1314.0,1263
1,lightgbm,C,v2,True,2019-02-19,1052.0,1011
1,lightgbm,C,v2,True,2019-02-20,1005.0,918
1,lightgbm,C,v2,True,2019-02-21,955.0,857
1,lightgbm,C,v2,True,2019-02-22,631.0,605
1,lightgbm,C,v2,True,2019-02-25,1299.0,1259
1,lightgbm,C,v2,True,2019-02-26,924.0,981
1,lightgbm,C,v2,True,2019-02-27,944.0,901
1,lightgbm,C,v2,True,2019-02-28,772.0,662
1,lightgbm,C,v2,True,2019-03-04,1274.0,1249
1,lightgbm,D,v1,True,2018-07-12,764.0,776
1,lightgbm,D,v1,True,2018-07-13,585.0,651
1,lightgbm,D,v1,True,2018-07-16,1061.0,1083
1,lightgbm,D,v1,True,2018-07-17,1116.0,865
1,lightgbm,D,v1,True,2018-07-18,839.0,876
1,lightgbm,D,v1,True,2018-07-19,748.0,779
1,lightgbm,D,v1,True,2018-07-20,489.0,691
1,lightgbm,D,v1,True,2018-07-23,991.0,1120
1,lightgbm,D,v1,True,2018-07-24,886.0,928
1,lightgbm,D,v1,True,2018-07-25,760.0,772
1,lightgbm,D,v1,True,2018-07-26,714.0,840
1,lightgbm,D,v1,True,2018-07-27,589.0,742
1,lightgbm,D,v1,True,2018-07-30,944.0,1033
1,lightgbm,D,v1,True,2018-07-31,789.0,892
1,lightgbm,D,v1,True,2018-08-01,820.0,752
1,lightgbm,D,v1,True,2018-08-02,631.0,715
1,lightgbm,D,v1,True,2018-08-03,540.0,628
1,lightgbm,D,v1,True,2018-08-06,1092.0,849
1,lightgbm,D,v1,True,2018-08-07,773.0,830
1,lightgbm,D,v1,True,2018-08-08,896.0,741
1,lightgbm,D,v1,True,2018-08-09,821.0,717
1,lightgbm,D,v1,True,2018-08-10,548.0,628
1,lightgbm,D,v1,True,2018-08-13,930.0,844
1,lightgbm,D,v1,True,2018-08-14,772.0,741
1,lightgbm,D,v1,True,2018-08-16,789.0,722
1,lightgbm,D,v1,True,2018-08-17,646.0,602
1,lightgbm,D,v1,True,2018-08-20,1199.0,1184
1,lightgbm,D,v1,True,2018-08-21,972.0,930
1,lightgbm,D,v1,True,2018-08-22,1000.0,865
1,lightgbm,D,v1,True,2018-08-23,835.0,794
1,lightgbm,D,v1,True,2018-08-24,678.0,660
1,lightgbm,D,v1,True,2018-08-27,1221.0,1163
1,lightgbm,D,v1,True,2018-08-28,873.0,939
1,lightgbm,D,v1,True,2018-08-29,915.0,846
1,lightgbm,D,v1,True,2018-08-30,849.0,815
1,lightgbm,D,v1,True,2018-08-31,817.0,664
1,lightgbm,D,v1,True,2018-09-03,1213.0,1142
1,lightgbm,D,v1,True,2018-09-04,938.0,890
1,lightgbm,D,v1,True,2018-09-05,829.0,902
1,lightgbm,D,v1,True,2018-09-06,830.0,814
1,lightgbm,D,v1,True,2018-09-07,581.0,622
1,lightgbm,D,v1,True,2018-09-10,1144.0,1154
1,lightgbm,D,v1,True,2018-09-11,960.0,899
1,lightgbm,D,v1,True,2018-09-12,805.0,876
1,lightgbm,D,v1,True,2018-09-13,882.0,822
1,lightgbm,D,v1,True,2018-09-14,405.0,649
1,lightgbm,D,v1,True,2018-09-17,1189.0,1140
1,lightgbm,D,v1,True,2018-09-18,946.0,886
1,lightgbm,D,v1,True,2018-09-19,833.0,883
1,lightgbm,D,v1,True,2018-09-20,817.0,841
1,lightgbm,D,v1,True,2018-09-21,929.0,640
1,lightgbm,D,v1,True,2018-10-08,895.0,959
1,lightgbm,D,v1,True,2018-10-10,1319.0,1051
1,lightgbm,D,v1,True,2018-10-11,1211.0,985
1,lightgbm,D,v1,True,2018-10-12,622.0,643
1,lightgbm,D,v1,True,2018-10-15,1235.0,1047
1,lightgbm,D,v1,True,2018-10-16,928.0,866
1,lightgbm,D,v1,True,2018-10-17,761.0,821
1,lightgbm,D,v1,True,2018-10-18,857.0,764
1,lightgbm,D,v1,True,2018-10-19,627.0,621
1,lightgbm,D,v1,True,2018-10-22,1176.0,1009
1,lightgbm,D,v1,True,2018-10-23,902.0,870
1,lightgbm,D,v1,True,2018-10-24,777.0,826
1,lightgbm,D,v1,True,2018-10-25,722.0,786
1,lightgbm,D,v1,True,2018-10-26,528.0,562
1,lightgbm,D,v1,True,2018-10-29,1156.0,1035
1,lightgbm,D,v1,True,2018-10-30,932.0,878
1,lightgbm,D,v1,True,2018-10-31,930.0,898
1,lightgbm,D,v1,True,2018-11-01,703.0,854
1,lightgbm,D,v1,True,2018-11-05,1088.0,1170
1,lightgbm,D,v1,True,2018-11-06,813.0,937
1,lightgbm,D,v1,True,2018-11-07,860.0,873
1,lightgbm,D,v1,True,2018-11-08,926.0,847
1,lightgbm,D,v1,True,2018-11-09,496.0,632
1,lightgbm,D,v1,True,2018-11-12,1154.0,1235
1,lightgbm,D,v1,True,2018-11-13,783.0,889
1,lightgbm,D,v1,True,2018-11-14,800.0,923
1,lightgbm,D,v1,True,2018-11-15,747.0,824
1,lightgbm,D,v1,True,2018-11-16,616.0,645
1,lightgbm,D,v1,True,2018-11-19,1124.0,1202
1,lightgbm,D,v1,True,2018-11-20,740.0,914
1,lightgbm,D,v1,True,2018-11-21,832.0,893
1,lightgbm,D,v1,True,2018-11-22,718.0,884
1,lightgbm,D,v1,True,2018-11-23,527.0,639
1,lightgbm,D,v1,True,2018-11-26,1077.0,1247
1,lightgbm,D,v1,True,2018-11-27,839.0,942
1,lightgbm,D,v1,True,2018-11-28,862.0,888
1,lightgbm,D,v1,True,2018-11-29,794.0,876
1,lightgbm,D,v1,True,2018-11-30,543.0,698
1,lightgbm,D,v1,True,2018-12-03,1248.0,1286
1,lightgbm,D,v1,True,2018-12-04,911.0,1041
1,lightgbm,D,v1,True,2018-12-05,885.0,877
1,lightgbm,D,v1,True,2018-12-06,765.0,951
1,lightgbm,D,v1,True,2018-12-07,674.0,731
1,lightgbm,D,v1,True,2018-12-10,1201.0,1299
1,lightgbm,D,v1,True,2018-12-11,883.0,1023
1,lightgbm,D,v1,True,2018-12-12,788.0,955
1,lightgbm,D,v1,True,2018-12-13,765.0,1000
1,lightgbm,D,v1,True,2018-12-14,664.0,740
1,lightgbm,D,v1,True,2018-12-17,1170.0,1292
1,lightgbm,D,v1,True,2018-12-18,813.0,960
1,lightgbm,D,v1,True,2018-12-19,710.0,943
1,lightgbm,D,v1,True,2018-12-20,784.0,916
1,lightgbm,D,v1,True,2018-12-21,456.0,908
1,lightgbm,D,v1,True,2018-12-24,296.0,787
1,lightgbm,D,v1,True,2018-12-26,695.0,757
1,lightgbm,D,v1,True,2018-12-27,517.0,792
1,lightgbm,D,v1,True,2018-12-28,491.0,604
1,lightgbm,D,v1,True,2018-12-31,332.0,887
1,lightgbm,D,v1,True,2019-01-02,1201.0,1101
1,lightgbm,D,v1,True,2019-01-03,858.0,1010
1,lightgbm,D,v1,True,2019-01-04,668.0,785
1,lightgbm,D,v1,True,2019-01-07,1072.0,1284
1,lightgbm,D,v1,True,2019-01-08,839.0,990
1,lightgbm,D,v1,True,2019-01-09,778.0,994
1,lightgbm,D,v1,True,2019-01-10,767.0,1025
1,lightgbm,D,v1,True,2019-01-11,627.0,737
1,lightgbm,D,v1,True,2019-01-14,1163.0,1278
1,lightgbm,D,v1,True,2019-01-15,963.0,1058
1,lightgbm,D,v1,True,2019-01-16,1021.0,971
1,lightgbm,D,v1,True,2019-01-17,837.0,985
1,lightgbm,D,v1,True,2019-01-18,585.0,632
1,lightgbm,D,v1,True,2019-01-21,1270.0,1240
1,lightgbm,D,v1,True,2019-01-22,889.0,953
1,lightgbm,D,v1,True,2019-01-23,958.0,915
1,lightgbm,D,v1,True,2019-01-24,827.0,972
1,lightgbm,D,v1,True,2019-01-25,667.0,710
1,lightgbm,D,v1,True,2019-01-28,1140.0,1228
1,lightgbm,D,v1,True,2019-01-29,968.0,1044
1,lightgbm,D,v1,True,2019-01-30,679.0,949
1,lightgbm,D,v1,True,2019-01-31,765.0,1018
1,lightgbm,D,v1,True,2019-02-01,804.0,832
1,lightgbm,D,v1,True,2019-02-07,1144.0,1019
1,lightgbm,D,v1,True,2019-02-08,970.0,707
1,lightgbm,D,v1,True,2019-02-11,1459.0,1356
1,lightgbm,D,v1,True,2019-02-12,1102.0,1049
1,lightgbm,D,v1,True,2019-02-13,1044.0,960
1,lightgbm,D,v1,True,2019-02-14,963.0,983
1,lightgbm,D,v1,True,2019-02-15,682.0,744
1,lightgbm,D,v1,True,2019-02-18,1314.0,1313
1,lightgbm,D,v1,True,2019-02-19,1052.0,1022
1,lightgbm,D,v1,True,2019-02-20,1005.0,954
1,lightgbm,D,v1,True,2019-02-21,955.0,894
1,lightgbm,D,v1,True,2019-02-22,631.0,653
1,lightgbm,D,v1,True,2019-02-25,1299.0,1279
1,lightgbm,D,v1,True,2019-02-26,924.0,996
1,lightgbm,D,v1,True,2019-02-27,944.0,926
1,lightgbm,D,v1,True,2019-02-28,772.0,676
1,lightgbm,D,v1,True,2019-03-04,1274.0,1242
1,lightgbm,D,v2,True,2018-07-12,764.0,766
1,lightgbm,D,v2,True,2018-07-13,585.0,641
1,lightgbm,D,v2,True,2018-07-16,1061.0,1080
1,lightgbm,D,v2,True,2018-07-17,1116.0,857
1,lightgbm,D,v2,True,2018-07-18,839.0,866
1,lightgbm,D,v2,True,2018-07-19,748.0,783
1,lightgbm,D,v2,True,2018-07-20,489.0,691
1,lightgbm,D,v2,True,2018-07-23,991.0,1125
1,lightgbm,D,v2,True,2018-07-24,886.0,935
1,lightgbm,D,v2,True,2018-07-25,760.0,779
1,lightgbm,D,v2,True,2018-07-26,714.0,830
1,lightgbm,D,v2,True,2018-07-27,589.0,742
1,lightgbm,D,v2,True,2018-07-30,944.0,1024
1,lightgbm,D,v2,True,2018-07-31,789.0,901
1,lightgbm,D,v2,True,2018-08-01,820.0,751
1,lightgbm,D,v2,True,2018-08-02,631.0,724
1,lightgbm,D,v2,True,2018-08-03,540.0,624
1,lightgbm,D,v2,True,2018-08-06,1092.0,850
1,lightgbm,D,v2,True,2018-08-07,773.0,824
1,lightgbm,D,v2,True,2018-08-08,896.0,737
1,lightgbm,D,v2,True,2018-08-09,821.0,718
1,lightgbm,D,v2,True,2018-08-10,548.0,628
1,lightgbm,D,v2,True,2018-08-13,930.0,836
1,lightgbm,D,v2,True,2018-08-14,772.0,747
1,lightgbm,D,v2,True,2018-08-16,789.0,727
1,lightgbm,D,v2,True,2018-08-17,646.0,600
1,lightgbm,D,v2,True,2018-08-20,1199.0,1184
1,lightgbm,D,v2,True,2018-08-21,972.0,936
1,lightgbm,D,v2,True,2018-08-22,1000.0,868
1,lightgbm,D,v2,True,2018-08-23,835.0,796
1,lightgbm,D,v2,True,2018-08-24,678.0,670
1,lightgbm,D,v2,True,2018-08-27,1221.0,1162
1,lightgbm,D,v2,True,2018-08-28,873.0,937
1,lightgbm,D,v2,True,2018-08-29,915.0,839
1,lightgbm,D,v2,True,2018-08-30,849.0,799
1,lightgbm,D,v2,True,2018-08-31,817.0,669
1,lightgbm,D,v2,True,2018-09-03,1213.0,1140
1,lightgbm,D,v2,True,2018-09-04,938.0,883
1,lightgbm,D,v2,True,2018-09-05,829.0,899
1,lightgbm,D,v2,True,2018-09-06,830.0,804
1,lightgbm,D,v2,True,2018-09-07,581.0,625
1,lightgbm,D,v2,True,2018-09-10,1144.0,1152
1,lightgbm,D,v2,True,2018-09-11,960.0,899
1,lightgbm,D,v2,True,2018-09-12,805.0,878
1,lightgbm,D,v2,True,2018-09-13,882.0,817
1,lightgbm,D,v2,True,2018-09-14,405.0,667
1,lightgbm,D,v2,True,2018-09-17,1189.0,1139
1,lightgbm,D,v2,True,2018-09-18,946.0,880
1,lightgbm,D,v2,True,2018-09-19,833.0,878
1,lightgbm,D,v2,True,2018-09-20,817.0,836
1,lightgbm,D,v2,True,2018-09-21,929.0,651
1,lightgbm,D,v2,True,2018-10-08,895.0,951
1,lightgbm,D,v2,True,2018-10-10,1319.0,1049
1,lightgbm,D,v2,True,2018-10-11,1211.0,987
1,lightgbm,D,v2,True,2018-10-12,622.0,653
1,lightgbm,D,v2,True,2018-10-15,1235.0,1050
1,lightgbm,D,v2,True,2018-10-16,928.0,867
1,lightgbm,D,v2,True,2018-10-17,761.0,829
1,lightgbm,D,v2,True,2018-10-18,857.0,776
1,lightgbm,D,v2,True,2018-10-19,627.0,626
1,lightgbm,D,v2,True,2018-10-22,1176.0,1023
1,lightgbm,D,v2,True,2018-10-23,902.0,880
1,lightgbm,D,v2,True,2018-10-24,777.0,831
1,lightgbm,D,v2,True,2018-10-25,722.0,796
1,lightgbm,D,v2,True,2018-10-26,528.0,577
1,lightgbm,D,v2,True,2018-10-29,1156.0,1037
1,lightgbm,D,v2,True,2018-10-30,932.0,884
1,lightgbm,D,v2,True,2018-10-31,930.0,903
1,lightgbm,D,v2,True,2018-11-01,703.0,866
1,lightgbm,D,v2,True,2018-11-05,1088.0,1186
1,lightgbm,D,v2,True,2018-11-06,813.0,947
1,lightgbm,D,v2,True,2018-11-07,860.0,882
1,lightgbm,D,v2,True,2018-11-08,926.0,846
1,lightgbm,D,v2,True,2018-11-09,496.0,630
1,lightgbm,D,v2,True,2018-11-12,1154.0,1235
1,lightgbm,D,v2,True,2018-11-13,783.0,895
1,lightgbm,D,v2,True,2018-11-14,800.0,937
1,lightgbm,D,v2,True,2018-11-15,747.0,830
1,lightgbm,D,v2,True,2018-11-16,616.0,652
1,lightgbm,D,v2,True,2018-11-19,1124.0,1212
1,lightgbm,D,v2,True,2018-11-20,740.0,912
1,lightgbm,D,v2,True,2018-11-21,832.0,896
1,lightgbm,D,v2,True,2018-11-22,718.0,893
1,lightgbm,D,v2,True,2018-11-23,527.0,645
1,lightgbm,D,v2,True,2018-11-26,1077.0,1254
1,lightgbm,D,v2,True,2018-11-27,839.0,951
1,lightgbm,D,v2,True,2018-11-28,862.0,894
1,lightgbm,D,v2,True,2018-11-29,794.0,880
1,lightgbm,D,v2,True,2018-11-30,543.0,707
1,lightgbm,D,v2,True,2018-12-03,1248.0,1294
1,lightgbm,D,v2,True,2018-12-04,911.0,1029
1,lightgbm,D,v2,True,2018-12-05,885.0,892
1,lightgbm,D,v2,True,2018-12-06,765.0,945
1,lightgbm,D,v2,True,2018-12-07,674.0,735
1,lightgbm,D,v2,True,2018-12-10,1201.0,1301
1,lightgbm,D,v2,True,2018-12-11,883.0,1026
1,lightgbm,D,v2,True,2018-12-12,788.0,957
1,lightgbm,D,v2,True,2018-12-13,765.0,991
1,lightgbm,D,v2,True,2018-12-14,664.0,745
1,lightgbm,D,v2,True,2018-12-17,1170.0,1295
1,lightgbm,D,v2,True,2018-12-18,813.0,956
1,lightgbm,D,v2,True,2018-12-19,710.0,954
1,lightgbm,D,v2,True,2018-12-20,784.0,905
1,lightgbm,D,v2,True,2018-12-21,456.0,898
1,lightgbm,D,v2,True,2018-12-24,296.0,793
1,lightgbm,D,v2,True,2018-12-26,695.0,780
1,lightgbm,D,v2,True,2018-12-27,517.0,802
1,lightgbm,D,v2,True,2018-12-28,491.0,607
1,lightgbm,D,v2,True,2018-12-31,332.0,879
1,lightgbm,D,v2,True,2019-01-02,1201.0,1105
1,lightgbm,D,v2,True,2019-01-03,858.0,1011
1,lightgbm,D,v2,True,2019-01-04,668.0,797
1,lightgbm,D,v2,True,2019-01-07,1072.0,1294
1,lightgbm,D,v2,True,2019-01-08,839.0,991
1,lightgbm,D,v2,True,2019-01-09,778.0,1008
1,lightgbm,D,v2,True,2019-01-10,767.0,1014
1,lightgbm,D,v2,True,2019-01-11,627.0,741
1,lightgbm,D,v2,True,2019-01-14,1163.0,1287
1,lightgbm,D,v2,True,2019-01-15,963.0,1068
1,lightgbm,D,v2,True,2019-01-16,1021.0,964
1,lightgbm,D,v2,True,2019-01-17,837.0,982
1,lightgbm,D,v2,True,2019-01-18,585.0,641
1,lightgbm,D,v2,True,2019-01-21,1270.0,1237
1,lightgbm,D,v2,True,2019-01-22,889.0,951
1,lightgbm,D,v2,True,2019-01-23,958.0,938
1,lightgbm,D,v2,True,2019-01-24,827.0,968
1,lightgbm,D,v2,True,2019-01-25,667.0,719
1,lightgbm,D,v2,True,2019-01-28,1140.0,1229
1,lightgbm,D,v2,True,2019-01-29,968.0,1054
1,lightgbm,D,v2,True,2019-01-30,679.0,952
1,lightgbm,D,v2,True,2019-01-31,765.0,1013
1,lightgbm,D,v2,True,2019-02-01,804.0,836
1,lightgbm,D,v2,True,2019-02-07,1144.0,1018
1,lightgbm,D,v2,True,2019-02-08,970.0,725
1,lightgbm,D,v2,True,2019-02-11,1459.0,1357
1,lightgbm,D,v2,True,2019-02-12,1102.0,1038
1,lightgbm,D,v2,True,2019-02-13,1044.0,959
1,lightgbm,D,v2,True,2019-02-14,963.0,979
1,lightgbm,D,v2,True,2019-02-15,682.0,751
1,lightgbm,D,v2,True,2019-02-18,1314.0,1317
1,lightgbm,D,v2,True,2019-02-19,1052.0,1019
1,lightgbm,D,v2,True,2019-02-20,1005.0,963
1,lightgbm,D,v2,True,2019-02-21,955.0,902
1,lightgbm,D,v2,True,2019-02-22,631.0,661
1,lightgbm,D,v2,True,2019-02-25,1299.0,1276
1,lightgbm,D,v2,True,2019-02-26,924.0,1000
1,lightgbm,D,v2,True,2019-02-27,944.0,927
1,lightgbm,D,v2,True,2019-02-28,772.0,673
1,lightgbm,D,v2,True,2019-03-04,1274.0,1245
1,xgboost,A,v2,True,2018-07-12,764.0,788
1,xgboost,A,v2,True,2018-07-13,585.0,577
1,xgboost,A,v2,True,2018-07-16,1061.0,1062
1,xgboost,A,v2,True,2018-07-17,1116.0,846
1,xgboost,A,v2,True,2018-07-18,839.0,819
1,xgboost,A,v2,True,2018-07-19,748.0,792
1,xgboost,A,v2,True,2018-07-20,489.0,583
1,xgboost,A,v2,True,2018-07-23,991.0,1005
1,xgboost,A,v2,True,2018-07-24,886.0,1099
1,xgboost,A,v2,True,2018-07-25,760.0,677
1,xgboost,A,v2,True,2018-07-26,714.0,722
1,xgboost,A,v2,True,2018-07-27,589.0,655
1,xgboost,A,v2,True,2018-07-30,944.0,997
1,xgboost,A,v2,True,2018-07-31,789.0,785
1,xgboost,A,v2,True,2018-08-01,820.0,719
1,xgboost,A,v2,True,2018-08-02,631.0,716
1,xgboost,A,v2,True,2018-08-03,540.0,519
1,xgboost,A,v2,True,2018-08-06,1092.0,849
1,xgboost,A,v2,True,2018-08-07,773.0,876
1,xgboost,A,v2,True,2018-08-08,896.0,691
1,xgboost,A,v2,True,2018-08-09,821.0,712
1,xgboost,A,v2,True,2018-08-10,548.0,524
1,xgboost,A,v2,True,2018-08-13,930.0,705
1,xgboost,A,v2,True,2018-08-14,772.0,670
1,xgboost,A,v2,True,2018-08-16,789.0,767
1,xgboost,A,v2,True,2018-08-17,646.0,544
1,xgboost,A,v2,True,2018-08-20,1199.0,1204
1,xgboost,A,v2,True,2018-08-21,972.0,1044
1,xgboost,A,v2,True,2018-08-22,1000.0,779
1,xgboost,A,v2,True,2018-08-23,835.0,830
1,xgboost,A,v2,True,2018-08-24,678.0,637
1,xgboost,A,v2,True,2018-08-27,1221.0,1182
1,xgboost,A,v2,True,2018-08-28,873.0,1047
1,xgboost,A,v2,True,2018-08-29,915.0,855
1,xgboost,A,v2,True,2018-08-30,849.0,781
1,xgboost,A,v2,True,2018-08-31,817.0,645
1,xgboost,A,v2,True,2018-09-03,1213.0,1141
1,xgboost,A,v2,True,2018-09-04,938.0,953
1,xgboost,A,v2,True,2018-09-05,829.0,915
1,xgboost,A,v2,True,2018-09-06,830.0,808
1,xgboost,A,v2,True,2018-09-07,581.0,601
1,xgboost,A,v2,True,2018-09-10,1144.0,974
1,xgboost,A,v2,True,2018-09-11,960.0,907
1,xgboost,A,v2,True,2018-09-12,805.0,837
1,xgboost,A,v2,True,2018-09-13,882.0,809
1,xgboost,A,v2,True,2018-09-14,405.0,678
1,xgboost,A,v2,True,2018-09-17,1189.0,971
1,xgboost,A,v2,True,2018-09-18,946.0,852
1,xgboost,A,v2,True,2018-09-19,833.0,851
1,xgboost,A,v2,True,2018-09-20,817.0,880
1,xgboost,A,v2,True,2018-09-21,929.0,677
1,xgboost,A,v2,True,2018-10-08,895.0,795
1,xgboost,A,v2,True,2018-10-10,1319.0,1122
1,xgboost,A,v2,True,2018-10-11,1211.0,983
1,xgboost,A,v2,True,2018-10-12,622.0,616
1,xgboost,A,v2,True,2018-10-15,1235.0,883
1,xgboost,A,v2,True,2018-10-16,928.0,875
1,xgboost,A,v2,True,2018-10-17,761.0,859
1,xgboost,A,v2,True,2018-10-18,857.0,782
1,xgboost,A,v2,True,2018-10-19,627.0,601
1,xgboost,A,v2,True,2018-10-22,1176.0,941
1,xgboost,A,v2,True,2018-10-23,902.0,804
1,xgboost,A,v2,True,2018-10-24,777.0,802
1,xgboost,A,v2,True,2018-10-25,722.0,784
1,xgboost,A,v2,True,2018-10-26,528.0,558
1,xgboost,A,v2,True,2018-10-29,1156.0,903
1,xgboost,A,v2,True,2018-10-30,932.0,790
1,xgboost,A,v2,True,2018-10-31,930.0,822
1,xgboost,A,v2,True,2018-11-01,703.0,796
1,xgboost,A,v2,True,2018-11-05,1088.0,1108
1,xgboost,A,v2,True,2018-11-06,813.0,895
1,xgboost,A,v2,True,2018-11-07,860.0,841
1,xgboost,A,v2,True,2018-11-08,926.0,794
1,xgboost,A,v2,True,2018-11-09,496.0,601
1,xgboost,A,v2,True,2018-11-12,1154.0,1190
1,xgboost,A,v2,True,2018-11-13,783.0,819
1,xgboost,A,v2,True,2018-11-14,800.0,912
1,xgboost,A,v2,True,2018-11-15,747.0,817
1,xgboost,A,v2,True,2018-11-16,616.0,629
1,xgboost,A,v2,True,2018-11-19,1124.0,1190
1,xgboost,A,v2,True,2018-11-20,740.0,825
1,xgboost,A,v2,True,2018-11-21,832.0,839
1,xgboost,A,v2,True,2018-11-22,718.0,782
1,xgboost,A,v2,True,2018-11-23,527.0,607
1,xgboost,A,v2,True,2018-11-26,1077.0,1232
1,xgboost,A,v2,True,2018-11-27,839.0,883
1,xgboost,A,v2,True,2018-11-28,862.0,816
1,xgboost,A,v2,True,2018-11-29,794.0,822
1,xgboost,A,v2,True,2018-11-30,543.0,624
1,xgboost,A,v2,True,2018-12-03,1248.0,1268
1,xgboost,A,v2,True,2018-12-04,911.0,966
1,xgboost,A,v2,True,2018-12-05,885.0,846
1,xgboost,A,v2,True,2018-12-06,765.0,848
1,xgboost,A,v2,True,2018-12-07,674.0,636
1,xgboost,A,v2,True,2018-12-10,1201.0,1209
1,xgboost,A,v2,True,2018-12-11,883.0,965
1,xgboost,A,v2,True,2018-12-12,788.0,874
1,xgboost,A,v2,True,2018-12-13,765.0,826
1,xgboost,A,v2,True,2018-12-14,664.0,730
1,xgboost,A,v2,True,2018-12-17,1170.0,1261
1,xgboost,A,v2,True,2018-12-18,813.0,1066
1,xgboost,A,v2,True,2018-12-19,710.0,882
1,xgboost,A,v2,True,2018-12-20,784.0,841
1,xgboost,A,v2,True,2018-12-21,456.0,874
1,xgboost,A,v2,True,2018-12-24,296.0,555
1,xgboost,A,v2,True,2018-12-26,695.0,781
1,xgboost,A,v2,True,2018-12-27,517.0,747
1,xgboost,A,v2,True,2018-12-28,491.0,563
1,xgboost,A,v2,True,2018-12-31,332.0,546
1,xgboost,A,v2,True,2019-01-02,1201.0,1127
1,xgboost,A,v2,True,2019-01-03,858.0,1237
1,xgboost,A,v2,True,2019-01-04,668.0,855
1,xgboost,A,v2,True,2019-01-07,1072.0,1237
1,xgboost,A,v2,True,2019-01-08,839.0,1183
1,xgboost,A,v2,True,2019-01-09,778.0,1027
1,xgboost,A,v2,True,2019-01-10,767.0,1037
1,xgboost,A,v2,True,2019-01-11,627.0,756
1,xgboost,A,v2,True,2019-01-14,1163.0,1263
1,xgboost,A,v2,True,2019-01-15,963.0,1031
1,xgboost,A,v2,True,2019-01-16,1021.0,1040
1,xgboost,A,v2,True,2019-01-17,837.0,873
1,xgboost,A,v2,True,2019-01-18,585.0,661
1,xgboost,A,v2,True,2019-01-21,1270.0,1257
1,xgboost,A,v2,True,2019-01-22,889.0,1031
1,xgboost,A,v2,True,2019-01-23,958.0,1024
1,xgboost,A,v2,True,2019-01-24,827.0,1048
1,xgboost,A,v2,True,2019-01-25,667.0,694
1,xgboost,A,v2,True,2019-01-28,1140.0,1207
1,xgboost,A,v2,True,2019-01-29,968.0,1022
1,xgboost,A,v2,True,2019-01-30,679.0,955
1,xgboost,A,v2,True,2019-01-31,765.0,1087
1,xgboost,A,v2,True,2019-02-01,804.0,885
1,xgboost,A,v2,True,2019-02-07,1144.0,1171
1,xgboost,A,v2,True,2019-02-08,970.0,776
1,xgboost,A,v2,True,2019-02-11,1459.0,1279
1,xgboost,A,v2,True,2019-02-12,1102.0,1048
1,xgboost,A,v2,True,2019-02-13,1044.0,1040
1,xgboost,A,v2,True,2019-02-14,963.0,1013
1,xgboost,A,v2,True,2019-02-15,682.0,700
1,xgboost,A,v2,True,2019-02-18,1314.0,1276
1,xgboost,A,v2,True,2019-02-19,1052.0,1097
1,xgboost,A,v2,True,2019-02-20,1005.0,944
1,xgboost,A,v2,True,2019-02-21,955.0,884
1,xgboost,A,v2,True,2019-02-22,631.0,599
1,xgboost,A,v2,True,2019-02-25,1299.0,1234
1,xgboost,A,v2,True,2019-02-26,924.0,1098
1,xgboost,A,v2,True,2019-02-27,944.0,869
1,xgboost,A,v2,True,2019-02-28,772.0,674
1,xgboost,A,v2,True,2019-03-04,1274.0,1260
1,xgboost,B,v2,True,2018-07-12,764.0,789
1,xgboost,B,v2,True,2018-07-13,585.0,601
1,xgboost,B,v2,True,2018-07-16,1061.0,1182
1,xgboost,B,v2,True,2018-07-17,1116.0,868
1,xgboost,B,v2,True,2018-07-18,839.0,851
1,xgboost,B,v2,True,2018-07-19,748.0,774
1,xgboost,B,v2,True,2018-07-20,489.0,599
1,xgboost,B,v2,True,2018-07-23,991.0,1153
1,xgboost,B,v2,True,2018-07-24,886.0,949
1,xgboost,B,v2,True,2018-07-25,760.0,720
1,xgboost,B,v2,True,2018-07-26,714.0,737
1,xgboost,B,v2,True,2018-07-27,589.0,659
1,xgboost,B,v2,True,2018-07-30,944.0,926
1,xgboost,B,v2,True,2018-07-31,789.0,839
1,xgboost,B,v2,True,2018-08-01,820.0,712
1,xgboost,B,v2,True,2018-08-02,631.0,689
1,xgboost,B,v2,True,2018-08-03,540.0,444
1,xgboost,B,v2,True,2018-08-06,1092.0,886
1,xgboost,B,v2,True,2018-08-07,773.0,794
1,xgboost,B,v2,True,2018-08-08,896.0,723
1,xgboost,B,v2,True,2018-08-09,821.0,709
1,xgboost,B,v2,True,2018-08-10,548.0,516
1,xgboost,B,v2,True,2018-08-13,930.0,818
1,xgboost,B,v2,True,2018-08-14,772.0,681
1,xgboost,B,v2,True,2018-08-16,789.0,730
1,xgboost,B,v2,True,2018-08-17,646.0,552
1,xgboost,B,v2,True,2018-08-20,1199.0,1186
1,xgboost,B,v2,True,2018-08-21,972.0,926
1,xgboost,B,v2,True,2018-08-22,1000.0,809
1,xgboost,B,v2,True,2018-08-23,835.0,790
1,xgboost,B,v2,True,2018-08-24,678.0,623
1,xgboost,B,v2,True,2018-08-27,1221.0,1127
1,xgboost,B,v2,True,2018-08-28,873.0,917
1,xgboost,B,v2,True,2018-08-29,915.0,831
1,xgboost,B,v2,True,2018-08-30,849.0,805
1,xgboost,B,v2,True,2018-08-31,817.0,637
1,xgboost,B,v2,True,2018-09-03,1213.0,1163
1,xgboost,B,v2,True,2018-09-04,938.0,926
1,xgboost,B,v2,True,2018-09-05,829.0,887
1,xgboost,B,v2,True,2018-09-06,830.0,775
1,xgboost,B,v2,True,2018-09-07,581.0,607
1,xgboost,B,v2,True,2018-09-10,1144.0,1077
1,xgboost,B,v2,True,2018-09-11,960.0,915
1,xgboost,B,v2,True,2018-09-12,805.0,826
1,xgboost,B,v2,True,2018-09-13,882.0,804
1,xgboost,B,v2,True,2018-09-14,405.0,673
1,xgboost,B,v2,True,2018-09-17,1189.0,1146
1,xgboost,B,v2,True,2018-09-18,946.0,849
1,xgboost,B,v2,True,2018-09-19,833.0,848
1,xgboost,B,v2,True,2018-09-20,817.0,849
1,xgboost,B,v2,True,2018-09-21,929.0,686
1,xgboost,B,v2,True,2018-10-08,895.0,913
1,xgboost,B,v2,True,2018-10-10,1319.0,1020
1,xgboost,B,v2,True,2018-10-11,1211.0,953
1,xgboost,B,v2,True,2018-10-12,622.0,650
1,xgboost,B,v2,True,2018-10-15,1235.0,1079
1,xgboost,B,v2,True,2018-10-16,928.0,899
1,xgboost,B,v2,True,2018-10-17,761.0,853
1,xgboost,B,v2,True,2018-10-18,857.0,751
1,xgboost,B,v2,True,2018-10-19,627.0,603
1,xgboost,B,v2,True,2018-10-22,1176.0,1101
1,xgboost,B,v2,True,2018-10-23,902.0,836
1,xgboost,B,v2,True,2018-10-24,777.0,819
1,xgboost,B,v2,True,2018-10-25,722.0,737
1,xgboost,B,v2,True,2018-10-26,528.0,572
1,xgboost,B,v2,True,2018-10-29,1156.0,1108
1,xgboost,B,v2,True,2018-10-30,932.0,819
1,xgboost,B,v2,True,2018-10-31,930.0,814
1,xgboost,B,v2,True,2018-11-01,703.0,750
1,xgboost,B,v2,True,2018-11-05,1088.0,1137
1,xgboost,B,v2,True,2018-11-06,813.0,910
1,xgboost,B,v2,True,2018-11-07,860.0,832
1,xgboost,B,v2,True,2018-11-08,926.0,805
1,xgboost,B,v2,True,2018-11-09,496.0,614
1,xgboost,B,v2,True,2018-11-12,1154.0,1169
1,xgboost,B,v2,True,2018-11-13,783.0,851
1,xgboost,B,v2,True,2018-11-14,800.0,890
1,xgboost,B,v2,True,2018-11-15,747.0,804
1,xgboost,B,v2,True,2018-11-16,616.0,623
1,xgboost,B,v2,True,2018-11-19,1124.0,1173
1,xgboost,B,v2,True,2018-11-20,740.0,876
1,xgboost,B,v2,True,2018-11-21,832.0,840
1,xgboost,B,v2,True,2018-11-22,718.0,802
1,xgboost,B,v2,True,2018-11-23,527.0,613
1,xgboost,B,v2,True,2018-11-26,1077.0,1205
1,xgboost,B,v2,True,2018-11-27,839.0,900
1,xgboost,B,v2,True,2018-11-28,862.0,830
1,xgboost,B,v2,True,2018-11-29,794.0,825
1,xgboost,B,v2,True,2018-11-30,543.0,636
1,xgboost,B,v2,True,2018-12-03,1248.0,1232
1,xgboost,B,v2,True,2018-12-04,911.0,978
1,xgboost,B,v2,True,2018-12-05,885.0,857
1,xgboost,B,v2,True,2018-12-06,765.0,856
1,xgboost,B,v2,True,2018-12-07,674.0,640
1,xgboost,B,v2,True,2018-12-10,1201.0,1169
1,xgboost,B,v2,True,2018-12-11,883.0,967
1,xgboost,B,v2,True,2018-12-12,788.0,883
1,xgboost,B,v2,True,2018-12-13,765.0,891
1,xgboost,B,v2,True,2018-12-14,664.0,724
1,xgboost,B,v2,True,2018-12-17,1170.0,1219
1,xgboost,B,v2,True,2018-12-18,813.0,933
1,xgboost,B,v2,True,2018-12-19,710.0,850
1,xgboost,B,v2,True,2018-12-20,784.0,841
1,xgboost,B,v2,True,2018-12-21,456.0,855
1,xgboost,B,v2,True,2018-12-24,296.0,639
1,xgboost,B,v2,True,2018-12-26,695.0,804
1,xgboost,B,v2,True,2018-12-27,517.0,719
1,xgboost,B,v2,True,2018-12-28,491.0,592
1,xgboost,B,v2,True,2018-12-31,332.0,639
1,xgboost,B,v2,True,2019-01-02,1201.0,1093
1,xgboost,B,v2,True,2019-01-03,858.0,1022
1,xgboost,B,v2,True,2019-01-04,668.0,781
1,xgboost,B,v2,True,2019-01-07,1072.0,1170
1,xgboost,B,v2,True,2019-01-08,839.0,981
1,xgboost,B,v2,True,2019-01-09,778.0,930
1,xgboost,B,v2,True,2019-01-10,767.0,901
1,xgboost,B,v2,True,2019-01-11,627.0,746
1,xgboost,B,v2,True,2019-01-14,1163.0,1207
1,xgboost,B,v2,True,2019-01-15,963.0,965
1,xgboost,B,v2,True,2019-01-16,1021.0,943
1,xgboost,B,v2,True,2019-01-17,837.0,883
1,xgboost,B,v2,True,2019-01-18,585.0,654
1,xgboost,B,v2,True,2019-01-21,1270.0,1202
1,xgboost,B,v2,True,2019-01-22,889.0,941
1,xgboost,B,v2,True,2019-01-23,958.0,930
1,xgboost,B,v2,True,2019-01-24,827.0,926
1,xgboost,B,v2,True,2019-01-25,667.0,691
1,xgboost,B,v2,True,2019-01-28,1140.0,1190
1,xgboost,B,v2,True,2019-01-29,968.0,964
1,xgboost,B,v2,True,2019-01-30,679.0,963
1,xgboost,B,v2,True,2019-01-31,765.0,918
1,xgboost,B,v2,True,2019-02-01,804.0,819
1,xgboost,B,v2,True,2019-02-07,1144.0,1064
1,xgboost,B,v2,True,2019-02-08,970.0,783
1,xgboost,B,v2,True,2019-02-11,1459.0,1284
1,xgboost,B,v2,True,2019-02-12,1102.0,1035
1,xgboost,B,v2,True,2019-02-13,1044.0,1018
1,xgboost,B,v2,True,2019-02-14,963.0,996
1,xgboost,B,v2,True,2019-02-15,682.0,717
1,xgboost,B,v2,True,2019-02-18,1314.0,1234
1,xgboost,B,v2,True,2019-02-19,1052.0,1054
1,xgboost,B,v2,True,2019-02-20,1005.0,951
1,xgboost,B,v2,True,2019-02-21,955.0,841
1,xgboost,B,v2,True,2019-02-22,631.0,615
1,xgboost,B,v2,True,2019-02-25,1299.0,1204
1,xgboost,B,v2,True,2019-02-26,924.0,1023
1,xgboost,B,v2,True,2019-02-27,944.0,861
1,xgboost,B,v2,True,2019-02-28,772.0,614
1,xgboost,B,v2,True,2019-03-04,1274.0,1253
1,xgboost,C,v1,True,2018-07-12,764.0,791
1,xgboost,C,v1,True,2018-07-13,585.0,607
1,xgboost,C,v1,True,2018-07-16,1061.0,1195
1,xgboost,C,v1,True,2018-07-17,1116.0,867
1,xgboost,C,v1,True,2018-07-18,839.0,863
1,xgboost,C,v1,True,2018-07-19,748.0,778
1,xgboost,C,v1,True,2018-07-20,489.0,604
1,xgboost,C,v1,True,2018-07-23,991.0,1155
1,xgboost,C,v1,True,2018-07-24,886.0,952
1,xgboost,C,v1,True,2018-07-25,760.0,726
1,xgboost,C,v1,True,2018-07-26,714.0,733
1,xgboost,C,v1,True,2018-07-27,589.0,655
1,xgboost,C,v1,True,2018-07-30,944.0,925
1,xgboost,C,v1,True,2018-07-31,789.0,855
1,xgboost,C,v1,True,2018-08-01,820.0,738
1,xgboost,C,v1,True,2018-08-02,631.0,669
1,xgboost,C,v1,True,2018-08-03,540.0,456
1,xgboost,C,v1,True,2018-08-06,1092.0,898
1,xgboost,C,v1,True,2018-08-07,773.0,804
1,xgboost,C,v1,True,2018-08-08,896.0,757
1,xgboost,C,v1,True,2018-08-09,821.0,722
1,xgboost,C,v1,True,2018-08-10,548.0,509
1,xgboost,C,v1,True,2018-08-13,930.0,819
1,xgboost,C,v1,True,2018-08-14,772.0,671
1,xgboost,C,v1,True,2018-08-16,789.0,706
1,xgboost,C,v1,True,2018-08-17,646.0,539
1,xgboost,C,v1,True,2018-08-20,1199.0,1186
1,xgboost,C,v1,True,2018-08-21,972.0,921
1,xgboost,C,v1,True,2018-08-22,1000.0,845
1,xgboost,C,v1,True,2018-08-23,835.0,779
1,xgboost,C,v1,True,2018-08-24,678.0,629
1,xgboost,C,v1,True,2018-08-27,1221.0,1131
1,xgboost,C,v1,True,2018-08-28,873.0,912
1,xgboost,C,v1,True,2018-08-29,915.0,831
1,xgboost,C,v1,True,2018-08-30,849.0,803
1,xgboost,C,v1,True,2018-08-31,817.0,644
1,xgboost,C,v1,True,2018-09-03,1213.0,1167
1,xgboost,C,v1,True,2018-09-04,938.0,933
1,xgboost,C,v1,True,2018-09-05,829.0,891
1,xgboost,C,v1,True,2018-09-06,830.0,774
1,xgboost,C,v1,True,2018-09-07,581.0,612
1,xgboost,C,v1,True,2018-09-10,1144.0,1085
1,xgboost,C,v1,True,2018-09-11,960.0,927
1,xgboost,C,v1,True,2018-09-12,805.0,818
1,xgboost,C,v1,True,2018-09-13,882.0,820
1,xgboost,C,v1,True,2018-09-14,405.0,681
1,xgboost,C,v1,True,2018-09-17,1189.0,1136
1,xgboost,C,v1,True,2018-09-18,946.0,853
1,xgboost,C,v1,True,2018-09-19,833.0,843
1,xgboost,C,v1,True,2018-09-20,817.0,862
1,xgboost,C,v1,True,2018-09-21,929.0,673
1,xgboost,C,v1,True,2018-10-08,895.0,906
1,xgboost,C,v1,True,2018-10-10,1319.0,1011
1,xgboost,C,v1,True,2018-10-11,1211.0,959
1,xgboost,C,v1,True,2018-10-12,622.0,655
1,xgboost,C,v1,True,2018-10-15,1235.0,1086
1,xgboost,C,v1,True,2018-10-16,928.0,871
1,xgboost,C,v1,True,2018-10-17,761.0,820
1,xgboost,C,v1,True,2018-10-18,857.0,752
1,xgboost,C,v1,True,2018-10-19,627.0,613
1,xgboost,C,v1,True,2018-10-22,1176.0,1108
1,xgboost,C,v1,True,2018-10-23,902.0,846
1,xgboost,C,v1,True,2018-10-24,777.0,812
1,xgboost,C,v1,True,2018-10-25,722.0,743
1,xgboost,C,v1,True,2018-10-26,528.0,576
1,xgboost,C,v1,True,2018-10-29,1156.0,1108
1,xgboost,C,v1,True,2018-10-30,932.0,819
1,xgboost,C,v1,True,2018-10-31,930.0,812
1,xgboost,C,v1,True,2018-11-01,703.0,755
1,xgboost,C,v1,True,2018-11-05,1088.0,1132
1,xgboost,C,v1,True,2018-11-06,813.0,912
1,xgboost,C,v1,True,2018-11-07,860.0,831
1,xgboost,C,v1,True,2018-11-08,926.0,810
1,xgboost,C,v1,True,2018-11-09,496.0,596
1,xgboost,C,v1,True,2018-11-12,1154.0,1178
1,xgboost,C,v1,True,2018-11-13,783.0,853
1,xgboost,C,v1,True,2018-11-14,800.0,888
1,xgboost,C,v1,True,2018-11-15,747.0,803
1,xgboost,C,v1,True,2018-11-16,616.0,630
1,xgboost,C,v1,True,2018-11-19,1124.0,1174
1,xgboost,C,v1,True,2018-11-20,740.0,873
1,xgboost,C,v1,True,2018-11-21,832.0,835
1,xgboost,C,v1,True,2018-11-22,718.0,809
1,xgboost,C,v1,True,2018-11-23,527.0,625
1,xgboost,C,v1,True,2018-11-26,1077.0,1202
1,xgboost,C,v1,True,2018-11-27,839.0,903
1,xgboost,C,v1,True,2018-11-28,862.0,832
1,xgboost,C,v1,True,2018-11-29,794.0,827
1,xgboost,C,v1,True,2018-11-30,543.0,642
1,xgboost,C,v1,True,2018-12-03,1248.0,1236
1,xgboost,C,v1,True,2018-12-04,911.0,978
1,xgboost,C,v1,True,2018-12-05,885.0,859
1,xgboost,C,v1,True,2018-12-06,765.0,849
1,xgboost,C,v1,True,2018-12-07,674.0,643
1,xgboost,C,v1,True,2018-12-10,1201.0,1167
1,xgboost,C,v1,True,2018-12-11,883.0,961
1,xgboost,C,v1,True,2018-12-12,788.0,884
1,xgboost,C,v1,True,2018-12-13,765.0,898
1,xgboost,C,v1,True,2018-12-14,664.0,731
1,xgboost,C,v1,True,2018-12-17,1170.0,1217
1,xgboost,C,v1,True,2018-12-18,813.0,927
1,xgboost,C,v1,True,2018-12-19,710.0,850
1,xgboost,C,v1,True,2018-12-20,784.0,834
1,xgboost,C,v1,True,2018-12-21,456.0,866
1,xgboost,C,v1,True,2018-12-24,296.0,640
1,xgboost,C,v1,True,2018-12-26,695.0,792
1,xgboost,C,v1,True,2018-12-27,517.0,727
1,xgboost,C,v1,True,2018-12-28,491.0,580
1,xgboost,C,v1,True,2018-12-31,332.0,640
1,xgboost,C,v1,True,2019-01-02,1201.0,1104
1,xgboost,C,v1,True,2019-01-03,858.0,1002
1,xgboost,C,v1,True,2019-01-04,668.0,778
1,xgboost,C,v1,True,2019-01-07,1072.0,1178
1,xgboost,C,v1,True,2019-01-08,839.0,967
1,xgboost,C,v1,True,2019-01-09,778.0,926
1,xgboost,C,v1,True,2019-01-10,767.0,896
1,xgboost,C,v1,True,2019-01-11,627.0,732
1,xgboost,C,v1,True,2019-01-14,1163.0,1219
1,xgboost,C,v1,True,2019-01-15,963.0,956
1,xgboost,C,v1,True,2019-01-16,1021.0,922
1,xgboost,C,v1,True,2019-01-17,837.0,901
1,xgboost,C,v1,True,2019-01-18,585.0,649
1,xgboost,C,v1,True,2019-01-21,1270.0,1208
1,xgboost,C,v1,True,2019-01-22,889.0,946
1,xgboost,C,v1,True,2019-01-23,958.0,907
1,xgboost,C,v1,True,2019-01-24,827.0,921
1,xgboost,C,v1,True,2019-01-25,667.0,683
1,xgboost,C,v1,True,2019-01-28,1140.0,1194
1,xgboost,C,v1,True,2019-01-29,968.0,966
1,xgboost,C,v1,True,2019-01-30,679.0,979
1,xgboost,C,v1,True,2019-01-31,765.0,899
1,xgboost,C,v1,True,2019-02-01,804.0,808
1,xgboost,C,v1,True,2019-02-07,1144.0,1053
1,xgboost,C,v1,True,2019-02-08,970.0,746
1,xgboost,C,v1,True,2019-02-11,1459.0,1292
1,xgboost,C,v1,True,2019-02-12,1102.0,1027
1,xgboost,C,v1,True,2019-02-13,1044.0,1018
1,xgboost,C,v1,True,2019-02-14,963.0,989
1,xgboost,C,v1,True,2019-02-15,682.0,720
1,xgboost,C,v1,True,2019-02-18,1314.0,1235
1,xgboost,C,v1,True,2019-02-19,1052.0,1051
1,xgboost,C,v1,True,2019-02-20,1005.0,956
1,xgboost,C,v1,True,2019-02-21,955.0,839
1,xgboost,C,v1,True,2019-02-22,631.0,618
1,xgboost,C,v1,True,2019-02-25,1299.0,1206
1,xgboost,C,v1,True,2019-02-26,924.0,1009
1,xgboost,C,v1,True,2019-02-27,944.0,894
1,xgboost,C,v1,True,2019-02-28,772.0,616
1,xgboost,C,v1,True,2019-03-04,1274.0,1264
1,xgboost,C,v2,True,2018-07-12,764.0,798
1,xgboost,C,v2,True,2018-07-13,585.0,601
1,xgboost,C,v2,True,2018-07-16,1061.0,1188
1,xgboost,C,v2,True,2018-07-17,1116.0,867
1,xgboost,C,v2,True,2018-07-18,839.0,838
1,xgboost,C,v2,True,2018-07-19,748.0,773
1,xgboost,C,v2,True,2018-07-20,489.0,602
1,xgboost,C,v2,True,2018-07-23,991.0,1152
1,xgboost,C,v2,True,2018-07-24,886.0,946
1,xgboost,C,v2,True,2018-07-25,760.0,701
1,xgboost,C,v2,True,2018-07-26,714.0,732
1,xgboost,C,v2,True,2018-07-27,589.0,657
1,xgboost,C,v2,True,2018-07-30,944.0,934
1,xgboost,C,v2,True,2018-07-31,789.0,859
1,xgboost,C,v2,True,2018-08-01,820.0,746
1,xgboost,C,v2,True,2018-08-02,631.0,677
1,xgboost,C,v2,True,2018-08-03,540.0,455
1,xgboost,C,v2,True,2018-08-06,1092.0,900
1,xgboost,C,v2,True,2018-08-07,773.0,811
1,xgboost,C,v2,True,2018-08-08,896.0,757
1,xgboost,C,v2,True,2018-08-09,821.0,720
1,xgboost,C,v2,True,2018-08-10,548.0,512
1,xgboost,C,v2,True,2018-08-13,930.0,835
1,xgboost,C,v2,True,2018-08-14,772.0,690
1,xgboost,C,v2,True,2018-08-16,789.0,711
1,xgboost,C,v2,True,2018-08-17,646.0,557
1,xgboost,C,v2,True,2018-08-20,1199.0,1183
1,xgboost,C,v2,True,2018-08-21,972.0,932
1,xgboost,C,v2,True,2018-08-22,1000.0,835
1,xgboost,C,v2,True,2018-08-23,835.0,782
1,xgboost,C,v2,True,2018-08-24,678.0,631
1,xgboost,C,v2,True,2018-08-27,1221.0,1137
1,xgboost,C,v2,True,2018-08-28,873.0,915
1,xgboost,C,v2,True,2018-08-29,915.0,831
1,xgboost,C,v2,True,2018-08-30,849.0,808
1,xgboost,C,v2,True,2018-08-31,817.0,648
1,xgboost,C,v2,True,2018-09-03,1213.0,1169
1,xgboost,C,v2,True,2018-09-04,938.0,932
1,xgboost,C,v2,True,2018-09-05,829.0,899
1,xgboost,C,v2,True,2018-09-06,830.0,781
1,xgboost,C,v2,True,2018-09-07,581.0,612
1,xgboost,C,v2,True,2018-09-10,1144.0,1092
1,xgboost,C,v2,True,2018-09-11,960.0,931
1,xgboost,C,v2,True,2018-09-12,805.0,828
1,xgboost,C,v2,True,2018-09-13,882.0,820
1,xgboost,C,v2,True,2018-09-14,405.0,678
1,xgboost,C,v2,True,2018-09-17,1189.0,1136
1,xgboost,C,v2,True,2018-09-18,946.0,843
1,xgboost,C,v2,True,2018-09-19,833.0,847
1,xgboost,C,v2,True,2018-09-20,817.0,854
1,xgboost,C,v2,True,2018-09-21,929.0,666
1,xgboost,C,v2,True,2018-10-08,895.0,926
1,xgboost,C,v2,True,2018-10-10,1319.0,1018
1,xgboost,C,v2,True,2018-10-11,1211.0,950
1,xgboost,C,v2,True,2018-10-12,622.0,658
1,xgboost,C,v2,True,2018-10-15,1235.0,1090
1,xgboost,C,v2,True,2018-10-16,928.0,871
1,xgboost,C,v2,True,2018-10-17,761.0,828
1,xgboost,C,v2,True,2018-10-18,857.0,755
1,xgboost,C,v2,True,2018-10-19,627.0,611
1,xgboost,C,v2,True,2018-10-22,1176.0,1114
1,xgboost,C,v2,True,2018-10-23,902.0,841
1,xgboost,C,v2,True,2018-10-24,777.0,820
1,xgboost,C,v2,True,2018-10-25,722.0,749
1,xgboost,C,v2,True,2018-10-26,528.0,580
1,xgboost,C,v2,True,2018-10-29,1156.0,1117
1,xgboost,C,v2,True,2018-10-30,932.0,826
1,xgboost,C,v2,True,2018-10-31,930.0,817
1,xgboost,C,v2,True,2018-11-01,703.0,762
1,xgboost,C,v2,True,2018-11-05,1088.0,1138
1,xgboost,C,v2,True,2018-11-06,813.0,912
1,xgboost,C,v2,True,2018-11-07,860.0,839
1,xgboost,C,v2,True,2018-11-08,926.0,803
1,xgboost,C,v2,True,2018-11-09,496.0,597
1,xgboost,C,v2,True,2018-11-12,1154.0,1170
1,xgboost,C,v2,True,2018-11-13,783.0,850
1,xgboost,C,v2,True,2018-11-14,800.0,889
1,xgboost,C,v2,True,2018-11-15,747.0,808
1,xgboost,C,v2,True,2018-11-16,616.0,636
1,xgboost,C,v2,True,2018-11-19,1124.0,1172
1,xgboost,C,v2,True,2018-11-20,740.0,880
1,xgboost,C,v2,True,2018-11-21,832.0,841
1,xgboost,C,v2,True,2018-11-22,718.0,811
1,xgboost,C,v2,True,2018-11-23,527.0,624
1,xgboost,C,v2,True,2018-11-26,1077.0,1196
1,xgboost,C,v2,True,2018-11-27,839.0,901
1,xgboost,C,v2,True,2018-11-28,862.0,839
1,xgboost,C,v2,True,2018-11-29,794.0,835
1,xgboost,C,v2,True,2018-11-30,543.0,646
1,xgboost,C,v2,True,2018-12-03,1248.0,1236
1,xgboost,C,v2,True,2018-12-04,911.0,987
1,xgboost,C,v2,True,2018-12-05,885.0,855
1,xgboost,C,v2,True,2018-12-06,765.0,839
1,xgboost,C,v2,True,2018-12-07,674.0,639
1,xgboost,C,v2,True,2018-12-10,1201.0,1174
1,xgboost,C,v2,True,2018-12-11,883.0,959
1,xgboost,C,v2,True,2018-12-12,788.0,875
1,xgboost,C,v2,True,2018-12-13,765.0,895
1,xgboost,C,v2,True,2018-12-14,664.0,729
1,xgboost,C,v2,True,2018-12-17,1170.0,1212
1,xgboost,C,v2,True,2018-12-18,813.0,933
1,xgboost,C,v2,True,2018-12-19,710.0,852
1,xgboost,C,v2,True,2018-12-20,784.0,840
1,xgboost,C,v2,True,2018-12-21,456.0,856
1,xgboost,C,v2,True,2018-12-24,296.0,633
1,xgboost,C,v2,True,2018-12-26,695.0,791
1,xgboost,C,v2,True,2018-12-27,517.0,723
1,xgboost,C,v2,True,2018-12-28,491.0,581
1,xgboost,C,v2,True,2018-12-31,332.0,633
1,xgboost,C,v2,True,2019-01-02,1201.0,1110
1,xgboost,C,v2,True,2019-01-03,858.0,1003
1,xgboost,C,v2,True,2019-01-04,668.0,770
1,xgboost,C,v2,True,2019-01-07,1072.0,1178
1,xgboost,C,v2,True,2019-01-08,839.0,969
1,xgboost,C,v2,True,2019-01-09,778.0,937
1,xgboost,C,v2,True,2019-01-10,767.0,891
1,xgboost,C,v2,True,2019-01-11,627.0,734
1,xgboost,C,v2,True,2019-01-14,1163.0,1216
1,xgboost,C,v2,True,2019-01-15,963.0,964
1,xgboost,C,v2,True,2019-01-16,1021.0,924
1,xgboost,C,v2,True,2019-01-17,837.0,897
1,xgboost,C,v2,True,2019-01-18,585.0,652
1,xgboost,C,v2,True,2019-01-21,1270.0,1205
1,xgboost,C,v2,True,2019-01-22,889.0,946
1,xgboost,C,v2,True,2019-01-23,958.0,911
1,xgboost,C,v2,True,2019-01-24,827.0,910
1,xgboost,C,v2,True,2019-01-25,667.0,687
1,xgboost,C,v2,True,2019-01-28,1140.0,1199
1,xgboost,C,v2,True,2019-01-29,968.0,974
1,xgboost,C,v2,True,2019-01-30,679.0,976
1,xgboost,C,v2,True,2019-01-31,765.0,903
1,xgboost,C,v2,True,2019-02-01,804.0,794
1,xgboost,C,v2,True,2019-02-07,1144.0,1042
1,xgboost,C,v2,True,2019-02-08,970.0,751
1,xgboost,C,v2,True,2019-02-11,1459.0,1298
1,xgboost,C,v2,True,2019-02-12,1102.0,1028
1,xgboost,C,v2,True,2019-02-13,1044.0,1004
1,xgboost,C,v2,True,2019-02-14,963.0,993
1,xgboost,C,v2,True,2019-02-15,682.0,720
1,xgboost,C,v2,True,2019-02-18,1314.0,1236
1,xgboost,C,v2,True,2019-02-19,1052.0,1046
1,xgboost,C,v2,True,2019-02-20,1005.0,968
1,xgboost,C,v2,True,2019-02-21,955.0,833
1,xgboost,C,v2,True,2019-02-22,631.0,617
1,xgboost,C,v2,True,2019-02-25,1299.0,1207
1,xgboost,C,v2,True,2019-02-26,924.0,1012
1,xgboost,C,v2,True,2019-02-27,944.0,893
1,xgboost,C,v2,True,2019-02-28,772.0,621
1,xgboost,C,v2,True,2019-03-04,1274.0,1254
1,xgboost,D,v1,True,2018-07-12,764.0,822
1,xgboost,D,v1,True,2018-07-13,585.0,655
1,xgboost,D,v1,True,2018-07-16,1061.0,1192
1,xgboost,D,v1,True,2018-07-17,1116.0,875
1,xgboost,D,v1,True,2018-07-18,839.0,906
1,xgboost,D,v1,True,2018-07-19,748.0,792
1,xgboost,D,v1,True,2018-07-20,489.0,658
1,xgboost,D,v1,True,2018-07-23,991.0,1150
1,xgboost,D,v1,True,2018-07-24,886.0,953
1,xgboost,D,v1,True,2018-07-25,760.0,794
1,xgboost,D,v1,True,2018-07-26,714.0,780
1,xgboost,D,v1,True,2018-07-27,589.0,689
1,xgboost,D,v1,True,2018-07-30,944.0,980
1,xgboost,D,v1,True,2018-07-31,789.0,884
1,xgboost,D,v1,True,2018-08-01,820.0,796
1,xgboost,D,v1,True,2018-08-02,631.0,704
1,xgboost,D,v1,True,2018-08-03,540.0,579
1,xgboost,D,v1,True,2018-08-06,1092.0,946
1,xgboost,D,v1,True,2018-08-07,773.0,854
1,xgboost,D,v1,True,2018-08-08,896.0,802
1,xgboost,D,v1,True,2018-08-09,821.0,747
1,xgboost,D,v1,True,2018-08-10,548.0,623
1,xgboost,D,v1,True,2018-08-13,930.0,858
1,xgboost,D,v1,True,2018-08-14,772.0,738
1,xgboost,D,v1,True,2018-08-16,789.0,744
1,xgboost,D,v1,True,2018-08-17,646.0,564
1,xgboost,D,v1,True,2018-08-20,1199.0,1212
1,xgboost,D,v1,True,2018-08-21,972.0,929
1,xgboost,D,v1,True,2018-08-22,1000.0,852
1,xgboost,D,v1,True,2018-08-23,835.0,772
1,xgboost,D,v1,True,2018-08-24,678.0,656
1,xgboost,D,v1,True,2018-08-27,1221.0,1204
1,xgboost,D,v1,True,2018-08-28,873.0,972
1,xgboost,D,v1,True,2018-08-29,915.0,853
1,xgboost,D,v1,True,2018-08-30,849.0,813
1,xgboost,D,v1,True,2018-08-31,817.0,669
1,xgboost,D,v1,True,2018-09-03,1213.0,1169
1,xgboost,D,v1,True,2018-09-04,938.0,916
1,xgboost,D,v1,True,2018-09-05,829.0,893
1,xgboost,D,v1,True,2018-09-06,830.0,792
1,xgboost,D,v1,True,2018-09-07,581.0,634
1,xgboost,D,v1,True,2018-09-10,1144.0,1088
1,xgboost,D,v1,True,2018-09-11,960.0,916
1,xgboost,D,v1,True,2018-09-12,805.0,861
1,xgboost,D,v1,True,2018-09-13,882.0,834
1,xgboost,D,v1,True,2018-09-14,405.0,667
1,xgboost,D,v1,True,2018-09-17,1189.0,1128
1,xgboost,D,v1,True,2018-09-18,946.0,879
1,xgboost,D,v1,True,2018-09-19,833.0,892
1,xgboost,D,v1,True,2018-09-20,817.0,856
1,xgboost,D,v1,True,2018-09-21,929.0,681
1,xgboost,D,v1,True,2018-10-08,895.0,897
1,xgboost,D,v1,True,2018-10-10,1319.0,1064
1,xgboost,D,v1,True,2018-10-11,1211.0,983
1,xgboost,D,v1,True,2018-10-12,622.0,649
1,xgboost,D,v1,True,2018-10-15,1235.0,1077
1,xgboost,D,v1,True,2018-10-16,928.0,852
1,xgboost,D,v1,True,2018-10-17,761.0,857
1,xgboost,D,v1,True,2018-10-18,857.0,759
1,xgboost,D,v1,True,2018-10-19,627.0,623
1,xgboost,D,v1,True,2018-10-22,1176.0,1098
1,xgboost,D,v1,True,2018-10-23,902.0,857
1,xgboost,D,v1,True,2018-10-24,777.0,825
1,xgboost,D,v1,True,2018-10-25,722.0,747
1,xgboost,D,v1,True,2018-10-26,528.0,601
1,xgboost,D,v1,True,2018-10-29,1156.0,1097
1,xgboost,D,v1,True,2018-10-30,932.0,838
1,xgboost,D,v1,True,2018-10-31,930.0,859
1,xgboost,D,v1,True,2018-11-01,703.0,781
1,xgboost,D,v1,True,2018-11-05,1088.0,1136
1,xgboost,D,v1,True,2018-11-06,813.0,935
1,xgboost,D,v1,True,2018-11-07,860.0,876
1,xgboost,D,v1,True,2018-11-08,926.0,823
1,xgboost,D,v1,True,2018-11-09,496.0,609
1,xgboost,D,v1,True,2018-11-12,1154.0,1173
1,xgboost,D,v1,True,2018-11-13,783.0,880
1,xgboost,D,v1,True,2018-11-14,800.0,893
1,xgboost,D,v1,True,2018-11-15,747.0,840
1,xgboost,D,v1,True,2018-11-16,616.0,650
1,xgboost,D,v1,True,2018-11-19,1124.0,1180
1,xgboost,D,v1,True,2018-11-20,740.0,901
1,xgboost,D,v1,True,2018-11-21,832.0,866
1,xgboost,D,v1,True,2018-11-22,718.0,832
1,xgboost,D,v1,True,2018-11-23,527.0,605
1,xgboost,D,v1,True,2018-11-26,1077.0,1190
1,xgboost,D,v1,True,2018-11-27,839.0,925
1,xgboost,D,v1,True,2018-11-28,862.0,881
1,xgboost,D,v1,True,2018-11-29,794.0,833
1,xgboost,D,v1,True,2018-11-30,543.0,662
1,xgboost,D,v1,True,2018-12-03,1248.0,1295
1,xgboost,D,v1,True,2018-12-04,911.0,1058
1,xgboost,D,v1,True,2018-12-05,885.0,897
1,xgboost,D,v1,True,2018-12-06,765.0,930
1,xgboost,D,v1,True,2018-12-07,674.0,700
1,xgboost,D,v1,True,2018-12-10,1201.0,1238
1,xgboost,D,v1,True,2018-12-11,883.0,968
1,xgboost,D,v1,True,2018-12-12,788.0,919
1,xgboost,D,v1,True,2018-12-13,765.0,942
1,xgboost,D,v1,True,2018-12-14,664.0,718
1,xgboost,D,v1,True,2018-12-17,1170.0,1239
1,xgboost,D,v1,True,2018-12-18,813.0,957
1,xgboost,D,v1,True,2018-12-19,710.0,887
1,xgboost,D,v1,True,2018-12-20,784.0,875
1,xgboost,D,v1,True,2018-12-21,456.0,896
1,xgboost,D,v1,True,2018-12-24,296.0,682
1,xgboost,D,v1,True,2018-12-26,695.0,837
1,xgboost,D,v1,True,2018-12-27,517.0,773
1,xgboost,D,v1,True,2018-12-28,491.0,658
1,xgboost,D,v1,True,2018-12-31,332.0,713
1,xgboost,D,v1,True,2019-01-02,1201.0,1064
1,xgboost,D,v1,True,2019-01-03,858.0,1024
1,xgboost,D,v1,True,2019-01-04,668.0,768
1,xgboost,D,v1,True,2019-01-07,1072.0,1250
1,xgboost,D,v1,True,2019-01-08,839.0,983
1,xgboost,D,v1,True,2019-01-09,778.0,985
1,xgboost,D,v1,True,2019-01-10,767.0,977
1,xgboost,D,v1,True,2019-01-11,627.0,770
1,xgboost,D,v1,True,2019-01-14,1163.0,1213
1,xgboost,D,v1,True,2019-01-15,963.0,1033
1,xgboost,D,v1,True,2019-01-16,1021.0,987
1,xgboost,D,v1,True,2019-01-17,837.0,943
1,xgboost,D,v1,True,2019-01-18,585.0,626
1,xgboost,D,v1,True,2019-01-21,1270.0,1215
1,xgboost,D,v1,True,2019-01-22,889.0,960
1,xgboost,D,v1,True,2019-01-23,958.0,911
1,xgboost,D,v1,True,2019-01-24,827.0,933
1,xgboost,D,v1,True,2019-01-25,667.0,704
1,xgboost,D,v1,True,2019-01-28,1140.0,1213
1,xgboost,D,v1,True,2019-01-29,968.0,1027
1,xgboost,D,v1,True,2019-01-30,679.0,974
1,xgboost,D,v1,True,2019-01-31,765.0,934
1,xgboost,D,v1,True,2019-02-01,804.0,863
1,xgboost,D,v1,True,2019-02-07,1144.0,1077
1,xgboost,D,v1,True,2019-02-08,970.0,739
1,xgboost,D,v1,True,2019-02-11,1459.0,1342
1,xgboost,D,v1,True,2019-02-12,1102.0,1017
1,xgboost,D,v1,True,2019-02-13,1044.0,992
1,xgboost,D,v1,True,2019-02-14,963.0,969
1,xgboost,D,v1,True,2019-02-15,682.0,736
1,xgboost,D,v1,True,2019-02-18,1314.0,1218
1,xgboost,D,v1,True,2019-02-19,1052.0,1001
1,xgboost,D,v1,True,2019-02-20,1005.0,966
1,xgboost,D,v1,True,2019-02-21,955.0,887
1,xgboost,D,v1,True,2019-02-22,631.0,651
1,xgboost,D,v1,True,2019-02-25,1299.0,1219
1,xgboost,D,v1,True,2019-02-26,924.0,983
1,xgboost,D,v1,True,2019-02-27,944.0,885
1,xgboost,D,v1,True,2019-02-28,772.0,655
1,xgboost,D,v1,True,2019-03-04,1274.0,1295
1,xgboost,D,v2,True,2018-07-12,764.0,825
1,xgboost,D,v2,True,2018-07-13,585.0,659
1,xgboost,D,v2,True,2018-07-16,1061.0,1189
1,xgboost,D,v2,True,2018-07-17,1116.0,869
1,xgboost,D,v2,True,2018-07-18,839.0,915
1,xgboost,D,v2,True,2018-07-19,748.0,788
1,xgboost,D,v2,True,2018-07-20,489.0,673
1,xgboost,D,v2,True,2018-07-23,991.0,1142
1,xgboost,D,v2,True,2018-07-24,886.0,945
1,xgboost,D,v2,True,2018-07-25,760.0,791
1,xgboost,D,v2,True,2018-07-26,714.0,787
1,xgboost,D,v2,True,2018-07-27,589.0,702
1,xgboost,D,v2,True,2018-07-30,944.0,991
1,xgboost,D,v2,True,2018-07-31,789.0,890
1,xgboost,D,v2,True,2018-08-01,820.0,801
1,xgboost,D,v2,True,2018-08-02,631.0,714
1,xgboost,D,v2,True,2018-08-03,540.0,601
1,xgboost,D,v2,True,2018-08-06,1092.0,951
1,xgboost,D,v2,True,2018-08-07,773.0,859
1,xgboost,D,v2,True,2018-08-08,896.0,801
1,xgboost,D,v2,True,2018-08-09,821.0,772
1,xgboost,D,v2,True,2018-08-10,548.0,638
1,xgboost,D,v2,True,2018-08-13,930.0,874
1,xgboost,D,v2,True,2018-08-14,772.0,742
1,xgboost,D,v2,True,2018-08-16,789.0,761
1,xgboost,D,v2,True,2018-08-17,646.0,577
1,xgboost,D,v2,True,2018-08-20,1199.0,1194
1,xgboost,D,v2,True,2018-08-21,972.0,927
1,xgboost,D,v2,True,2018-08-22,1000.0,845
1,xgboost,D,v2,True,2018-08-23,835.0,766
1,xgboost,D,v2,True,2018-08-24,678.0,663
1,xgboost,D,v2,True,2018-08-27,1221.0,1199
1,xgboost,D,v2,True,2018-08-28,873.0,976
1,xgboost,D,v2,True,2018-08-29,915.0,845
1,xgboost,D,v2,True,2018-08-30,849.0,814
1,xgboost,D,v2,True,2018-08-31,817.0,672
1,xgboost,D,v2,True,2018-09-03,1213.0,1170
1,xgboost,D,v2,True,2018-09-04,938.0,904
1,xgboost,D,v2,True,2018-09-05,829.0,893
1,xgboost,D,v2,True,2018-09-06,830.0,796
1,xgboost,D,v2,True,2018-09-07,581.0,626
1,xgboost,D,v2,True,2018-09-10,1144.0,1093
1,xgboost,D,v2,True,2018-09-11,960.0,915
1,xgboost,D,v2,True,2018-09-12,805.0,854
1,xgboost,D,v2,True,2018-09-13,882.0,827
1,xgboost,D,v2,True,2018-09-14,405.0,666
1,xgboost,D,v2,True,2018-09-17,1189.0,1123
1,xgboost,D,v2,True,2018-09-18,946.0,869
1,xgboost,D,v2,True,2018-09-19,833.0,874
1,xgboost,D,v2,True,2018-09-20,817.0,851
1,xgboost,D,v2,True,2018-09-21,929.0,690
1,xgboost,D,v2,True,2018-10-08,895.0,905
1,xgboost,D,v2,True,2018-10-10,1319.0,1048
1,xgboost,D,v2,True,2018-10-11,1211.0,967
1,xgboost,D,v2,True,2018-10-12,622.0,639
1,xgboost,D,v2,True,2018-10-15,1235.0,1082
1,xgboost,D,v2,True,2018-10-16,928.0,858
1,xgboost,D,v2,True,2018-10-17,761.0,847
1,xgboost,D,v2,True,2018-10-18,857.0,762
1,xgboost,D,v2,True,2018-10-19,627.0,621
1,xgboost,D,v2,True,2018-10-22,1176.0,1103
1,xgboost,D,v2,True,2018-10-23,902.0,854
1,xgboost,D,v2,True,2018-10-24,777.0,820
1,xgboost,D,v2,True,2018-10-25,722.0,753
1,xgboost,D,v2,True,2018-10-26,528.0,597
1,xgboost,D,v2,True,2018-10-29,1156.0,1099
1,xgboost,D,v2,True,2018-10-30,932.0,832
1,xgboost,D,v2,True,2018-10-31,930.0,847
1,xgboost,D,v2,True,2018-11-01,703.0,771
1,xgboost,D,v2,True,2018-11-05,1088.0,1140
1,xgboost,D,v2,True,2018-11-06,813.0,939
1,xgboost,D,v2,True,2018-11-07,860.0,870
1,xgboost,D,v2,True,2018-11-08,926.0,821
1,xgboost,D,v2,True,2018-11-09,496.0,609
1,xgboost,D,v2,True,2018-11-12,1154.0,1169
1,xgboost,D,v2,True,2018-11-13,783.0,869
1,xgboost,D,v2,True,2018-11-14,800.0,889
1,xgboost,D,v2,True,2018-11-15,747.0,837
1,xgboost,D,v2,True,2018-11-16,616.0,642
1,xgboost,D,v2,True,2018-11-19,1124.0,1175
1,xgboost,D,v2,True,2018-11-20,740.0,903
1,xgboost,D,v2,True,2018-11-21,832.0,870
1,xgboost,D,v2,True,2018-11-22,718.0,833
1,xgboost,D,v2,True,2018-11-23,527.0,605
1,xgboost,D,v2,True,2018-11-26,1077.0,1177
1,xgboost,D,v2,True,2018-11-27,839.0,929
1,xgboost,D,v2,True,2018-11-28,862.0,885
1,xgboost,D,v2,True,2018-11-29,794.0,844
1,xgboost,D,v2,True,2018-11-30,543.0,657
1,xgboost,D,v2,True,2018-12-03,1248.0,1293
1,xgboost,D,v2,True,2018-12-04,911.0,1045
1,xgboost,D,v2,True,2018-12-05,885.0,894
1,xgboost,D,v2,True,2018-12-06,765.0,910
1,xgboost,D,v2,True,2018-12-07,674.0,695
1,xgboost,D,v2,True,2018-12-10,1201.0,1222
1,xgboost,D,v2,True,2018-12-11,883.0,961
1,xgboost,D,v2,True,2018-12-12,788.0,899
1,xgboost,D,v2,True,2018-12-13,765.0,928
1,xgboost,D,v2,True,2018-12-14,664.0,712
1,xgboost,D,v2,True,2018-12-17,1170.0,1223
1,xgboost,D,v2,True,2018-12-18,813.0,946
1,xgboost,D,v2,True,2018-12-19,710.0,881
1,xgboost,D,v2,True,2018-12-20,784.0,874
1,xgboost,D,v2,True,2018-12-21,456.0,892
1,xgboost,D,v2,True,2018-12-24,296.0,682
1,xgboost,D,v2,True,2018-12-26,695.0,828
1,xgboost,D,v2,True,2018-12-27,517.0,760
1,xgboost,D,v2,True,2018-12-28,491.0,645
1,xgboost,D,v2,True,2018-12-31,332.0,704
1,xgboost,D,v2,True,2019-01-02,1201.0,1068
1,xgboost,D,v2,True,2019-01-03,858.0,1015
1,xgboost,D,v2,True,2019-01-04,668.0,776
1,xgboost,D,v2,True,2019-01-07,1072.0,1232
1,xgboost,D,v2,True,2019-01-08,839.0,975
1,xgboost,D,v2,True,2019-01-09,778.0,992
1,xgboost,D,v2,True,2019-01-10,767.0,966
1,xgboost,D,v2,True,2019-01-11,627.0,754
1,xgboost,D,v2,True,2019-01-14,1163.0,1215
1,xgboost,D,v2,True,2019-01-15,963.0,1021
1,xgboost,D,v2,True,2019-01-16,1021.0,983
1,xgboost,D,v2,True,2019-01-17,837.0,947
1,xgboost,D,v2,True,2019-01-18,585.0,612
1,xgboost,D,v2,True,2019-01-21,1270.0,1212
1,xgboost,D,v2,True,2019-01-22,889.0,941
1,xgboost,D,v2,True,2019-01-23,958.0,915
1,xgboost,D,v2,True,2019-01-24,827.0,928
1,xgboost,D,v2,True,2019-01-25,667.0,698
1,xgboost,D,v2,True,2019-01-28,1140.0,1210
1,xgboost,D,v2,True,2019-01-29,968.0,1018
1,xgboost,D,v2,True,2019-01-30,679.0,978
1,xgboost,D,v2,True,2019-01-31,765.0,926
1,xgboost,D,v2,True,2019-02-01,804.0,877
1,xgboost,D,v2,True,2019-02-07,1144.0,1085
1,xgboost,D,v2,True,2019-02-08,970.0,749
1,xgboost,D,v2,True,2019-02-11,1459.0,1341
1,xgboost,D,v2,True,2019-02-12,1102.0,1014
1,xgboost,D,v2,True,2019-02-13,1044.0,993
1,xgboost,D,v2,True,2019-02-14,963.0,967
1,xgboost,D,v2,True,2019-02-15,682.0,733
1,xgboost,D,v2,True,2019-02-18,1314.0,1221
1,xgboost,D,v2,True,2019-02-19,1052.0,987
1,xgboost,D,v2,True,2019-02-20,1005.0,966
1,xgboost,D,v2,True,2019-02-21,955.0,876
1,xgboost,D,v2,True,2019-02-22,631.0,643
1,xgboost,D,v2,True,2019-02-25,1299.0,1213
1,xgboost,D,v2,True,2019-02-26,924.0,983
1,xgboost,D,v2,True,2019-02-27,944.0,876
1,xgboost,D,v2,True,2019-02-28,772.0,662
1,xgboost,D,v2,True,2019-03-04,1274.0,1297
1,lightgbm,A,v2,False,2018-07-12,764.0,817
1,lightgbm,A,v2,False,2018-07-13,585.0,603
1,lightgbm,A,v2,False,2018-07-16,1061.0,1095
1,lightgbm,A,v2,False,2018-07-17,1116.0,866
1,lightgbm,A,v2,False,2018-07-18,839.0,857
1,lightgbm,A,v2,False,2018-07-19,748.0,800
1,lightgbm,A,v2,False,2018-07-20,489.0,575
1,lightgbm,A,v2,False,2018-07-23,991.0,978
1,lightgbm,A,v2,False,2018-07-24,886.0,850
1,lightgbm,A,v2,False,2018-07-25,760.0,692
1,lightgbm,A,v2,False,2018-07-26,714.0,611
1,lightgbm,A,v2,False,2018-07-27,589.0,586
1,lightgbm,A,v2,False,2018-07-30,944.0,658
1,lightgbm,A,v2,False,2018-07-31,789.0,732
1,lightgbm,A,v2,False,2018-08-01,820.0,657
1,lightgbm,A,v2,False,2018-08-02,631.0,635
1,lightgbm,A,v2,False,2018-08-03,540.0,555
1,lightgbm,A,v2,False,2018-08-06,1092.0,733
1,lightgbm,A,v2,False,2018-08-07,773.0,622
1,lightgbm,A,v2,False,2018-08-08,896.0,608
1,lightgbm,A,v2,False,2018-08-09,821.0,643
1,lightgbm,A,v2,False,2018-08-10,548.0,591
1,lightgbm,A,v2,False,2018-08-13,930.0,680
1,lightgbm,A,v2,False,2018-08-14,772.0,650
1,lightgbm,A,v2,False,2018-08-16,789.0,644
1,lightgbm,A,v2,False,2018-08-17,646.0,585
1,lightgbm,A,v2,False,2018-08-20,1199.0,1109
1,lightgbm,A,v2,False,2018-08-21,972.0,886
1,lightgbm,A,v2,False,2018-08-22,1000.0,837
1,lightgbm,A,v2,False,2018-08-23,835.0,855
1,lightgbm,A,v2,False,2018-08-24,678.0,683
1,lightgbm,A,v2,False,2018-08-27,1221.0,1113
1,lightgbm,A,v2,False,2018-08-28,873.0,1054
1,lightgbm,A,v2,False,2018-08-29,915.0,895
1,lightgbm,A,v2,False,2018-08-30,849.0,902
1,lightgbm,A,v2,False,2018-08-31,817.0,644
1,lightgbm,A,v2,False,2018-09-03,1213.0,972
1,lightgbm,A,v2,False,2018-09-04,938.0,860
1,lightgbm,A,v2,False,2018-09-05,829.0,819
1,lightgbm,A,v2,False,2018-09-06,830.0,798
1,lightgbm,A,v2,False,2018-09-07,581.0,615
1,lightgbm,A,v2,False,2018-09-10,1144.0,1004
1,lightgbm,A,v2,False,2018-09-11,960.0,855
1,lightgbm,A,v2,False,2018-09-12,805.0,778
1,lightgbm,A,v2,False,2018-09-13,882.0,785
1,lightgbm,A,v2,False,2018-09-14,405.0,639
1,lightgbm,A,v2,False,2018-09-17,1189.0,886
1,lightgbm,A,v2,False,2018-09-18,946.0,786
1,lightgbm,A,v2,False,2018-09-19,833.0,778
1,lightgbm,A,v2,False,2018-09-20,817.0,810
1,lightgbm,A,v2,False,2018-09-21,929.0,709
1,lightgbm,A,v2,False,2018-10-08,895.0,727
1,lightgbm,A,v2,False,2018-10-10,1319.0,961
1,lightgbm,A,v2,False,2018-10-11,1211.0,928
1,lightgbm,A,v2,False,2018-10-12,622.0,654
1,lightgbm,A,v2,False,2018-10-15,1235.0,1034
1,lightgbm,A,v2,False,2018-10-16,928.0,859
1,lightgbm,A,v2,False,2018-10-17,761.0,789
1,lightgbm,A,v2,False,2018-10-18,857.0,778
1,lightgbm,A,v2,False,2018-10-19,627.0,601
1,lightgbm,A,v2,False,2018-10-22,1176.0,887
1,lightgbm,A,v2,False,2018-10-23,902.0,812
1,lightgbm,A,v2,False,2018-10-24,777.0,777
1,lightgbm,A,v2,False,2018-10-25,722.0,773
1,lightgbm,A,v2,False,2018-10-26,528.0,575
1,lightgbm,A,v2,False,2018-10-29,1156.0,882
1,lightgbm,A,v2,False,2018-10-30,932.0,773
1,lightgbm,A,v2,False,2018-10-31,930.0,773
1,lightgbm,A,v2,False,2018-11-01,703.0,773
1,lightgbm,A,v2,False,2018-11-05,1088.0,1027
1,lightgbm,A,v2,False,2018-11-06,813.0,847
1,lightgbm,A,v2,False,2018-11-07,860.0,787
1,lightgbm,A,v2,False,2018-11-08,926.0,779
1,lightgbm,A,v2,False,2018-11-09,496.0,618
1,lightgbm,A,v2,False,2018-11-12,1154.0,1186
1,lightgbm,A,v2,False,2018-11-13,783.0,778
1,lightgbm,A,v2,False,2018-11-14,800.0,860
1,lightgbm,A,v2,False,2018-11-15,747.0,697
1,lightgbm,A,v2,False,2018-11-16,616.0,592
1,lightgbm,A,v2,False,2018-11-19,1124.0,1159
1,lightgbm,A,v2,False,2018-11-20,740.0,789
1,lightgbm,A,v2,False,2018-11-21,832.0,772
1,lightgbm,A,v2,False,2018-11-22,718.0,773
1,lightgbm,A,v2,False,2018-11-23,527.0,616
1,lightgbm,A,v2,False,2018-11-26,1077.0,1236
1,lightgbm,A,v2,False,2018-11-27,839.0,888
1,lightgbm,A,v2,False,2018-11-28,862.0,783
1,lightgbm,A,v2,False,2018-11-29,794.0,776
1,lightgbm,A,v2,False,2018-11-30,543.0,606
1,lightgbm,A,v2,False,2018-12-03,1248.0,1254
1,lightgbm,A,v2,False,2018-12-04,911.0,948
1,lightgbm,A,v2,False,2018-12-05,885.0,853
1,lightgbm,A,v2,False,2018-12-06,765.0,822
1,lightgbm,A,v2,False,2018-12-07,674.0,618
1,lightgbm,A,v2,False,2018-12-10,1201.0,1193
1,lightgbm,A,v2,False,2018-12-11,883.0,927
1,lightgbm,A,v2,False,2018-12-12,788.0,867
1,lightgbm,A,v2,False,2018-12-13,765.0,870
1,lightgbm,A,v2,False,2018-12-14,664.0,744
1,lightgbm,A,v2,False,2018-12-17,1170.0,1245
1,lightgbm,A,v2,False,2018-12-18,813.0,1002
1,lightgbm,A,v2,False,2018-12-19,710.0,857
1,lightgbm,A,v2,False,2018-12-20,784.0,976
1,lightgbm,A,v2,False,2018-12-21,456.0,846
1,lightgbm,A,v2,False,2018-12-24,296.0,733
1,lightgbm,A,v2,False,2018-12-26,695.0,865
1,lightgbm,A,v2,False,2018-12-27,517.0,855
1,lightgbm,A,v2,False,2018-12-28,491.0,651
1,lightgbm,A,v2,False,2018-12-31,332.0,733
1,lightgbm,A,v2,False,2019-01-02,1201.0,1312
1,lightgbm,A,v2,False,2019-01-03,858.0,1238
1,lightgbm,A,v2,False,2019-01-04,668.0,925
1,lightgbm,A,v2,False,2019-01-07,1072.0,1247
1,lightgbm,A,v2,False,2019-01-08,839.0,1214
1,lightgbm,A,v2,False,2019-01-09,778.0,1142
1,lightgbm,A,v2,False,2019-01-10,767.0,1004
1,lightgbm,A,v2,False,2019-01-11,627.0,918
1,lightgbm,A,v2,False,2019-01-14,1163.0,1268
1,lightgbm,A,v2,False,2019-01-15,963.0,1129
1,lightgbm,A,v2,False,2019-01-16,1021.0,1136
1,lightgbm,A,v2,False,2019-01-17,837.0,937
1,lightgbm,A,v2,False,2019-01-18,585.0,724
1,lightgbm,A,v2,False,2019-01-21,1270.0,1268
1,lightgbm,A,v2,False,2019-01-22,889.0,1041
1,lightgbm,A,v2,False,2019-01-23,958.0,1160
1,lightgbm,A,v2,False,2019-01-24,827.0,946
1,lightgbm,A,v2,False,2019-01-25,667.0,793
1,lightgbm,A,v2,False,2019-01-28,1140.0,1203
1,lightgbm,A,v2,False,2019-01-29,968.0,1139
1,lightgbm,A,v2,False,2019-01-30,679.0,1062
1,lightgbm,A,v2,False,2019-01-31,765.0,1218
1,lightgbm,A,v2,False,2019-02-01,804.0,1045
1,lightgbm,A,v2,False,2019-02-07,1144.0,969
1,lightgbm,A,v2,False,2019-02-08,970.0,913
1,lightgbm,A,v2,False,2019-02-11,1459.0,1225
1,lightgbm,A,v2,False,2019-02-12,1102.0,966
1,lightgbm,A,v2,False,2019-02-13,1044.0,1026
1,lightgbm,A,v2,False,2019-02-14,963.0,930
1,lightgbm,A,v2,False,2019-02-15,682.0,725
1,lightgbm,A,v2,False,2019-02-18,1314.0,1291
1,lightgbm,A,v2,False,2019-02-19,1052.0,1067
1,lightgbm,A,v2,False,2019-02-20,1005.0,909
1,lightgbm,A,v2,False,2019-02-21,955.0,816
1,lightgbm,A,v2,False,2019-02-22,631.0,618
1,lightgbm,A,v2,False,2019-02-25,1299.0,1245
1,lightgbm,A,v2,False,2019-02-26,924.0,981
1,lightgbm,A,v2,False,2019-02-27,944.0,805
1,lightgbm,A,v2,False,2019-02-28,772.0,651
1,lightgbm,A,v2,False,2019-03-04,1274.0,1185
1,lightgbm,B,v2,False,2018-07-12,764.0,784
1,lightgbm,B,v2,False,2018-07-13,585.0,620
1,lightgbm,B,v2,False,2018-07-16,1061.0,1139
1,lightgbm,B,v2,False,2018-07-17,1116.0,794
1,lightgbm,B,v2,False,2018-07-18,839.0,795
1,lightgbm,B,v2,False,2018-07-19,748.0,791
1,lightgbm,B,v2,False,2018-07-20,489.0,598
1,lightgbm,B,v2,False,2018-07-23,991.0,1132
1,lightgbm,B,v2,False,2018-07-24,886.0,882
1,lightgbm,B,v2,False,2018-07-25,760.0,734
1,lightgbm,B,v2,False,2018-07-26,714.0,687
1,lightgbm,B,v2,False,2018-07-27,589.0,613
1,lightgbm,B,v2,False,2018-07-30,944.0,786
1,lightgbm,B,v2,False,2018-07-31,789.0,824
1,lightgbm,B,v2,False,2018-08-01,820.0,694
1,lightgbm,B,v2,False,2018-08-02,631.0,673
1,lightgbm,B,v2,False,2018-08-03,540.0,521
1,lightgbm,B,v2,False,2018-08-06,1092.0,782
1,lightgbm,B,v2,False,2018-08-07,773.0,663
1,lightgbm,B,v2,False,2018-08-08,896.0,684
1,lightgbm,B,v2,False,2018-08-09,821.0,673
1,lightgbm,B,v2,False,2018-08-10,548.0,524
1,lightgbm,B,v2,False,2018-08-13,930.0,780
1,lightgbm,B,v2,False,2018-08-14,772.0,690
1,lightgbm,B,v2,False,2018-08-16,789.0,673
1,lightgbm,B,v2,False,2018-08-17,646.0,529
1,lightgbm,B,v2,False,2018-08-20,1199.0,1168
1,lightgbm,B,v2,False,2018-08-21,972.0,908
1,lightgbm,B,v2,False,2018-08-22,1000.0,943
1,lightgbm,B,v2,False,2018-08-23,835.0,857
1,lightgbm,B,v2,False,2018-08-24,678.0,657
1,lightgbm,B,v2,False,2018-08-27,1221.0,1179
1,lightgbm,B,v2,False,2018-08-28,873.0,974
1,lightgbm,B,v2,False,2018-08-29,915.0,899
1,lightgbm,B,v2,False,2018-08-30,849.0,866
1,lightgbm,B,v2,False,2018-08-31,817.0,633
1,lightgbm,B,v2,False,2018-09-03,1213.0,1193
1,lightgbm,B,v2,False,2018-09-04,938.0,887
1,lightgbm,B,v2,False,2018-09-05,829.0,883
1,lightgbm,B,v2,False,2018-09-06,830.0,814
1,lightgbm,B,v2,False,2018-09-07,581.0,619
1,lightgbm,B,v2,False,2018-09-10,1144.0,1182
1,lightgbm,B,v2,False,2018-09-11,960.0,866
1,lightgbm,B,v2,False,2018-09-12,805.0,813
1,lightgbm,B,v2,False,2018-09-13,882.0,774
1,lightgbm,B,v2,False,2018-09-14,405.0,650
1,lightgbm,B,v2,False,2018-09-17,1189.0,1153
1,lightgbm,B,v2,False,2018-09-18,946.0,811
1,lightgbm,B,v2,False,2018-09-19,833.0,818
1,lightgbm,B,v2,False,2018-09-20,817.0,837
1,lightgbm,B,v2,False,2018-09-21,929.0,705
1,lightgbm,B,v2,False,2018-10-08,895.0,984
1,lightgbm,B,v2,False,2018-10-10,1319.0,941
1,lightgbm,B,v2,False,2018-10-11,1211.0,878
1,lightgbm,B,v2,False,2018-10-12,622.0,651
1,lightgbm,B,v2,False,2018-10-15,1235.0,1182
1,lightgbm,B,v2,False,2018-10-16,928.0,870
1,lightgbm,B,v2,False,2018-10-17,761.0,822
1,lightgbm,B,v2,False,2018-10-18,857.0,769
1,lightgbm,B,v2,False,2018-10-19,627.0,595
1,lightgbm,B,v2,False,2018-10-22,1176.0,1097
1,lightgbm,B,v2,False,2018-10-23,902.0,853
1,lightgbm,B,v2,False,2018-10-24,777.0,821
1,lightgbm,B,v2,False,2018-10-25,722.0,796
1,lightgbm,B,v2,False,2018-10-26,528.0,570
1,lightgbm,B,v2,False,2018-10-29,1156.0,1088
1,lightgbm,B,v2,False,2018-10-30,932.0,819
1,lightgbm,B,v2,False,2018-10-31,930.0,836
1,lightgbm,B,v2,False,2018-11-01,703.0,791
1,lightgbm,B,v2,False,2018-11-05,1088.0,1195
1,lightgbm,B,v2,False,2018-11-06,813.0,860
1,lightgbm,B,v2,False,2018-11-07,860.0,811
1,lightgbm,B,v2,False,2018-11-08,926.0,778
1,lightgbm,B,v2,False,2018-11-09,496.0,617
1,lightgbm,B,v2,False,2018-11-12,1154.0,1230
1,lightgbm,B,v2,False,2018-11-13,783.0,833
1,lightgbm,B,v2,False,2018-11-14,800.0,918
1,lightgbm,B,v2,False,2018-11-15,747.0,763
1,lightgbm,B,v2,False,2018-11-16,616.0,593
1,lightgbm,B,v2,False,2018-11-19,1124.0,1205
1,lightgbm,B,v2,False,2018-11-20,740.0,819
1,lightgbm,B,v2,False,2018-11-21,832.0,824
1,lightgbm,B,v2,False,2018-11-22,718.0,780
1,lightgbm,B,v2,False,2018-11-23,527.0,602
1,lightgbm,B,v2,False,2018-11-26,1077.0,1223
1,lightgbm,B,v2,False,2018-11-27,839.0,899
1,lightgbm,B,v2,False,2018-11-28,862.0,811
1,lightgbm,B,v2,False,2018-11-29,794.0,797
1,lightgbm,B,v2,False,2018-11-30,543.0,608
1,lightgbm,B,v2,False,2018-12-03,1248.0,1268
1,lightgbm,B,v2,False,2018-12-04,911.0,941
1,lightgbm,B,v2,False,2018-12-05,885.0,887
1,lightgbm,B,v2,False,2018-12-06,765.0,835
1,lightgbm,B,v2,False,2018-12-07,674.0,617
1,lightgbm,B,v2,False,2018-12-10,1201.0,1184
1,lightgbm,B,v2,False,2018-12-11,883.0,919
1,lightgbm,B,v2,False,2018-12-12,788.0,896
1,lightgbm,B,v2,False,2018-12-13,765.0,871
1,lightgbm,B,v2,False,2018-12-14,664.0,774
1,lightgbm,B,v2,False,2018-12-17,1170.0,1231
1,lightgbm,B,v2,False,2018-12-18,813.0,942
1,lightgbm,B,v2,False,2018-12-19,710.0,877
1,lightgbm,B,v2,False,2018-12-20,784.0,917
1,lightgbm,B,v2,False,2018-12-21,456.0,862
1,lightgbm,B,v2,False,2018-12-24,296.0,782
1,lightgbm,B,v2,False,2018-12-26,695.0,916
1,lightgbm,B,v2,False,2018-12-27,517.0,887
1,lightgbm,B,v2,False,2018-12-28,491.0,617
1,lightgbm,B,v2,False,2018-12-31,332.0,782
1,lightgbm,B,v2,False,2019-01-02,1201.0,1141
1,lightgbm,B,v2,False,2019-01-03,858.0,964
1,lightgbm,B,v2,False,2019-01-04,668.0,873
1,lightgbm,B,v2,False,2019-01-07,1072.0,1252
1,lightgbm,B,v2,False,2019-01-08,839.0,1014
1,lightgbm,B,v2,False,2019-01-09,778.0,971
1,lightgbm,B,v2,False,2019-01-10,767.0,936
1,lightgbm,B,v2,False,2019-01-11,627.0,872
1,lightgbm,B,v2,False,2019-01-14,1163.0,1269
1,lightgbm,B,v2,False,2019-01-15,963.0,1002
1,lightgbm,B,v2,False,2019-01-16,1021.0,975
1,lightgbm,B,v2,False,2019-01-17,837.0,928
1,lightgbm,B,v2,False,2019-01-18,585.0,717
1,lightgbm,B,v2,False,2019-01-21,1270.0,1273
1,lightgbm,B,v2,False,2019-01-22,889.0,966
1,lightgbm,B,v2,False,2019-01-23,958.0,971
1,lightgbm,B,v2,False,2019-01-24,827.0,896
1,lightgbm,B,v2,False,2019-01-25,667.0,810
1,lightgbm,B,v2,False,2019-01-28,1140.0,1196
1,lightgbm,B,v2,False,2019-01-29,968.0,988
1,lightgbm,B,v2,False,2019-01-30,679.0,972
1,lightgbm,B,v2,False,2019-01-31,765.0,956
1,lightgbm,B,v2,False,2019-02-01,804.0,825
1,lightgbm,B,v2,False,2019-02-07,1144.0,845
1,lightgbm,B,v2,False,2019-02-08,970.0,788
1,lightgbm,B,v2,False,2019-02-11,1459.0,1270
1,lightgbm,B,v2,False,2019-02-12,1102.0,966
1,lightgbm,B,v2,False,2019-02-13,1044.0,981
1,lightgbm,B,v2,False,2019-02-14,963.0,888
1,lightgbm,B,v2,False,2019-02-15,682.0,735
1,lightgbm,B,v2,False,2019-02-18,1314.0,1281
1,lightgbm,B,v2,False,2019-02-19,1052.0,952
1,lightgbm,B,v2,False,2019-02-20,1005.0,920
1,lightgbm,B,v2,False,2019-02-21,955.0,824
1,lightgbm,B,v2,False,2019-02-22,631.0,617
1,lightgbm,B,v2,False,2019-02-25,1299.0,1270
1,lightgbm,B,v2,False,2019-02-26,924.0,932
1,lightgbm,B,v2,False,2019-02-27,944.0,883
1,lightgbm,B,v2,False,2019-02-28,772.0,719
1,lightgbm,B,v2,False,2019-03-04,1274.0,1222
1,lightgbm,C,v1,False,2018-07-12,764.0,790
1,lightgbm,C,v1,False,2018-07-13,585.0,615
1,lightgbm,C,v1,False,2018-07-16,1061.0,1154
1,lightgbm,C,v1,False,2018-07-17,1116.0,793
1,lightgbm,C,v1,False,2018-07-18,839.0,804
1,lightgbm,C,v1,False,2018-07-19,748.0,786
1,lightgbm,C,v1,False,2018-07-20,489.0,582
1,lightgbm,C,v1,False,2018-07-23,991.0,1122
1,lightgbm,C,v1,False,2018-07-24,886.0,883
1,lightgbm,C,v1,False,2018-07-25,760.0,705
1,lightgbm,C,v1,False,2018-07-26,714.0,660
1,lightgbm,C,v1,False,2018-07-27,589.0,609
1,lightgbm,C,v1,False,2018-07-30,944.0,773
1,lightgbm,C,v1,False,2018-07-31,789.0,796
1,lightgbm,C,v1,False,2018-08-01,820.0,703
1,lightgbm,C,v1,False,2018-08-02,631.0,651
1,lightgbm,C,v1,False,2018-08-03,540.0,524
1,lightgbm,C,v1,False,2018-08-06,1092.0,808
1,lightgbm,C,v1,False,2018-08-07,773.0,661
1,lightgbm,C,v1,False,2018-08-08,896.0,690
1,lightgbm,C,v1,False,2018-08-09,821.0,665
1,lightgbm,C,v1,False,2018-08-10,548.0,542
1,lightgbm,C,v1,False,2018-08-13,930.0,792
1,lightgbm,C,v1,False,2018-08-14,772.0,679
1,lightgbm,C,v1,False,2018-08-16,789.0,651
1,lightgbm,C,v1,False,2018-08-17,646.0,541
1,lightgbm,C,v1,False,2018-08-20,1199.0,1184
1,lightgbm,C,v1,False,2018-08-21,972.0,921
1,lightgbm,C,v1,False,2018-08-22,1000.0,955
1,lightgbm,C,v1,False,2018-08-23,835.0,842
1,lightgbm,C,v1,False,2018-08-24,678.0,677
1,lightgbm,C,v1,False,2018-08-27,1221.0,1171
1,lightgbm,C,v1,False,2018-08-28,873.0,953
1,lightgbm,C,v1,False,2018-08-29,915.0,867
1,lightgbm,C,v1,False,2018-08-30,849.0,846
1,lightgbm,C,v1,False,2018-08-31,817.0,649
1,lightgbm,C,v1,False,2018-09-03,1213.0,1178
1,lightgbm,C,v1,False,2018-09-04,938.0,885
1,lightgbm,C,v1,False,2018-09-05,829.0,902
1,lightgbm,C,v1,False,2018-09-06,830.0,797
1,lightgbm,C,v1,False,2018-09-07,581.0,631
1,lightgbm,C,v1,False,2018-09-10,1144.0,1164
1,lightgbm,C,v1,False,2018-09-11,960.0,876
1,lightgbm,C,v1,False,2018-09-12,805.0,834
1,lightgbm,C,v1,False,2018-09-13,882.0,778
1,lightgbm,C,v1,False,2018-09-14,405.0,650
1,lightgbm,C,v1,False,2018-09-17,1189.0,1143
1,lightgbm,C,v1,False,2018-09-18,946.0,815
1,lightgbm,C,v1,False,2018-09-19,833.0,849
1,lightgbm,C,v1,False,2018-09-20,817.0,804
1,lightgbm,C,v1,False,2018-09-21,929.0,694
1,lightgbm,C,v1,False,2018-10-08,895.0,953
1,lightgbm,C,v1,False,2018-10-10,1319.0,925
1,lightgbm,C,v1,False,2018-10-11,1211.0,897
1,lightgbm,C,v1,False,2018-10-12,622.0,683
1,lightgbm,C,v1,False,2018-10-15,1235.0,1160
1,lightgbm,C,v1,False,2018-10-16,928.0,855
1,lightgbm,C,v1,False,2018-10-17,761.0,791
1,lightgbm,C,v1,False,2018-10-18,857.0,767
1,lightgbm,C,v1,False,2018-10-19,627.0,609
1,lightgbm,C,v1,False,2018-10-22,1176.0,1088
1,lightgbm,C,v1,False,2018-10-23,902.0,859
1,lightgbm,C,v1,False,2018-10-24,777.0,810
1,lightgbm,C,v1,False,2018-10-25,722.0,788
1,lightgbm,C,v1,False,2018-10-26,528.0,577
1,lightgbm,C,v1,False,2018-10-29,1156.0,1074
1,lightgbm,C,v1,False,2018-10-30,932.0,817
1,lightgbm,C,v1,False,2018-10-31,930.0,817
1,lightgbm,C,v1,False,2018-11-01,703.0,787
1,lightgbm,C,v1,False,2018-11-05,1088.0,1168
1,lightgbm,C,v1,False,2018-11-06,813.0,867
1,lightgbm,C,v1,False,2018-11-07,860.0,805
1,lightgbm,C,v1,False,2018-11-08,926.0,765
1,lightgbm,C,v1,False,2018-11-09,496.0,605
1,lightgbm,C,v1,False,2018-11-12,1154.0,1217
1,lightgbm,C,v1,False,2018-11-13,783.0,831
1,lightgbm,C,v1,False,2018-11-14,800.0,897
1,lightgbm,C,v1,False,2018-11-15,747.0,760
1,lightgbm,C,v1,False,2018-11-16,616.0,609
1,lightgbm,C,v1,False,2018-11-19,1124.0,1180
1,lightgbm,C,v1,False,2018-11-20,740.0,821
1,lightgbm,C,v1,False,2018-11-21,832.0,851
1,lightgbm,C,v1,False,2018-11-22,718.0,781
1,lightgbm,C,v1,False,2018-11-23,527.0,618
1,lightgbm,C,v1,False,2018-11-26,1077.0,1192
1,lightgbm,C,v1,False,2018-11-27,839.0,911
1,lightgbm,C,v1,False,2018-11-28,862.0,840
1,lightgbm,C,v1,False,2018-11-29,794.0,801
1,lightgbm,C,v1,False,2018-11-30,543.0,627
1,lightgbm,C,v1,False,2018-12-03,1248.0,1277
1,lightgbm,C,v1,False,2018-12-04,911.0,959
1,lightgbm,C,v1,False,2018-12-05,885.0,889
1,lightgbm,C,v1,False,2018-12-06,765.0,842
1,lightgbm,C,v1,False,2018-12-07,674.0,630
1,lightgbm,C,v1,False,2018-12-10,1201.0,1196
1,lightgbm,C,v1,False,2018-12-11,883.0,932
1,lightgbm,C,v1,False,2018-12-12,788.0,867
1,lightgbm,C,v1,False,2018-12-13,765.0,899
1,lightgbm,C,v1,False,2018-12-14,664.0,745
1,lightgbm,C,v1,False,2018-12-17,1170.0,1200
1,lightgbm,C,v1,False,2018-12-18,813.0,944
1,lightgbm,C,v1,False,2018-12-19,710.0,863
1,lightgbm,C,v1,False,2018-12-20,784.0,900
1,lightgbm,C,v1,False,2018-12-21,456.0,843
1,lightgbm,C,v1,False,2018-12-24,296.0,808
1,lightgbm,C,v1,False,2018-12-26,695.0,903
1,lightgbm,C,v1,False,2018-12-27,517.0,908
1,lightgbm,C,v1,False,2018-12-28,491.0,624
1,lightgbm,C,v1,False,2018-12-31,332.0,808
1,lightgbm,C,v1,False,2019-01-02,1201.0,1158
1,lightgbm,C,v1,False,2019-01-03,858.0,968
1,lightgbm,C,v1,False,2019-01-04,668.0,848
1,lightgbm,C,v1,False,2019-01-07,1072.0,1233
1,lightgbm,C,v1,False,2019-01-08,839.0,974
1,lightgbm,C,v1,False,2019-01-09,778.0,997
1,lightgbm,C,v1,False,2019-01-10,767.0,936
1,lightgbm,C,v1,False,2019-01-11,627.0,874
1,lightgbm,C,v1,False,2019-01-14,1163.0,1267
1,lightgbm,C,v1,False,2019-01-15,963.0,1009
1,lightgbm,C,v1,False,2019-01-16,1021.0,985
1,lightgbm,C,v1,False,2019-01-17,837.0,934
1,lightgbm,C,v1,False,2019-01-18,585.0,747
1,lightgbm,C,v1,False,2019-01-21,1270.0,1209
1,lightgbm,C,v1,False,2019-01-22,889.0,967
1,lightgbm,C,v1,False,2019-01-23,958.0,938
1,lightgbm,C,v1,False,2019-01-24,827.0,897
1,lightgbm,C,v1,False,2019-01-25,667.0,829
1,lightgbm,C,v1,False,2019-01-28,1140.0,1211
1,lightgbm,C,v1,False,2019-01-29,968.0,1004
1,lightgbm,C,v1,False,2019-01-30,679.0,1012
1,lightgbm,C,v1,False,2019-01-31,765.0,912
1,lightgbm,C,v1,False,2019-02-01,804.0,842
1,lightgbm,C,v1,False,2019-02-07,1144.0,880
1,lightgbm,C,v1,False,2019-02-08,970.0,789
1,lightgbm,C,v1,False,2019-02-11,1459.0,1309
1,lightgbm,C,v1,False,2019-02-12,1102.0,972
1,lightgbm,C,v1,False,2019-02-13,1044.0,1004
1,lightgbm,C,v1,False,2019-02-14,963.0,909
1,lightgbm,C,v1,False,2019-02-15,682.0,746
1,lightgbm,C,v1,False,2019-02-18,1314.0,1272
1,lightgbm,C,v1,False,2019-02-19,1052.0,968
1,lightgbm,C,v1,False,2019-02-20,1005.0,916
1,lightgbm,C,v1,False,2019-02-21,955.0,834
1,lightgbm,C,v1,False,2019-02-22,631.0,630
1,lightgbm,C,v1,False,2019-02-25,1299.0,1252
1,lightgbm,C,v1,False,2019-02-26,924.0,924
1,lightgbm,C,v1,False,2019-02-27,944.0,895
1,lightgbm,C,v1,False,2019-02-28,772.0,724
1,lightgbm,C,v1,False,2019-03-04,1274.0,1246
1,lightgbm,C,v2,False,2018-07-12,764.0,794
1,lightgbm,C,v2,False,2018-07-13,585.0,602
1,lightgbm,C,v2,False,2018-07-16,1061.0,1126
1,lightgbm,C,v2,False,2018-07-17,1116.0,786
1,lightgbm,C,v2,False,2018-07-18,839.0,812
1,lightgbm,C,v2,False,2018-07-19,748.0,802
1,lightgbm,C,v2,False,2018-07-20,489.0,587
1,lightgbm,C,v2,False,2018-07-23,991.0,1120
1,lightgbm,C,v2,False,2018-07-24,886.0,877
1,lightgbm,C,v2,False,2018-07-25,760.0,702
1,lightgbm,C,v2,False,2018-07-26,714.0,674
1,lightgbm,C,v2,False,2018-07-27,589.0,612
1,lightgbm,C,v2,False,2018-07-30,944.0,758
1,lightgbm,C,v2,False,2018-07-31,789.0,815
1,lightgbm,C,v2,False,2018-08-01,820.0,720
1,lightgbm,C,v2,False,2018-08-02,631.0,653
1,lightgbm,C,v2,False,2018-08-03,540.0,526
1,lightgbm,C,v2,False,2018-08-06,1092.0,799
1,lightgbm,C,v2,False,2018-08-07,773.0,655
1,lightgbm,C,v2,False,2018-08-08,896.0,696
1,lightgbm,C,v2,False,2018-08-09,821.0,678
1,lightgbm,C,v2,False,2018-08-10,548.0,542
1,lightgbm,C,v2,False,2018-08-13,930.0,770
1,lightgbm,C,v2,False,2018-08-14,772.0,681
1,lightgbm,C,v2,False,2018-08-16,789.0,659
1,lightgbm,C,v2,False,2018-08-17,646.0,534
1,lightgbm,C,v2,False,2018-08-20,1199.0,1155
1,lightgbm,C,v2,False,2018-08-21,972.0,905
1,lightgbm,C,v2,False,2018-08-22,1000.0,945
1,lightgbm,C,v2,False,2018-08-23,835.0,845
1,lightgbm,C,v2,False,2018-08-24,678.0,668
1,lightgbm,C,v2,False,2018-08-27,1221.0,1171
1,lightgbm,C,v2,False,2018-08-28,873.0,946
1,lightgbm,C,v2,False,2018-08-29,915.0,861
1,lightgbm,C,v2,False,2018-08-30,849.0,842
1,lightgbm,C,v2,False,2018-08-31,817.0,643
1,lightgbm,C,v2,False,2018-09-03,1213.0,1164
1,lightgbm,C,v2,False,2018-09-04,938.0,864
1,lightgbm,C,v2,False,2018-09-05,829.0,893
1,lightgbm,C,v2,False,2018-09-06,830.0,807
1,lightgbm,C,v2,False,2018-09-07,581.0,621
1,lightgbm,C,v2,False,2018-09-10,1144.0,1152
1,lightgbm,C,v2,False,2018-09-11,960.0,866
1,lightgbm,C,v2,False,2018-09-12,805.0,837
1,lightgbm,C,v2,False,2018-09-13,882.0,771
1,lightgbm,C,v2,False,2018-09-14,405.0,635
1,lightgbm,C,v2,False,2018-09-17,1189.0,1132
1,lightgbm,C,v2,False,2018-09-18,946.0,807
1,lightgbm,C,v2,False,2018-09-19,833.0,860
1,lightgbm,C,v2,False,2018-09-20,817.0,803
1,lightgbm,C,v2,False,2018-09-21,929.0,673
1,lightgbm,C,v2,False,2018-10-08,895.0,962
1,lightgbm,C,v2,False,2018-10-10,1319.0,939
1,lightgbm,C,v2,False,2018-10-11,1211.0,878
1,lightgbm,C,v2,False,2018-10-12,622.0,672
1,lightgbm,C,v2,False,2018-10-15,1235.0,1152
1,lightgbm,C,v2,False,2018-10-16,928.0,841
1,lightgbm,C,v2,False,2018-10-17,761.0,796
1,lightgbm,C,v2,False,2018-10-18,857.0,774
1,lightgbm,C,v2,False,2018-10-19,627.0,595
1,lightgbm,C,v2,False,2018-10-22,1176.0,1070
1,lightgbm,C,v2,False,2018-10-23,902.0,861
1,lightgbm,C,v2,False,2018-10-24,777.0,809
1,lightgbm,C,v2,False,2018-10-25,722.0,792
1,lightgbm,C,v2,False,2018-10-26,528.0,585
1,lightgbm,C,v2,False,2018-10-29,1156.0,1061
1,lightgbm,C,v2,False,2018-10-30,932.0,813
1,lightgbm,C,v2,False,2018-10-31,930.0,817
1,lightgbm,C,v2,False,2018-11-01,703.0,788
1,lightgbm,C,v2,False,2018-11-05,1088.0,1151
1,lightgbm,C,v2,False,2018-11-06,813.0,865
1,lightgbm,C,v2,False,2018-11-07,860.0,812
1,lightgbm,C,v2,False,2018-11-08,926.0,771
1,lightgbm,C,v2,False,2018-11-09,496.0,606
1,lightgbm,C,v2,False,2018-11-12,1154.0,1216
1,lightgbm,C,v2,False,2018-11-13,783.0,829
1,lightgbm,C,v2,False,2018-11-14,800.0,881
1,lightgbm,C,v2,False,2018-11-15,747.0,758
1,lightgbm,C,v2,False,2018-11-16,616.0,595
1,lightgbm,C,v2,False,2018-11-19,1124.0,1171
1,lightgbm,C,v2,False,2018-11-20,740.0,832
1,lightgbm,C,v2,False,2018-11-21,832.0,850
1,lightgbm,C,v2,False,2018-11-22,718.0,788
1,lightgbm,C,v2,False,2018-11-23,527.0,606
1,lightgbm,C,v2,False,2018-11-26,1077.0,1209
1,lightgbm,C,v2,False,2018-11-27,839.0,913
1,lightgbm,C,v2,False,2018-11-28,862.0,849
1,lightgbm,C,v2,False,2018-11-29,794.0,808
1,lightgbm,C,v2,False,2018-11-30,543.0,611
1,lightgbm,C,v2,False,2018-12-03,1248.0,1263
1,lightgbm,C,v2,False,2018-12-04,911.0,943
1,lightgbm,C,v2,False,2018-12-05,885.0,879
1,lightgbm,C,v2,False,2018-12-06,765.0,828
1,lightgbm,C,v2,False,2018-12-07,674.0,620
1,lightgbm,C,v2,False,2018-12-10,1201.0,1185
1,lightgbm,C,v2,False,2018-12-11,883.0,935
1,lightgbm,C,v2,False,2018-12-12,788.0,875
1,lightgbm,C,v2,False,2018-12-13,765.0,884
1,lightgbm,C,v2,False,2018-12-14,664.0,742
1,lightgbm,C,v2,False,2018-12-17,1170.0,1232
1,lightgbm,C,v2,False,2018-12-18,813.0,941
1,lightgbm,C,v2,False,2018-12-19,710.0,843
1,lightgbm,C,v2,False,2018-12-20,784.0,898
1,lightgbm,C,v2,False,2018-12-21,456.0,841
1,lightgbm,C,v2,False,2018-12-24,296.0,799
1,lightgbm,C,v2,False,2018-12-26,695.0,866
1,lightgbm,C,v2,False,2018-12-27,517.0,895
1,lightgbm,C,v2,False,2018-12-28,491.0,619
1,lightgbm,C,v2,False,2018-12-31,332.0,799
1,lightgbm,C,v2,False,2019-01-02,1201.0,1167
1,lightgbm,C,v2,False,2019-01-03,858.0,974
1,lightgbm,C,v2,False,2019-01-04,668.0,852
1,lightgbm,C,v2,False,2019-01-07,1072.0,1252
1,lightgbm,C,v2,False,2019-01-08,839.0,976
1,lightgbm,C,v2,False,2019-01-09,778.0,1010
1,lightgbm,C,v2,False,2019-01-10,767.0,905
1,lightgbm,C,v2,False,2019-01-11,627.0,862
1,lightgbm,C,v2,False,2019-01-14,1163.0,1259
1,lightgbm,C,v2,False,2019-01-15,963.0,1008
1,lightgbm,C,v2,False,2019-01-16,1021.0,996
1,lightgbm,C,v2,False,2019-01-17,837.0,932
1,lightgbm,C,v2,False,2019-01-18,585.0,719
1,lightgbm,C,v2,False,2019-01-21,1270.0,1252
1,lightgbm,C,v2,False,2019-01-22,889.0,976
1,lightgbm,C,v2,False,2019-01-23,958.0,944
1,lightgbm,C,v2,False,2019-01-24,827.0,880
1,lightgbm,C,v2,False,2019-01-25,667.0,804
1,lightgbm,C,v2,False,2019-01-28,1140.0,1195
1,lightgbm,C,v2,False,2019-01-29,968.0,1004
1,lightgbm,C,v2,False,2019-01-30,679.0,1008
1,lightgbm,C,v2,False,2019-01-31,765.0,931
1,lightgbm,C,v2,False,2019-02-01,804.0,811
1,lightgbm,C,v2,False,2019-02-07,1144.0,880
1,lightgbm,C,v2,False,2019-02-08,970.0,762
1,lightgbm,C,v2,False,2019-02-11,1459.0,1291
1,lightgbm,C,v2,False,2019-02-12,1102.0,970
1,lightgbm,C,v2,False,2019-02-13,1044.0,1008
1,lightgbm,C,v2,False,2019-02-14,963.0,915
1,lightgbm,C,v2,False,2019-02-15,682.0,749
1,lightgbm,C,v2,False,2019-02-18,1314.0,1266
1,lightgbm,C,v2,False,2019-02-19,1052.0,966
1,lightgbm,C,v2,False,2019-02-20,1005.0,919
1,lightgbm,C,v2,False,2019-02-21,955.0,825
1,lightgbm,C,v2,False,2019-02-22,631.0,620
1,lightgbm,C,v2,False,2019-02-25,1299.0,1262
1,lightgbm,C,v2,False,2019-02-26,924.0,923
1,lightgbm,C,v2,False,2019-02-27,944.0,901
1,lightgbm,C,v2,False,2019-02-28,772.0,723
1,lightgbm,C,v2,False,2019-03-04,1274.0,1235
1,lightgbm,D,v1,False,2018-07-12,764.0,788
1,lightgbm,D,v1,False,2018-07-13,585.0,619
1,lightgbm,D,v1,False,2018-07-16,1061.0,1157
1,lightgbm,D,v1,False,2018-07-17,1116.0,867
1,lightgbm,D,v1,False,2018-07-18,839.0,846
1,lightgbm,D,v1,False,2018-07-19,748.0,809
1,lightgbm,D,v1,False,2018-07-20,489.0,688
1,lightgbm,D,v1,False,2018-07-23,991.0,1121
1,lightgbm,D,v1,False,2018-07-24,886.0,903
1,lightgbm,D,v1,False,2018-07-25,760.0,789
1,lightgbm,D,v1,False,2018-07-26,714.0,807
1,lightgbm,D,v1,False,2018-07-27,589.0,714
1,lightgbm,D,v1,False,2018-07-30,944.0,847
1,lightgbm,D,v1,False,2018-07-31,789.0,892
1,lightgbm,D,v1,False,2018-08-01,820.0,780
1,lightgbm,D,v1,False,2018-08-02,631.0,742
1,lightgbm,D,v1,False,2018-08-03,540.0,651
1,lightgbm,D,v1,False,2018-08-06,1092.0,884
1,lightgbm,D,v1,False,2018-08-07,773.0,763
1,lightgbm,D,v1,False,2018-08-08,896.0,761
1,lightgbm,D,v1,False,2018-08-09,821.0,735
1,lightgbm,D,v1,False,2018-08-10,548.0,642
1,lightgbm,D,v1,False,2018-08-13,930.0,840
1,lightgbm,D,v1,False,2018-08-14,772.0,770
1,lightgbm,D,v1,False,2018-08-16,789.0,746
1,lightgbm,D,v1,False,2018-08-17,646.0,622
1,lightgbm,D,v1,False,2018-08-20,1199.0,1116
1,lightgbm,D,v1,False,2018-08-21,972.0,903
1,lightgbm,D,v1,False,2018-08-22,1000.0,958
1,lightgbm,D,v1,False,2018-08-23,835.0,826
1,lightgbm,D,v1,False,2018-08-24,678.0,660
1,lightgbm,D,v1,False,2018-08-27,1221.0,1117
1,lightgbm,D,v1,False,2018-08-28,873.0,934
1,lightgbm,D,v1,False,2018-08-29,915.0,830
1,lightgbm,D,v1,False,2018-08-30,849.0,797
1,lightgbm,D,v1,False,2018-08-31,817.0,643
1,lightgbm,D,v1,False,2018-09-03,1213.0,1140
1,lightgbm,D,v1,False,2018-09-04,938.0,895
1,lightgbm,D,v1,False,2018-09-05,829.0,877
1,lightgbm,D,v1,False,2018-09-06,830.0,835
1,lightgbm,D,v1,False,2018-09-07,581.0,642
1,lightgbm,D,v1,False,2018-09-10,1144.0,1182
1,lightgbm,D,v1,False,2018-09-11,960.0,904
1,lightgbm,D,v1,False,2018-09-12,805.0,856
1,lightgbm,D,v1,False,2018-09-13,882.0,807
1,lightgbm,D,v1,False,2018-09-14,405.0,632
1,lightgbm,D,v1,False,2018-09-17,1189.0,1124
1,lightgbm,D,v1,False,2018-09-18,946.0,856
1,lightgbm,D,v1,False,2018-09-19,833.0,859
1,lightgbm,D,v1,False,2018-09-20,817.0,798
1,lightgbm,D,v1,False,2018-09-21,929.0,680
1,lightgbm,D,v1,False,2018-10-08,895.0,896
1,lightgbm,D,v1,False,2018-10-10,1319.0,1047
1,lightgbm,D,v1,False,2018-10-11,1211.0,991
1,lightgbm,D,v1,False,2018-10-12,622.0,661
1,lightgbm,D,v1,False,2018-10-15,1235.0,1144
1,lightgbm,D,v1,False,2018-10-16,928.0,888
1,lightgbm,D,v1,False,2018-10-17,761.0,829
1,lightgbm,D,v1,False,2018-10-18,857.0,790
1,lightgbm,D,v1,False,2018-10-19,627.0,623
1,lightgbm,D,v1,False,2018-10-22,1176.0,1093
1,lightgbm,D,v1,False,2018-10-23,902.0,880
1,lightgbm,D,v1,False,2018-10-24,777.0,814
1,lightgbm,D,v1,False,2018-10-25,722.0,793
1,lightgbm,D,v1,False,2018-10-26,528.0,569
1,lightgbm,D,v1,False,2018-10-29,1156.0,1106
1,lightgbm,D,v1,False,2018-10-30,932.0,860
1,lightgbm,D,v1,False,2018-10-31,930.0,887
1,lightgbm,D,v1,False,2018-11-01,703.0,885
1,lightgbm,D,v1,False,2018-11-05,1088.0,1177
1,lightgbm,D,v1,False,2018-11-06,813.0,936
1,lightgbm,D,v1,False,2018-11-07,860.0,843
1,lightgbm,D,v1,False,2018-11-08,926.0,822
1,lightgbm,D,v1,False,2018-11-09,496.0,655
1,lightgbm,D,v1,False,2018-11-12,1154.0,1245
1,lightgbm,D,v1,False,2018-11-13,783.0,871
1,lightgbm,D,v1,False,2018-11-14,800.0,943
1,lightgbm,D,v1,False,2018-11-15,747.0,807
1,lightgbm,D,v1,False,2018-11-16,616.0,620
1,lightgbm,D,v1,False,2018-11-19,1124.0,1212
1,lightgbm,D,v1,False,2018-11-20,740.0,914
1,lightgbm,D,v1,False,2018-11-21,832.0,893
1,lightgbm,D,v1,False,2018-11-22,718.0,912
1,lightgbm,D,v1,False,2018-11-23,527.0,659
1,lightgbm,D,v1,False,2018-11-26,1077.0,1250
1,lightgbm,D,v1,False,2018-11-27,839.0,963
1,lightgbm,D,v1,False,2018-11-28,862.0,883
1,lightgbm,D,v1,False,2018-11-29,794.0,880
1,lightgbm,D,v1,False,2018-11-30,543.0,688
1,lightgbm,D,v1,False,2018-12-03,1248.0,1266
1,lightgbm,D,v1,False,2018-12-04,911.0,1023
1,lightgbm,D,v1,False,2018-12-05,885.0,904
1,lightgbm,D,v1,False,2018-12-06,765.0,930
1,lightgbm,D,v1,False,2018-12-07,674.0,715
1,lightgbm,D,v1,False,2018-12-10,1201.0,1297
1,lightgbm,D,v1,False,2018-12-11,883.0,1029
1,lightgbm,D,v1,False,2018-12-12,788.0,968
1,lightgbm,D,v1,False,2018-12-13,765.0,992
1,lightgbm,D,v1,False,2018-12-14,664.0,747
1,lightgbm,D,v1,False,2018-12-17,1170.0,1273
1,lightgbm,D,v1,False,2018-12-18,813.0,923
1,lightgbm,D,v1,False,2018-12-19,710.0,945
1,lightgbm,D,v1,False,2018-12-20,784.0,956
1,lightgbm,D,v1,False,2018-12-21,456.0,860
1,lightgbm,D,v1,False,2018-12-24,296.0,794
1,lightgbm,D,v1,False,2018-12-26,695.0,843
1,lightgbm,D,v1,False,2018-12-27,517.0,902
1,lightgbm,D,v1,False,2018-12-28,491.0,638
1,lightgbm,D,v1,False,2018-12-31,332.0,913
1,lightgbm,D,v1,False,2019-01-02,1201.0,1118
1,lightgbm,D,v1,False,2019-01-03,858.0,934
1,lightgbm,D,v1,False,2019-01-04,668.0,789
1,lightgbm,D,v1,False,2019-01-07,1072.0,1308
1,lightgbm,D,v1,False,2019-01-08,839.0,974
1,lightgbm,D,v1,False,2019-01-09,778.0,998
1,lightgbm,D,v1,False,2019-01-10,767.0,991
1,lightgbm,D,v1,False,2019-01-11,627.0,827
1,lightgbm,D,v1,False,2019-01-14,1163.0,1280
1,lightgbm,D,v1,False,2019-01-15,963.0,1070
1,lightgbm,D,v1,False,2019-01-16,1021.0,984
1,lightgbm,D,v1,False,2019-01-17,837.0,991
1,lightgbm,D,v1,False,2019-01-18,585.0,690
1,lightgbm,D,v1,False,2019-01-21,1270.0,1216
1,lightgbm,D,v1,False,2019-01-22,889.0,943
1,lightgbm,D,v1,False,2019-01-23,958.0,950
1,lightgbm,D,v1,False,2019-01-24,827.0,933
1,lightgbm,D,v1,False,2019-01-25,667.0,777
1,lightgbm,D,v1,False,2019-01-28,1140.0,1228
1,lightgbm,D,v1,False,2019-01-29,968.0,1066
1,lightgbm,D,v1,False,2019-01-30,679.0,964
1,lightgbm,D,v1,False,2019-01-31,765.0,974
1,lightgbm,D,v1,False,2019-02-01,804.0,844
1,lightgbm,D,v1,False,2019-02-07,1144.0,904
1,lightgbm,D,v1,False,2019-02-08,970.0,730
1,lightgbm,D,v1,False,2019-02-11,1459.0,1353
1,lightgbm,D,v1,False,2019-02-12,1102.0,1038
1,lightgbm,D,v1,False,2019-02-13,1044.0,974
1,lightgbm,D,v1,False,2019-02-14,963.0,986
1,lightgbm,D,v1,False,2019-02-15,682.0,799
1,lightgbm,D,v1,False,2019-02-18,1314.0,1330
1,lightgbm,D,v1,False,2019-02-19,1052.0,1012
1,lightgbm,D,v1,False,2019-02-20,1005.0,962
1,lightgbm,D,v1,False,2019-02-21,955.0,925
1,lightgbm,D,v1,False,2019-02-22,631.0,686
1,lightgbm,D,v1,False,2019-02-25,1299.0,1313
1,lightgbm,D,v1,False,2019-02-26,924.0,966
1,lightgbm,D,v1,False,2019-02-27,944.0,907
1,lightgbm,D,v1,False,2019-02-28,772.0,735
1,lightgbm,D,v1,False,2019-03-04,1274.0,1195
1,lightgbm,D,v2,False,2018-07-12,764.0,781
1,lightgbm,D,v2,False,2018-07-13,585.0,627
1,lightgbm,D,v2,False,2018-07-16,1061.0,1149
1,lightgbm,D,v2,False,2018-07-17,1116.0,853
1,lightgbm,D,v2,False,2018-07-18,839.0,838
1,lightgbm,D,v2,False,2018-07-19,748.0,810
1,lightgbm,D,v2,False,2018-07-20,489.0,698
1,lightgbm,D,v2,False,2018-07-23,991.0,1125
1,lightgbm,D,v2,False,2018-07-24,886.0,916
1,lightgbm,D,v2,False,2018-07-25,760.0,795
1,lightgbm,D,v2,False,2018-07-26,714.0,810
1,lightgbm,D,v2,False,2018-07-27,589.0,721
1,lightgbm,D,v2,False,2018-07-30,944.0,849
1,lightgbm,D,v2,False,2018-07-31,789.0,889
1,lightgbm,D,v2,False,2018-08-01,820.0,776
1,lightgbm,D,v2,False,2018-08-02,631.0,745
1,lightgbm,D,v2,False,2018-08-03,540.0,649
1,lightgbm,D,v2,False,2018-08-06,1092.0,879
1,lightgbm,D,v2,False,2018-08-07,773.0,755
1,lightgbm,D,v2,False,2018-08-08,896.0,763
1,lightgbm,D,v2,False,2018-08-09,821.0,732
1,lightgbm,D,v2,False,2018-08-10,548.0,643
1,lightgbm,D,v2,False,2018-08-13,930.0,833
1,lightgbm,D,v2,False,2018-08-14,772.0,760
1,lightgbm,D,v2,False,2018-08-16,789.0,746
1,lightgbm,D,v2,False,2018-08-17,646.0,624
1,lightgbm,D,v2,False,2018-08-20,1199.0,1125
1,lightgbm,D,v2,False,2018-08-21,972.0,913
1,lightgbm,D,v2,False,2018-08-22,1000.0,956
1,lightgbm,D,v2,False,2018-08-23,835.0,819
1,lightgbm,D,v2,False,2018-08-24,678.0,660
1,lightgbm,D,v2,False,2018-08-27,1221.0,1131
1,lightgbm,D,v2,False,2018-08-28,873.0,941
1,lightgbm,D,v2,False,2018-08-29,915.0,832
1,lightgbm,D,v2,False,2018-08-30,849.0,789
1,lightgbm,D,v2,False,2018-08-31,817.0,639
1,lightgbm,D,v2,False,2018-09-03,1213.0,1142
1,lightgbm,D,v2,False,2018-09-04,938.0,888
1,lightgbm,D,v2,False,2018-09-05,829.0,885
1,lightgbm,D,v2,False,2018-09-06,830.0,830
1,lightgbm,D,v2,False,2018-09-07,581.0,636
1,lightgbm,D,v2,False,2018-09-10,1144.0,1184
1,lightgbm,D,v2,False,2018-09-11,960.0,891
1,lightgbm,D,v2,False,2018-09-12,805.0,852
1,lightgbm,D,v2,False,2018-09-13,882.0,803
1,lightgbm,D,v2,False,2018-09-14,405.0,652
1,lightgbm,D,v2,False,2018-09-17,1189.0,1123
1,lightgbm,D,v2,False,2018-09-18,946.0,858
1,lightgbm,D,v2,False,2018-09-19,833.0,854
1,lightgbm,D,v2,False,2018-09-20,817.0,820
1,lightgbm,D,v2,False,2018-09-21,929.0,702
1,lightgbm,D,v2,False,2018-10-08,895.0,898
1,lightgbm,D,v2,False,2018-10-10,1319.0,1059
1,lightgbm,D,v2,False,2018-10-11,1211.0,1008
1,lightgbm,D,v2,False,2018-10-12,622.0,651
1,lightgbm,D,v2,False,2018-10-15,1235.0,1156
1,lightgbm,D,v2,False,2018-10-16,928.0,884
1,lightgbm,D,v2,False,2018-10-17,761.0,817
1,lightgbm,D,v2,False,2018-10-18,857.0,796
1,lightgbm,D,v2,False,2018-10-19,627.0,615
1,lightgbm,D,v2,False,2018-10-22,1176.0,1081
1,lightgbm,D,v2,False,2018-10-23,902.0,874
1,lightgbm,D,v2,False,2018-10-24,777.0,820
1,lightgbm,D,v2,False,2018-10-25,722.0,789
1,lightgbm,D,v2,False,2018-10-26,528.0,569
1,lightgbm,D,v2,False,2018-10-29,1156.0,1109
1,lightgbm,D,v2,False,2018-10-30,932.0,853
1,lightgbm,D,v2,False,2018-10-31,930.0,877
1,lightgbm,D,v2,False,2018-11-01,703.0,880
1,lightgbm,D,v2,False,2018-11-05,1088.0,1170
1,lightgbm,D,v2,False,2018-11-06,813.0,943
1,lightgbm,D,v2,False,2018-11-07,860.0,841
1,lightgbm,D,v2,False,2018-11-08,926.0,805
1,lightgbm,D,v2,False,2018-11-09,496.0,643
1,lightgbm,D,v2,False,2018-11-12,1154.0,1257
1,lightgbm,D,v2,False,2018-11-13,783.0,868
1,lightgbm,D,v2,False,2018-11-14,800.0,947
1,lightgbm,D,v2,False,2018-11-15,747.0,806
1,lightgbm,D,v2,False,2018-11-16,616.0,626
1,lightgbm,D,v2,False,2018-11-19,1124.0,1221
1,lightgbm,D,v2,False,2018-11-20,740.0,898
1,lightgbm,D,v2,False,2018-11-21,832.0,878
1,lightgbm,D,v2,False,2018-11-22,718.0,905
1,lightgbm,D,v2,False,2018-11-23,527.0,659
1,lightgbm,D,v2,False,2018-11-26,1077.0,1262
1,lightgbm,D,v2,False,2018-11-27,839.0,966
1,lightgbm,D,v2,False,2018-11-28,862.0,870
1,lightgbm,D,v2,False,2018-11-29,794.0,853
1,lightgbm,D,v2,False,2018-11-30,543.0,681
1,lightgbm,D,v2,False,2018-12-03,1248.0,1268
1,lightgbm,D,v2,False,2018-12-04,911.0,1015
1,lightgbm,D,v2,False,2018-12-05,885.0,905
1,lightgbm,D,v2,False,2018-12-06,765.0,937
1,lightgbm,D,v2,False,2018-12-07,674.0,716
1,lightgbm,D,v2,False,2018-12-10,1201.0,1307
1,lightgbm,D,v2,False,2018-12-11,883.0,1030
1,lightgbm,D,v2,False,2018-12-12,788.0,980
1,lightgbm,D,v2,False,2018-12-13,765.0,1007
1,lightgbm,D,v2,False,2018-12-14,664.0,757
1,lightgbm,D,v2,False,2018-12-17,1170.0,1275
1,lightgbm,D,v2,False,2018-12-18,813.0,938
1,lightgbm,D,v2,False,2018-12-19,710.0,953
1,lightgbm,D,v2,False,2018-12-20,784.0,975
1,lightgbm,D,v2,False,2018-12-21,456.0,872
1,lightgbm,D,v2,False,2018-12-24,296.0,801
1,lightgbm,D,v2,False,2018-12-26,695.0,853
1,lightgbm,D,v2,False,2018-12-27,517.0,893
1,lightgbm,D,v2,False,2018-12-28,491.0,624
1,lightgbm,D,v2,False,2018-12-31,332.0,904
1,lightgbm,D,v2,False,2019-01-02,1201.0,1132
1,lightgbm,D,v2,False,2019-01-03,858.0,925
1,lightgbm,D,v2,False,2019-01-04,668.0,807
1,lightgbm,D,v2,False,2019-01-07,1072.0,1306
1,lightgbm,D,v2,False,2019-01-08,839.0,974
1,lightgbm,D,v2,False,2019-01-09,778.0,1008
1,lightgbm,D,v2,False,2019-01-10,767.0,1000
1,lightgbm,D,v2,False,2019-01-11,627.0,821
1,lightgbm,D,v2,False,2019-01-14,1163.0,1284
1,lightgbm,D,v2,False,2019-01-15,963.0,1069
1,lightgbm,D,v2,False,2019-01-16,1021.0,995
1,lightgbm,D,v2,False,2019-01-17,837.0,1008
1,lightgbm,D,v2,False,2019-01-18,585.0,691
1,lightgbm,D,v2,False,2019-01-21,1270.0,1241
1,lightgbm,D,v2,False,2019-01-22,889.0,943
1,lightgbm,D,v2,False,2019-01-23,958.0,954
1,lightgbm,D,v2,False,2019-01-24,827.0,938
1,lightgbm,D,v2,False,2019-01-25,667.0,783
1,lightgbm,D,v2,False,2019-01-28,1140.0,1225
1,lightgbm,D,v2,False,2019-01-29,968.0,1056
1,lightgbm,D,v2,False,2019-01-30,679.0,966
1,lightgbm,D,v2,False,2019-01-31,765.0,975
1,lightgbm,D,v2,False,2019-02-01,804.0,850
1,lightgbm,D,v2,False,2019-02-07,1144.0,902
1,lightgbm,D,v2,False,2019-02-08,970.0,747
1,lightgbm,D,v2,False,2019-02-11,1459.0,1351
1,lightgbm,D,v2,False,2019-02-12,1102.0,1054
1,lightgbm,D,v2,False,2019-02-13,1044.0,978
1,lightgbm,D,v2,False,2019-02-14,963.0,988
1,lightgbm,D,v2,False,2019-02-15,682.0,791
1,lightgbm,D,v2,False,2019-02-18,1314.0,1332
1,lightgbm,D,v2,False,2019-02-19,1052.0,1015
1,lightgbm,D,v2,False,2019-02-20,1005.0,966
1,lightgbm,D,v2,False,2019-02-21,955.0,922
1,lightgbm,D,v2,False,2019-02-22,631.0,682
1,lightgbm,D,v2,False,2019-02-25,1299.0,1307
1,lightgbm,D,v2,False,2019-02-26,924.0,990
1,lightgbm,D,v2,False,2019-02-27,944.0,894
1,lightgbm,D,v2,False,2019-02-28,772.0,747
1,lightgbm,D,v2,False,2019-03-04,1274.0,1197
1,xgboost,A,v2,False,2018-07-12,764.0,837
1,xgboost,A,v2,False,2018-07-13,585.0,628
1,xgboost,A,v2,False,2018-07-16,1061.0,1061
1,xgboost,A,v2,False,2018-07-17,1116.0,887
1,xgboost,A,v2,False,2018-07-18,839.0,866
1,xgboost,A,v2,False,2018-07-19,748.0,830
1,xgboost,A,v2,False,2018-07-20,489.0,650
1,xgboost,A,v2,False,2018-07-23,991.0,956
1,xgboost,A,v2,False,2018-07-24,886.0,849
1,xgboost,A,v2,False,2018-07-25,760.0,720
1,xgboost,A,v2,False,2018-07-26,714.0,642
1,xgboost,A,v2,False,2018-07-27,589.0,562
1,xgboost,A,v2,False,2018-07-30,944.0,677
1,xgboost,A,v2,False,2018-07-31,789.0,705
1,xgboost,A,v2,False,2018-08-01,820.0,699
1,xgboost,A,v2,False,2018-08-02,631.0,585
1,xgboost,A,v2,False,2018-08-03,540.0,511
1,xgboost,A,v2,False,2018-08-06,1092.0,792
1,xgboost,A,v2,False,2018-08-07,773.0,678
1,xgboost,A,v2,False,2018-08-08,896.0,630
1,xgboost,A,v2,False,2018-08-09,821.0,678
1,xgboost,A,v2,False,2018-08-10,548.0,539
1,xgboost,A,v2,False,2018-08-13,930.0,599
1,xgboost,A,v2,False,2018-08-14,772.0,609
1,xgboost,A,v2,False,2018-08-16,789.0,675
1,xgboost,A,v2,False,2018-08-17,646.0,551
1,xgboost,A,v2,False,2018-08-20,1199.0,1120
1,xgboost,A,v2,False,2018-08-21,972.0,921
1,xgboost,A,v2,False,2018-08-22,1000.0,896
1,xgboost,A,v2,False,2018-08-23,835.0,845
1,xgboost,A,v2,False,2018-08-24,678.0,680
1,xgboost,A,v2,False,2018-08-27,1221.0,1130
1,xgboost,A,v2,False,2018-08-28,873.0,1036
1,xgboost,A,v2,False,2018-08-29,915.0,863
1,xgboost,A,v2,False,2018-08-30,849.0,860
1,xgboost,A,v2,False,2018-08-31,817.0,626
1,xgboost,A,v2,False,2018-09-03,1213.0,1032
1,xgboost,A,v2,False,2018-09-04,938.0,930
1,xgboost,A,v2,False,2018-09-05,829.0,884
1,xgboost,A,v2,False,2018-09-06,830.0,826
1,xgboost,A,v2,False,2018-09-07,581.0,610
1,xgboost,A,v2,False,2018-09-10,1144.0,1009
1,xgboost,A,v2,False,2018-09-11,960.0,891
1,xgboost,A,v2,False,2018-09-12,805.0,806
1,xgboost,A,v2,False,2018-09-13,882.0,814
1,xgboost,A,v2,False,2018-09-14,405.0,643
1,xgboost,A,v2,False,2018-09-17,1189.0,925
1,xgboost,A,v2,False,2018-09-18,946.0,811
1,xgboost,A,v2,False,2018-09-19,833.0,815
1,xgboost,A,v2,False,2018-09-20,817.0,855
1,xgboost,A,v2,False,2018-09-21,929.0,758
1,xgboost,A,v2,False,2018-10-08,895.0,755
1,xgboost,A,v2,False,2018-10-10,1319.0,1035
1,xgboost,A,v2,False,2018-10-11,1211.0,988
1,xgboost,A,v2,False,2018-10-12,622.0,656
1,xgboost,A,v2,False,2018-10-15,1235.0,1043
1,xgboost,A,v2,False,2018-10-16,928.0,877
1,xgboost,A,v2,False,2018-10-17,761.0,787
1,xgboost,A,v2,False,2018-10-18,857.0,782
1,xgboost,A,v2,False,2018-10-19,627.0,604
1,xgboost,A,v2,False,2018-10-22,1176.0,950
1,xgboost,A,v2,False,2018-10-23,902.0,833
1,xgboost,A,v2,False,2018-10-24,777.0,777
1,xgboost,A,v2,False,2018-10-25,722.0,781
1,xgboost,A,v2,False,2018-10-26,528.0,601
1,xgboost,A,v2,False,2018-10-29,1156.0,888
1,xgboost,A,v2,False,2018-10-30,932.0,773
1,xgboost,A,v2,False,2018-10-31,930.0,781
1,xgboost,A,v2,False,2018-11-01,703.0,773
1,xgboost,A,v2,False,2018-11-05,1088.0,1030
1,xgboost,A,v2,False,2018-11-06,813.0,861
1,xgboost,A,v2,False,2018-11-07,860.0,782
1,xgboost,A,v2,False,2018-11-08,926.0,791
1,xgboost,A,v2,False,2018-11-09,496.0,609
1,xgboost,A,v2,False,2018-11-12,1154.0,1173
1,xgboost,A,v2,False,2018-11-13,783.0,802
1,xgboost,A,v2,False,2018-11-14,800.0,901
1,xgboost,A,v2,False,2018-11-15,747.0,691
1,xgboost,A,v2,False,2018-11-16,616.0,626
1,xgboost,A,v2,False,2018-11-19,1124.0,1169
1,xgboost,A,v2,False,2018-11-20,740.0,809
1,xgboost,A,v2,False,2018-11-21,832.0,782
1,xgboost,A,v2,False,2018-11-22,718.0,787
1,xgboost,A,v2,False,2018-11-23,527.0,602
1,xgboost,A,v2,False,2018-11-26,1077.0,1255
1,xgboost,A,v2,False,2018-11-27,839.0,907
1,xgboost,A,v2,False,2018-11-28,862.0,782
1,xgboost,A,v2,False,2018-11-29,794.0,794
1,xgboost,A,v2,False,2018-11-30,543.0,612
1,xgboost,A,v2,False,2018-12-03,1248.0,1283
1,xgboost,A,v2,False,2018-12-04,911.0,954
1,xgboost,A,v2,False,2018-12-05,885.0,852
1,xgboost,A,v2,False,2018-12-06,765.0,831
1,xgboost,A,v2,False,2018-12-07,674.0,592
1,xgboost,A,v2,False,2018-12-10,1201.0,1186
1,xgboost,A,v2,False,2018-12-11,883.0,934
1,xgboost,A,v2,False,2018-12-12,788.0,870
1,xgboost,A,v2,False,2018-12-13,765.0,874
1,xgboost,A,v2,False,2018-12-14,664.0,729
1,xgboost,A,v2,False,2018-12-17,1170.0,1254
1,xgboost,A,v2,False,2018-12-18,813.0,990
1,xgboost,A,v2,False,2018-12-19,710.0,875
1,xgboost,A,v2,False,2018-12-20,784.0,1016
1,xgboost,A,v2,False,2018-12-21,456.0,801
1,xgboost,A,v2,False,2018-12-24,296.0,635
1,xgboost,A,v2,False,2018-12-26,695.0,875
1,xgboost,A,v2,False,2018-12-27,517.0,816
1,xgboost,A,v2,False,2018-12-28,491.0,623
1,xgboost,A,v2,False,2018-12-31,332.0,615
1,xgboost,A,v2,False,2019-01-02,1201.0,1280
1,xgboost,A,v2,False,2019-01-03,858.0,1236
1,xgboost,A,v2,False,2019-01-04,668.0,933
1,xgboost,A,v2,False,2019-01-07,1072.0,1237
1,xgboost,A,v2,False,2019-01-08,839.0,1183
1,xgboost,A,v2,False,2019-01-09,778.0,1181
1,xgboost,A,v2,False,2019-01-10,767.0,980
1,xgboost,A,v2,False,2019-01-11,627.0,872
1,xgboost,A,v2,False,2019-01-14,1163.0,1248
1,xgboost,A,v2,False,2019-01-15,963.0,1087
1,xgboost,A,v2,False,2019-01-16,1021.0,1131
1,xgboost,A,v2,False,2019-01-17,837.0,933
1,xgboost,A,v2,False,2019-01-18,585.0,705
1,xgboost,A,v2,False,2019-01-21,1270.0,1260
1,xgboost,A,v2,False,2019-01-22,889.0,1013
1,xgboost,A,v2,False,2019-01-23,958.0,1202
1,xgboost,A,v2,False,2019-01-24,827.0,980
1,xgboost,A,v2,False,2019-01-25,667.0,754
1,xgboost,A,v2,False,2019-01-28,1140.0,1207
1,xgboost,A,v2,False,2019-01-29,968.0,1110
1,xgboost,A,v2,False,2019-01-30,679.0,1040
1,xgboost,A,v2,False,2019-01-31,765.0,1220
1,xgboost,A,v2,False,2019-02-01,804.0,1061
1,xgboost,A,v2,False,2019-02-07,1144.0,937
1,xgboost,A,v2,False,2019-02-08,970.0,818
1,xgboost,A,v2,False,2019-02-11,1459.0,1229
1,xgboost,A,v2,False,2019-02-12,1102.0,1000
1,xgboost,A,v2,False,2019-02-13,1044.0,1038
1,xgboost,A,v2,False,2019-02-14,963.0,988
1,xgboost,A,v2,False,2019-02-15,682.0,745
1,xgboost,A,v2,False,2019-02-18,1314.0,1304
1,xgboost,A,v2,False,2019-02-19,1052.0,1037
1,xgboost,A,v2,False,2019-02-20,1005.0,966
1,xgboost,A,v2,False,2019-02-21,955.0,857
1,xgboost,A,v2,False,2019-02-22,631.0,609
1,xgboost,A,v2,False,2019-02-25,1299.0,1260
1,xgboost,A,v2,False,2019-02-26,924.0,1055
1,xgboost,A,v2,False,2019-02-27,944.0,817
1,xgboost,A,v2,False,2019-02-28,772.0,654
1,xgboost,A,v2,False,2019-03-04,1274.0,1179
1,xgboost,B,v2,False,2018-07-12,764.0,829
1,xgboost,B,v2,False,2018-07-13,585.0,618
1,xgboost,B,v2,False,2018-07-16,1061.0,1195
1,xgboost,B,v2,False,2018-07-17,1116.0,864
1,xgboost,B,v2,False,2018-07-18,839.0,857
1,xgboost,B,v2,False,2018-07-19,748.0,810
1,xgboost,B,v2,False,2018-07-20,489.0,621
1,xgboost,B,v2,False,2018-07-23,991.0,1126
1,xgboost,B,v2,False,2018-07-24,886.0,869
1,xgboost,B,v2,False,2018-07-25,760.0,716
1,xgboost,B,v2,False,2018-07-26,714.0,636
1,xgboost,B,v2,False,2018-07-27,589.0,613
1,xgboost,B,v2,False,2018-07-30,944.0,814
1,xgboost,B,v2,False,2018-07-31,789.0,808
1,xgboost,B,v2,False,2018-08-01,820.0,706
1,xgboost,B,v2,False,2018-08-02,631.0,625
1,xgboost,B,v2,False,2018-08-03,540.0,490
1,xgboost,B,v2,False,2018-08-06,1092.0,852
1,xgboost,B,v2,False,2018-08-07,773.0,730
1,xgboost,B,v2,False,2018-08-08,896.0,709
1,xgboost,B,v2,False,2018-08-09,821.0,663
1,xgboost,B,v2,False,2018-08-10,548.0,565
1,xgboost,B,v2,False,2018-08-13,930.0,793
1,xgboost,B,v2,False,2018-08-14,772.0,670
1,xgboost,B,v2,False,2018-08-16,789.0,683
1,xgboost,B,v2,False,2018-08-17,646.0,584
1,xgboost,B,v2,False,2018-08-20,1199.0,1171
1,xgboost,B,v2,False,2018-08-21,972.0,869
1,xgboost,B,v2,False,2018-08-22,1000.0,866
1,xgboost,B,v2,False,2018-08-23,835.0,799
1,xgboost,B,v2,False,2018-08-24,678.0,660
1,xgboost,B,v2,False,2018-08-27,1221.0,1153
1,xgboost,B,v2,False,2018-08-28,873.0,951
1,xgboost,B,v2,False,2018-08-29,915.0,880
1,xgboost,B,v2,False,2018-08-30,849.0,853
1,xgboost,B,v2,False,2018-08-31,817.0,627
1,xgboost,B,v2,False,2018-09-03,1213.0,1185
1,xgboost,B,v2,False,2018-09-04,938.0,925
1,xgboost,B,v2,False,2018-09-05,829.0,916
1,xgboost,B,v2,False,2018-09-06,830.0,830
1,xgboost,B,v2,False,2018-09-07,581.0,615
1,xgboost,B,v2,False,2018-09-10,1144.0,1152
1,xgboost,B,v2,False,2018-09-11,960.0,923
1,xgboost,B,v2,False,2018-09-12,805.0,823
1,xgboost,B,v2,False,2018-09-13,882.0,795
1,xgboost,B,v2,False,2018-09-14,405.0,638
1,xgboost,B,v2,False,2018-09-17,1189.0,1160
1,xgboost,B,v2,False,2018-09-18,946.0,832
1,xgboost,B,v2,False,2018-09-19,833.0,846
1,xgboost,B,v2,False,2018-09-20,817.0,869
1,xgboost,B,v2,False,2018-09-21,929.0,712
1,xgboost,B,v2,False,2018-10-08,895.0,853
1,xgboost,B,v2,False,2018-10-10,1319.0,946
1,xgboost,B,v2,False,2018-10-11,1211.0,930
1,xgboost,B,v2,False,2018-10-12,622.0,652
1,xgboost,B,v2,False,2018-10-15,1235.0,1150
1,xgboost,B,v2,False,2018-10-16,928.0,916
1,xgboost,B,v2,False,2018-10-17,761.0,829
1,xgboost,B,v2,False,2018-10-18,857.0,776
1,xgboost,B,v2,False,2018-10-19,627.0,591
1,xgboost,B,v2,False,2018-10-22,1176.0,1125
1,xgboost,B,v2,False,2018-10-23,902.0,872
1,xgboost,B,v2,False,2018-10-24,777.0,814
1,xgboost,B,v2,False,2018-10-25,722.0,791
1,xgboost,B,v2,False,2018-10-26,528.0,572
1,xgboost,B,v2,False,2018-10-29,1156.0,1133
1,xgboost,B,v2,False,2018-10-30,932.0,820
1,xgboost,B,v2,False,2018-10-31,930.0,825
1,xgboost,B,v2,False,2018-11-01,703.0,789
1,xgboost,B,v2,False,2018-11-05,1088.0,1151
1,xgboost,B,v2,False,2018-11-06,813.0,910
1,xgboost,B,v2,False,2018-11-07,860.0,813
1,xgboost,B,v2,False,2018-11-08,926.0,801
1,xgboost,B,v2,False,2018-11-09,496.0,609
1,xgboost,B,v2,False,2018-11-12,1154.0,1203
1,xgboost,B,v2,False,2018-11-13,783.0,857
1,xgboost,B,v2,False,2018-11-14,800.0,923
1,xgboost,B,v2,False,2018-11-15,747.0,766
1,xgboost,B,v2,False,2018-11-16,616.0,598
1,xgboost,B,v2,False,2018-11-19,1124.0,1196
1,xgboost,B,v2,False,2018-11-20,740.0,849
1,xgboost,B,v2,False,2018-11-21,832.0,828
1,xgboost,B,v2,False,2018-11-22,718.0,791
1,xgboost,B,v2,False,2018-11-23,527.0,611
1,xgboost,B,v2,False,2018-11-26,1077.0,1213
1,xgboost,B,v2,False,2018-11-27,839.0,933
1,xgboost,B,v2,False,2018-11-28,862.0,813
1,xgboost,B,v2,False,2018-11-29,794.0,793
1,xgboost,B,v2,False,2018-11-30,543.0,596
1,xgboost,B,v2,False,2018-12-03,1248.0,1214
1,xgboost,B,v2,False,2018-12-04,911.0,929
1,xgboost,B,v2,False,2018-12-05,885.0,849
1,xgboost,B,v2,False,2018-12-06,765.0,814
1,xgboost,B,v2,False,2018-12-07,674.0,606
1,xgboost,B,v2,False,2018-12-10,1201.0,1159
1,xgboost,B,v2,False,2018-12-11,883.0,919
1,xgboost,B,v2,False,2018-12-12,788.0,877
1,xgboost,B,v2,False,2018-12-13,765.0,858
1,xgboost,B,v2,False,2018-12-14,664.0,746
1,xgboost,B,v2,False,2018-12-17,1170.0,1203
1,xgboost,B,v2,False,2018-12-18,813.0,900
1,xgboost,B,v2,False,2018-12-19,710.0,841
1,xgboost,B,v2,False,2018-12-20,784.0,902
1,xgboost,B,v2,False,2018-12-21,456.0,782
1,xgboost,B,v2,False,2018-12-24,296.0,673
1,xgboost,B,v2,False,2018-12-26,695.0,885
1,xgboost,B,v2,False,2018-12-27,517.0,848
1,xgboost,B,v2,False,2018-12-28,491.0,626
1,xgboost,B,v2,False,2018-12-31,332.0,673
1,xgboost,B,v2,False,2019-01-02,1201.0,1106
1,xgboost,B,v2,False,2019-01-03,858.0,977
1,xgboost,B,v2,False,2019-01-04,668.0,830
1,xgboost,B,v2,False,2019-01-07,1072.0,1193
1,xgboost,B,v2,False,2019-01-08,839.0,988
1,xgboost,B,v2,False,2019-01-09,778.0,913
1,xgboost,B,v2,False,2019-01-10,767.0,898
1,xgboost,B,v2,False,2019-01-11,627.0,793
1,xgboost,B,v2,False,2019-01-14,1163.0,1229
1,xgboost,B,v2,False,2019-01-15,963.0,969
1,xgboost,B,v2,False,2019-01-16,1021.0,931
1,xgboost,B,v2,False,2019-01-17,837.0,907
1,xgboost,B,v2,False,2019-01-18,585.0,695
1,xgboost,B,v2,False,2019-01-21,1270.0,1213
1,xgboost,B,v2,False,2019-01-22,889.0,948
1,xgboost,B,v2,False,2019-01-23,958.0,914
1,xgboost,B,v2,False,2019-01-24,827.0,879
1,xgboost,B,v2,False,2019-01-25,667.0,760
1,xgboost,B,v2,False,2019-01-28,1140.0,1177
1,xgboost,B,v2,False,2019-01-29,968.0,964
1,xgboost,B,v2,False,2019-01-30,679.0,934
1,xgboost,B,v2,False,2019-01-31,765.0,960
1,xgboost,B,v2,False,2019-02-01,804.0,848
1,xgboost,B,v2,False,2019-02-07,1144.0,911
1,xgboost,B,v2,False,2019-02-08,970.0,816
1,xgboost,B,v2,False,2019-02-11,1459.0,1265
1,xgboost,B,v2,False,2019-02-12,1102.0,976
1,xgboost,B,v2,False,2019-02-13,1044.0,990
1,xgboost,B,v2,False,2019-02-14,963.0,930
1,xgboost,B,v2,False,2019-02-15,682.0,749
1,xgboost,B,v2,False,2019-02-18,1314.0,1236
1,xgboost,B,v2,False,2019-02-19,1052.0,991
1,xgboost,B,v2,False,2019-02-20,1005.0,956
1,xgboost,B,v2,False,2019-02-21,955.0,860
1,xgboost,B,v2,False,2019-02-22,631.0,609
1,xgboost,B,v2,False,2019-02-25,1299.0,1219
1,xgboost,B,v2,False,2019-02-26,924.0,966
1,xgboost,B,v2,False,2019-02-27,944.0,893
1,xgboost,B,v2,False,2019-02-28,772.0,683
1,xgboost,B,v2,False,2019-03-04,1274.0,1257
1,xgboost,C,v1,False,2018-07-12,764.0,823
1,xgboost,C,v1,False,2018-07-13,585.0,612
1,xgboost,C,v1,False,2018-07-16,1061.0,1199
1,xgboost,C,v1,False,2018-07-17,1116.0,852
1,xgboost,C,v1,False,2018-07-18,839.0,856
1,xgboost,C,v1,False,2018-07-19,748.0,809
1,xgboost,C,v1,False,2018-07-20,489.0,593
1,xgboost,C,v1,False,2018-07-23,991.0,1123
1,xgboost,C,v1,False,2018-07-24,886.0,865
1,xgboost,C,v1,False,2018-07-25,760.0,704
1,xgboost,C,v1,False,2018-07-26,714.0,617
1,xgboost,C,v1,False,2018-07-27,589.0,585
1,xgboost,C,v1,False,2018-07-30,944.0,800
1,xgboost,C,v1,False,2018-07-31,789.0,787
1,xgboost,C,v1,False,2018-08-01,820.0,716
1,xgboost,C,v1,False,2018-08-02,631.0,619
1,xgboost,C,v1,False,2018-08-03,540.0,485
1,xgboost,C,v1,False,2018-08-06,1092.0,871
1,xgboost,C,v1,False,2018-08-07,773.0,724
1,xgboost,C,v1,False,2018-08-08,896.0,739
1,xgboost,C,v1,False,2018-08-09,821.0,654
1,xgboost,C,v1,False,2018-08-10,548.0,554
1,xgboost,C,v1,False,2018-08-13,930.0,786
1,xgboost,C,v1,False,2018-08-14,772.0,650
1,xgboost,C,v1,False,2018-08-16,789.0,679
1,xgboost,C,v1,False,2018-08-17,646.0,580
1,xgboost,C,v1,False,2018-08-20,1199.0,1166
1,xgboost,C,v1,False,2018-08-21,972.0,869
1,xgboost,C,v1,False,2018-08-22,1000.0,907
1,xgboost,C,v1,False,2018-08-23,835.0,781
1,xgboost,C,v1,False,2018-08-24,678.0,656
1,xgboost,C,v1,False,2018-08-27,1221.0,1155
1,xgboost,C,v1,False,2018-08-28,873.0,939
1,xgboost,C,v1,False,2018-08-29,915.0,858
1,xgboost,C,v1,False,2018-08-30,849.0,827
1,xgboost,C,v1,False,2018-08-31,817.0,634
1,xgboost,C,v1,False,2018-09-03,1213.0,1177
1,xgboost,C,v1,False,2018-09-04,938.0,912
1,xgboost,C,v1,False,2018-09-05,829.0,923
1,xgboost,C,v1,False,2018-09-06,830.0,825
1,xgboost,C,v1,False,2018-09-07,581.0,625
1,xgboost,C,v1,False,2018-09-10,1144.0,1150
1,xgboost,C,v1,False,2018-09-11,960.0,922
1,xgboost,C,v1,False,2018-09-12,805.0,829
1,xgboost,C,v1,False,2018-09-13,882.0,805
1,xgboost,C,v1,False,2018-09-14,405.0,642
1,xgboost,C,v1,False,2018-09-17,1189.0,1146
1,xgboost,C,v1,False,2018-09-18,946.0,839
1,xgboost,C,v1,False,2018-09-19,833.0,852
1,xgboost,C,v1,False,2018-09-20,817.0,843
1,xgboost,C,v1,False,2018-09-21,929.0,694
1,xgboost,C,v1,False,2018-10-08,895.0,842
1,xgboost,C,v1,False,2018-10-10,1319.0,953
1,xgboost,C,v1,False,2018-10-11,1211.0,932
1,xgboost,C,v1,False,2018-10-12,622.0,668
1,xgboost,C,v1,False,2018-10-15,1235.0,1144
1,xgboost,C,v1,False,2018-10-16,928.0,895
1,xgboost,C,v1,False,2018-10-17,761.0,808
1,xgboost,C,v1,False,2018-10-18,857.0,790
1,xgboost,C,v1,False,2018-10-19,627.0,598
1,xgboost,C,v1,False,2018-10-22,1176.0,1122
1,xgboost,C,v1,False,2018-10-23,902.0,877
1,xgboost,C,v1,False,2018-10-24,777.0,828
1,xgboost,C,v1,False,2018-10-25,722.0,799
1,xgboost,C,v1,False,2018-10-26,528.0,560
1,xgboost,C,v1,False,2018-10-29,1156.0,1138
1,xgboost,C,v1,False,2018-10-30,932.0,834
1,xgboost,C,v1,False,2018-10-31,930.0,834
1,xgboost,C,v1,False,2018-11-01,703.0,800
1,xgboost,C,v1,False,2018-11-05,1088.0,1146
1,xgboost,C,v1,False,2018-11-06,813.0,918
1,xgboost,C,v1,False,2018-11-07,860.0,828
1,xgboost,C,v1,False,2018-11-08,926.0,792
1,xgboost,C,v1,False,2018-11-09,496.0,604
1,xgboost,C,v1,False,2018-11-12,1154.0,1198
1,xgboost,C,v1,False,2018-11-13,783.0,861
1,xgboost,C,v1,False,2018-11-14,800.0,917
1,xgboost,C,v1,False,2018-11-15,747.0,778
1,xgboost,C,v1,False,2018-11-16,616.0,596
1,xgboost,C,v1,False,2018-11-19,1124.0,1191
1,xgboost,C,v1,False,2018-11-20,740.0,854
1,xgboost,C,v1,False,2018-11-21,832.0,843
1,xgboost,C,v1,False,2018-11-22,718.0,802
1,xgboost,C,v1,False,2018-11-23,527.0,612
1,xgboost,C,v1,False,2018-11-26,1077.0,1212
1,xgboost,C,v1,False,2018-11-27,839.0,940
1,xgboost,C,v1,False,2018-11-28,862.0,836
1,xgboost,C,v1,False,2018-11-29,794.0,809
1,xgboost,C,v1,False,2018-11-30,543.0,609
1,xgboost,C,v1,False,2018-12-03,1248.0,1223
1,xgboost,C,v1,False,2018-12-04,911.0,933
1,xgboost,C,v1,False,2018-12-05,885.0,857
1,xgboost,C,v1,False,2018-12-06,765.0,799
1,xgboost,C,v1,False,2018-12-07,674.0,612
1,xgboost,C,v1,False,2018-12-10,1201.0,1163
1,xgboost,C,v1,False,2018-12-11,883.0,924
1,xgboost,C,v1,False,2018-12-12,788.0,869
1,xgboost,C,v1,False,2018-12-13,765.0,868
1,xgboost,C,v1,False,2018-12-14,664.0,726
1,xgboost,C,v1,False,2018-12-17,1170.0,1194
1,xgboost,C,v1,False,2018-12-18,813.0,917
1,xgboost,C,v1,False,2018-12-19,710.0,836
1,xgboost,C,v1,False,2018-12-20,784.0,892
1,xgboost,C,v1,False,2018-12-21,456.0,765
1,xgboost,C,v1,False,2018-12-24,296.0,677
1,xgboost,C,v1,False,2018-12-26,695.0,860
1,xgboost,C,v1,False,2018-12-27,517.0,828
1,xgboost,C,v1,False,2018-12-28,491.0,609
1,xgboost,C,v1,False,2018-12-31,332.0,677
1,xgboost,C,v1,False,2019-01-02,1201.0,1099
1,xgboost,C,v1,False,2019-01-03,858.0,968
1,xgboost,C,v1,False,2019-01-04,668.0,811
1,xgboost,C,v1,False,2019-01-07,1072.0,1187
1,xgboost,C,v1,False,2019-01-08,839.0,977
1,xgboost,C,v1,False,2019-01-09,778.0,964
1,xgboost,C,v1,False,2019-01-10,767.0,887
1,xgboost,C,v1,False,2019-01-11,627.0,763
1,xgboost,C,v1,False,2019-01-14,1163.0,1229
1,xgboost,C,v1,False,2019-01-15,963.0,982
1,xgboost,C,v1,False,2019-01-16,1021.0,946
1,xgboost,C,v1,False,2019-01-17,837.0,900
1,xgboost,C,v1,False,2019-01-18,585.0,689
1,xgboost,C,v1,False,2019-01-21,1270.0,1208
1,xgboost,C,v1,False,2019-01-22,889.0,955
1,xgboost,C,v1,False,2019-01-23,958.0,922
1,xgboost,C,v1,False,2019-01-24,827.0,871
1,xgboost,C,v1,False,2019-01-25,667.0,740
1,xgboost,C,v1,False,2019-01-28,1140.0,1178
1,xgboost,C,v1,False,2019-01-29,968.0,984
1,xgboost,C,v1,False,2019-01-30,679.0,983
1,xgboost,C,v1,False,2019-01-31,765.0,936
1,xgboost,C,v1,False,2019-02-01,804.0,846
1,xgboost,C,v1,False,2019-02-07,1144.0,904
1,xgboost,C,v1,False,2019-02-08,970.0,822
1,xgboost,C,v1,False,2019-02-11,1459.0,1284
1,xgboost,C,v1,False,2019-02-12,1102.0,984
1,xgboost,C,v1,False,2019-02-13,1044.0,1035
1,xgboost,C,v1,False,2019-02-14,963.0,932
1,xgboost,C,v1,False,2019-02-15,682.0,755
1,xgboost,C,v1,False,2019-02-18,1314.0,1235
1,xgboost,C,v1,False,2019-02-19,1052.0,1005
1,xgboost,C,v1,False,2019-02-20,1005.0,964
1,xgboost,C,v1,False,2019-02-21,955.0,863
1,xgboost,C,v1,False,2019-02-22,631.0,617
1,xgboost,C,v1,False,2019-02-25,1299.0,1212
1,xgboost,C,v1,False,2019-02-26,924.0,965
1,xgboost,C,v1,False,2019-02-27,944.0,915
1,xgboost,C,v1,False,2019-02-28,772.0,666
1,xgboost,C,v1,False,2019-03-04,1274.0,1265
1,xgboost,C,v2,False,2018-07-12,764.0,809
1,xgboost,C,v2,False,2018-07-13,585.0,618
1,xgboost,C,v2,False,2018-07-16,1061.0,1197
1,xgboost,C,v2,False,2018-07-17,1116.0,864
1,xgboost,C,v2,False,2018-07-18,839.0,842
1,xgboost,C,v2,False,2018-07-19,748.0,805
1,xgboost,C,v2,False,2018-07-20,489.0,599
1,xgboost,C,v2,False,2018-07-23,991.0,1122
1,xgboost,C,v2,False,2018-07-24,886.0,875
1,xgboost,C,v2,False,2018-07-25,760.0,702
1,xgboost,C,v2,False,2018-07-26,714.0,609
1,xgboost,C,v2,False,2018-07-27,589.0,580
1,xgboost,C,v2,False,2018-07-30,944.0,807
1,xgboost,C,v2,False,2018-07-31,789.0,786
1,xgboost,C,v2,False,2018-08-01,820.0,738
1,xgboost,C,v2,False,2018-08-02,631.0,627
1,xgboost,C,v2,False,2018-08-03,540.0,484
1,xgboost,C,v2,False,2018-08-06,1092.0,878
1,xgboost,C,v2,False,2018-08-07,773.0,736
1,xgboost,C,v2,False,2018-08-08,896.0,742
1,xgboost,C,v2,False,2018-08-09,821.0,663
1,xgboost,C,v2,False,2018-08-10,548.0,561
1,xgboost,C,v2,False,2018-08-13,930.0,788
1,xgboost,C,v2,False,2018-08-14,772.0,666
1,xgboost,C,v2,False,2018-08-16,789.0,687
1,xgboost,C,v2,False,2018-08-17,646.0,586
1,xgboost,C,v2,False,2018-08-20,1199.0,1168
1,xgboost,C,v2,False,2018-08-21,972.0,874
1,xgboost,C,v2,False,2018-08-22,1000.0,891
1,xgboost,C,v2,False,2018-08-23,835.0,795
1,xgboost,C,v2,False,2018-08-24,678.0,651
1,xgboost,C,v2,False,2018-08-27,1221.0,1153
1,xgboost,C,v2,False,2018-08-28,873.0,937
1,xgboost,C,v2,False,2018-08-29,915.0,859
1,xgboost,C,v2,False,2018-08-30,849.0,821
1,xgboost,C,v2,False,2018-08-31,817.0,623
1,xgboost,C,v2,False,2018-09-03,1213.0,1185
1,xgboost,C,v2,False,2018-09-04,938.0,900
1,xgboost,C,v2,False,2018-09-05,829.0,919
1,xgboost,C,v2,False,2018-09-06,830.0,818
1,xgboost,C,v2,False,2018-09-07,581.0,619
1,xgboost,C,v2,False,2018-09-10,1144.0,1144
1,xgboost,C,v2,False,2018-09-11,960.0,918
1,xgboost,C,v2,False,2018-09-12,805.0,827
1,xgboost,C,v2,False,2018-09-13,882.0,799
1,xgboost,C,v2,False,2018-09-14,405.0,641
1,xgboost,C,v2,False,2018-09-17,1189.0,1150
1,xgboost,C,v2,False,2018-09-18,946.0,838
1,xgboost,C,v2,False,2018-09-19,833.0,849
1,xgboost,C,v2,False,2018-09-20,817.0,830
1,xgboost,C,v2,False,2018-09-21,929.0,701
1,xgboost,C,v2,False,2018-10-08,895.0,846
1,xgboost,C,v2,False,2018-10-10,1319.0,957
1,xgboost,C,v2,False,2018-10-11,1211.0,923
1,xgboost,C,v2,False,2018-10-12,622.0,677
1,xgboost,C,v2,False,2018-10-15,1235.0,1144
1,xgboost,C,v2,False,2018-10-16,928.0,880
1,xgboost,C,v2,False,2018-10-17,761.0,821
1,xgboost,C,v2,False,2018-10-18,857.0,779
1,xgboost,C,v2,False,2018-10-19,627.0,599
1,xgboost,C,v2,False,2018-10-22,1176.0,1132
1,xgboost,C,v2,False,2018-10-23,902.0,866
1,xgboost,C,v2,False,2018-10-24,777.0,822
1,xgboost,C,v2,False,2018-10-25,722.0,794
1,xgboost,C,v2,False,2018-10-26,528.0,566
1,xgboost,C,v2,False,2018-10-29,1156.0,1137
1,xgboost,C,v2,False,2018-10-30,932.0,820
1,xgboost,C,v2,False,2018-10-31,930.0,829
1,xgboost,C,v2,False,2018-11-01,703.0,782
1,xgboost,C,v2,False,2018-11-05,1088.0,1144
1,xgboost,C,v2,False,2018-11-06,813.0,915
1,xgboost,C,v2,False,2018-11-07,860.0,833
1,xgboost,C,v2,False,2018-11-08,926.0,792
1,xgboost,C,v2,False,2018-11-09,496.0,603
1,xgboost,C,v2,False,2018-11-12,1154.0,1195
1,xgboost,C,v2,False,2018-11-13,783.0,856
1,xgboost,C,v2,False,2018-11-14,800.0,907
1,xgboost,C,v2,False,2018-11-15,747.0,776
1,xgboost,C,v2,False,2018-11-16,616.0,595
1,xgboost,C,v2,False,2018-11-19,1124.0,1193
1,xgboost,C,v2,False,2018-11-20,740.0,868
1,xgboost,C,v2,False,2018-11-21,832.0,835
1,xgboost,C,v2,False,2018-11-22,718.0,801
1,xgboost,C,v2,False,2018-11-23,527.0,605
1,xgboost,C,v2,False,2018-11-26,1077.0,1216
1,xgboost,C,v2,False,2018-11-27,839.0,936
1,xgboost,C,v2,False,2018-11-28,862.0,830
1,xgboost,C,v2,False,2018-11-29,794.0,807
1,xgboost,C,v2,False,2018-11-30,543.0,614
1,xgboost,C,v2,False,2018-12-03,1248.0,1220
1,xgboost,C,v2,False,2018-12-04,911.0,932
1,xgboost,C,v2,False,2018-12-05,885.0,867
1,xgboost,C,v2,False,2018-12-06,765.0,802
1,xgboost,C,v2,False,2018-12-07,674.0,610
1,xgboost,C,v2,False,2018-12-10,1201.0,1163
1,xgboost,C,v2,False,2018-12-11,883.0,933
1,xgboost,C,v2,False,2018-12-12,788.0,875
1,xgboost,C,v2,False,2018-12-13,765.0,890
1,xgboost,C,v2,False,2018-12-14,664.0,726
1,xgboost,C,v2,False,2018-12-17,1170.0,1196
1,xgboost,C,v2,False,2018-12-18,813.0,916
1,xgboost,C,v2,False,2018-12-19,710.0,840
1,xgboost,C,v2,False,2018-12-20,784.0,901
1,xgboost,C,v2,False,2018-12-21,456.0,770
1,xgboost,C,v2,False,2018-12-24,296.0,672
1,xgboost,C,v2,False,2018-12-26,695.0,875
1,xgboost,C,v2,False,2018-12-27,517.0,831
1,xgboost,C,v2,False,2018-12-28,491.0,597
1,xgboost,C,v2,False,2018-12-31,332.0,672
1,xgboost,C,v2,False,2019-01-02,1201.0,1111
1,xgboost,C,v2,False,2019-01-03,858.0,968
1,xgboost,C,v2,False,2019-01-04,668.0,831
1,xgboost,C,v2,False,2019-01-07,1072.0,1184
1,xgboost,C,v2,False,2019-01-08,839.0,970
1,xgboost,C,v2,False,2019-01-09,778.0,983
1,xgboost,C,v2,False,2019-01-10,767.0,884
1,xgboost,C,v2,False,2019-01-11,627.0,770
1,xgboost,C,v2,False,2019-01-14,1163.0,1221
1,xgboost,C,v2,False,2019-01-15,963.0,985
1,xgboost,C,v2,False,2019-01-16,1021.0,950
1,xgboost,C,v2,False,2019-01-17,837.0,908
1,xgboost,C,v2,False,2019-01-18,585.0,697
1,xgboost,C,v2,False,2019-01-21,1270.0,1211
1,xgboost,C,v2,False,2019-01-22,889.0,958
1,xgboost,C,v2,False,2019-01-23,958.0,929
1,xgboost,C,v2,False,2019-01-24,827.0,863
1,xgboost,C,v2,False,2019-01-25,667.0,740
1,xgboost,C,v2,False,2019-01-28,1140.0,1182
1,xgboost,C,v2,False,2019-01-29,968.0,994
1,xgboost,C,v2,False,2019-01-30,679.0,985
1,xgboost,C,v2,False,2019-01-31,765.0,939
1,xgboost,C,v2,False,2019-02-01,804.0,858
1,xgboost,C,v2,False,2019-02-07,1144.0,920
1,xgboost,C,v2,False,2019-02-08,970.0,809
1,xgboost,C,v2,False,2019-02-11,1459.0,1282
1,xgboost,C,v2,False,2019-02-12,1102.0,989
1,xgboost,C,v2,False,2019-02-13,1044.0,1008
1,xgboost,C,v2,False,2019-02-14,963.0,938
1,xgboost,C,v2,False,2019-02-15,682.0,763
1,xgboost,C,v2,False,2019-02-18,1314.0,1228
1,xgboost,C,v2,False,2019-02-19,1052.0,1010
1,xgboost,C,v2,False,2019-02-20,1005.0,975
1,xgboost,C,v2,False,2019-02-21,955.0,856
1,xgboost,C,v2,False,2019-02-22,631.0,619
1,xgboost,C,v2,False,2019-02-25,1299.0,1217
1,xgboost,C,v2,False,2019-02-26,924.0,972
1,xgboost,C,v2,False,2019-02-27,944.0,900
1,xgboost,C,v2,False,2019-02-28,772.0,663
1,xgboost,C,v2,False,2019-03-04,1274.0,1274
1,xgboost,D,v1,False,2018-07-12,764.0,804
1,xgboost,D,v1,False,2018-07-13,585.0,613
1,xgboost,D,v1,False,2018-07-16,1061.0,1204
1,xgboost,D,v1,False,2018-07-17,1116.0,852
1,xgboost,D,v1,False,2018-07-18,839.0,873
1,xgboost,D,v1,False,2018-07-19,748.0,804
1,xgboost,D,v1,False,2018-07-20,489.0,654
1,xgboost,D,v1,False,2018-07-23,991.0,1135
1,xgboost,D,v1,False,2018-07-24,886.0,907
1,xgboost,D,v1,False,2018-07-25,760.0,753
1,xgboost,D,v1,False,2018-07-26,714.0,715
1,xgboost,D,v1,False,2018-07-27,589.0,660
1,xgboost,D,v1,False,2018-07-30,944.0,878
1,xgboost,D,v1,False,2018-07-31,789.0,885
1,xgboost,D,v1,False,2018-08-01,820.0,816
1,xgboost,D,v1,False,2018-08-02,631.0,679
1,xgboost,D,v1,False,2018-08-03,540.0,623
1,xgboost,D,v1,False,2018-08-06,1092.0,971
1,xgboost,D,v1,False,2018-08-07,773.0,797
1,xgboost,D,v1,False,2018-08-08,896.0,806
1,xgboost,D,v1,False,2018-08-09,821.0,754
1,xgboost,D,v1,False,2018-08-10,548.0,667
1,xgboost,D,v1,False,2018-08-13,930.0,798
1,xgboost,D,v1,False,2018-08-14,772.0,720
1,xgboost,D,v1,False,2018-08-16,789.0,769
1,xgboost,D,v1,False,2018-08-17,646.0,641
1,xgboost,D,v1,False,2018-08-20,1199.0,1181
1,xgboost,D,v1,False,2018-08-21,972.0,889
1,xgboost,D,v1,False,2018-08-22,1000.0,906
1,xgboost,D,v1,False,2018-08-23,835.0,788
1,xgboost,D,v1,False,2018-08-24,678.0,652
1,xgboost,D,v1,False,2018-08-27,1221.0,1205
1,xgboost,D,v1,False,2018-08-28,873.0,972
1,xgboost,D,v1,False,2018-08-29,915.0,828
1,xgboost,D,v1,False,2018-08-30,849.0,813
1,xgboost,D,v1,False,2018-08-31,817.0,629
1,xgboost,D,v1,False,2018-09-03,1213.0,1175
1,xgboost,D,v1,False,2018-09-04,938.0,898
1,xgboost,D,v1,False,2018-09-05,829.0,896
1,xgboost,D,v1,False,2018-09-06,830.0,849
1,xgboost,D,v1,False,2018-09-07,581.0,630
1,xgboost,D,v1,False,2018-09-10,1144.0,1167
1,xgboost,D,v1,False,2018-09-11,960.0,922
1,xgboost,D,v1,False,2018-09-12,805.0,850
1,xgboost,D,v1,False,2018-09-13,882.0,842
1,xgboost,D,v1,False,2018-09-14,405.0,635
1,xgboost,D,v1,False,2018-09-17,1189.0,1150
1,xgboost,D,v1,False,2018-09-18,946.0,885
1,xgboost,D,v1,False,2018-09-19,833.0,904
1,xgboost,D,v1,False,2018-09-20,817.0,830
1,xgboost,D,v1,False,2018-09-21,929.0,716
1,xgboost,D,v1,False,2018-10-08,895.0,875
1,xgboost,D,v1,False,2018-10-10,1319.0,1005
1,xgboost,D,v1,False,2018-10-11,1211.0,998
1,xgboost,D,v1,False,2018-10-12,622.0,651
1,xgboost,D,v1,False,2018-10-15,1235.0,1144
1,xgboost,D,v1,False,2018-10-16,928.0,914
1,xgboost,D,v1,False,2018-10-17,761.0,856
1,xgboost,D,v1,False,2018-10-18,857.0,830
1,xgboost,D,v1,False,2018-10-19,627.0,631
1,xgboost,D,v1,False,2018-10-22,1176.0,1140
1,xgboost,D,v1,False,2018-10-23,902.0,904
1,xgboost,D,v1,False,2018-10-24,777.0,847
1,xgboost,D,v1,False,2018-10-25,722.0,802
1,xgboost,D,v1,False,2018-10-26,528.0,582
1,xgboost,D,v1,False,2018-10-29,1156.0,1157
1,xgboost,D,v1,False,2018-10-30,932.0,862
1,xgboost,D,v1,False,2018-10-31,930.0,874
1,xgboost,D,v1,False,2018-11-01,703.0,859
1,xgboost,D,v1,False,2018-11-05,1088.0,1152
1,xgboost,D,v1,False,2018-11-06,813.0,931
1,xgboost,D,v1,False,2018-11-07,860.0,889
1,xgboost,D,v1,False,2018-11-08,926.0,851
1,xgboost,D,v1,False,2018-11-09,496.0,635
1,xgboost,D,v1,False,2018-11-12,1154.0,1224
1,xgboost,D,v1,False,2018-11-13,783.0,880
1,xgboost,D,v1,False,2018-11-14,800.0,933
1,xgboost,D,v1,False,2018-11-15,747.0,807
1,xgboost,D,v1,False,2018-11-16,616.0,644
1,xgboost,D,v1,False,2018-11-19,1124.0,1198
1,xgboost,D,v1,False,2018-11-20,740.0,912
1,xgboost,D,v1,False,2018-11-21,832.0,895
1,xgboost,D,v1,False,2018-11-22,718.0,880
1,xgboost,D,v1,False,2018-11-23,527.0,654
1,xgboost,D,v1,False,2018-11-26,1077.0,1207
1,xgboost,D,v1,False,2018-11-27,839.0,974
1,xgboost,D,v1,False,2018-11-28,862.0,912
1,xgboost,D,v1,False,2018-11-29,794.0,868
1,xgboost,D,v1,False,2018-11-30,543.0,671
1,xgboost,D,v1,False,2018-12-03,1248.0,1303
1,xgboost,D,v1,False,2018-12-04,911.0,1011
1,xgboost,D,v1,False,2018-12-05,885.0,923
1,xgboost,D,v1,False,2018-12-06,765.0,865
1,xgboost,D,v1,False,2018-12-07,674.0,682
1,xgboost,D,v1,False,2018-12-10,1201.0,1235
1,xgboost,D,v1,False,2018-12-11,883.0,1008
1,xgboost,D,v1,False,2018-12-12,788.0,939
1,xgboost,D,v1,False,2018-12-13,765.0,940
1,xgboost,D,v1,False,2018-12-14,664.0,728
1,xgboost,D,v1,False,2018-12-17,1170.0,1238
1,xgboost,D,v1,False,2018-12-18,813.0,957
1,xgboost,D,v1,False,2018-12-19,710.0,913
1,xgboost,D,v1,False,2018-12-20,784.0,936
1,xgboost,D,v1,False,2018-12-21,456.0,814
1,xgboost,D,v1,False,2018-12-24,296.0,689
1,xgboost,D,v1,False,2018-12-26,695.0,891
1,xgboost,D,v1,False,2018-12-27,517.0,864
1,xgboost,D,v1,False,2018-12-28,491.0,619
1,xgboost,D,v1,False,2018-12-31,332.0,727
1,xgboost,D,v1,False,2019-01-02,1201.0,1070
1,xgboost,D,v1,False,2019-01-03,858.0,956
1,xgboost,D,v1,False,2019-01-04,668.0,809
1,xgboost,D,v1,False,2019-01-07,1072.0,1232
1,xgboost,D,v1,False,2019-01-08,839.0,977
1,xgboost,D,v1,False,2019-01-09,778.0,975
1,xgboost,D,v1,False,2019-01-10,767.0,942
1,xgboost,D,v1,False,2019-01-11,627.0,816
1,xgboost,D,v1,False,2019-01-14,1163.0,1259
1,xgboost,D,v1,False,2019-01-15,963.0,1046
1,xgboost,D,v1,False,2019-01-16,1021.0,995
1,xgboost,D,v1,False,2019-01-17,837.0,986
1,xgboost,D,v1,False,2019-01-18,585.0,664
1,xgboost,D,v1,False,2019-01-21,1270.0,1222
1,xgboost,D,v1,False,2019-01-22,889.0,965
1,xgboost,D,v1,False,2019-01-23,958.0,912
1,xgboost,D,v1,False,2019-01-24,827.0,944
1,xgboost,D,v1,False,2019-01-25,667.0,782
1,xgboost,D,v1,False,2019-01-28,1140.0,1242
1,xgboost,D,v1,False,2019-01-29,968.0,1040
1,xgboost,D,v1,False,2019-01-30,679.0,948
1,xgboost,D,v1,False,2019-01-31,765.0,981
1,xgboost,D,v1,False,2019-02-01,804.0,872
1,xgboost,D,v1,False,2019-02-07,1144.0,951
1,xgboost,D,v1,False,2019-02-08,970.0,803
1,xgboost,D,v1,False,2019-02-11,1459.0,1421
1,xgboost,D,v1,False,2019-02-12,1102.0,1036
1,xgboost,D,v1,False,2019-02-13,1044.0,997
1,xgboost,D,v1,False,2019-02-14,963.0,999
1,xgboost,D,v1,False,2019-02-15,682.0,800
1,xgboost,D,v1,False,2019-02-18,1314.0,1288
1,xgboost,D,v1,False,2019-02-19,1052.0,1033
1,xgboost,D,v1,False,2019-02-20,1005.0,1013
1,xgboost,D,v1,False,2019-02-21,955.0,912
1,xgboost,D,v1,False,2019-02-22,631.0,690
1,xgboost,D,v1,False,2019-02-25,1299.0,1238
1,xgboost,D,v1,False,2019-02-26,924.0,971
1,xgboost,D,v1,False,2019-02-27,944.0,904
1,xgboost,D,v1,False,2019-02-28,772.0,704
1,xgboost,D,v1,False,2019-03-04,1274.0,1295
1,xgboost,D,v2,False,2018-07-12,764.0,812
1,xgboost,D,v2,False,2018-07-13,585.0,623
1,xgboost,D,v2,False,2018-07-16,1061.0,1213
1,xgboost,D,v2,False,2018-07-17,1116.0,848
1,xgboost,D,v2,False,2018-07-18,839.0,878
1,xgboost,D,v2,False,2018-07-19,748.0,810
1,xgboost,D,v2,False,2018-07-20,489.0,667
1,xgboost,D,v2,False,2018-07-23,991.0,1145
1,xgboost,D,v2,False,2018-07-24,886.0,908
1,xgboost,D,v2,False,2018-07-25,760.0,763
1,xgboost,D,v2,False,2018-07-26,714.0,732
1,xgboost,D,v2,False,2018-07-27,589.0,681
1,xgboost,D,v2,False,2018-07-30,944.0,892
1,xgboost,D,v2,False,2018-07-31,789.0,901
1,xgboost,D,v2,False,2018-08-01,820.0,821
1,xgboost,D,v2,False,2018-08-02,631.0,687
1,xgboost,D,v2,False,2018-08-03,540.0,640
1,xgboost,D,v2,False,2018-08-06,1092.0,984
1,xgboost,D,v2,False,2018-08-07,773.0,810
1,xgboost,D,v2,False,2018-08-08,896.0,819
1,xgboost,D,v2,False,2018-08-09,821.0,766
1,xgboost,D,v2,False,2018-08-10,548.0,676
1,xgboost,D,v2,False,2018-08-13,930.0,800
1,xgboost,D,v2,False,2018-08-14,772.0,729
1,xgboost,D,v2,False,2018-08-16,789.0,769
1,xgboost,D,v2,False,2018-08-17,646.0,644
1,xgboost,D,v2,False,2018-08-20,1199.0,1185
1,xgboost,D,v2,False,2018-08-21,972.0,884
1,xgboost,D,v2,False,2018-08-22,1000.0,905
1,xgboost,D,v2,False,2018-08-23,835.0,781
1,xgboost,D,v2,False,2018-08-24,678.0,661
1,xgboost,D,v2,False,2018-08-27,1221.0,1212
1,xgboost,D,v2,False,2018-08-28,873.0,967
1,xgboost,D,v2,False,2018-08-29,915.0,828
1,xgboost,D,v2,False,2018-08-30,849.0,813
1,xgboost,D,v2,False,2018-08-31,817.0,641
1,xgboost,D,v2,False,2018-09-03,1213.0,1179
1,xgboost,D,v2,False,2018-09-04,938.0,899
1,xgboost,D,v2,False,2018-09-05,829.0,894
1,xgboost,D,v2,False,2018-09-06,830.0,844
1,xgboost,D,v2,False,2018-09-07,581.0,625
1,xgboost,D,v2,False,2018-09-10,1144.0,1152
1,xgboost,D,v2,False,2018-09-11,960.0,917
1,xgboost,D,v2,False,2018-09-12,805.0,853
1,xgboost,D,v2,False,2018-09-13,882.0,834
1,xgboost,D,v2,False,2018-09-14,405.0,637
1,xgboost,D,v2,False,2018-09-17,1189.0,1145
1,xgboost,D,v2,False,2018-09-18,946.0,873
1,xgboost,D,v2,False,2018-09-19,833.0,885
1,xgboost,D,v2,False,2018-09-20,817.0,824
1,xgboost,D,v2,False,2018-09-21,929.0,716
1,xgboost,D,v2,False,2018-10-08,895.0,866
1,xgboost,D,v2,False,2018-10-10,1319.0,998
1,xgboost,D,v2,False,2018-10-11,1211.0,980
1,xgboost,D,v2,False,2018-10-12,622.0,655
1,xgboost,D,v2,False,2018-10-15,1235.0,1134
1,xgboost,D,v2,False,2018-10-16,928.0,906
1,xgboost,D,v2,False,2018-10-17,761.0,851
1,xgboost,D,v2,False,2018-10-18,857.0,825
1,xgboost,D,v2,False,2018-10-19,627.0,642
1,xgboost,D,v2,False,2018-10-22,1176.0,1137
1,xgboost,D,v2,False,2018-10-23,902.0,897
1,xgboost,D,v2,False,2018-10-24,777.0,835
1,xgboost,D,v2,False,2018-10-25,722.0,800
1,xgboost,D,v2,False,2018-10-26,528.0,595
1,xgboost,D,v2,False,2018-10-29,1156.0,1144
1,xgboost,D,v2,False,2018-10-30,932.0,862
1,xgboost,D,v2,False,2018-10-31,930.0,874
1,xgboost,D,v2,False,2018-11-01,703.0,859
1,xgboost,D,v2,False,2018-11-05,1088.0,1150
1,xgboost,D,v2,False,2018-11-06,813.0,932
1,xgboost,D,v2,False,2018-11-07,860.0,886
1,xgboost,D,v2,False,2018-11-08,926.0,839
1,xgboost,D,v2,False,2018-11-09,496.0,641
1,xgboost,D,v2,False,2018-11-12,1154.0,1218
1,xgboost,D,v2,False,2018-11-13,783.0,881
1,xgboost,D,v2,False,2018-11-14,800.0,923
1,xgboost,D,v2,False,2018-11-15,747.0,806
1,xgboost,D,v2,False,2018-11-16,616.0,651
1,xgboost,D,v2,False,2018-11-19,1124.0,1204
1,xgboost,D,v2,False,2018-11-20,740.0,909
1,xgboost,D,v2,False,2018-11-21,832.0,893
1,xgboost,D,v2,False,2018-11-22,718.0,876
1,xgboost,D,v2,False,2018-11-23,527.0,653
1,xgboost,D,v2,False,2018-11-26,1077.0,1205
1,xgboost,D,v2,False,2018-11-27,839.0,968
1,xgboost,D,v2,False,2018-11-28,862.0,908
1,xgboost,D,v2,False,2018-11-29,794.0,863
1,xgboost,D,v2,False,2018-11-30,543.0,667
1,xgboost,D,v2,False,2018-12-03,1248.0,1294
1,xgboost,D,v2,False,2018-12-04,911.0,1008
1,xgboost,D,v2,False,2018-12-05,885.0,921
1,xgboost,D,v2,False,2018-12-06,765.0,876
1,xgboost,D,v2,False,2018-12-07,674.0,700
1,xgboost,D,v2,False,2018-12-10,1201.0,1249
1,xgboost,D,v2,False,2018-12-11,883.0,1006
1,xgboost,D,v2,False,2018-12-12,788.0,952
1,xgboost,D,v2,False,2018-12-13,765.0,955
1,xgboost,D,v2,False,2018-12-14,664.0,735
1,xgboost,D,v2,False,2018-12-17,1170.0,1254
1,xgboost,D,v2,False,2018-12-18,813.0,964
1,xgboost,D,v2,False,2018-12-19,710.0,919
1,xgboost,D,v2,False,2018-12-20,784.0,943
1,xgboost,D,v2,False,2018-12-21,456.0,813
1,xgboost,D,v2,False,2018-12-24,296.0,713
1,xgboost,D,v2,False,2018-12-26,695.0,902
1,xgboost,D,v2,False,2018-12-27,517.0,875
1,xgboost,D,v2,False,2018-12-28,491.0,623
1,xgboost,D,v2,False,2018-12-31,332.0,731
1,xgboost,D,v2,False,2019-01-02,1201.0,1085
1,xgboost,D,v2,False,2019-01-03,858.0,978
1,xgboost,D,v2,False,2019-01-04,668.0,809
1,xgboost,D,v2,False,2019-01-07,1072.0,1239
1,xgboost,D,v2,False,2019-01-08,839.0,988
1,xgboost,D,v2,False,2019-01-09,778.0,996
1,xgboost,D,v2,False,2019-01-10,767.0,949
1,xgboost,D,v2,False,2019-01-11,627.0,825
1,xgboost,D,v2,False,2019-01-14,1163.0,1259
1,xgboost,D,v2,False,2019-01-15,963.0,1049
1,xgboost,D,v2,False,2019-01-16,1021.0,1002
1,xgboost,D,v2,False,2019-01-17,837.0,998
1,xgboost,D,v2,False,2019-01-18,585.0,670
1,xgboost,D,v2,False,2019-01-21,1270.0,1242
1,xgboost,D,v2,False,2019-01-22,889.0,978
1,xgboost,D,v2,False,2019-01-23,958.0,918
1,xgboost,D,v2,False,2019-01-24,827.0,941
1,xgboost,D,v2,False,2019-01-25,667.0,798
1,xgboost,D,v2,False,2019-01-28,1140.0,1251
1,xgboost,D,v2,False,2019-01-29,968.0,1045
1,xgboost,D,v2,False,2019-01-30,679.0,956
1,xgboost,D,v2,False,2019-01-31,765.0,984
1,xgboost,D,v2,False,2019-02-01,804.0,878
1,xgboost,D,v2,False,2019-02-07,1144.0,955
1,xgboost,D,v2,False,2019-02-08,970.0,803
1,xgboost,D,v2,False,2019-02-11,1459.0,1423
1,xgboost,D,v2,False,2019-02-12,1102.0,1036
1,xgboost,D,v2,False,2019-02-13,1044.0,1005
1,xgboost,D,v2,False,2019-02-14,963.0,1001
1,xgboost,D,v2,False,2019-02-15,682.0,806
1,xgboost,D,v2,False,2019-02-18,1314.0,1284
1,xgboost,D,v2,False,2019-02-19,1052.0,1032
1,xgboost,D,v2,False,2019-02-20,1005.0,1017
1,xgboost,D,v2,False,2019-02-21,955.0,904
1,xgboost,D,v2,False,2019-02-22,631.0,691
1,xgboost,D,v2,False,2019-02-25,1299.0,1245
1,xgboost,D,v2,False,2019-02-26,924.0,971
1,xgboost,D,v2,False,2019-02-27,944.0,896
1,xgboost,D,v2,False,2019-02-28,772.0,705
1,xgboost,D,v2,False,2019-03-04,1274.0,1297
2,train_mean,baseline,n/a,False,2019-03-05,940.0,905
2,train_mean,baseline,n/a,False,2019-03-06,1061.0,905
2,train_mean,baseline,n/a,False,2019-03-07,845.0,905
2,train_mean,baseline,n/a,False,2019-03-08,663.0,905
2,train_mean,baseline,n/a,False,2019-03-11,1277.0,905
2,train_mean,baseline,n/a,False,2019-03-12,956.0,905
2,train_mean,baseline,n/a,False,2019-03-13,953.0,905
2,train_mean,baseline,n/a,False,2019-03-14,791.0,905
2,train_mean,baseline,n/a,False,2019-03-15,630.0,905
2,train_mean,baseline,n/a,False,2019-03-18,1261.0,905
2,train_mean,baseline,n/a,False,2019-03-19,990.0,905
2,train_mean,baseline,n/a,False,2019-03-20,970.0,905
2,train_mean,baseline,n/a,False,2019-03-21,1214.0,905
2,train_mean,baseline,n/a,False,2019-03-22,567.0,905
2,train_mean,baseline,n/a,False,2019-03-25,1150.0,905
2,train_mean,baseline,n/a,False,2019-03-26,919.0,905
2,train_mean,baseline,n/a,False,2019-03-27,856.0,905
2,train_mean,baseline,n/a,False,2019-03-28,810.0,905
2,train_mean,baseline,n/a,False,2019-03-29,481.0,905
2,train_mean,baseline,n/a,False,2019-04-01,1029.0,905
2,train_mean,baseline,n/a,False,2019-04-02,855.0,905
2,train_mean,baseline,n/a,False,2019-04-03,790.0,905
2,train_mean,baseline,n/a,False,2019-04-04,745.0,905
2,train_mean,baseline,n/a,False,2019-04-05,575.0,905
2,train_mean,baseline,n/a,False,2019-04-08,1105.0,905
2,train_mean,baseline,n/a,False,2019-04-09,876.0,905
2,train_mean,baseline,n/a,False,2019-04-10,789.0,905
2,train_mean,baseline,n/a,False,2019-04-11,845.0,905
2,train_mean,baseline,n/a,False,2019-04-12,553.0,905
2,train_mean,baseline,n/a,False,2019-04-15,1184.0,905
2,train_mean,baseline,n/a,False,2019-04-16,905.0,905
2,train_mean,baseline,n/a,False,2019-04-17,910.0,905
2,train_mean,baseline,n/a,False,2019-04-18,767.0,905
2,train_mean,baseline,n/a,False,2019-04-19,683.0,905
2,train_mean,baseline,n/a,False,2019-04-22,1094.0,905
2,train_mean,baseline,n/a,False,2019-04-23,886.0,905
2,train_mean,baseline,n/a,False,2019-04-24,1034.0,905
2,train_mean,baseline,n/a,False,2019-04-25,702.0,905
2,train_mean,baseline,n/a,False,2019-04-26,572.0,905
2,train_mean,baseline,n/a,False,2019-04-29,1207.0,905
2,train_mean,baseline,n/a,False,2019-04-30,714.0,905
2,train_mean,baseline,n/a,False,2019-05-02,758.0,905
2,train_mean,baseline,n/a,False,2019-05-03,654.0,905
2,train_mean,baseline,n/a,False,2019-05-07,1221.0,905
2,train_mean,baseline,n/a,False,2019-05-08,881.0,905
2,train_mean,baseline,n/a,False,2019-05-09,958.0,905
2,train_mean,baseline,n/a,False,2019-05-10,607.0,905
2,train_mean,baseline,n/a,False,2019-05-13,1111.0,905
2,train_mean,baseline,n/a,False,2019-05-14,907.0,905
2,train_mean,baseline,n/a,False,2019-05-15,888.0,905
2,train_mean,baseline,n/a,False,2019-05-16,790.0,905
2,train_mean,baseline,n/a,False,2019-05-17,408.0,905
2,train_mean,baseline,n/a,False,2019-05-20,1174.0,905
2,train_mean,baseline,n/a,False,2019-05-21,844.0,905
2,train_mean,baseline,n/a,False,2019-05-22,831.0,905
2,train_mean,baseline,n/a,False,2019-05-23,658.0,905
2,train_mean,baseline,n/a,False,2019-05-24,508.0,905
2,train_mean,baseline,n/a,False,2019-05-27,1219.0,905
2,train_mean,baseline,n/a,False,2019-05-28,931.0,905
2,train_mean,baseline,n/a,False,2019-05-29,896.0,905
2,train_mean,baseline,n/a,False,2019-05-30,836.0,905
2,train_mean,baseline,n/a,False,2019-05-31,640.0,905
2,train_mean,baseline,n/a,False,2019-06-03,1221.0,905
2,train_mean,baseline,n/a,False,2019-06-04,962.0,905
2,train_mean,baseline,n/a,False,2019-06-05,761.0,905
2,train_mean,baseline,n/a,False,2019-06-07,389.0,905
2,train_mean,baseline,n/a,False,2019-06-10,1232.0,905
2,train_mean,baseline,n/a,False,2019-06-11,804.0,905
2,train_mean,baseline,n/a,False,2019-06-12,876.0,905
2,train_mean,baseline,n/a,False,2019-06-13,679.0,905
2,train_mean,baseline,n/a,False,2019-06-14,538.0,905
2,train_mean,baseline,n/a,False,2019-06-17,1099.0,905
2,train_mean,baseline,n/a,False,2019-06-18,853.0,905
2,train_mean,baseline,n/a,False,2019-06-19,882.0,905
2,train_mean,baseline,n/a,False,2019-06-20,625.0,905
2,train_mean,baseline,n/a,False,2019-06-21,505.0,905
2,train_mean,baseline,n/a,False,2019-06-24,1105.0,905
2,train_mean,baseline,n/a,False,2019-06-25,775.0,905
2,train_mean,baseline,n/a,False,2019-06-26,946.0,905
2,train_mean,baseline,n/a,False,2019-06-27,808.0,905
2,train_mean,baseline,n/a,False,2019-06-28,535.0,905
2,train_mean,baseline,n/a,False,2019-07-01,1175.0,905
2,train_mean,baseline,n/a,False,2019-07-02,787.0,905
2,train_mean,baseline,n/a,False,2019-07-03,910.0,905
2,train_mean,baseline,n/a,False,2019-07-04,699.0,905
2,train_mean,baseline,n/a,False,2019-07-05,546.0,905
2,train_mean,baseline,n/a,False,2019-07-08,985.0,905
2,train_mean,baseline,n/a,False,2019-07-09,861.0,905
2,train_mean,baseline,n/a,False,2019-07-10,862.0,905
2,train_mean,baseline,n/a,False,2019-07-11,730.0,905
2,train_mean,baseline,n/a,False,2019-07-12,856.0,905
2,train_mean,baseline,n/a,False,2019-07-15,1127.0,905
2,train_mean,baseline,n/a,False,2019-07-16,952.0,905
2,train_mean,baseline,n/a,False,2019-07-17,814.0,905
2,train_mean,baseline,n/a,False,2019-07-18,734.0,905
2,train_mean,baseline,n/a,False,2019-07-19,538.0,905
2,train_mean,baseline,n/a,False,2019-07-22,1013.0,905
2,train_mean,baseline,n/a,False,2019-07-23,855.0,905
2,train_mean,baseline,n/a,False,2019-07-24,744.0,905
2,train_mean,baseline,n/a,False,2019-07-25,668.0,905
2,train_mean,baseline,n/a,False,2019-07-26,462.0,905
2,train_mean,baseline,n/a,False,2019-07-29,898.0,905
2,train_mean,baseline,n/a,False,2019-07-30,745.0,905
2,train_mean,baseline,n/a,False,2019-07-31,619.0,905
2,train_mean,baseline,n/a,False,2019-08-01,648.0,905
2,train_mean,baseline,n/a,False,2019-08-02,440.0,905
2,train_mean,baseline,n/a,False,2019-08-05,936.0,905
2,train_mean,baseline,n/a,False,2019-08-06,798.0,905
2,train_mean,baseline,n/a,False,2019-08-07,841.0,905
2,train_mean,baseline,n/a,False,2019-08-08,781.0,905
2,train_mean,baseline,n/a,False,2019-08-09,641.0,905
2,train_mean,baseline,n/a,False,2019-08-12,1073.0,905
2,train_mean,baseline,n/a,False,2019-08-13,813.0,905
2,train_mean,baseline,n/a,False,2019-08-14,713.0,905
2,train_mean,baseline,n/a,False,2019-08-16,466.0,905
2,train_mean,baseline,n/a,False,2019-08-19,1249.0,905
2,train_mean,baseline,n/a,False,2019-08-20,955.0,905
2,train_mean,baseline,n/a,False,2019-08-21,923.0,905
2,train_mean,baseline,n/a,False,2019-08-22,880.0,905
2,train_mean,baseline,n/a,False,2019-08-23,599.0,905
2,train_mean,baseline,n/a,False,2019-08-26,1221.0,905
2,train_mean,baseline,n/a,False,2019-08-27,921.0,905
2,train_mean,baseline,n/a,False,2019-08-28,899.0,905
2,train_mean,baseline,n/a,False,2019-08-29,845.0,905
2,train_mean,baseline,n/a,False,2019-08-30,575.0,905
2,train_mean,baseline,n/a,False,2019-09-02,1363.0,905
2,train_mean,baseline,n/a,False,2019-09-03,944.0,905
2,train_mean,baseline,n/a,False,2019-09-04,769.0,905
2,train_mean,baseline,n/a,False,2019-09-05,778.0,905
2,train_mean,baseline,n/a,False,2019-09-06,687.0,905
2,train_mean,baseline,n/a,False,2019-09-09,1228.0,905
2,train_mean,baseline,n/a,False,2019-09-10,812.0,905
2,train_mean,baseline,n/a,False,2019-09-11,916.0,905
2,train_mean,baseline,n/a,False,2019-09-16,1283.0,905
2,train_mean,baseline,n/a,False,2019-09-17,1010.0,905
2,train_mean,baseline,n/a,False,2019-09-18,1006.0,905
2,train_mean,baseline,n/a,False,2019-09-19,701.0,905
2,train_mean,baseline,n/a,False,2019-09-20,662.0,905
2,train_mean,baseline,n/a,False,2019-09-23,1239.0,905
2,train_mean,baseline,n/a,False,2019-09-24,899.0,905
2,train_mean,baseline,n/a,False,2019-09-25,803.0,905
2,train_mean,baseline,n/a,False,2019-09-26,620.0,905
2,train_mean,baseline,n/a,False,2019-09-27,722.0,905
2,train_mean,baseline,n/a,False,2019-09-30,1030.0,905
2,train_mean,baseline,n/a,False,2019-10-02,1241.0,905
2,train_mean,baseline,n/a,False,2019-10-04,1215.0,905
2,train_mean,baseline,n/a,False,2019-10-07,1133.0,905
2,train_mean,baseline,n/a,False,2019-10-08,883.0,905
2,train_mean,baseline,n/a,False,2019-10-10,862.0,905
2,train_mean,baseline,n/a,False,2019-10-11,566.0,905
2,weekday_mean,baseline,n/a,False,2019-03-05,940.0,940
2,weekday_mean,baseline,n/a,False,2019-03-06,1061.0,921
2,weekday_mean,baseline,n/a,False,2019-03-07,845.0,842
2,weekday_mean,baseline,n/a,False,2019-03-08,663.0,679
2,weekday_mean,baseline,n/a,False,2019-03-11,1277.0,1156
2,weekday_mean,baseline,n/a,False,2019-03-12,956.0,940
2,weekday_mean,baseline,n/a,False,2019-03-13,953.0,921
2,weekday_mean,baseline,n/a,False,2019-03-14,791.0,842
2,weekday_mean,baseline,n/a,False,2019-03-15,630.0,679
2,weekday_mean,baseline,n/a,False,2019-03-18,1261.0,1156
2,weekday_mean,baseline,n/a,False,2019-03-19,990.0,940
2,weekday_mean,baseline,n/a,False,2019-03-20,970.0,921
2,weekday_mean,baseline,n/a,False,2019-03-21,1214.0,842
2,weekday_mean,baseline,n/a,False,2019-03-22,567.0,679
2,weekday_mean,baseline,n/a,False,2019-03-25,1150.0,1156
2,weekday_mean,baseline,n/a,False,2019-03-26,919.0,940
2,weekday_mean,baseline,n/a,False,2019-03-27,856.0,921
2,weekday_mean,baseline,n/a,False,2019-03-28,810.0,842
2,weekday_mean,baseline,n/a,False,2019-03-29,481.0,679
2,weekday_mean,baseline,n/a,False,2019-04-01,1029.0,1156
2,weekday_mean,baseline,n/a,False,2019-04-02,855.0,940
2,weekday_mean,baseline,n/a,False,2019-04-03,790.0,921
2,weekday_mean,baseline,n/a,False,2019-04-04,745.0,842
2,weekday_mean,baseline,n/a,False,2019-04-05,575.0,679
2,weekday_mean,baseline,n/a,False,2019-04-08,1105.0,1156
2,weekday_mean,baseline,n/a,False,2019-04-09,876.0,940
2,weekday_mean,baseline,n/a,False,2019-04-10,789.0,921
2,weekday_mean,baseline,n/a,False,2019-04-11,845.0,842
2,weekday_mean,baseline,n/a,False,2019-04-12,553.0,679
2,weekday_mean,baseline,n/a,False,2019-04-15,1184.0,1156
2,weekday_mean,baseline,n/a,False,2019-04-16,905.0,940
2,weekday_mean,baseline,n/a,False,2019-04-17,910.0,921
2,weekday_mean,baseline,n/a,False,2019-04-18,767.0,842
2,weekday_mean,baseline,n/a,False,2019-04-19,683.0,679
2,weekday_mean,baseline,n/a,False,2019-04-22,1094.0,1156
2,weekday_mean,baseline,n/a,False,2019-04-23,886.0,940
2,weekday_mean,baseline,n/a,False,2019-04-24,1034.0,921
2,weekday_mean,baseline,n/a,False,2019-04-25,702.0,842
2,weekday_mean,baseline,n/a,False,2019-04-26,572.0,679
2,weekday_mean,baseline,n/a,False,2019-04-29,1207.0,1156
2,weekday_mean,baseline,n/a,False,2019-04-30,714.0,940
2,weekday_mean,baseline,n/a,False,2019-05-02,758.0,842
2,weekday_mean,baseline,n/a,False,2019-05-03,654.0,679
2,weekday_mean,baseline,n/a,False,2019-05-07,1221.0,940
2,weekday_mean,baseline,n/a,False,2019-05-08,881.0,921
2,weekday_mean,baseline,n/a,False,2019-05-09,958.0,842
2,weekday_mean,baseline,n/a,False,2019-05-10,607.0,679
2,weekday_mean,baseline,n/a,False,2019-05-13,1111.0,1156
2,weekday_mean,baseline,n/a,False,2019-05-14,907.0,940
2,weekday_mean,baseline,n/a,False,2019-05-15,888.0,921
2,weekday_mean,baseline,n/a,False,2019-05-16,790.0,842
2,weekday_mean,baseline,n/a,False,2019-05-17,408.0,679
2,weekday_mean,baseline,n/a,False,2019-05-20,1174.0,1156
2,weekday_mean,baseline,n/a,False,2019-05-21,844.0,940
2,weekday_mean,baseline,n/a,False,2019-05-22,831.0,921
2,weekday_mean,baseline,n/a,False,2019-05-23,658.0,842
2,weekday_mean,baseline,n/a,False,2019-05-24,508.0,679
2,weekday_mean,baseline,n/a,False,2019-05-27,1219.0,1156
2,weekday_mean,baseline,n/a,False,2019-05-28,931.0,940
2,weekday_mean,baseline,n/a,False,2019-05-29,896.0,921
2,weekday_mean,baseline,n/a,False,2019-05-30,836.0,842
2,weekday_mean,baseline,n/a,False,2019-05-31,640.0,679
2,weekday_mean,baseline,n/a,False,2019-06-03,1221.0,1156
2,weekday_mean,baseline,n/a,False,2019-06-04,962.0,940
2,weekday_mean,baseline,n/a,False,2019-06-05,761.0,921
2,weekday_mean,baseline,n/a,False,2019-06-07,389.0,679
2,weekday_mean,baseline,n/a,False,2019-06-10,1232.0,1156
2,weekday_mean,baseline,n/a,False,2019-06-11,804.0,940
2,weekday_mean,baseline,n/a,False,2019-06-12,876.0,921
2,weekday_mean,baseline,n/a,False,2019-06-13,679.0,842
2,weekday_mean,baseline,n/a,False,2019-06-14,538.0,679
2,weekday_mean,baseline,n/a,False,2019-06-17,1099.0,1156
2,weekday_mean,baseline,n/a,False,2019-06-18,853.0,940
2,weekday_mean,baseline,n/a,False,2019-06-19,882.0,921
2,weekday_mean,baseline,n/a,False,2019-06-20,625.0,842
2,weekday_mean,baseline,n/a,False,2019-06-21,505.0,679
2,weekday_mean,baseline,n/a,False,2019-06-24,1105.0,1156
2,weekday_mean,baseline,n/a,False,2019-06-25,775.0,940
2,weekday_mean,baseline,n/a,False,2019-06-26,946.0,921
2,weekday_mean,baseline,n/a,False,2019-06-27,808.0,842
2,weekday_mean,baseline,n/a,False,2019-06-28,535.0,679
2,weekday_mean,baseline,n/a,False,2019-07-01,1175.0,1156
2,weekday_mean,baseline,n/a,False,2019-07-02,787.0,940
2,weekday_mean,baseline,n/a,False,2019-07-03,910.0,921
2,weekday_mean,baseline,n/a,False,2019-07-04,699.0,842
2,weekday_mean,baseline,n/a,False,2019-07-05,546.0,679
2,weekday_mean,baseline,n/a,False,2019-07-08,985.0,1156
2,weekday_mean,baseline,n/a,False,2019-07-09,861.0,940
2,weekday_mean,baseline,n/a,False,2019-07-10,862.0,921
2,weekday_mean,baseline,n/a,False,2019-07-11,730.0,842
2,weekday_mean,baseline,n/a,False,2019-07-12,856.0,679
2,weekday_mean,baseline,n/a,False,2019-07-15,1127.0,1156
2,weekday_mean,baseline,n/a,False,2019-07-16,952.0,940
2,weekday_mean,baseline,n/a,False,2019-07-17,814.0,921
2,weekday_mean,baseline,n/a,False,2019-07-18,734.0,842
2,weekday_mean,baseline,n/a,False,2019-07-19,538.0,679
2,weekday_mean,baseline,n/a,False,2019-07-22,1013.0,1156
2,weekday_mean,baseline,n/a,False,2019-07-23,855.0,940
2,weekday_mean,baseline,n/a,False,2019-07-24,744.0,921
2,weekday_mean,baseline,n/a,False,2019-07-25,668.0,842
2,weekday_mean,baseline,n/a,False,2019-07-26,462.0,679
2,weekday_mean,baseline,n/a,False,2019-07-29,898.0,1156
2,weekday_mean,baseline,n/a,False,2019-07-30,745.0,940
2,weekday_mean,baseline,n/a,False,2019-07-31,619.0,921
2,weekday_mean,baseline,n/a,False,2019-08-01,648.0,842
2,weekday_mean,baseline,n/a,False,2019-08-02,440.0,679
2,weekday_mean,baseline,n/a,False,2019-08-05,936.0,1156
2,weekday_mean,baseline,n/a,False,2019-08-06,798.0,940
2,weekday_mean,baseline,n/a,False,2019-08-07,841.0,921
2,weekday_mean,baseline,n/a,False,2019-08-08,781.0,842
2,weekday_mean,baseline,n/a,False,2019-08-09,641.0,679
2,weekday_mean,baseline,n/a,False,2019-08-12,1073.0,1156
2,weekday_mean,baseline,n/a,False,2019-08-13,813.0,940
2,weekday_mean,baseline,n/a,False,2019-08-14,713.0,921
2,weekday_mean,baseline,n/a,False,2019-08-16,466.0,679
2,weekday_mean,baseline,n/a,False,2019-08-19,1249.0,1156
2,weekday_mean,baseline,n/a,False,2019-08-20,955.0,940
2,weekday_mean,baseline,n/a,False,2019-08-21,923.0,921
2,weekday_mean,baseline,n/a,False,2019-08-22,880.0,842
2,weekday_mean,baseline,n/a,False,2019-08-23,599.0,679
2,weekday_mean,baseline,n/a,False,2019-08-26,1221.0,1156
2,weekday_mean,baseline,n/a,False,2019-08-27,921.0,940
2,weekday_mean,baseline,n/a,False,2019-08-28,899.0,921
2,weekday_mean,baseline,n/a,False,2019-08-29,845.0,842
2,weekday_mean,baseline,n/a,False,2019-08-30,575.0,679
2,weekday_mean,baseline,n/a,False,2019-09-02,1363.0,1156
2,weekday_mean,baseline,n/a,False,2019-09-03,944.0,940
2,weekday_mean,baseline,n/a,False,2019-09-04,769.0,921
2,weekday_mean,baseline,n/a,False,2019-09-05,778.0,842
2,weekday_mean,baseline,n/a,False,2019-09-06,687.0,679
2,weekday_mean,baseline,n/a,False,2019-09-09,1228.0,1156
2,weekday_mean,baseline,n/a,False,2019-09-10,812.0,940
2,weekday_mean,baseline,n/a,False,2019-09-11,916.0,921
2,weekday_mean,baseline,n/a,False,2019-09-16,1283.0,1156
2,weekday_mean,baseline,n/a,False,2019-09-17,1010.0,940
2,weekday_mean,baseline,n/a,False,2019-09-18,1006.0,921
2,weekday_mean,baseline,n/a,False,2019-09-19,701.0,842
2,weekday_mean,baseline,n/a,False,2019-09-20,662.0,679
2,weekday_mean,baseline,n/a,False,2019-09-23,1239.0,1156
2,weekday_mean,baseline,n/a,False,2019-09-24,899.0,940
2,weekday_mean,baseline,n/a,False,2019-09-25,803.0,921
2,weekday_mean,baseline,n/a,False,2019-09-26,620.0,842
2,weekday_mean,baseline,n/a,False,2019-09-27,722.0,679
2,weekday_mean,baseline,n/a,False,2019-09-30,1030.0,1156
2,weekday_mean,baseline,n/a,False,2019-10-02,1241.0,921
2,weekday_mean,baseline,n/a,False,2019-10-04,1215.0,679
2,weekday_mean,baseline,n/a,False,2019-10-07,1133.0,1156
2,weekday_mean,baseline,n/a,False,2019-10-08,883.0,940
2,weekday_mean,baseline,n/a,False,2019-10-10,862.0,842
2,weekday_mean,baseline,n/a,False,2019-10-11,566.0,679
2,available_rate,baseline,n/a,False,2019-03-05,940.0,990
2,available_rate,baseline,n/a,False,2019-03-06,1061.0,992
2,available_rate,baseline,n/a,False,2019-03-07,845.0,985
2,available_rate,baseline,n/a,False,2019-03-08,663.0,939
2,available_rate,baseline,n/a,False,2019-03-11,1277.0,995
2,available_rate,baseline,n/a,False,2019-03-12,956.0,988
2,available_rate,baseline,n/a,False,2019-03-13,953.0,987
2,available_rate,baseline,n/a,False,2019-03-14,791.0,971
2,available_rate,baseline,n/a,False,2019-03-15,630.0,920
2,available_rate,baseline,n/a,False,2019-03-18,1261.0,980
2,available_rate,baseline,n/a,False,2019-03-19,990.0,981
2,available_rate,baseline,n/a,False,2019-03-20,970.0,974
2,available_rate,baseline,n/a,False,2019-03-21,1214.0,973
2,available_rate,baseline,n/a,False,2019-03-22,567.0,926
2,available_rate,baseline,n/a,False,2019-03-25,1150.0,973
2,available_rate,baseline,n/a,False,2019-03-26,919.0,976
2,available_rate,baseline,n/a,False,2019-03-27,856.0,969
2,available_rate,baseline,n/a,False,2019-03-28,810.0,964
2,available_rate,baseline,n/a,False,2019-03-29,481.0,896
2,available_rate,baseline,n/a,False,2019-04-01,1029.0,975
2,available_rate,baseline,n/a,False,2019-04-02,855.0,976
2,available_rate,baseline,n/a,False,2019-04-03,790.0,967
2,available_rate,baseline,n/a,False,2019-04-04,745.0,965
2,available_rate,baseline,n/a,False,2019-04-05,575.0,910
2,available_rate,baseline,n/a,False,2019-04-08,1105.0,974
2,available_rate,baseline,n/a,False,2019-04-09,876.0,981
2,available_rate,baseline,n/a,False,2019-04-10,789.0,980
2,available_rate,baseline,n/a,False,2019-04-11,845.0,984
2,available_rate,baseline,n/a,False,2019-04-12,553.0,928
2,available_rate,baseline,n/a,False,2019-04-15,1184.0,987
2,available_rate,baseline,n/a,False,2019-04-16,905.0,989
2,available_rate,baseline,n/a,False,2019-04-17,910.0,976
2,available_rate,baseline,n/a,False,2019-04-18,767.0,962
2,available_rate,baseline,n/a,False,2019-04-19,683.0,896
2,available_rate,baseline,n/a,False,2019-04-22,1094.0,960
2,available_rate,baseline,n/a,False,2019-04-23,886.0,971
2,available_rate,baseline,n/a,False,2019-04-24,1034.0,971
2,available_rate,baseline,n/a,False,2019-04-25,702.0,953
2,available_rate,baseline,n/a,False,2019-04-26,572.0,901
2,available_rate,baseline,n/a,False,2019-04-29,1207.0,943
2,available_rate,baseline,n/a,False,2019-04-30,714.0,925
2,available_rate,baseline,n/a,False,2019-05-02,758.0,887
2,available_rate,baseline,n/a,False,2019-05-03,654.0,859
2,available_rate,baseline,n/a,False,2019-05-07,1221.0,944
2,available_rate,baseline,n/a,False,2019-05-08,881.0,955
2,available_rate,baseline,n/a,False,2019-05-09,958.0,955
2,available_rate,baseline,n/a,False,2019-05-10,607.0,919
2,available_rate,baseline,n/a,False,2019-05-13,1111.0,965
2,available_rate,baseline,n/a,False,2019-05-14,907.0,973
2,available_rate,baseline,n/a,False,2019-05-15,888.0,964
2,available_rate,baseline,n/a,False,2019-05-16,790.0,964
2,available_rate,baseline,n/a,False,2019-05-17,408.0,901
2,available_rate,baseline,n/a,False,2019-05-20,1174.0,976
2,available_rate,baseline,n/a,False,2019-05-21,844.0,968
2,available_rate,baseline,n/a,False,2019-05-22,831.0,973
2,available_rate,baseline,n/a,False,2019-05-23,658.0,960
2,available_rate,baseline,n/a,False,2019-05-24,508.0,907
2,available_rate,baseline,n/a,False,2019-05-27,1219.0,986
2,available_rate,baseline,n/a,False,2019-05-28,931.0,992
2,available_rate,baseline,n/a,False,2019-05-29,896.0,990
2,available_rate,baseline,n/a,False,2019-05-30,836.0,973
2,available_rate,baseline,n/a,False,2019-05-31,640.0,919
2,available_rate,baseline,n/a,False,2019-06-03,1221.0,954
2,available_rate,baseline,n/a,False,2019-06-04,962.0,953
2,available_rate,baseline,n/a,False,2019-06-05,761.0,923
2,available_rate,baseline,n/a,False,2019-06-07,389.0,643
2,available_rate,baseline,n/a,False,2019-06-10,1232.0,939
2,available_rate,baseline,n/a,False,2019-06-11,804.0,950
2,available_rate,baseline,n/a,False,2019-06-12,876.0,944
2,available_rate,baseline,n/a,False,2019-06-13,679.0,938
2,available_rate,baseline,n/a,False,2019-06-14,538.0,886
2,available_rate,baseline,n/a,False,2019-06-17,1099.0,945
2,available_rate,baseline,n/a,False,2019-06-18,853.0,948
2,available_rate,baseline,n/a,False,2019-06-19,882.0,944
2,available_rate,baseline,n/a,False,2019-06-20,625.0,927
2,available_rate,baseline,n/a,False,2019-06-21,505.0,888
2,available_rate,baseline,n/a,False,2019-06-24,1105.0,953
2,available_rate,baseline,n/a,False,2019-06-25,775.0,946
2,available_rate,baseline,n/a,False,2019-06-26,946.0,939
2,available_rate,baseline,n/a,False,2019-06-27,808.0,934
2,available_rate,baseline,n/a,False,2019-06-28,535.0,874
2,available_rate,baseline,n/a,False,2019-07-01,1175.0,947
2,available_rate,baseline,n/a,False,2019-07-02,787.0,950
2,available_rate,baseline,n/a,False,2019-07-03,910.0,941
2,available_rate,baseline,n/a,False,2019-07-04,699.0,919
2,available_rate,baseline,n/a,False,2019-07-05,546.0,882
2,available_rate,baseline,n/a,False,2019-07-08,985.0,908
2,available_rate,baseline,n/a,False,2019-07-09,861.0,940
2,available_rate,baseline,n/a,False,2019-07-10,862.0,917
2,available_rate,baseline,n/a,False,2019-07-11,730.0,919
2,available_rate,baseline,n/a,False,2019-07-12,856.0,862
2,available_rate,baseline,n/a,False,2019-07-15,1127.0,930
2,available_rate,baseline,n/a,False,2019-07-16,952.0,949
2,available_rate,baseline,n/a,False,2019-07-17,814.0,938
2,available_rate,baseline,n/a,False,2019-07-18,734.0,926
2,available_rate,baseline,n/a,False,2019-07-19,538.0,871
2,available_rate,baseline,n/a,False,2019-07-22,1013.0,905
2,available_rate,baseline,n/a,False,2019-07-23,855.0,900
2,available_rate,baseline,n/a,False,2019-07-24,744.0,891
2,available_rate,baseline,n/a,False,2019-07-25,668.0,860
2,available_rate,baseline,n/a,False,2019-07-26,462.0,813
2,available_rate,baseline,n/a,False,2019-07-29,898.0,820
2,available_rate,baseline,n/a,False,2019-07-30,745.0,824
2,available_rate,baseline,n/a,False,2019-07-31,619.0,793
2,available_rate,baseline,n/a,False,2019-08-01,648.0,991
2,available_rate,baseline,n/a,False,2019-08-02,440.0,929
2,available_rate,baseline,n/a,False,2019-08-05,936.0,1038
2,available_rate,baseline,n/a,False,2019-08-06,798.0,1044
2,available_rate,baseline,n/a,False,2019-08-07,841.0,1034
2,available_rate,baseline,n/a,False,2019-08-08,781.0,1022
2,available_rate,baseline,n/a,False,2019-08-09,641.0,994
2,available_rate,baseline,n/a,False,2019-08-12,1073.0,1054
2,available_rate,baseline,n/a,False,2019-08-13,813.0,1056
2,available_rate,baseline,n/a,False,2019-08-14,713.0,1026
2,available_rate,baseline,n/a,False,2019-08-16,466.0,808
2,available_rate,baseline,n/a,False,2019-08-19,1249.0,1104
2,available_rate,baseline,n/a,False,2019-08-20,955.0,1110
2,available_rate,baseline,n/a,False,2019-08-21,923.0,1102
2,available_rate,baseline,n/a,False,2019-08-22,880.0,1113
2,available_rate,baseline,n/a,False,2019-08-23,599.0,1070
2,available_rate,baseline,n/a,False,2019-08-26,1221.0,1136
2,available_rate,baseline,n/a,False,2019-08-27,921.0,1139
2,available_rate,baseline,n/a,False,2019-08-28,899.0,1134
2,available_rate,baseline,n/a,False,2019-08-29,845.0,1125
2,available_rate,baseline,n/a,False,2019-08-30,575.0,1072
2,available_rate,baseline,n/a,False,2019-09-02,1363.0,1077
2,available_rate,baseline,n/a,False,2019-09-03,944.0,1074
2,available_rate,baseline,n/a,False,2019-09-04,769.0,1068
2,available_rate,baseline,n/a,False,2019-09-05,778.0,1054
2,available_rate,baseline,n/a,False,2019-09-06,687.0,1013
2,available_rate,baseline,n/a,False,2019-09-09,1228.0,1071
2,available_rate,baseline,n/a,False,2019-09-10,812.0,1065
2,available_rate,baseline,n/a,False,2019-09-11,916.0,995
2,available_rate,baseline,n/a,False,2019-09-16,1283.0,1042
2,available_rate,baseline,n/a,False,2019-09-17,1010.0,1090
2,available_rate,baseline,n/a,False,2019-09-18,1006.0,1088
2,available_rate,baseline,n/a,False,2019-09-19,701.0,1069
2,available_rate,baseline,n/a,False,2019-09-20,662.0,1025
2,available_rate,baseline,n/a,False,2019-09-23,1239.0,1086
2,available_rate,baseline,n/a,False,2019-09-24,899.0,1083
2,available_rate,baseline,n/a,False,2019-09-25,803.0,1079
2,available_rate,baseline,n/a,False,2019-09-26,620.0,1063
2,available_rate,baseline,n/a,False,2019-09-27,722.0,1024
2,available_rate,baseline,n/a,False,2019-09-30,1030.0,1013
2,available_rate,baseline,n/a,False,2019-10-02,1241.0,1038
2,available_rate,baseline,n/a,False,2019-10-04,1215.0,1023
2,available_rate,baseline,n/a,False,2019-10-07,1133.0,1058
2,available_rate,baseline,n/a,False,2019-10-08,883.0,1032
2,available_rate,baseline,n/a,False,2019-10-10,862.0,1002
2,available_rate,baseline,n/a,False,2019-10-11,566.0,955
2,past_5_actual_mean,baseline,n/a,False,2019-03-05,940.0,1043
2,past_5_actual_mean,baseline,n/a,False,2019-03-06,1061.0,971
2,past_5_actual_mean,baseline,n/a,False,2019-03-07,845.0,998
2,past_5_actual_mean,baseline,n/a,False,2019-03-08,663.0,978
2,past_5_actual_mean,baseline,n/a,False,2019-03-11,1277.0,957
2,past_5_actual_mean,baseline,n/a,False,2019-03-12,956.0,957
2,past_5_actual_mean,baseline,n/a,False,2019-03-13,953.0,960
2,past_5_actual_mean,baseline,n/a,False,2019-03-14,791.0,939
2,past_5_actual_mean,baseline,n/a,False,2019-03-15,630.0,928
2,past_5_actual_mean,baseline,n/a,False,2019-03-18,1261.0,921
2,past_5_actual_mean,baseline,n/a,False,2019-03-19,990.0,918
2,past_5_actual_mean,baseline,n/a,False,2019-03-20,970.0,925
2,past_5_actual_mean,baseline,n/a,False,2019-03-21,1214.0,928
2,past_5_actual_mean,baseline,n/a,False,2019-03-22,567.0,1013
2,past_5_actual_mean,baseline,n/a,False,2019-03-25,1150.0,1000
2,past_5_actual_mean,baseline,n/a,False,2019-03-26,919.0,978
2,past_5_actual_mean,baseline,n/a,False,2019-03-27,856.0,964
2,past_5_actual_mean,baseline,n/a,False,2019-03-28,810.0,941
2,past_5_actual_mean,baseline,n/a,False,2019-03-29,481.0,860
2,past_5_actual_mean,baseline,n/a,False,2019-04-01,1029.0,843
2,past_5_actual_mean,baseline,n/a,False,2019-04-02,855.0,819
2,past_5_actual_mean,baseline,n/a,False,2019-04-03,790.0,806
2,past_5_actual_mean,baseline,n/a,False,2019-04-04,745.0,793
2,past_5_actual_mean,baseline,n/a,False,2019-04-05,575.0,780
2,past_5_actual_mean,baseline,n/a,False,2019-04-08,1105.0,799
2,past_5_actual_mean,baseline,n/a,False,2019-04-09,876.0,814
2,past_5_actual_mean,baseline,n/a,False,2019-04-10,789.0,818
2,past_5_actual_mean,baseline,n/a,False,2019-04-11,845.0,818
2,past_5_actual_mean,baseline,n/a,False,2019-04-12,553.0,838
2,past_5_actual_mean,baseline,n/a,False,2019-04-15,1184.0,834
2,past_5_actual_mean,baseline,n/a,False,2019-04-16,905.0,849
2,past_5_actual_mean,baseline,n/a,False,2019-04-17,910.0,855
2,past_5_actual_mean,baseline,n/a,False,2019-04-18,767.0,879
2,past_5_actual_mean,baseline,n/a,False,2019-04-19,683.0,864
2,past_5_actual_mean,baseline,n/a,False,2019-04-22,1094.0,890
2,past_5_actual_mean,baseline,n/a,False,2019-04-23,886.0,872
2,past_5_actual_mean,baseline,n/a,False,2019-04-24,1034.0,868
2,past_5_actual_mean,baseline,n/a,False,2019-04-25,702.0,893
2,past_5_actual_mean,baseline,n/a,False,2019-04-26,572.0,880
2,past_5_actual_mean,baseline,n/a,False,2019-04-29,1207.0,858
2,past_5_actual_mean,baseline,n/a,False,2019-04-30,714.0,880
2,past_5_actual_mean,baseline,n/a,False,2019-05-02,758.0,846
2,past_5_actual_mean,baseline,n/a,False,2019-05-03,654.0,791
2,past_5_actual_mean,baseline,n/a,False,2019-05-07,1221.0,781
2,past_5_actual_mean,baseline,n/a,False,2019-05-08,881.0,911
2,past_5_actual_mean,baseline,n/a,False,2019-05-09,958.0,846
2,past_5_actual_mean,baseline,n/a,False,2019-05-10,607.0,894
2,past_5_actual_mean,baseline,n/a,False,2019-05-13,1111.0,864
2,past_5_actual_mean,baseline,n/a,False,2019-05-14,907.0,956
2,past_5_actual_mean,baseline,n/a,False,2019-05-15,888.0,893
2,past_5_actual_mean,baseline,n/a,False,2019-05-16,790.0,894
2,past_5_actual_mean,baseline,n/a,False,2019-05-17,408.0,861
2,past_5_actual_mean,baseline,n/a,False,2019-05-20,1174.0,821
2,past_5_actual_mean,baseline,n/a,False,2019-05-21,844.0,833
2,past_5_actual_mean,baseline,n/a,False,2019-05-22,831.0,821
2,past_5_actual_mean,baseline,n/a,False,2019-05-23,658.0,809
2,past_5_actual_mean,baseline,n/a,False,2019-05-24,508.0,783
2,past_5_actual_mean,baseline,n/a,False,2019-05-27,1219.0,803
2,past_5_actual_mean,baseline,n/a,False,2019-05-28,931.0,812
2,past_5_actual_mean,baseline,n/a,False,2019-05-29,896.0,829
2,past_5_actual_mean,baseline,n/a,False,2019-05-30,836.0,842
2,past_5_actual_mean,baseline,n/a,False,2019-05-31,640.0,878
2,past_5_actual_mean,baseline,n/a,False,2019-06-03,1221.0,904
2,past_5_actual_mean,baseline,n/a,False,2019-06-04,962.0,905
2,past_5_actual_mean,baseline,n/a,False,2019-06-05,761.0,911
2,past_5_actual_mean,baseline,n/a,False,2019-06-07,389.0,884
2,past_5_actual_mean,baseline,n/a,False,2019-06-10,1232.0,795
2,past_5_actual_mean,baseline,n/a,False,2019-06-11,804.0,913
2,past_5_actual_mean,baseline,n/a,False,2019-06-12,876.0,830
2,past_5_actual_mean,baseline,n/a,False,2019-06-13,679.0,812
2,past_5_actual_mean,baseline,n/a,False,2019-06-14,538.0,796
2,past_5_actual_mean,baseline,n/a,False,2019-06-17,1099.0,826
2,past_5_actual_mean,baseline,n/a,False,2019-06-18,853.0,799
2,past_5_actual_mean,baseline,n/a,False,2019-06-19,882.0,809
2,past_5_actual_mean,baseline,n/a,False,2019-06-20,625.0,810
2,past_5_actual_mean,baseline,n/a,False,2019-06-21,505.0,799
2,past_5_actual_mean,baseline,n/a,False,2019-06-24,1105.0,793
2,past_5_actual_mean,baseline,n/a,False,2019-06-25,775.0,794
2,past_5_actual_mean,baseline,n/a,False,2019-06-26,946.0,778
2,past_5_actual_mean,baseline,n/a,False,2019-06-27,808.0,791
2,past_5_actual_mean,baseline,n/a,False,2019-06-28,535.0,828
2,past_5_actual_mean,baseline,n/a,False,2019-07-01,1175.0,834
2,past_5_actual_mean,baseline,n/a,False,2019-07-02,787.0,848
2,past_5_actual_mean,baseline,n/a,False,2019-07-03,910.0,850
2,past_5_actual_mean,baseline,n/a,False,2019-07-04,699.0,843
2,past_5_actual_mean,baseline,n/a,False,2019-07-05,546.0,821
2,past_5_actual_mean,baseline,n/a,False,2019-07-08,985.0,823
2,past_5_actual_mean,baseline,n/a,False,2019-07-09,861.0,785
2,past_5_actual_mean,baseline,n/a,False,2019-07-10,862.0,800
2,past_5_actual_mean,baseline,n/a,False,2019-07-11,730.0,791
2,past_5_actual_mean,baseline,n/a,False,2019-07-12,856.0,797
2,past_5_actual_mean,baseline,n/a,False,2019-07-15,1127.0,859
2,past_5_actual_mean,baseline,n/a,False,2019-07-16,952.0,887
2,past_5_actual_mean,baseline,n/a,False,2019-07-17,814.0,905
2,past_5_actual_mean,baseline,n/a,False,2019-07-18,734.0,896
2,past_5_actual_mean,baseline,n/a,False,2019-07-19,538.0,897
2,past_5_actual_mean,baseline,n/a,False,2019-07-22,1013.0,833
2,past_5_actual_mean,baseline,n/a,False,2019-07-23,855.0,810
2,past_5_actual_mean,baseline,n/a,False,2019-07-24,744.0,791
2,past_5_actual_mean,baseline,n/a,False,2019-07-25,668.0,777
2,past_5_actual_mean,baseline,n/a,False,2019-07-26,462.0,764
2,past_5_actual_mean,baseline,n/a,False,2019-07-29,898.0,748
2,past_5_actual_mean,baseline,n/a,False,2019-07-30,745.0,725
2,past_5_actual_mean,baseline,n/a,False,2019-07-31,619.0,703
2,past_5_actual_mean,baseline,n/a,False,2019-08-01,648.0,678
2,past_5_actual_mean,baseline,n/a,False,2019-08-02,440.0,674
2,past_5_actual_mean,baseline,n/a,False,2019-08-05,936.0,670
2,past_5_actual_mean,baseline,n/a,False,2019-08-06,798.0,678
2,past_5_actual_mean,baseline,n/a,False,2019-08-07,841.0,688
2,past_5_actual_mean,baseline,n/a,False,2019-08-08,781.0,733
2,past_5_actual_mean,baseline,n/a,False,2019-08-09,641.0,759
2,past_5_actual_mean,baseline,n/a,False,2019-08-12,1073.0,799
2,past_5_actual_mean,baseline,n/a,False,2019-08-13,813.0,827
2,past_5_actual_mean,baseline,n/a,False,2019-08-14,713.0,830
2,past_5_actual_mean,baseline,n/a,False,2019-08-16,466.0,804
2,past_5_actual_mean,baseline,n/a,False,2019-08-19,1249.0,741
2,past_5_actual_mean,baseline,n/a,False,2019-08-20,955.0,863
2,past_5_actual_mean,baseline,n/a,False,2019-08-21,923.0,839
2,past_5_actual_mean,baseline,n/a,False,2019-08-22,880.0,861
2,past_5_actual_mean,baseline,n/a,False,2019-08-23,599.0,895
2,past_5_actual_mean,baseline,n/a,False,2019-08-26,1221.0,921
2,past_5_actual_mean,baseline,n/a,False,2019-08-27,921.0,916
2,past_5_actual_mean,baseline,n/a,False,2019-08-28,899.0,909
2,past_5_actual_mean,baseline,n/a,False,2019-08-29,845.0,904
2,past_5_actual_mean,baseline,n/a,False,2019-08-30,575.0,897
2,past_5_actual_mean,baseline,n/a,False,2019-09-02,1363.0,892
2,past_5_actual_mean,baseline,n/a,False,2019-09-03,944.0,921
2,past_5_actual_mean,baseline,n/a,False,2019-09-04,769.0,925
2,past_5_actual_mean,baseline,n/a,False,2019-09-05,778.0,899
2,past_5_actual_mean,baseline,n/a,False,2019-09-06,687.0,886
2,past_5_actual_mean,baseline,n/a,False,2019-09-09,1228.0,908
2,past_5_actual_mean,baseline,n/a,False,2019-09-10,812.0,881
2,past_5_actual_mean,baseline,n/a,False,2019-09-11,916.0,855
2,past_5_actual_mean,baseline,n/a,False,2019-09-16,1283.0,884
2,past_5_actual_mean,baseline,n/a,False,2019-09-17,1010.0,985
2,past_5_actual_mean,baseline,n/a,False,2019-09-18,1006.0,1050
2,past_5_actual_mean,baseline,n/a,False,2019-09-19,701.0,1005
2,past_5_actual_mean,baseline,n/a,False,2019-09-20,662.0,983
2,past_5_actual_mean,baseline,n/a,False,2019-09-23,1239.0,932
2,past_5_actual_mean,baseline,n/a,False,2019-09-24,899.0,924
2,past_5_actual_mean,baseline,n/a,False,2019-09-25,803.0,901
2,past_5_actual_mean,baseline,n/a,False,2019-09-26,620.0,861
2,past_5_actual_mean,baseline,n/a,False,2019-09-27,722.0,845
2,past_5_actual_mean,baseline,n/a,False,2019-09-30,1030.0,857
2,past_5_actual_mean,baseline,n/a,False,2019-10-02,1241.0,815
2,past_5_actual_mean,baseline,n/a,False,2019-10-04,1215.0,883
2,past_5_actual_mean,baseline,n/a,False,2019-10-07,1133.0,966
2,past_5_actual_mean,baseline,n/a,False,2019-10-08,883.0,1068
2,past_5_actual_mean,baseline,n/a,False,2019-10-10,862.0,1100
2,past_5_actual_mean,baseline,n/a,False,2019-10-11,566.0,1067
2,lightgbm,A,v2,True,2019-03-05,940.0,1074
2,lightgbm,A,v2,True,2019-03-06,1061.0,969
2,lightgbm,A,v2,True,2019-03-07,845.0,848
2,lightgbm,A,v2,True,2019-03-08,663.0,629
2,lightgbm,A,v2,True,2019-03-11,1277.0,1268
2,lightgbm,A,v2,True,2019-03-12,956.0,986
2,lightgbm,A,v2,True,2019-03-13,953.0,944
2,lightgbm,A,v2,True,2019-03-14,791.0,805
2,lightgbm,A,v2,True,2019-03-15,630.0,589
2,lightgbm,A,v2,True,2019-03-18,1261.0,1163
2,lightgbm,A,v2,True,2019-03-19,990.0,961
2,lightgbm,A,v2,True,2019-03-20,970.0,848
2,lightgbm,A,v2,True,2019-03-21,1214.0,868
2,lightgbm,A,v2,True,2019-03-22,567.0,620
2,lightgbm,A,v2,True,2019-03-25,1150.0,1095
2,lightgbm,A,v2,True,2019-03-26,919.0,952
2,lightgbm,A,v2,True,2019-03-27,856.0,841
2,lightgbm,A,v2,True,2019-03-28,810.0,802
2,lightgbm,A,v2,True,2019-03-29,481.0,577
2,lightgbm,A,v2,True,2019-04-01,1029.0,1311
2,lightgbm,A,v2,True,2019-04-02,855.0,849
2,lightgbm,A,v2,True,2019-04-03,790.0,846
2,lightgbm,A,v2,True,2019-04-04,745.0,818
2,lightgbm,A,v2,True,2019-04-05,575.0,595
2,lightgbm,A,v2,True,2019-04-08,1105.0,1140
2,lightgbm,A,v2,True,2019-04-09,876.0,983
2,lightgbm,A,v2,True,2019-04-10,789.0,957
2,lightgbm,A,v2,True,2019-04-11,845.0,980
2,lightgbm,A,v2,True,2019-04-12,553.0,708
2,lightgbm,A,v2,True,2019-04-15,1184.0,1323
2,lightgbm,A,v2,True,2019-04-16,905.0,1051
2,lightgbm,A,v2,True,2019-04-17,910.0,889
2,lightgbm,A,v2,True,2019-04-18,767.0,845
2,lightgbm,A,v2,True,2019-04-19,683.0,632
2,lightgbm,A,v2,True,2019-04-22,1094.0,841
2,lightgbm,A,v2,True,2019-04-23,886.0,854
2,lightgbm,A,v2,True,2019-04-24,1034.0,877
2,lightgbm,A,v2,True,2019-04-25,702.0,837
2,lightgbm,A,v2,True,2019-04-26,572.0,698
2,lightgbm,A,v2,True,2019-04-29,1207.0,985
2,lightgbm,A,v2,True,2019-04-30,714.0,735
2,lightgbm,A,v2,True,2019-05-02,758.0,774
2,lightgbm,A,v2,True,2019-05-03,654.0,596
2,lightgbm,A,v2,True,2019-05-07,1221.0,860
2,lightgbm,A,v2,True,2019-05-08,881.0,821
2,lightgbm,A,v2,True,2019-05-09,958.0,817
2,lightgbm,A,v2,True,2019-05-10,607.0,662
2,lightgbm,A,v2,True,2019-05-13,1111.0,1152
2,lightgbm,A,v2,True,2019-05-14,907.0,866
2,lightgbm,A,v2,True,2019-05-15,888.0,832
2,lightgbm,A,v2,True,2019-05-16,790.0,837
2,lightgbm,A,v2,True,2019-05-17,408.0,632
2,lightgbm,A,v2,True,2019-05-20,1174.0,1155
2,lightgbm,A,v2,True,2019-05-21,844.0,831
2,lightgbm,A,v2,True,2019-05-22,831.0,859
2,lightgbm,A,v2,True,2019-05-23,658.0,822
2,lightgbm,A,v2,True,2019-05-24,508.0,660
2,lightgbm,A,v2,True,2019-05-27,1219.0,1254
2,lightgbm,A,v2,True,2019-05-28,931.0,1097
2,lightgbm,A,v2,True,2019-05-29,896.0,990
2,lightgbm,A,v2,True,2019-05-30,836.0,856
2,lightgbm,A,v2,True,2019-05-31,640.0,694
2,lightgbm,A,v2,True,2019-06-03,1221.0,1219
2,lightgbm,A,v2,True,2019-06-04,962.0,996
2,lightgbm,A,v2,True,2019-06-05,761.0,946
2,lightgbm,A,v2,True,2019-06-07,389.0,610
2,lightgbm,A,v2,True,2019-06-10,1232.0,1188
2,lightgbm,A,v2,True,2019-06-11,804.0,934
2,lightgbm,A,v2,True,2019-06-12,876.0,889
2,lightgbm,A,v2,True,2019-06-13,679.0,868
2,lightgbm,A,v2,True,2019-06-14,538.0,638
2,lightgbm,A,v2,True,2019-06-17,1099.0,1196
2,lightgbm,A,v2,True,2019-06-18,853.0,904
2,lightgbm,A,v2,True,2019-06-19,882.0,927
2,lightgbm,A,v2,True,2019-06-20,625.0,875
2,lightgbm,A,v2,True,2019-06-21,505.0,695
2,lightgbm,A,v2,True,2019-06-24,1105.0,1276
2,lightgbm,A,v2,True,2019-06-25,775.0,910
2,lightgbm,A,v2,True,2019-06-26,946.0,862
2,lightgbm,A,v2,True,2019-06-27,808.0,900
2,lightgbm,A,v2,True,2019-06-28,535.0,646
2,lightgbm,A,v2,True,2019-07-01,1175.0,1257
2,lightgbm,A,v2,True,2019-07-02,787.0,1191
2,lightgbm,A,v2,True,2019-07-03,910.0,928
2,lightgbm,A,v2,True,2019-07-04,699.0,849
2,lightgbm,A,v2,True,2019-07-05,546.0,705
2,lightgbm,A,v2,True,2019-07-08,985.0,859
2,lightgbm,A,v2,True,2019-07-09,861.0,916
2,lightgbm,A,v2,True,2019-07-10,862.0,727
2,lightgbm,A,v2,True,2019-07-11,730.0,818
2,lightgbm,A,v2,True,2019-07-12,856.0,655
2,lightgbm,A,v2,True,2019-07-15,1127.0,1143
2,lightgbm,A,v2,True,2019-07-16,952.0,1150
2,lightgbm,A,v2,True,2019-07-17,814.0,939
2,lightgbm,A,v2,True,2019-07-18,734.0,912
2,lightgbm,A,v2,True,2019-07-19,538.0,699
2,lightgbm,A,v2,True,2019-07-22,1013.0,1113
2,lightgbm,A,v2,True,2019-07-23,855.0,1106
2,lightgbm,A,v2,True,2019-07-24,744.0,805
2,lightgbm,A,v2,True,2019-07-25,668.0,763
2,lightgbm,A,v2,True,2019-07-26,462.0,628
2,lightgbm,A,v2,True,2019-07-29,898.0,995
2,lightgbm,A,v2,True,2019-07-30,745.0,931
2,lightgbm,A,v2,True,2019-07-31,619.0,708
2,lightgbm,A,v2,True,2019-08-01,648.0,817
2,lightgbm,A,v2,True,2019-08-02,440.0,666
2,lightgbm,A,v2,True,2019-08-05,936.0,1055
2,lightgbm,A,v2,True,2019-08-06,798.0,1047
2,lightgbm,A,v2,True,2019-08-07,841.0,740
2,lightgbm,A,v2,True,2019-08-08,781.0,811
2,lightgbm,A,v2,True,2019-08-09,641.0,650
2,lightgbm,A,v2,True,2019-08-12,1073.0,995
2,lightgbm,A,v2,True,2019-08-13,813.0,854
2,lightgbm,A,v2,True,2019-08-14,713.0,660
2,lightgbm,A,v2,True,2019-08-16,466.0,602
2,lightgbm,A,v2,True,2019-08-19,1249.0,1079
2,lightgbm,A,v2,True,2019-08-20,955.0,870
2,lightgbm,A,v2,True,2019-08-21,923.0,750
2,lightgbm,A,v2,True,2019-08-22,880.0,865
2,lightgbm,A,v2,True,2019-08-23,599.0,653
2,lightgbm,A,v2,True,2019-08-26,1221.0,1062
2,lightgbm,A,v2,True,2019-08-27,921.0,845
2,lightgbm,A,v2,True,2019-08-28,899.0,806
2,lightgbm,A,v2,True,2019-08-29,845.0,856
2,lightgbm,A,v2,True,2019-08-30,575.0,636
2,lightgbm,A,v2,True,2019-09-02,1363.0,1143
2,lightgbm,A,v2,True,2019-09-03,944.0,874
2,lightgbm,A,v2,True,2019-09-04,769.0,843
2,lightgbm,A,v2,True,2019-09-05,778.0,833
2,lightgbm,A,v2,True,2019-09-06,687.0,726
2,lightgbm,A,v2,True,2019-09-09,1228.0,1118
2,lightgbm,A,v2,True,2019-09-10,812.0,1006
2,lightgbm,A,v2,True,2019-09-11,916.0,890
2,lightgbm,A,v2,True,2019-09-16,1283.0,1226
2,lightgbm,A,v2,True,2019-09-17,1010.0,858
2,lightgbm,A,v2,True,2019-09-18,1006.0,906
2,lightgbm,A,v2,True,2019-09-19,701.0,795
2,lightgbm,A,v2,True,2019-09-20,662.0,647
2,lightgbm,A,v2,True,2019-09-23,1239.0,1121
2,lightgbm,A,v2,True,2019-09-24,899.0,821
2,lightgbm,A,v2,True,2019-09-25,803.0,760
2,lightgbm,A,v2,True,2019-09-26,620.0,807
2,lightgbm,A,v2,True,2019-09-27,722.0,651
2,lightgbm,A,v2,True,2019-09-30,1030.0,886
2,lightgbm,A,v2,True,2019-10-02,1241.0,868
2,lightgbm,A,v2,True,2019-10-04,1215.0,995
2,lightgbm,A,v2,True,2019-10-07,1133.0,1031
2,lightgbm,A,v2,True,2019-10-08,883.0,767
2,lightgbm,A,v2,True,2019-10-10,862.0,827
2,lightgbm,A,v2,True,2019-10-11,566.0,646
2,lightgbm,B,v2,True,2019-03-05,940.0,989
2,lightgbm,B,v2,True,2019-03-06,1061.0,965
2,lightgbm,B,v2,True,2019-03-07,845.0,849
2,lightgbm,B,v2,True,2019-03-08,663.0,550
2,lightgbm,B,v2,True,2019-03-11,1277.0,1293
2,lightgbm,B,v2,True,2019-03-12,956.0,980
2,lightgbm,B,v2,True,2019-03-13,953.0,938
2,lightgbm,B,v2,True,2019-03-14,791.0,798
2,lightgbm,B,v2,True,2019-03-15,630.0,536
2,lightgbm,B,v2,True,2019-03-18,1261.0,1191
2,lightgbm,B,v2,True,2019-03-19,990.0,907
2,lightgbm,B,v2,True,2019-03-20,970.0,853
2,lightgbm,B,v2,True,2019-03-21,1214.0,802
2,lightgbm,B,v2,True,2019-03-22,567.0,553
2,lightgbm,B,v2,True,2019-03-25,1150.0,1172
2,lightgbm,B,v2,True,2019-03-26,919.0,856
2,lightgbm,B,v2,True,2019-03-27,856.0,833
2,lightgbm,B,v2,True,2019-03-28,810.0,794
2,lightgbm,B,v2,True,2019-03-29,481.0,545
2,lightgbm,B,v2,True,2019-04-01,1029.0,1294
2,lightgbm,B,v2,True,2019-04-02,855.0,825
2,lightgbm,B,v2,True,2019-04-03,790.0,846
2,lightgbm,B,v2,True,2019-04-04,745.0,799
2,lightgbm,B,v2,True,2019-04-05,575.0,532
2,lightgbm,B,v2,True,2019-04-08,1105.0,1184
2,lightgbm,B,v2,True,2019-04-09,876.0,947
2,lightgbm,B,v2,True,2019-04-10,789.0,948
2,lightgbm,B,v2,True,2019-04-11,845.0,939
2,lightgbm,B,v2,True,2019-04-12,553.0,584
2,lightgbm,B,v2,True,2019-04-15,1184.0,1327
2,lightgbm,B,v2,True,2019-04-16,905.0,953
2,lightgbm,B,v2,True,2019-04-17,910.0,899
2,lightgbm,B,v2,True,2019-04-18,767.0,796
2,lightgbm,B,v2,True,2019-04-19,683.0,563
2,lightgbm,B,v2,True,2019-04-22,1094.0,1069
2,lightgbm,B,v2,True,2019-04-23,886.0,844
2,lightgbm,B,v2,True,2019-04-24,1034.0,878
2,lightgbm,B,v2,True,2019-04-25,702.0,785
2,lightgbm,B,v2,True,2019-04-26,572.0,579
2,lightgbm,B,v2,True,2019-04-29,1207.0,1106
2,lightgbm,B,v2,True,2019-04-30,714.0,750
2,lightgbm,B,v2,True,2019-05-02,758.0,781
2,lightgbm,B,v2,True,2019-05-03,654.0,557
2,lightgbm,B,v2,True,2019-05-07,1221.0,827
2,lightgbm,B,v2,True,2019-05-08,881.0,803
2,lightgbm,B,v2,True,2019-05-09,958.0,786
2,lightgbm,B,v2,True,2019-05-10,607.0,543
2,lightgbm,B,v2,True,2019-05-13,1111.0,1186
2,lightgbm,B,v2,True,2019-05-14,907.0,858
2,lightgbm,B,v2,True,2019-05-15,888.0,820
2,lightgbm,B,v2,True,2019-05-16,790.0,790
2,lightgbm,B,v2,True,2019-05-17,408.0,563
2,lightgbm,B,v2,True,2019-05-20,1174.0,1195
2,lightgbm,B,v2,True,2019-05-21,844.0,817
2,lightgbm,B,v2,True,2019-05-22,831.0,856
2,lightgbm,B,v2,True,2019-05-23,658.0,791
2,lightgbm,B,v2,True,2019-05-24,508.0,541
2,lightgbm,B,v2,True,2019-05-27,1219.0,1279
2,lightgbm,B,v2,True,2019-05-28,931.0,1006
2,lightgbm,B,v2,True,2019-05-29,896.0,976
2,lightgbm,B,v2,True,2019-05-30,836.0,809
2,lightgbm,B,v2,True,2019-05-31,640.0,552
2,lightgbm,B,v2,True,2019-06-03,1221.0,1248
2,lightgbm,B,v2,True,2019-06-04,962.0,999
2,lightgbm,B,v2,True,2019-06-05,761.0,894
2,lightgbm,B,v2,True,2019-06-07,389.0,541
2,lightgbm,B,v2,True,2019-06-10,1232.0,1231
2,lightgbm,B,v2,True,2019-06-11,804.0,961
2,lightgbm,B,v2,True,2019-06-12,876.0,882
2,lightgbm,B,v2,True,2019-06-13,679.0,847
2,lightgbm,B,v2,True,2019-06-14,538.0,595
2,lightgbm,B,v2,True,2019-06-17,1099.0,1231
2,lightgbm,B,v2,True,2019-06-18,853.0,918
2,lightgbm,B,v2,True,2019-06-19,882.0,921
2,lightgbm,B,v2,True,2019-06-20,625.0,838
2,lightgbm,B,v2,True,2019-06-21,505.0,596
2,lightgbm,B,v2,True,2019-06-24,1105.0,1270
2,lightgbm,B,v2,True,2019-06-25,775.0,928
2,lightgbm,B,v2,True,2019-06-26,946.0,865
2,lightgbm,B,v2,True,2019-06-27,808.0,839
2,lightgbm,B,v2,True,2019-06-28,535.0,613
2,lightgbm,B,v2,True,2019-07-01,1175.0,1217
2,lightgbm,B,v2,True,2019-07-02,787.0,1000
2,lightgbm,B,v2,True,2019-07-03,910.0,917
2,lightgbm,B,v2,True,2019-07-04,699.0,838
2,lightgbm,B,v2,True,2019-07-05,546.0,624
2,lightgbm,B,v2,True,2019-07-08,985.0,1117
2,lightgbm,B,v2,True,2019-07-09,861.0,898
2,lightgbm,B,v2,True,2019-07-10,862.0,748
2,lightgbm,B,v2,True,2019-07-11,730.0,822
2,lightgbm,B,v2,True,2019-07-12,856.0,563
2,lightgbm,B,v2,True,2019-07-15,1127.0,1190
2,lightgbm,B,v2,True,2019-07-16,952.0,988
2,lightgbm,B,v2,True,2019-07-17,814.0,924
2,lightgbm,B,v2,True,2019-07-18,734.0,890
2,lightgbm,B,v2,True,2019-07-19,538.0,602
2,lightgbm,B,v2,True,2019-07-22,1013.0,1099
2,lightgbm,B,v2,True,2019-07-23,855.0,973
2,lightgbm,B,v2,True,2019-07-24,744.0,818
2,lightgbm,B,v2,True,2019-07-25,668.0,771
2,lightgbm,B,v2,True,2019-07-26,462.0,574
2,lightgbm,B,v2,True,2019-07-29,898.0,965
2,lightgbm,B,v2,True,2019-07-30,745.0,828
2,lightgbm,B,v2,True,2019-07-31,619.0,644
2,lightgbm,B,v2,True,2019-08-01,648.0,750
2,lightgbm,B,v2,True,2019-08-02,440.0,595
2,lightgbm,B,v2,True,2019-08-05,936.0,1043
2,lightgbm,B,v2,True,2019-08-06,798.0,874
2,lightgbm,B,v2,True,2019-08-07,841.0,852
2,lightgbm,B,v2,True,2019-08-08,781.0,840
2,lightgbm,B,v2,True,2019-08-09,641.0,582
2,lightgbm,B,v2,True,2019-08-12,1073.0,1040
2,lightgbm,B,v2,True,2019-08-13,813.0,848
2,lightgbm,B,v2,True,2019-08-14,713.0,764
2,lightgbm,B,v2,True,2019-08-16,466.0,557
2,lightgbm,B,v2,True,2019-08-19,1249.0,1052
2,lightgbm,B,v2,True,2019-08-20,955.0,875
2,lightgbm,B,v2,True,2019-08-21,923.0,773
2,lightgbm,B,v2,True,2019-08-22,880.0,862
2,lightgbm,B,v2,True,2019-08-23,599.0,617
2,lightgbm,B,v2,True,2019-08-26,1221.0,1180
2,lightgbm,B,v2,True,2019-08-27,921.0,876
2,lightgbm,B,v2,True,2019-08-28,899.0,802
2,lightgbm,B,v2,True,2019-08-29,845.0,848
2,lightgbm,B,v2,True,2019-08-30,575.0,602
2,lightgbm,B,v2,True,2019-09-02,1363.0,1191
2,lightgbm,B,v2,True,2019-09-03,944.0,858
2,lightgbm,B,v2,True,2019-09-04,769.0,851
2,lightgbm,B,v2,True,2019-09-05,778.0,848
2,lightgbm,B,v2,True,2019-09-06,687.0,624
2,lightgbm,B,v2,True,2019-09-09,1228.0,1171
2,lightgbm,B,v2,True,2019-09-10,812.0,926
2,lightgbm,B,v2,True,2019-09-11,916.0,887
2,lightgbm,B,v2,True,2019-09-16,1283.0,1138
2,lightgbm,B,v2,True,2019-09-17,1010.0,929
2,lightgbm,B,v2,True,2019-09-18,1006.0,930
2,lightgbm,B,v2,True,2019-09-19,701.0,828
2,lightgbm,B,v2,True,2019-09-20,662.0,618
2,lightgbm,B,v2,True,2019-09-23,1239.0,1186
2,lightgbm,B,v2,True,2019-09-24,899.0,872
2,lightgbm,B,v2,True,2019-09-25,803.0,830
2,lightgbm,B,v2,True,2019-09-26,620.0,836
2,lightgbm,B,v2,True,2019-09-27,722.0,620
2,lightgbm,B,v2,True,2019-09-30,1030.0,1011
2,lightgbm,B,v2,True,2019-10-02,1241.0,859
2,lightgbm,B,v2,True,2019-10-04,1215.0,828
2,lightgbm,B,v2,True,2019-10-07,1133.0,1022
2,lightgbm,B,v2,True,2019-10-08,883.0,845
2,lightgbm,B,v2,True,2019-10-10,862.0,844
2,lightgbm,B,v2,True,2019-10-11,566.0,633
2,lightgbm,C,v1,True,2019-03-05,940.0,952
2,lightgbm,C,v1,True,2019-03-06,1061.0,935
2,lightgbm,C,v1,True,2019-03-07,845.0,839
2,lightgbm,C,v1,True,2019-03-08,663.0,546
2,lightgbm,C,v1,True,2019-03-11,1277.0,1269
2,lightgbm,C,v1,True,2019-03-12,956.0,956
2,lightgbm,C,v1,True,2019-03-13,953.0,953
2,lightgbm,C,v1,True,2019-03-14,791.0,779
2,lightgbm,C,v1,True,2019-03-15,630.0,541
2,lightgbm,C,v1,True,2019-03-18,1261.0,1193
2,lightgbm,C,v1,True,2019-03-19,990.0,875
2,lightgbm,C,v1,True,2019-03-20,970.0,869
2,lightgbm,C,v1,True,2019-03-21,1214.0,799
2,lightgbm,C,v1,True,2019-03-22,567.0,557
2,lightgbm,C,v1,True,2019-03-25,1150.0,1178
2,lightgbm,C,v1,True,2019-03-26,919.0,849
2,lightgbm,C,v1,True,2019-03-27,856.0,827
2,lightgbm,C,v1,True,2019-03-28,810.0,788
2,lightgbm,C,v1,True,2019-03-29,481.0,532
2,lightgbm,C,v1,True,2019-04-01,1029.0,1272
2,lightgbm,C,v1,True,2019-04-02,855.0,823
2,lightgbm,C,v1,True,2019-04-03,790.0,822
2,lightgbm,C,v1,True,2019-04-04,745.0,802
2,lightgbm,C,v1,True,2019-04-05,575.0,527
2,lightgbm,C,v1,True,2019-04-08,1105.0,1190
2,lightgbm,C,v1,True,2019-04-09,876.0,931
2,lightgbm,C,v1,True,2019-04-10,789.0,962
2,lightgbm,C,v1,True,2019-04-11,845.0,913
2,lightgbm,C,v1,True,2019-04-12,553.0,592
2,lightgbm,C,v1,True,2019-04-15,1184.0,1311
2,lightgbm,C,v1,True,2019-04-16,905.0,950
2,lightgbm,C,v1,True,2019-04-17,910.0,875
2,lightgbm,C,v1,True,2019-04-18,767.0,793
2,lightgbm,C,v1,True,2019-04-19,683.0,589
2,lightgbm,C,v1,True,2019-04-22,1094.0,1076
2,lightgbm,C,v1,True,2019-04-23,886.0,840
2,lightgbm,C,v1,True,2019-04-24,1034.0,861
2,lightgbm,C,v1,True,2019-04-25,702.0,778
2,lightgbm,C,v1,True,2019-04-26,572.0,578
2,lightgbm,C,v1,True,2019-04-29,1207.0,1117
2,lightgbm,C,v1,True,2019-04-30,714.0,769
2,lightgbm,C,v1,True,2019-05-02,758.0,789
2,lightgbm,C,v1,True,2019-05-03,654.0,552
2,lightgbm,C,v1,True,2019-05-07,1221.0,850
2,lightgbm,C,v1,True,2019-05-08,881.0,795
2,lightgbm,C,v1,True,2019-05-09,958.0,779
2,lightgbm,C,v1,True,2019-05-10,607.0,546
2,lightgbm,C,v1,True,2019-05-13,1111.0,1196
2,lightgbm,C,v1,True,2019-05-14,907.0,854
2,lightgbm,C,v1,True,2019-05-15,888.0,842
2,lightgbm,C,v1,True,2019-05-16,790.0,783
2,lightgbm,C,v1,True,2019-05-17,408.0,548
2,lightgbm,C,v1,True,2019-05-20,1174.0,1191
2,lightgbm,C,v1,True,2019-05-21,844.0,812
2,lightgbm,C,v1,True,2019-05-22,831.0,857
2,lightgbm,C,v1,True,2019-05-23,658.0,786
2,lightgbm,C,v1,True,2019-05-24,508.0,578
2,lightgbm,C,v1,True,2019-05-27,1219.0,1264
2,lightgbm,C,v1,True,2019-05-28,931.0,993
2,lightgbm,C,v1,True,2019-05-29,896.0,948
2,lightgbm,C,v1,True,2019-05-30,836.0,789
2,lightgbm,C,v1,True,2019-05-31,640.0,589
2,lightgbm,C,v1,True,2019-06-03,1221.0,1217
2,lightgbm,C,v1,True,2019-06-04,962.0,1010
2,lightgbm,C,v1,True,2019-06-05,761.0,884
2,lightgbm,C,v1,True,2019-06-07,389.0,538
2,lightgbm,C,v1,True,2019-06-10,1232.0,1228
2,lightgbm,C,v1,True,2019-06-11,804.0,955
2,lightgbm,C,v1,True,2019-06-12,876.0,904
2,lightgbm,C,v1,True,2019-06-13,679.0,846
2,lightgbm,C,v1,True,2019-06-14,538.0,588
2,lightgbm,C,v1,True,2019-06-17,1099.0,1220
2,lightgbm,C,v1,True,2019-06-18,853.0,928
2,lightgbm,C,v1,True,2019-06-19,882.0,929
2,lightgbm,C,v1,True,2019-06-20,625.0,824
2,lightgbm,C,v1,True,2019-06-21,505.0,604
2,lightgbm,C,v1,True,2019-06-24,1105.0,1272
2,lightgbm,C,v1,True,2019-06-25,775.0,888
2,lightgbm,C,v1,True,2019-06-26,946.0,867
2,lightgbm,C,v1,True,2019-06-27,808.0,843
2,lightgbm,C,v1,True,2019-06-28,535.0,612
2,lightgbm,C,v1,True,2019-07-01,1175.0,1227
2,lightgbm,C,v1,True,2019-07-02,787.0,1005
2,lightgbm,C,v1,True,2019-07-03,910.0,911
2,lightgbm,C,v1,True,2019-07-04,699.0,816
2,lightgbm,C,v1,True,2019-07-05,546.0,623
2,lightgbm,C,v1,True,2019-07-08,985.0,1127
2,lightgbm,C,v1,True,2019-07-09,861.0,907
2,lightgbm,C,v1,True,2019-07-10,862.0,770
2,lightgbm,C,v1,True,2019-07-11,730.0,825
2,lightgbm,C,v1,True,2019-07-12,856.0,539
2,lightgbm,C,v1,True,2019-07-15,1127.0,1200
2,lightgbm,C,v1,True,2019-07-16,952.0,1026
2,lightgbm,C,v1,True,2019-07-17,814.0,930
2,lightgbm,C,v1,True,2019-07-18,734.0,894
2,lightgbm,C,v1,True,2019-07-19,538.0,584
2,lightgbm,C,v1,True,2019-07-22,1013.0,1115
2,lightgbm,C,v1,True,2019-07-23,855.0,985
2,lightgbm,C,v1,True,2019-07-24,744.0,808
2,lightgbm,C,v1,True,2019-07-25,668.0,772
2,lightgbm,C,v1,True,2019-07-26,462.0,580
2,lightgbm,C,v1,True,2019-07-29,898.0,976
2,lightgbm,C,v1,True,2019-07-30,745.0,836
2,lightgbm,C,v1,True,2019-07-31,619.0,627
2,lightgbm,C,v1,True,2019-08-01,648.0,754
2,lightgbm,C,v1,True,2019-08-02,440.0,594
2,lightgbm,C,v1,True,2019-08-05,936.0,1040
2,lightgbm,C,v1,True,2019-08-06,798.0,869
2,lightgbm,C,v1,True,2019-08-07,841.0,858
2,lightgbm,C,v1,True,2019-08-08,781.0,842
2,lightgbm,C,v1,True,2019-08-09,641.0,580
2,lightgbm,C,v1,True,2019-08-12,1073.0,1039
2,lightgbm,C,v1,True,2019-08-13,813.0,846
2,lightgbm,C,v1,True,2019-08-14,713.0,764
2,lightgbm,C,v1,True,2019-08-16,466.0,557
2,lightgbm,C,v1,True,2019-08-19,1249.0,1059
2,lightgbm,C,v1,True,2019-08-20,955.0,884
2,lightgbm,C,v1,True,2019-08-21,923.0,790
2,lightgbm,C,v1,True,2019-08-22,880.0,865
2,lightgbm,C,v1,True,2019-08-23,599.0,607
2,lightgbm,C,v1,True,2019-08-26,1221.0,1197
2,lightgbm,C,v1,True,2019-08-27,921.0,854
2,lightgbm,C,v1,True,2019-08-28,899.0,807
2,lightgbm,C,v1,True,2019-08-29,845.0,849
2,lightgbm,C,v1,True,2019-08-30,575.0,596
2,lightgbm,C,v1,True,2019-09-02,1363.0,1197
2,lightgbm,C,v1,True,2019-09-03,944.0,846
2,lightgbm,C,v1,True,2019-09-04,769.0,851
2,lightgbm,C,v1,True,2019-09-05,778.0,850
2,lightgbm,C,v1,True,2019-09-06,687.0,632
2,lightgbm,C,v1,True,2019-09-09,1228.0,1167
2,lightgbm,C,v1,True,2019-09-10,812.0,927
2,lightgbm,C,v1,True,2019-09-11,916.0,870
2,lightgbm,C,v1,True,2019-09-16,1283.0,1123
2,lightgbm,C,v1,True,2019-09-17,1010.0,934
2,lightgbm,C,v1,True,2019-09-18,1006.0,922
2,lightgbm,C,v1,True,2019-09-19,701.0,828
2,lightgbm,C,v1,True,2019-09-20,662.0,617
2,lightgbm,C,v1,True,2019-09-23,1239.0,1194
2,lightgbm,C,v1,True,2019-09-24,899.0,875
2,lightgbm,C,v1,True,2019-09-25,803.0,830
2,lightgbm,C,v1,True,2019-09-26,620.0,838
2,lightgbm,C,v1,True,2019-09-27,722.0,620
2,lightgbm,C,v1,True,2019-09-30,1030.0,998
2,lightgbm,C,v1,True,2019-10-02,1241.0,856
2,lightgbm,C,v1,True,2019-10-04,1215.0,833
2,lightgbm,C,v1,True,2019-10-07,1133.0,1024
2,lightgbm,C,v1,True,2019-10-08,883.0,834
2,lightgbm,C,v1,True,2019-10-10,862.0,845
2,lightgbm,C,v1,True,2019-10-11,566.0,631
2,lightgbm,C,v2,True,2019-03-05,940.0,951
2,lightgbm,C,v2,True,2019-03-06,1061.0,945
2,lightgbm,C,v2,True,2019-03-07,845.0,844
2,lightgbm,C,v2,True,2019-03-08,663.0,541
2,lightgbm,C,v2,True,2019-03-11,1277.0,1265
2,lightgbm,C,v2,True,2019-03-12,956.0,963
2,lightgbm,C,v2,True,2019-03-13,953.0,946
2,lightgbm,C,v2,True,2019-03-14,791.0,786
2,lightgbm,C,v2,True,2019-03-15,630.0,530
2,lightgbm,C,v2,True,2019-03-18,1261.0,1199
2,lightgbm,C,v2,True,2019-03-19,990.0,883
2,lightgbm,C,v2,True,2019-03-20,970.0,867
2,lightgbm,C,v2,True,2019-03-21,1214.0,787
2,lightgbm,C,v2,True,2019-03-22,567.0,549
2,lightgbm,C,v2,True,2019-03-25,1150.0,1170
2,lightgbm,C,v2,True,2019-03-26,919.0,848
2,lightgbm,C,v2,True,2019-03-27,856.0,817
2,lightgbm,C,v2,True,2019-03-28,810.0,781
2,lightgbm,C,v2,True,2019-03-29,481.0,526
2,lightgbm,C,v2,True,2019-04-01,1029.0,1268
2,lightgbm,C,v2,True,2019-04-02,855.0,829
2,lightgbm,C,v2,True,2019-04-03,790.0,834
2,lightgbm,C,v2,True,2019-04-04,745.0,801
2,lightgbm,C,v2,True,2019-04-05,575.0,527
2,lightgbm,C,v2,True,2019-04-08,1105.0,1190
2,lightgbm,C,v2,True,2019-04-09,876.0,927
2,lightgbm,C,v2,True,2019-04-10,789.0,954
2,lightgbm,C,v2,True,2019-04-11,845.0,918
2,lightgbm,C,v2,True,2019-04-12,553.0,588
2,lightgbm,C,v2,True,2019-04-15,1184.0,1302
2,lightgbm,C,v2,True,2019-04-16,905.0,956
2,lightgbm,C,v2,True,2019-04-17,910.0,882
2,lightgbm,C,v2,True,2019-04-18,767.0,783
2,lightgbm,C,v2,True,2019-04-19,683.0,575
2,lightgbm,C,v2,True,2019-04-22,1094.0,1078
2,lightgbm,C,v2,True,2019-04-23,886.0,841
2,lightgbm,C,v2,True,2019-04-24,1034.0,867
2,lightgbm,C,v2,True,2019-04-25,702.0,777
2,lightgbm,C,v2,True,2019-04-26,572.0,567
2,lightgbm,C,v2,True,2019-04-29,1207.0,1115
2,lightgbm,C,v2,True,2019-04-30,714.0,765
2,lightgbm,C,v2,True,2019-05-02,758.0,792
2,lightgbm,C,v2,True,2019-05-03,654.0,550
2,lightgbm,C,v2,True,2019-05-07,1221.0,844
2,lightgbm,C,v2,True,2019-05-08,881.0,794
2,lightgbm,C,v2,True,2019-05-09,958.0,781
2,lightgbm,C,v2,True,2019-05-10,607.0,532
2,lightgbm,C,v2,True,2019-05-13,1111.0,1188
2,lightgbm,C,v2,True,2019-05-14,907.0,851
2,lightgbm,C,v2,True,2019-05-15,888.0,829
2,lightgbm,C,v2,True,2019-05-16,790.0,779
2,lightgbm,C,v2,True,2019-05-17,408.0,546
2,lightgbm,C,v2,True,2019-05-20,1174.0,1191
2,lightgbm,C,v2,True,2019-05-21,844.0,808
2,lightgbm,C,v2,True,2019-05-22,831.0,850
2,lightgbm,C,v2,True,2019-05-23,658.0,776
2,lightgbm,C,v2,True,2019-05-24,508.0,562
2,lightgbm,C,v2,True,2019-05-27,1219.0,1261
2,lightgbm,C,v2,True,2019-05-28,931.0,1001
2,lightgbm,C,v2,True,2019-05-29,896.0,959
2,lightgbm,C,v2,True,2019-05-30,836.0,794
2,lightgbm,C,v2,True,2019-05-31,640.0,568
2,lightgbm,C,v2,True,2019-06-03,1221.0,1204
2,lightgbm,C,v2,True,2019-06-04,962.0,1018
2,lightgbm,C,v2,True,2019-06-05,761.0,868
2,lightgbm,C,v2,True,2019-06-07,389.0,537
2,lightgbm,C,v2,True,2019-06-10,1232.0,1217
2,lightgbm,C,v2,True,2019-06-11,804.0,968
2,lightgbm,C,v2,True,2019-06-12,876.0,900
2,lightgbm,C,v2,True,2019-06-13,679.0,847
2,lightgbm,C,v2,True,2019-06-14,538.0,587
2,lightgbm,C,v2,True,2019-06-17,1099.0,1221
2,lightgbm,C,v2,True,2019-06-18,853.0,933
2,lightgbm,C,v2,True,2019-06-19,882.0,933
2,lightgbm,C,v2,True,2019-06-20,625.0,832
2,lightgbm,C,v2,True,2019-06-21,505.0,597
2,lightgbm,C,v2,True,2019-06-24,1105.0,1267
2,lightgbm,C,v2,True,2019-06-25,775.0,895
2,lightgbm,C,v2,True,2019-06-26,946.0,863
2,lightgbm,C,v2,True,2019-06-27,808.0,840
2,lightgbm,C,v2,True,2019-06-28,535.0,610
2,lightgbm,C,v2,True,2019-07-01,1175.0,1221
2,lightgbm,C,v2,True,2019-07-02,787.0,1014
2,lightgbm,C,v2,True,2019-07-03,910.0,907
2,lightgbm,C,v2,True,2019-07-04,699.0,821
2,lightgbm,C,v2,True,2019-07-05,546.0,624
2,lightgbm,C,v2,True,2019-07-08,985.0,1132
2,lightgbm,C,v2,True,2019-07-09,861.0,905
2,lightgbm,C,v2,True,2019-07-10,862.0,776
2,lightgbm,C,v2,True,2019-07-11,730.0,824
2,lightgbm,C,v2,True,2019-07-12,856.0,545
2,lightgbm,C,v2,True,2019-07-15,1127.0,1196
2,lightgbm,C,v2,True,2019-07-16,952.0,1027
2,lightgbm,C,v2,True,2019-07-17,814.0,933
2,lightgbm,C,v2,True,2019-07-18,734.0,899
2,lightgbm,C,v2,True,2019-07-19,538.0,578
2,lightgbm,C,v2,True,2019-07-22,1013.0,1105
2,lightgbm,C,v2,True,2019-07-23,855.0,980
2,lightgbm,C,v2,True,2019-07-24,744.0,805
2,lightgbm,C,v2,True,2019-07-25,668.0,772
2,lightgbm,C,v2,True,2019-07-26,462.0,575
2,lightgbm,C,v2,True,2019-07-29,898.0,970
2,lightgbm,C,v2,True,2019-07-30,745.0,825
2,lightgbm,C,v2,True,2019-07-31,619.0,626
2,lightgbm,C,v2,True,2019-08-01,648.0,755
2,lightgbm,C,v2,True,2019-08-02,440.0,596
2,lightgbm,C,v2,True,2019-08-05,936.0,1041
2,lightgbm,C,v2,True,2019-08-06,798.0,869
2,lightgbm,C,v2,True,2019-08-07,841.0,857
2,lightgbm,C,v2,True,2019-08-08,781.0,843
2,lightgbm,C,v2,True,2019-08-09,641.0,585
2,lightgbm,C,v2,True,2019-08-12,1073.0,1040
2,lightgbm,C,v2,True,2019-08-13,813.0,848
2,lightgbm,C,v2,True,2019-08-14,713.0,770
2,lightgbm,C,v2,True,2019-08-16,466.0,559
2,lightgbm,C,v2,True,2019-08-19,1249.0,1064
2,lightgbm,C,v2,True,2019-08-20,955.0,888
2,lightgbm,C,v2,True,2019-08-21,923.0,784
2,lightgbm,C,v2,True,2019-08-22,880.0,871
2,lightgbm,C,v2,True,2019-08-23,599.0,612
2,lightgbm,C,v2,True,2019-08-26,1221.0,1200
2,lightgbm,C,v2,True,2019-08-27,921.0,866
2,lightgbm,C,v2,True,2019-08-28,899.0,814
2,lightgbm,C,v2,True,2019-08-29,845.0,848
2,lightgbm,C,v2,True,2019-08-30,575.0,602
2,lightgbm,C,v2,True,2019-09-02,1363.0,1202
2,lightgbm,C,v2,True,2019-09-03,944.0,848
2,lightgbm,C,v2,True,2019-09-04,769.0,854
2,lightgbm,C,v2,True,2019-09-05,778.0,852
2,lightgbm,C,v2,True,2019-09-06,687.0,627
2,lightgbm,C,v2,True,2019-09-09,1228.0,1172
2,lightgbm,C,v2,True,2019-09-10,812.0,932
2,lightgbm,C,v2,True,2019-09-11,916.0,865
2,lightgbm,C,v2,True,2019-09-16,1283.0,1118
2,lightgbm,C,v2,True,2019-09-17,1010.0,933
2,lightgbm,C,v2,True,2019-09-18,1006.0,925
2,lightgbm,C,v2,True,2019-09-19,701.0,825
2,lightgbm,C,v2,True,2019-09-20,662.0,620
2,lightgbm,C,v2,True,2019-09-23,1239.0,1197
2,lightgbm,C,v2,True,2019-09-24,899.0,879
2,lightgbm,C,v2,True,2019-09-25,803.0,839
2,lightgbm,C,v2,True,2019-09-26,620.0,834
2,lightgbm,C,v2,True,2019-09-27,722.0,622
2,lightgbm,C,v2,True,2019-09-30,1030.0,1003
2,lightgbm,C,v2,True,2019-10-02,1241.0,858
2,lightgbm,C,v2,True,2019-10-04,1215.0,838
2,lightgbm,C,v2,True,2019-10-07,1133.0,1034
2,lightgbm,C,v2,True,2019-10-08,883.0,830
2,lightgbm,C,v2,True,2019-10-10,862.0,848
2,lightgbm,C,v2,True,2019-10-11,566.0,636
2,lightgbm,D,v1,True,2019-03-05,940.0,961
2,lightgbm,D,v1,True,2019-03-06,1061.0,871
2,lightgbm,D,v1,True,2019-03-07,845.0,884
2,lightgbm,D,v1,True,2019-03-08,663.0,575
2,lightgbm,D,v1,True,2019-03-11,1277.0,1233
2,lightgbm,D,v1,True,2019-03-12,956.0,899
2,lightgbm,D,v1,True,2019-03-13,953.0,868
2,lightgbm,D,v1,True,2019-03-14,791.0,749
2,lightgbm,D,v1,True,2019-03-15,630.0,558
2,lightgbm,D,v1,True,2019-03-18,1261.0,1163
2,lightgbm,D,v1,True,2019-03-19,990.0,861
2,lightgbm,D,v1,True,2019-03-20,970.0,847
2,lightgbm,D,v1,True,2019-03-21,1214.0,830
2,lightgbm,D,v1,True,2019-03-22,567.0,617
2,lightgbm,D,v1,True,2019-03-25,1150.0,1062
2,lightgbm,D,v1,True,2019-03-26,919.0,813
2,lightgbm,D,v1,True,2019-03-27,856.0,811
2,lightgbm,D,v1,True,2019-03-28,810.0,797
2,lightgbm,D,v1,True,2019-03-29,481.0,590
2,lightgbm,D,v1,True,2019-04-01,1029.0,1224
2,lightgbm,D,v1,True,2019-04-02,855.0,825
2,lightgbm,D,v1,True,2019-04-03,790.0,775
2,lightgbm,D,v1,True,2019-04-04,745.0,794
2,lightgbm,D,v1,True,2019-04-05,575.0,542
2,lightgbm,D,v1,True,2019-04-08,1105.0,1227
2,lightgbm,D,v1,True,2019-04-09,876.0,990
2,lightgbm,D,v1,True,2019-04-10,789.0,944
2,lightgbm,D,v1,True,2019-04-11,845.0,898
2,lightgbm,D,v1,True,2019-04-12,553.0,606
2,lightgbm,D,v1,True,2019-04-15,1184.0,1330
2,lightgbm,D,v1,True,2019-04-16,905.0,890
2,lightgbm,D,v1,True,2019-04-17,910.0,855
2,lightgbm,D,v1,True,2019-04-18,767.0,831
2,lightgbm,D,v1,True,2019-04-19,683.0,643
2,lightgbm,D,v1,True,2019-04-22,1094.0,1138
2,lightgbm,D,v1,True,2019-04-23,886.0,921
2,lightgbm,D,v1,True,2019-04-24,1034.0,887
2,lightgbm,D,v1,True,2019-04-25,702.0,804
2,lightgbm,D,v1,True,2019-04-26,572.0,621
2,lightgbm,D,v1,True,2019-04-29,1207.0,1140
2,lightgbm,D,v1,True,2019-04-30,714.0,749
2,lightgbm,D,v1,True,2019-05-02,758.0,795
2,lightgbm,D,v1,True,2019-05-03,654.0,569
2,lightgbm,D,v1,True,2019-05-07,1221.0,878
2,lightgbm,D,v1,True,2019-05-08,881.0,796
2,lightgbm,D,v1,True,2019-05-09,958.0,836
2,lightgbm,D,v1,True,2019-05-10,607.0,579
2,lightgbm,D,v1,True,2019-05-13,1111.0,1195
2,lightgbm,D,v1,True,2019-05-14,907.0,911
2,lightgbm,D,v1,True,2019-05-15,888.0,846
2,lightgbm,D,v1,True,2019-05-16,790.0,845
2,lightgbm,D,v1,True,2019-05-17,408.0,597
2,lightgbm,D,v1,True,2019-05-20,1174.0,1234
2,lightgbm,D,v1,True,2019-05-21,844.0,881
2,lightgbm,D,v1,True,2019-05-22,831.0,860
2,lightgbm,D,v1,True,2019-05-23,658.0,807
2,lightgbm,D,v1,True,2019-05-24,508.0,635
2,lightgbm,D,v1,True,2019-05-27,1219.0,1298
2,lightgbm,D,v1,True,2019-05-28,931.0,1036
2,lightgbm,D,v1,True,2019-05-29,896.0,961
2,lightgbm,D,v1,True,2019-05-30,836.0,834
2,lightgbm,D,v1,True,2019-05-31,640.0,604
2,lightgbm,D,v1,True,2019-06-03,1221.0,1220
2,lightgbm,D,v1,True,2019-06-04,962.0,1023
2,lightgbm,D,v1,True,2019-06-05,761.0,918
2,lightgbm,D,v1,True,2019-06-07,389.0,598
2,lightgbm,D,v1,True,2019-06-10,1232.0,1226
2,lightgbm,D,v1,True,2019-06-11,804.0,970
2,lightgbm,D,v1,True,2019-06-12,876.0,908
2,lightgbm,D,v1,True,2019-06-13,679.0,878
2,lightgbm,D,v1,True,2019-06-14,538.0,658
2,lightgbm,D,v1,True,2019-06-17,1099.0,1213
2,lightgbm,D,v1,True,2019-06-18,853.0,956
2,lightgbm,D,v1,True,2019-06-19,882.0,926
2,lightgbm,D,v1,True,2019-06-20,625.0,845
2,lightgbm,D,v1,True,2019-06-21,505.0,639
2,lightgbm,D,v1,True,2019-06-24,1105.0,1275
2,lightgbm,D,v1,True,2019-06-25,775.0,912
2,lightgbm,D,v1,True,2019-06-26,946.0,861
2,lightgbm,D,v1,True,2019-06-27,808.0,899
2,lightgbm,D,v1,True,2019-06-28,535.0,656
2,lightgbm,D,v1,True,2019-07-01,1175.0,1223
2,lightgbm,D,v1,True,2019-07-02,787.0,1016
2,lightgbm,D,v1,True,2019-07-03,910.0,899
2,lightgbm,D,v1,True,2019-07-04,699.0,841
2,lightgbm,D,v1,True,2019-07-05,546.0,664
2,lightgbm,D,v1,True,2019-07-08,985.0,1147
2,lightgbm,D,v1,True,2019-07-09,861.0,919
2,lightgbm,D,v1,True,2019-07-10,862.0,811
2,lightgbm,D,v1,True,2019-07-11,730.0,804
2,lightgbm,D,v1,True,2019-07-12,856.0,620
2,lightgbm,D,v1,True,2019-07-15,1127.0,1184
2,lightgbm,D,v1,True,2019-07-16,952.0,1052
2,lightgbm,D,v1,True,2019-07-17,814.0,902
2,lightgbm,D,v1,True,2019-07-18,734.0,864
2,lightgbm,D,v1,True,2019-07-19,538.0,618
2,lightgbm,D,v1,True,2019-07-22,1013.0,1040
2,lightgbm,D,v1,True,2019-07-23,855.0,890
2,lightgbm,D,v1,True,2019-07-24,744.0,778
2,lightgbm,D,v1,True,2019-07-25,668.0,770
2,lightgbm,D,v1,True,2019-07-26,462.0,615
2,lightgbm,D,v1,True,2019-07-29,898.0,1020
2,lightgbm,D,v1,True,2019-07-30,745.0,837
2,lightgbm,D,v1,True,2019-07-31,619.0,734
2,lightgbm,D,v1,True,2019-08-01,648.0,791
2,lightgbm,D,v1,True,2019-08-02,440.0,659
2,lightgbm,D,v1,True,2019-08-05,936.0,1070
2,lightgbm,D,v1,True,2019-08-06,798.0,954
2,lightgbm,D,v1,True,2019-08-07,841.0,890
2,lightgbm,D,v1,True,2019-08-08,781.0,836
2,lightgbm,D,v1,True,2019-08-09,641.0,654
2,lightgbm,D,v1,True,2019-08-12,1073.0,1078
2,lightgbm,D,v1,True,2019-08-13,813.0,844
2,lightgbm,D,v1,True,2019-08-14,713.0,808
2,lightgbm,D,v1,True,2019-08-16,466.0,664
2,lightgbm,D,v1,True,2019-08-19,1249.0,1134
2,lightgbm,D,v1,True,2019-08-20,955.0,931
2,lightgbm,D,v1,True,2019-08-21,923.0,862
2,lightgbm,D,v1,True,2019-08-22,880.0,881
2,lightgbm,D,v1,True,2019-08-23,599.0,628
2,lightgbm,D,v1,True,2019-08-26,1221.0,1240
2,lightgbm,D,v1,True,2019-08-27,921.0,850
2,lightgbm,D,v1,True,2019-08-28,899.0,834
2,lightgbm,D,v1,True,2019-08-29,845.0,832
2,lightgbm,D,v1,True,2019-08-30,575.0,628
2,lightgbm,D,v1,True,2019-09-02,1363.0,1258
2,lightgbm,D,v1,True,2019-09-03,944.0,830
2,lightgbm,D,v1,True,2019-09-04,769.0,836
2,lightgbm,D,v1,True,2019-09-05,778.0,838
2,lightgbm,D,v1,True,2019-09-06,687.0,669
2,lightgbm,D,v1,True,2019-09-09,1228.0,1201
2,lightgbm,D,v1,True,2019-09-10,812.0,939
2,lightgbm,D,v1,True,2019-09-11,916.0,950
2,lightgbm,D,v1,True,2019-09-16,1283.0,1174
2,lightgbm,D,v1,True,2019-09-17,1010.0,1012
2,lightgbm,D,v1,True,2019-09-18,1006.0,985
2,lightgbm,D,v1,True,2019-09-19,701.0,850
2,lightgbm,D,v1,True,2019-09-20,662.0,633
2,lightgbm,D,v1,True,2019-09-23,1239.0,1284
2,lightgbm,D,v1,True,2019-09-24,899.0,924
2,lightgbm,D,v1,True,2019-09-25,803.0,873
2,lightgbm,D,v1,True,2019-09-26,620.0,870
2,lightgbm,D,v1,True,2019-09-27,722.0,619
2,lightgbm,D,v1,True,2019-09-30,1030.0,1027
2,lightgbm,D,v1,True,2019-10-02,1241.0,970
2,lightgbm,D,v1,True,2019-10-04,1215.0,936
2,lightgbm,D,v1,True,2019-10-07,1133.0,1132
2,lightgbm,D,v1,True,2019-10-08,883.0,836
2,lightgbm,D,v1,True,2019-10-10,862.0,812
2,lightgbm,D,v1,True,2019-10-11,566.0,605
2,lightgbm,D,v2,True,2019-03-05,940.0,950
2,lightgbm,D,v2,True,2019-03-06,1061.0,874
2,lightgbm,D,v2,True,2019-03-07,845.0,872
2,lightgbm,D,v2,True,2019-03-08,663.0,584
2,lightgbm,D,v2,True,2019-03-11,1277.0,1225
2,lightgbm,D,v2,True,2019-03-12,956.0,887
2,lightgbm,D,v2,True,2019-03-13,953.0,862
2,lightgbm,D,v2,True,2019-03-14,791.0,751
2,lightgbm,D,v2,True,2019-03-15,630.0,563
2,lightgbm,D,v2,True,2019-03-18,1261.0,1163
2,lightgbm,D,v2,True,2019-03-19,990.0,866
2,lightgbm,D,v2,True,2019-03-20,970.0,851
2,lightgbm,D,v2,True,2019-03-21,1214.0,837
2,lightgbm,D,v2,True,2019-03-22,567.0,616
2,lightgbm,D,v2,True,2019-03-25,1150.0,1042
2,lightgbm,D,v2,True,2019-03-26,919.0,824
2,lightgbm,D,v2,True,2019-03-27,856.0,819
2,lightgbm,D,v2,True,2019-03-28,810.0,797
2,lightgbm,D,v2,True,2019-03-29,481.0,585
2,lightgbm,D,v2,True,2019-04-01,1029.0,1205
2,lightgbm,D,v2,True,2019-04-02,855.0,820
2,lightgbm,D,v2,True,2019-04-03,790.0,771
2,lightgbm,D,v2,True,2019-04-04,745.0,794
2,lightgbm,D,v2,True,2019-04-05,575.0,556
2,lightgbm,D,v2,True,2019-04-08,1105.0,1220
2,lightgbm,D,v2,True,2019-04-09,876.0,976
2,lightgbm,D,v2,True,2019-04-10,789.0,908
2,lightgbm,D,v2,True,2019-04-11,845.0,898
2,lightgbm,D,v2,True,2019-04-12,553.0,612
2,lightgbm,D,v2,True,2019-04-15,1184.0,1325
2,lightgbm,D,v2,True,2019-04-16,905.0,894
2,lightgbm,D,v2,True,2019-04-17,910.0,844
2,lightgbm,D,v2,True,2019-04-18,767.0,814
2,lightgbm,D,v2,True,2019-04-19,683.0,623
2,lightgbm,D,v2,True,2019-04-22,1094.0,1134
2,lightgbm,D,v2,True,2019-04-23,886.0,907
2,lightgbm,D,v2,True,2019-04-24,1034.0,890
2,lightgbm,D,v2,True,2019-04-25,702.0,814
2,lightgbm,D,v2,True,2019-04-26,572.0,629
2,lightgbm,D,v2,True,2019-04-29,1207.0,1141
2,lightgbm,D,v2,True,2019-04-30,714.0,747
2,lightgbm,D,v2,True,2019-05-02,758.0,777
2,lightgbm,D,v2,True,2019-05-03,654.0,559
2,lightgbm,D,v2,True,2019-05-07,1221.0,873
2,lightgbm,D,v2,True,2019-05-08,881.0,793
2,lightgbm,D,v2,True,2019-05-09,958.0,833
2,lightgbm,D,v2,True,2019-05-10,607.0,567
2,lightgbm,D,v2,True,2019-05-13,1111.0,1189
2,lightgbm,D,v2,True,2019-05-14,907.0,908
2,lightgbm,D,v2,True,2019-05-15,888.0,832
2,lightgbm,D,v2,True,2019-05-16,790.0,839
2,lightgbm,D,v2,True,2019-05-17,408.0,601
2,lightgbm,D,v2,True,2019-05-20,1174.0,1246
2,lightgbm,D,v2,True,2019-05-21,844.0,863
2,lightgbm,D,v2,True,2019-05-22,831.0,836
2,lightgbm,D,v2,True,2019-05-23,658.0,776
2,lightgbm,D,v2,True,2019-05-24,508.0,646
2,lightgbm,D,v2,True,2019-05-27,1219.0,1282
2,lightgbm,D,v2,True,2019-05-28,931.0,1040
2,lightgbm,D,v2,True,2019-05-29,896.0,942
2,lightgbm,D,v2,True,2019-05-30,836.0,833
2,lightgbm,D,v2,True,2019-05-31,640.0,594
2,lightgbm,D,v2,True,2019-06-03,1221.0,1232
2,lightgbm,D,v2,True,2019-06-04,962.0,1032
2,lightgbm,D,v2,True,2019-06-05,761.0,918
2,lightgbm,D,v2,True,2019-06-07,389.0,608
2,lightgbm,D,v2,True,2019-06-10,1232.0,1218
2,lightgbm,D,v2,True,2019-06-11,804.0,968
2,lightgbm,D,v2,True,2019-06-12,876.0,902
2,lightgbm,D,v2,True,2019-06-13,679.0,884
2,lightgbm,D,v2,True,2019-06-14,538.0,675
2,lightgbm,D,v2,True,2019-06-17,1099.0,1218
2,lightgbm,D,v2,True,2019-06-18,853.0,951
2,lightgbm,D,v2,True,2019-06-19,882.0,927
2,lightgbm,D,v2,True,2019-06-20,625.0,860
2,lightgbm,D,v2,True,2019-06-21,505.0,651
2,lightgbm,D,v2,True,2019-06-24,1105.0,1278
2,lightgbm,D,v2,True,2019-06-25,775.0,906
2,lightgbm,D,v2,True,2019-06-26,946.0,871
2,lightgbm,D,v2,True,2019-06-27,808.0,909
2,lightgbm,D,v2,True,2019-06-28,535.0,662
2,lightgbm,D,v2,True,2019-07-01,1175.0,1238
2,lightgbm,D,v2,True,2019-07-02,787.0,1010
2,lightgbm,D,v2,True,2019-07-03,910.0,894
2,lightgbm,D,v2,True,2019-07-04,699.0,843
2,lightgbm,D,v2,True,2019-07-05,546.0,671
2,lightgbm,D,v2,True,2019-07-08,985.0,1138
2,lightgbm,D,v2,True,2019-07-09,861.0,915
2,lightgbm,D,v2,True,2019-07-10,862.0,819
2,lightgbm,D,v2,True,2019-07-11,730.0,794
2,lightgbm,D,v2,True,2019-07-12,856.0,621
2,lightgbm,D,v2,True,2019-07-15,1127.0,1191
2,lightgbm,D,v2,True,2019-07-16,952.0,1051
2,lightgbm,D,v2,True,2019-07-17,814.0,904
2,lightgbm,D,v2,True,2019-07-18,734.0,858
2,lightgbm,D,v2,True,2019-07-19,538.0,613
2,lightgbm,D,v2,True,2019-07-22,1013.0,1048
2,lightgbm,D,v2,True,2019-07-23,855.0,894
2,lightgbm,D,v2,True,2019-07-24,744.0,787
2,lightgbm,D,v2,True,2019-07-25,668.0,779
2,lightgbm,D,v2,True,2019-07-26,462.0,632
2,lightgbm,D,v2,True,2019-07-29,898.0,1029
2,lightgbm,D,v2,True,2019-07-30,745.0,829
2,lightgbm,D,v2,True,2019-07-31,619.0,749
2,lightgbm,D,v2,True,2019-08-01,648.0,792
2,lightgbm,D,v2,True,2019-08-02,440.0,665
2,lightgbm,D,v2,True,2019-08-05,936.0,1069
2,lightgbm,D,v2,True,2019-08-06,798.0,959
2,lightgbm,D,v2,True,2019-08-07,841.0,885
2,lightgbm,D,v2,True,2019-08-08,781.0,842
2,lightgbm,D,v2,True,2019-08-09,641.0,657
2,lightgbm,D,v2,True,2019-08-12,1073.0,1073
2,lightgbm,D,v2,True,2019-08-13,813.0,850
2,lightgbm,D,v2,True,2019-08-14,713.0,801
2,lightgbm,D,v2,True,2019-08-16,466.0,666
2,lightgbm,D,v2,True,2019-08-19,1249.0,1128
2,lightgbm,D,v2,True,2019-08-20,955.0,934
2,lightgbm,D,v2,True,2019-08-21,923.0,861
2,lightgbm,D,v2,True,2019-08-22,880.0,881
2,lightgbm,D,v2,True,2019-08-23,599.0,630
2,lightgbm,D,v2,True,2019-08-26,1221.0,1243
2,lightgbm,D,v2,True,2019-08-27,921.0,867
2,lightgbm,D,v2,True,2019-08-28,899.0,826
2,lightgbm,D,v2,True,2019-08-29,845.0,833
2,lightgbm,D,v2,True,2019-08-30,575.0,629
2,lightgbm,D,v2,True,2019-09-02,1363.0,1251
2,lightgbm,D,v2,True,2019-09-03,944.0,840
2,lightgbm,D,v2,True,2019-09-04,769.0,833
2,lightgbm,D,v2,True,2019-09-05,778.0,840
2,lightgbm,D,v2,True,2019-09-06,687.0,677
2,lightgbm,D,v2,True,2019-09-09,1228.0,1203
2,lightgbm,D,v2,True,2019-09-10,812.0,938
2,lightgbm,D,v2,True,2019-09-11,916.0,947
2,lightgbm,D,v2,True,2019-09-16,1283.0,1160
2,lightgbm,D,v2,True,2019-09-17,1010.0,1009
2,lightgbm,D,v2,True,2019-09-18,1006.0,990
2,lightgbm,D,v2,True,2019-09-19,701.0,854
2,lightgbm,D,v2,True,2019-09-20,662.0,640
2,lightgbm,D,v2,True,2019-09-23,1239.0,1284
2,lightgbm,D,v2,True,2019-09-24,899.0,933
2,lightgbm,D,v2,True,2019-09-25,803.0,870
2,lightgbm,D,v2,True,2019-09-26,620.0,865
2,lightgbm,D,v2,True,2019-09-27,722.0,636
2,lightgbm,D,v2,True,2019-09-30,1030.0,1024
2,lightgbm,D,v2,True,2019-10-02,1241.0,962
2,lightgbm,D,v2,True,2019-10-04,1215.0,940
2,lightgbm,D,v2,True,2019-10-07,1133.0,1133
2,lightgbm,D,v2,True,2019-10-08,883.0,849
2,lightgbm,D,v2,True,2019-10-10,862.0,824
2,lightgbm,D,v2,True,2019-10-11,566.0,610
2,xgboost,A,v2,True,2019-03-05,940.0,1072
2,xgboost,A,v2,True,2019-03-06,1061.0,949
2,xgboost,A,v2,True,2019-03-07,845.0,871
2,xgboost,A,v2,True,2019-03-08,663.0,616
2,xgboost,A,v2,True,2019-03-11,1277.0,1215
2,xgboost,A,v2,True,2019-03-12,956.0,945
2,xgboost,A,v2,True,2019-03-13,953.0,956
2,xgboost,A,v2,True,2019-03-14,791.0,817
2,xgboost,A,v2,True,2019-03-15,630.0,585
2,xgboost,A,v2,True,2019-03-18,1261.0,1172
2,xgboost,A,v2,True,2019-03-19,990.0,946
2,xgboost,A,v2,True,2019-03-20,970.0,849
2,xgboost,A,v2,True,2019-03-21,1214.0,822
2,xgboost,A,v2,True,2019-03-22,567.0,616
2,xgboost,A,v2,True,2019-03-25,1150.0,1136
2,xgboost,A,v2,True,2019-03-26,919.0,906
2,xgboost,A,v2,True,2019-03-27,856.0,844
2,xgboost,A,v2,True,2019-03-28,810.0,775
2,xgboost,A,v2,True,2019-03-29,481.0,579
2,xgboost,A,v2,True,2019-04-01,1029.0,1284
2,xgboost,A,v2,True,2019-04-02,855.0,855
2,xgboost,A,v2,True,2019-04-03,790.0,842
2,xgboost,A,v2,True,2019-04-04,745.0,815
2,xgboost,A,v2,True,2019-04-05,575.0,589
2,xgboost,A,v2,True,2019-04-08,1105.0,1149
2,xgboost,A,v2,True,2019-04-09,876.0,969
2,xgboost,A,v2,True,2019-04-10,789.0,944
2,xgboost,A,v2,True,2019-04-11,845.0,955
2,xgboost,A,v2,True,2019-04-12,553.0,710
2,xgboost,A,v2,True,2019-04-15,1184.0,1291
2,xgboost,A,v2,True,2019-04-16,905.0,1009
2,xgboost,A,v2,True,2019-04-17,910.0,902
2,xgboost,A,v2,True,2019-04-18,767.0,792
2,xgboost,A,v2,True,2019-04-19,683.0,618
2,xgboost,A,v2,True,2019-04-22,1094.0,865
2,xgboost,A,v2,True,2019-04-23,886.0,853
2,xgboost,A,v2,True,2019-04-24,1034.0,872
2,xgboost,A,v2,True,2019-04-25,702.0,787
2,xgboost,A,v2,True,2019-04-26,572.0,684
2,xgboost,A,v2,True,2019-04-29,1207.0,976
2,xgboost,A,v2,True,2019-04-30,714.0,717
2,xgboost,A,v2,True,2019-05-02,758.0,712
2,xgboost,A,v2,True,2019-05-03,654.0,588
2,xgboost,A,v2,True,2019-05-07,1221.0,813
2,xgboost,A,v2,True,2019-05-08,881.0,803
2,xgboost,A,v2,True,2019-05-09,958.0,771
2,xgboost,A,v2,True,2019-05-10,607.0,656
2,xgboost,A,v2,True,2019-05-13,1111.0,1146
2,xgboost,A,v2,True,2019-05-14,907.0,829
2,xgboost,A,v2,True,2019-05-15,888.0,827
2,xgboost,A,v2,True,2019-05-16,790.0,813
2,xgboost,A,v2,True,2019-05-17,408.0,618
2,xgboost,A,v2,True,2019-05-20,1174.0,1152
2,xgboost,A,v2,True,2019-05-21,844.0,800
2,xgboost,A,v2,True,2019-05-22,831.0,872
2,xgboost,A,v2,True,2019-05-23,658.0,804
2,xgboost,A,v2,True,2019-05-24,508.0,629
2,xgboost,A,v2,True,2019-05-27,1219.0,1203
2,xgboost,A,v2,True,2019-05-28,931.0,1031
2,xgboost,A,v2,True,2019-05-29,896.0,971
2,xgboost,A,v2,True,2019-05-30,836.0,830
2,xgboost,A,v2,True,2019-05-31,640.0,685
2,xgboost,A,v2,True,2019-06-03,1221.0,1172
2,xgboost,A,v2,True,2019-06-04,962.0,1016
2,xgboost,A,v2,True,2019-06-05,761.0,905
2,xgboost,A,v2,True,2019-06-07,389.0,497
2,xgboost,A,v2,True,2019-06-10,1232.0,1134
2,xgboost,A,v2,True,2019-06-11,804.0,927
2,xgboost,A,v2,True,2019-06-12,876.0,882
2,xgboost,A,v2,True,2019-06-13,679.0,879
2,xgboost,A,v2,True,2019-06-14,538.0,629
2,xgboost,A,v2,True,2019-06-17,1099.0,1090
2,xgboost,A,v2,True,2019-06-18,853.0,919
2,xgboost,A,v2,True,2019-06-19,882.0,918
2,xgboost,A,v2,True,2019-06-20,625.0,864
2,xgboost,A,v2,True,2019-06-21,505.0,700
2,xgboost,A,v2,True,2019-06-24,1105.0,1239
2,xgboost,A,v2,True,2019-06-25,775.0,930
2,xgboost,A,v2,True,2019-06-26,946.0,849
2,xgboost,A,v2,True,2019-06-27,808.0,902
2,xgboost,A,v2,True,2019-06-28,535.0,644
2,xgboost,A,v2,True,2019-07-01,1175.0,1240
2,xgboost,A,v2,True,2019-07-02,787.0,1136
2,xgboost,A,v2,True,2019-07-03,910.0,915
2,xgboost,A,v2,True,2019-07-04,699.0,837
2,xgboost,A,v2,True,2019-07-05,546.0,720
2,xgboost,A,v2,True,2019-07-08,985.0,907
2,xgboost,A,v2,True,2019-07-09,861.0,923
2,xgboost,A,v2,True,2019-07-10,862.0,741
2,xgboost,A,v2,True,2019-07-11,730.0,856
2,xgboost,A,v2,True,2019-07-12,856.0,658
2,xgboost,A,v2,True,2019-07-15,1127.0,1148
2,xgboost,A,v2,True,2019-07-16,952.0,1167
2,xgboost,A,v2,True,2019-07-17,814.0,910
2,xgboost,A,v2,True,2019-07-18,734.0,873
2,xgboost,A,v2,True,2019-07-19,538.0,693
2,xgboost,A,v2,True,2019-07-22,1013.0,1102
2,xgboost,A,v2,True,2019-07-23,855.0,1084
2,xgboost,A,v2,True,2019-07-24,744.0,805
2,xgboost,A,v2,True,2019-07-25,668.0,765
2,xgboost,A,v2,True,2019-07-26,462.0,609
2,xgboost,A,v2,True,2019-07-29,898.0,992
2,xgboost,A,v2,True,2019-07-30,745.0,882
2,xgboost,A,v2,True,2019-07-31,619.0,792
2,xgboost,A,v2,True,2019-08-01,648.0,754
2,xgboost,A,v2,True,2019-08-02,440.0,564
2,xgboost,A,v2,True,2019-08-05,936.0,978
2,xgboost,A,v2,True,2019-08-06,798.0,956
2,xgboost,A,v2,True,2019-08-07,841.0,784
2,xgboost,A,v2,True,2019-08-08,781.0,792
2,xgboost,A,v2,True,2019-08-09,641.0,610
2,xgboost,A,v2,True,2019-08-12,1073.0,941
2,xgboost,A,v2,True,2019-08-13,813.0,819
2,xgboost,A,v2,True,2019-08-14,713.0,677
2,xgboost,A,v2,True,2019-08-16,466.0,522
2,xgboost,A,v2,True,2019-08-19,1249.0,1076
2,xgboost,A,v2,True,2019-08-20,955.0,845
2,xgboost,A,v2,True,2019-08-21,923.0,792
2,xgboost,A,v2,True,2019-08-22,880.0,847
2,xgboost,A,v2,True,2019-08-23,599.0,645
2,xgboost,A,v2,True,2019-08-26,1221.0,1115
2,xgboost,A,v2,True,2019-08-27,921.0,870
2,xgboost,A,v2,True,2019-08-28,899.0,831
2,xgboost,A,v2,True,2019-08-29,845.0,847
2,xgboost,A,v2,True,2019-08-30,575.0,644
2,xgboost,A,v2,True,2019-09-02,1363.0,1177
2,xgboost,A,v2,True,2019-09-03,944.0,882
2,xgboost,A,v2,True,2019-09-04,769.0,888
2,xgboost,A,v2,True,2019-09-05,778.0,861
2,xgboost,A,v2,True,2019-09-06,687.0,738
2,xgboost,A,v2,True,2019-09-09,1228.0,1154
2,xgboost,A,v2,True,2019-09-10,812.0,1000
2,xgboost,A,v2,True,2019-09-11,916.0,955
2,xgboost,A,v2,True,2019-09-16,1283.0,1181
2,xgboost,A,v2,True,2019-09-17,1010.0,891
2,xgboost,A,v2,True,2019-09-18,1006.0,974
2,xgboost,A,v2,True,2019-09-19,701.0,821
2,xgboost,A,v2,True,2019-09-20,662.0,661
2,xgboost,A,v2,True,2019-09-23,1239.0,1192
2,xgboost,A,v2,True,2019-09-24,899.0,848
2,xgboost,A,v2,True,2019-09-25,803.0,877
2,xgboost,A,v2,True,2019-09-26,620.0,803
2,xgboost,A,v2,True,2019-09-27,722.0,635
2,xgboost,A,v2,True,2019-09-30,1030.0,902
2,xgboost,A,v2,True,2019-10-02,1241.0,884
2,xgboost,A,v2,True,2019-10-04,1215.0,964
2,xgboost,A,v2,True,2019-10-07,1133.0,1075
2,xgboost,A,v2,True,2019-10-08,883.0,761
2,xgboost,A,v2,True,2019-10-10,862.0,798
2,xgboost,A,v2,True,2019-10-11,566.0,623
2,xgboost,B,v2,True,2019-03-05,940.0,956
2,xgboost,B,v2,True,2019-03-06,1061.0,936
2,xgboost,B,v2,True,2019-03-07,845.0,861
2,xgboost,B,v2,True,2019-03-08,663.0,608
2,xgboost,B,v2,True,2019-03-11,1277.0,1254
2,xgboost,B,v2,True,2019-03-12,956.0,898
2,xgboost,B,v2,True,2019-03-13,953.0,918
2,xgboost,B,v2,True,2019-03-14,791.0,802
2,xgboost,B,v2,True,2019-03-15,630.0,598
2,xgboost,B,v2,True,2019-03-18,1261.0,1149
2,xgboost,B,v2,True,2019-03-19,990.0,875
2,xgboost,B,v2,True,2019-03-20,970.0,846
2,xgboost,B,v2,True,2019-03-21,1214.0,783
2,xgboost,B,v2,True,2019-03-22,567.0,618
2,xgboost,B,v2,True,2019-03-25,1150.0,1139
2,xgboost,B,v2,True,2019-03-26,919.0,831
2,xgboost,B,v2,True,2019-03-27,856.0,841
2,xgboost,B,v2,True,2019-03-28,810.0,767
2,xgboost,B,v2,True,2019-03-29,481.0,545
2,xgboost,B,v2,True,2019-04-01,1029.0,1222
2,xgboost,B,v2,True,2019-04-02,855.0,822
2,xgboost,B,v2,True,2019-04-03,790.0,831
2,xgboost,B,v2,True,2019-04-04,745.0,802
2,xgboost,B,v2,True,2019-04-05,575.0,586
2,xgboost,B,v2,True,2019-04-08,1105.0,1138
2,xgboost,B,v2,True,2019-04-09,876.0,915
2,xgboost,B,v2,True,2019-04-10,789.0,923
2,xgboost,B,v2,True,2019-04-11,845.0,899
2,xgboost,B,v2,True,2019-04-12,553.0,650
2,xgboost,B,v2,True,2019-04-15,1184.0,1251
2,xgboost,B,v2,True,2019-04-16,905.0,913
2,xgboost,B,v2,True,2019-04-17,910.0,878
2,xgboost,B,v2,True,2019-04-18,767.0,770
2,xgboost,B,v2,True,2019-04-19,683.0,593
2,xgboost,B,v2,True,2019-04-22,1094.0,1038
2,xgboost,B,v2,True,2019-04-23,886.0,836
2,xgboost,B,v2,True,2019-04-24,1034.0,855
2,xgboost,B,v2,True,2019-04-25,702.0,771
2,xgboost,B,v2,True,2019-04-26,572.0,625
2,xgboost,B,v2,True,2019-04-29,1207.0,1083
2,xgboost,B,v2,True,2019-04-30,714.0,756
2,xgboost,B,v2,True,2019-05-02,758.0,757
2,xgboost,B,v2,True,2019-05-03,654.0,584
2,xgboost,B,v2,True,2019-05-07,1221.0,801
2,xgboost,B,v2,True,2019-05-08,881.0,804
2,xgboost,B,v2,True,2019-05-09,958.0,771
2,xgboost,B,v2,True,2019-05-10,607.0,612
2,xgboost,B,v2,True,2019-05-13,1111.0,1151
2,xgboost,B,v2,True,2019-05-14,907.0,798
2,xgboost,B,v2,True,2019-05-15,888.0,822
2,xgboost,B,v2,True,2019-05-16,790.0,785
2,xgboost,B,v2,True,2019-05-17,408.0,593
2,xgboost,B,v2,True,2019-05-20,1174.0,1139
2,xgboost,B,v2,True,2019-05-21,844.0,807
2,xgboost,B,v2,True,2019-05-22,831.0,855
2,xgboost,B,v2,True,2019-05-23,658.0,799
2,xgboost,B,v2,True,2019-05-24,508.0,575
2,xgboost,B,v2,True,2019-05-27,1219.0,1249
2,xgboost,B,v2,True,2019-05-28,931.0,937
2,xgboost,B,v2,True,2019-05-29,896.0,959
2,xgboost,B,v2,True,2019-05-30,836.0,795
2,xgboost,B,v2,True,2019-05-31,640.0,625
2,xgboost,B,v2,True,2019-06-03,1221.0,1258
2,xgboost,B,v2,True,2019-06-04,962.0,983
2,xgboost,B,v2,True,2019-06-05,761.0,883
2,xgboost,B,v2,True,2019-06-07,389.0,487
2,xgboost,B,v2,True,2019-06-10,1232.0,1225
2,xgboost,B,v2,True,2019-06-11,804.0,966
2,xgboost,B,v2,True,2019-06-12,876.0,877
2,xgboost,B,v2,True,2019-06-13,679.0,875
2,xgboost,B,v2,True,2019-06-14,538.0,631
2,xgboost,B,v2,True,2019-06-17,1099.0,1198
2,xgboost,B,v2,True,2019-06-18,853.0,942
2,xgboost,B,v2,True,2019-06-19,882.0,907
2,xgboost,B,v2,True,2019-06-20,625.0,874
2,xgboost,B,v2,True,2019-06-21,505.0,643
2,xgboost,B,v2,True,2019-06-24,1105.0,1269
2,xgboost,B,v2,True,2019-06-25,775.0,952
2,xgboost,B,v2,True,2019-06-26,946.0,855
2,xgboost,B,v2,True,2019-06-27,808.0,876
2,xgboost,B,v2,True,2019-06-28,535.0,631
2,xgboost,B,v2,True,2019-07-01,1175.0,1238
2,xgboost,B,v2,True,2019-07-02,787.0,1008
2,xgboost,B,v2,True,2019-07-03,910.0,904
2,xgboost,B,v2,True,2019-07-04,699.0,854
2,xgboost,B,v2,True,2019-07-05,546.0,656
2,xgboost,B,v2,True,2019-07-08,985.0,1153
2,xgboost,B,v2,True,2019-07-09,861.0,913
2,xgboost,B,v2,True,2019-07-10,862.0,761
2,xgboost,B,v2,True,2019-07-11,730.0,843
2,xgboost,B,v2,True,2019-07-12,856.0,592
2,xgboost,B,v2,True,2019-07-15,1127.0,1202
2,xgboost,B,v2,True,2019-07-16,952.0,1045
2,xgboost,B,v2,True,2019-07-17,814.0,900
2,xgboost,B,v2,True,2019-07-18,734.0,860
2,xgboost,B,v2,True,2019-07-19,538.0,627
2,xgboost,B,v2,True,2019-07-22,1013.0,1131
2,xgboost,B,v2,True,2019-07-23,855.0,970
2,xgboost,B,v2,True,2019-07-24,744.0,798
2,xgboost,B,v2,True,2019-07-25,668.0,734
2,xgboost,B,v2,True,2019-07-26,462.0,597
2,xgboost,B,v2,True,2019-07-29,898.0,1055
2,xgboost,B,v2,True,2019-07-30,745.0,860
2,xgboost,B,v2,True,2019-07-31,619.0,742
2,xgboost,B,v2,True,2019-08-01,648.0,780
2,xgboost,B,v2,True,2019-08-02,440.0,563
2,xgboost,B,v2,True,2019-08-05,936.0,1061
2,xgboost,B,v2,True,2019-08-06,798.0,915
2,xgboost,B,v2,True,2019-08-07,841.0,866
2,xgboost,B,v2,True,2019-08-08,781.0,755
2,xgboost,B,v2,True,2019-08-09,641.0,613
2,xgboost,B,v2,True,2019-08-12,1073.0,1042
2,xgboost,B,v2,True,2019-08-13,813.0,798
2,xgboost,B,v2,True,2019-08-14,713.0,781
2,xgboost,B,v2,True,2019-08-16,466.0,532
2,xgboost,B,v2,True,2019-08-19,1249.0,1160
2,xgboost,B,v2,True,2019-08-20,955.0,837
2,xgboost,B,v2,True,2019-08-21,923.0,799
2,xgboost,B,v2,True,2019-08-22,880.0,845
2,xgboost,B,v2,True,2019-08-23,599.0,661
2,xgboost,B,v2,True,2019-08-26,1221.0,1192
2,xgboost,B,v2,True,2019-08-27,921.0,871
2,xgboost,B,v2,True,2019-08-28,899.0,829
2,xgboost,B,v2,True,2019-08-29,845.0,858
2,xgboost,B,v2,True,2019-08-30,575.0,647
2,xgboost,B,v2,True,2019-09-02,1363.0,1218
2,xgboost,B,v2,True,2019-09-03,944.0,837
2,xgboost,B,v2,True,2019-09-04,769.0,893
2,xgboost,B,v2,True,2019-09-05,778.0,864
2,xgboost,B,v2,True,2019-09-06,687.0,686
2,xgboost,B,v2,True,2019-09-09,1228.0,1187
2,xgboost,B,v2,True,2019-09-10,812.0,961
2,xgboost,B,v2,True,2019-09-11,916.0,944
2,xgboost,B,v2,True,2019-09-16,1283.0,1197
2,xgboost,B,v2,True,2019-09-17,1010.0,918
2,xgboost,B,v2,True,2019-09-18,1006.0,980
2,xgboost,B,v2,True,2019-09-19,701.0,833
2,xgboost,B,v2,True,2019-09-20,662.0,668
2,xgboost,B,v2,True,2019-09-23,1239.0,1209
2,xgboost,B,v2,True,2019-09-24,899.0,900
2,xgboost,B,v2,True,2019-09-25,803.0,882
2,xgboost,B,v2,True,2019-09-26,620.0,817
2,xgboost,B,v2,True,2019-09-27,722.0,644
2,xgboost,B,v2,True,2019-09-30,1030.0,1041
2,xgboost,B,v2,True,2019-10-02,1241.0,920
2,xgboost,B,v2,True,2019-10-04,1215.0,914
2,xgboost,B,v2,True,2019-10-07,1133.0,1188
2,xgboost,B,v2,True,2019-10-08,883.0,832
2,xgboost,B,v2,True,2019-10-10,862.0,804
2,xgboost,B,v2,True,2019-10-11,566.0,644
2,xgboost,C,v1,True,2019-03-05,940.0,897
2,xgboost,C,v1,True,2019-03-06,1061.0,935
2,xgboost,C,v1,True,2019-03-07,845.0,839
2,xgboost,C,v1,True,2019-03-08,663.0,595
2,xgboost,C,v1,True,2019-03-11,1277.0,1239
2,xgboost,C,v1,True,2019-03-12,956.0,901
2,xgboost,C,v1,True,2019-03-13,953.0,934
2,xgboost,C,v1,True,2019-03-14,791.0,766
2,xgboost,C,v1,True,2019-03-15,630.0,608
2,xgboost,C,v1,True,2019-03-18,1261.0,1158
2,xgboost,C,v1,True,2019-03-19,990.0,886
2,xgboost,C,v1,True,2019-03-20,970.0,852
2,xgboost,C,v1,True,2019-03-21,1214.0,768
2,xgboost,C,v1,True,2019-03-22,567.0,621
2,xgboost,C,v1,True,2019-03-25,1150.0,1147
2,xgboost,C,v1,True,2019-03-26,919.0,854
2,xgboost,C,v1,True,2019-03-27,856.0,834
2,xgboost,C,v1,True,2019-03-28,810.0,763
2,xgboost,C,v1,True,2019-03-29,481.0,561
2,xgboost,C,v1,True,2019-04-01,1029.0,1193
2,xgboost,C,v1,True,2019-04-02,855.0,847
2,xgboost,C,v1,True,2019-04-03,790.0,839
2,xgboost,C,v1,True,2019-04-04,745.0,822
2,xgboost,C,v1,True,2019-04-05,575.0,573
2,xgboost,C,v1,True,2019-04-08,1105.0,1149
2,xgboost,C,v1,True,2019-04-09,876.0,924
2,xgboost,C,v1,True,2019-04-10,789.0,925
2,xgboost,C,v1,True,2019-04-11,845.0,878
2,xgboost,C,v1,True,2019-04-12,553.0,650
2,xgboost,C,v1,True,2019-04-15,1184.0,1244
2,xgboost,C,v1,True,2019-04-16,905.0,927
2,xgboost,C,v1,True,2019-04-17,910.0,884
2,xgboost,C,v1,True,2019-04-18,767.0,776
2,xgboost,C,v1,True,2019-04-19,683.0,636
2,xgboost,C,v1,True,2019-04-22,1094.0,1057
2,xgboost,C,v1,True,2019-04-23,886.0,848
2,xgboost,C,v1,True,2019-04-24,1034.0,868
2,xgboost,C,v1,True,2019-04-25,702.0,774
2,xgboost,C,v1,True,2019-04-26,572.0,605
2,xgboost,C,v1,True,2019-04-29,1207.0,1103
2,xgboost,C,v1,True,2019-04-30,714.0,776
2,xgboost,C,v1,True,2019-05-02,758.0,747
2,xgboost,C,v1,True,2019-05-03,654.0,585
2,xgboost,C,v1,True,2019-05-07,1221.0,811
2,xgboost,C,v1,True,2019-05-08,881.0,817
2,xgboost,C,v1,True,2019-05-09,958.0,772
2,xgboost,C,v1,True,2019-05-10,607.0,595
2,xgboost,C,v1,True,2019-05-13,1111.0,1159
2,xgboost,C,v1,True,2019-05-14,907.0,817
2,xgboost,C,v1,True,2019-05-15,888.0,831
2,xgboost,C,v1,True,2019-05-16,790.0,789
2,xgboost,C,v1,True,2019-05-17,408.0,578
2,xgboost,C,v1,True,2019-05-20,1174.0,1151
2,xgboost,C,v1,True,2019-05-21,844.0,823
2,xgboost,C,v1,True,2019-05-22,831.0,867
2,xgboost,C,v1,True,2019-05-23,658.0,769
2,xgboost,C,v1,True,2019-05-24,508.0,598
2,xgboost,C,v1,True,2019-05-27,1219.0,1237
2,xgboost,C,v1,True,2019-05-28,931.0,942
2,xgboost,C,v1,True,2019-05-29,896.0,942
2,xgboost,C,v1,True,2019-05-30,836.0,784
2,xgboost,C,v1,True,2019-05-31,640.0,643
2,xgboost,C,v1,True,2019-06-03,1221.0,1243
2,xgboost,C,v1,True,2019-06-04,962.0,998
2,xgboost,C,v1,True,2019-06-05,761.0,861
2,xgboost,C,v1,True,2019-06-07,389.0,484
2,xgboost,C,v1,True,2019-06-10,1232.0,1227
2,xgboost,C,v1,True,2019-06-11,804.0,959
2,xgboost,C,v1,True,2019-06-12,876.0,906
2,xgboost,C,v1,True,2019-06-13,679.0,879
2,xgboost,C,v1,True,2019-06-14,538.0,641
2,xgboost,C,v1,True,2019-06-17,1099.0,1207
2,xgboost,C,v1,True,2019-06-18,853.0,950
2,xgboost,C,v1,True,2019-06-19,882.0,908
2,xgboost,C,v1,True,2019-06-20,625.0,862
2,xgboost,C,v1,True,2019-06-21,505.0,652
2,xgboost,C,v1,True,2019-06-24,1105.0,1272
2,xgboost,C,v1,True,2019-06-25,775.0,918
2,xgboost,C,v1,True,2019-06-26,946.0,859
2,xgboost,C,v1,True,2019-06-27,808.0,872
2,xgboost,C,v1,True,2019-06-28,535.0,645
2,xgboost,C,v1,True,2019-07-01,1175.0,1251
2,xgboost,C,v1,True,2019-07-02,787.0,1014
2,xgboost,C,v1,True,2019-07-03,910.0,904
2,xgboost,C,v1,True,2019-07-04,699.0,842
2,xgboost,C,v1,True,2019-07-05,546.0,665
2,xgboost,C,v1,True,2019-07-08,985.0,1148
2,xgboost,C,v1,True,2019-07-09,861.0,916
2,xgboost,C,v1,True,2019-07-10,862.0,790
2,xgboost,C,v1,True,2019-07-11,730.0,846
2,xgboost,C,v1,True,2019-07-12,856.0,590
2,xgboost,C,v1,True,2019-07-15,1127.0,1203
2,xgboost,C,v1,True,2019-07-16,952.0,1049
2,xgboost,C,v1,True,2019-07-17,814.0,903
2,xgboost,C,v1,True,2019-07-18,734.0,861
2,xgboost,C,v1,True,2019-07-19,538.0,612
2,xgboost,C,v1,True,2019-07-22,1013.0,1147
2,xgboost,C,v1,True,2019-07-23,855.0,981
2,xgboost,C,v1,True,2019-07-24,744.0,799
2,xgboost,C,v1,True,2019-07-25,668.0,735
2,xgboost,C,v1,True,2019-07-26,462.0,617
2,xgboost,C,v1,True,2019-07-29,898.0,1047
2,xgboost,C,v1,True,2019-07-30,745.0,866
2,xgboost,C,v1,True,2019-07-31,619.0,716
2,xgboost,C,v1,True,2019-08-01,648.0,783
2,xgboost,C,v1,True,2019-08-02,440.0,557
2,xgboost,C,v1,True,2019-08-05,936.0,1056
2,xgboost,C,v1,True,2019-08-06,798.0,900
2,xgboost,C,v1,True,2019-08-07,841.0,883
2,xgboost,C,v1,True,2019-08-08,781.0,751
2,xgboost,C,v1,True,2019-08-09,641.0,617
2,xgboost,C,v1,True,2019-08-12,1073.0,1038
2,xgboost,C,v1,True,2019-08-13,813.0,777
2,xgboost,C,v1,True,2019-08-14,713.0,766
2,xgboost,C,v1,True,2019-08-16,466.0,520
2,xgboost,C,v1,True,2019-08-19,1249.0,1158
2,xgboost,C,v1,True,2019-08-20,955.0,848
2,xgboost,C,v1,True,2019-08-21,923.0,817
2,xgboost,C,v1,True,2019-08-22,880.0,842
2,xgboost,C,v1,True,2019-08-23,599.0,636
2,xgboost,C,v1,True,2019-08-26,1221.0,1212
2,xgboost,C,v1,True,2019-08-27,921.0,842
2,xgboost,C,v1,True,2019-08-28,899.0,844
2,xgboost,C,v1,True,2019-08-29,845.0,845
2,xgboost,C,v1,True,2019-08-30,575.0,631
2,xgboost,C,v1,True,2019-09-02,1363.0,1220
2,xgboost,C,v1,True,2019-09-03,944.0,826
2,xgboost,C,v1,True,2019-09-04,769.0,884
2,xgboost,C,v1,True,2019-09-05,778.0,870
2,xgboost,C,v1,True,2019-09-06,687.0,693
2,xgboost,C,v1,True,2019-09-09,1228.0,1193
2,xgboost,C,v1,True,2019-09-10,812.0,964
2,xgboost,C,v1,True,2019-09-11,916.0,938
2,xgboost,C,v1,True,2019-09-16,1283.0,1172
2,xgboost,C,v1,True,2019-09-17,1010.0,924
2,xgboost,C,v1,True,2019-09-18,1006.0,962
2,xgboost,C,v1,True,2019-09-19,701.0,832
2,xgboost,C,v1,True,2019-09-20,662.0,678
2,xgboost,C,v1,True,2019-09-23,1239.0,1218
2,xgboost,C,v1,True,2019-09-24,899.0,895
2,xgboost,C,v1,True,2019-09-25,803.0,884
2,xgboost,C,v1,True,2019-09-26,620.0,834
2,xgboost,C,v1,True,2019-09-27,722.0,631
2,xgboost,C,v1,True,2019-09-30,1030.0,1033
2,xgboost,C,v1,True,2019-10-02,1241.0,925
2,xgboost,C,v1,True,2019-10-04,1215.0,909
2,xgboost,C,v1,True,2019-10-07,1133.0,1201
2,xgboost,C,v1,True,2019-10-08,883.0,825
2,xgboost,C,v1,True,2019-10-10,862.0,801
2,xgboost,C,v1,True,2019-10-11,566.0,648
2,xgboost,C,v2,True,2019-03-05,940.0,898
2,xgboost,C,v2,True,2019-03-06,1061.0,953
2,xgboost,C,v2,True,2019-03-07,845.0,842
2,xgboost,C,v2,True,2019-03-08,663.0,603
2,xgboost,C,v2,True,2019-03-11,1277.0,1236
2,xgboost,C,v2,True,2019-03-12,956.0,906
2,xgboost,C,v2,True,2019-03-13,953.0,934
2,xgboost,C,v2,True,2019-03-14,791.0,767
2,xgboost,C,v2,True,2019-03-15,630.0,598
2,xgboost,C,v2,True,2019-03-18,1261.0,1156
2,xgboost,C,v2,True,2019-03-19,990.0,884
2,xgboost,C,v2,True,2019-03-20,970.0,849
2,xgboost,C,v2,True,2019-03-21,1214.0,768
2,xgboost,C,v2,True,2019-03-22,567.0,623
2,xgboost,C,v2,True,2019-03-25,1150.0,1146
2,xgboost,C,v2,True,2019-03-26,919.0,856
2,xgboost,C,v2,True,2019-03-27,856.0,843
2,xgboost,C,v2,True,2019-03-28,810.0,775
2,xgboost,C,v2,True,2019-03-29,481.0,556
2,xgboost,C,v2,True,2019-04-01,1029.0,1198
2,xgboost,C,v2,True,2019-04-02,855.0,852
2,xgboost,C,v2,True,2019-04-03,790.0,831
2,xgboost,C,v2,True,2019-04-04,745.0,817
2,xgboost,C,v2,True,2019-04-05,575.0,582
2,xgboost,C,v2,True,2019-04-08,1105.0,1145
2,xgboost,C,v2,True,2019-04-09,876.0,917
2,xgboost,C,v2,True,2019-04-10,789.0,918
2,xgboost,C,v2,True,2019-04-11,845.0,871
2,xgboost,C,v2,True,2019-04-12,553.0,662
2,xgboost,C,v2,True,2019-04-15,1184.0,1240
2,xgboost,C,v2,True,2019-04-16,905.0,925
2,xgboost,C,v2,True,2019-04-17,910.0,882
2,xgboost,C,v2,True,2019-04-18,767.0,779
2,xgboost,C,v2,True,2019-04-19,683.0,625
2,xgboost,C,v2,True,2019-04-22,1094.0,1065
2,xgboost,C,v2,True,2019-04-23,886.0,842
2,xgboost,C,v2,True,2019-04-24,1034.0,873
2,xgboost,C,v2,True,2019-04-25,702.0,772
2,xgboost,C,v2,True,2019-04-26,572.0,610
2,xgboost,C,v2,True,2019-04-29,1207.0,1102
2,xgboost,C,v2,True,2019-04-30,714.0,776
2,xgboost,C,v2,True,2019-05-02,758.0,761
2,xgboost,C,v2,True,2019-05-03,654.0,584
2,xgboost,C,v2,True,2019-05-07,1221.0,811
2,xgboost,C,v2,True,2019-05-08,881.0,825
2,xgboost,C,v2,True,2019-05-09,958.0,777
2,xgboost,C,v2,True,2019-05-10,607.0,596
2,xgboost,C,v2,True,2019-05-13,1111.0,1157
2,xgboost,C,v2,True,2019-05-14,907.0,815
2,xgboost,C,v2,True,2019-05-15,888.0,833
2,xgboost,C,v2,True,2019-05-16,790.0,792
2,xgboost,C,v2,True,2019-05-17,408.0,570
2,xgboost,C,v2,True,2019-05-20,1174.0,1145
2,xgboost,C,v2,True,2019-05-21,844.0,826
2,xgboost,C,v2,True,2019-05-22,831.0,869
2,xgboost,C,v2,True,2019-05-23,658.0,761
2,xgboost,C,v2,True,2019-05-24,508.0,603
2,xgboost,C,v2,True,2019-05-27,1219.0,1225
2,xgboost,C,v2,True,2019-05-28,931.0,939
2,xgboost,C,v2,True,2019-05-29,896.0,953
2,xgboost,C,v2,True,2019-05-30,836.0,789
2,xgboost,C,v2,True,2019-05-31,640.0,634
2,xgboost,C,v2,True,2019-06-03,1221.0,1243
2,xgboost,C,v2,True,2019-06-04,962.0,989
2,xgboost,C,v2,True,2019-06-05,761.0,854
2,xgboost,C,v2,True,2019-06-07,389.0,484
2,xgboost,C,v2,True,2019-06-10,1232.0,1221
2,xgboost,C,v2,True,2019-06-11,804.0,951
2,xgboost,C,v2,True,2019-06-12,876.0,903
2,xgboost,C,v2,True,2019-06-13,679.0,881
2,xgboost,C,v2,True,2019-06-14,538.0,636
2,xgboost,C,v2,True,2019-06-17,1099.0,1202
2,xgboost,C,v2,True,2019-06-18,853.0,949
2,xgboost,C,v2,True,2019-06-19,882.0,909
2,xgboost,C,v2,True,2019-06-20,625.0,859
2,xgboost,C,v2,True,2019-06-21,505.0,655
2,xgboost,C,v2,True,2019-06-24,1105.0,1269
2,xgboost,C,v2,True,2019-06-25,775.0,907
2,xgboost,C,v2,True,2019-06-26,946.0,855
2,xgboost,C,v2,True,2019-06-27,808.0,876
2,xgboost,C,v2,True,2019-06-28,535.0,645
2,xgboost,C,v2,True,2019-07-01,1175.0,1255
2,xgboost,C,v2,True,2019-07-02,787.0,1015
2,xgboost,C,v2,True,2019-07-03,910.0,899
2,xgboost,C,v2,True,2019-07-04,699.0,840
2,xgboost,C,v2,True,2019-07-05,546.0,668
2,xgboost,C,v2,True,2019-07-08,985.0,1153
2,xgboost,C,v2,True,2019-07-09,861.0,920
2,xgboost,C,v2,True,2019-07-10,862.0,787
2,xgboost,C,v2,True,2019-07-11,730.0,845
2,xgboost,C,v2,True,2019-07-12,856.0,605
2,xgboost,C,v2,True,2019-07-15,1127.0,1206
2,xgboost,C,v2,True,2019-07-16,952.0,1049
2,xgboost,C,v2,True,2019-07-17,814.0,904
2,xgboost,C,v2,True,2019-07-18,734.0,867
2,xgboost,C,v2,True,2019-07-19,538.0,613
2,xgboost,C,v2,True,2019-07-22,1013.0,1146
2,xgboost,C,v2,True,2019-07-23,855.0,980
2,xgboost,C,v2,True,2019-07-24,744.0,804
2,xgboost,C,v2,True,2019-07-25,668.0,742
2,xgboost,C,v2,True,2019-07-26,462.0,614
2,xgboost,C,v2,True,2019-07-29,898.0,1053
2,xgboost,C,v2,True,2019-07-30,745.0,867
2,xgboost,C,v2,True,2019-07-31,619.0,710
2,xgboost,C,v2,True,2019-08-01,648.0,782
2,xgboost,C,v2,True,2019-08-02,440.0,552
2,xgboost,C,v2,True,2019-08-05,936.0,1068
2,xgboost,C,v2,True,2019-08-06,798.0,907
2,xgboost,C,v2,True,2019-08-07,841.0,887
2,xgboost,C,v2,True,2019-08-08,781.0,767
2,xgboost,C,v2,True,2019-08-09,641.0,611
2,xgboost,C,v2,True,2019-08-12,1073.0,1042
2,xgboost,C,v2,True,2019-08-13,813.0,787
2,xgboost,C,v2,True,2019-08-14,713.0,759
2,xgboost,C,v2,True,2019-08-16,466.0,516
2,xgboost,C,v2,True,2019-08-19,1249.0,1156
2,xgboost,C,v2,True,2019-08-20,955.0,854
2,xgboost,C,v2,True,2019-08-21,923.0,810
2,xgboost,C,v2,True,2019-08-22,880.0,848
2,xgboost,C,v2,True,2019-08-23,599.0,627
2,xgboost,C,v2,True,2019-08-26,1221.0,1212
2,xgboost,C,v2,True,2019-08-27,921.0,849
2,xgboost,C,v2,True,2019-08-28,899.0,831
2,xgboost,C,v2,True,2019-08-29,845.0,842
2,xgboost,C,v2,True,2019-08-30,575.0,637
2,xgboost,C,v2,True,2019-09-02,1363.0,1220
2,xgboost,C,v2,True,2019-09-03,944.0,837
2,xgboost,C,v2,True,2019-09-04,769.0,880
2,xgboost,C,v2,True,2019-09-05,778.0,860
2,xgboost,C,v2,True,2019-09-06,687.0,682
2,xgboost,C,v2,True,2019-09-09,1228.0,1191
2,xgboost,C,v2,True,2019-09-10,812.0,963
2,xgboost,C,v2,True,2019-09-11,916.0,944
2,xgboost,C,v2,True,2019-09-16,1283.0,1179
2,xgboost,C,v2,True,2019-09-17,1010.0,925
2,xgboost,C,v2,True,2019-09-18,1006.0,954
2,xgboost,C,v2,True,2019-09-19,701.0,829
2,xgboost,C,v2,True,2019-09-20,662.0,663
2,xgboost,C,v2,True,2019-09-23,1239.0,1220
2,xgboost,C,v2,True,2019-09-24,899.0,892
2,xgboost,C,v2,True,2019-09-25,803.0,880
2,xgboost,C,v2,True,2019-09-26,620.0,825
2,xgboost,C,v2,True,2019-09-27,722.0,633
2,xgboost,C,v2,True,2019-09-30,1030.0,1035
2,xgboost,C,v2,True,2019-10-02,1241.0,927
2,xgboost,C,v2,True,2019-10-04,1215.0,911
2,xgboost,C,v2,True,2019-10-07,1133.0,1196
2,xgboost,C,v2,True,2019-10-08,883.0,819
2,xgboost,C,v2,True,2019-10-10,862.0,805
2,xgboost,C,v2,True,2019-10-11,566.0,643
2,xgboost,D,v1,True,2019-03-05,940.0,913
2,xgboost,D,v1,True,2019-03-06,1061.0,912
2,xgboost,D,v1,True,2019-03-07,845.0,878
2,xgboost,D,v1,True,2019-03-08,663.0,625
2,xgboost,D,v1,True,2019-03-11,1277.0,1240
2,xgboost,D,v1,True,2019-03-12,956.0,904
2,xgboost,D,v1,True,2019-03-13,953.0,923
2,xgboost,D,v1,True,2019-03-14,791.0,708
2,xgboost,D,v1,True,2019-03-15,630.0,570
2,xgboost,D,v1,True,2019-03-18,1261.0,1182
2,xgboost,D,v1,True,2019-03-19,990.0,871
2,xgboost,D,v1,True,2019-03-20,970.0,835
2,xgboost,D,v1,True,2019-03-21,1214.0,825
2,xgboost,D,v1,True,2019-03-22,567.0,644
2,xgboost,D,v1,True,2019-03-25,1150.0,1093
2,xgboost,D,v1,True,2019-03-26,919.0,852
2,xgboost,D,v1,True,2019-03-27,856.0,828
2,xgboost,D,v1,True,2019-03-28,810.0,802
2,xgboost,D,v1,True,2019-03-29,481.0,577
2,xgboost,D,v1,True,2019-04-01,1029.0,1213
2,xgboost,D,v1,True,2019-04-02,855.0,808
2,xgboost,D,v1,True,2019-04-03,790.0,791
2,xgboost,D,v1,True,2019-04-04,745.0,752
2,xgboost,D,v1,True,2019-04-05,575.0,561
2,xgboost,D,v1,True,2019-04-08,1105.0,1190
2,xgboost,D,v1,True,2019-04-09,876.0,942
2,xgboost,D,v1,True,2019-04-10,789.0,920
2,xgboost,D,v1,True,2019-04-11,845.0,886
2,xgboost,D,v1,True,2019-04-12,553.0,651
2,xgboost,D,v1,True,2019-04-15,1184.0,1269
2,xgboost,D,v1,True,2019-04-16,905.0,897
2,xgboost,D,v1,True,2019-04-17,910.0,868
2,xgboost,D,v1,True,2019-04-18,767.0,798
2,xgboost,D,v1,True,2019-04-19,683.0,647
2,xgboost,D,v1,True,2019-04-22,1094.0,1080
2,xgboost,D,v1,True,2019-04-23,886.0,886
2,xgboost,D,v1,True,2019-04-24,1034.0,851
2,xgboost,D,v1,True,2019-04-25,702.0,821
2,xgboost,D,v1,True,2019-04-26,572.0,630
2,xgboost,D,v1,True,2019-04-29,1207.0,1110
2,xgboost,D,v1,True,2019-04-30,714.0,778
2,xgboost,D,v1,True,2019-05-02,758.0,796
2,xgboost,D,v1,True,2019-05-03,654.0,592
2,xgboost,D,v1,True,2019-05-07,1221.0,871
2,xgboost,D,v1,True,2019-05-08,881.0,800
2,xgboost,D,v1,True,2019-05-09,958.0,808
2,xgboost,D,v1,True,2019-05-10,607.0,597
2,xgboost,D,v1,True,2019-05-13,1111.0,1155
2,xgboost,D,v1,True,2019-05-14,907.0,870
2,xgboost,D,v1,True,2019-05-15,888.0,834
2,xgboost,D,v1,True,2019-05-16,790.0,828
2,xgboost,D,v1,True,2019-05-17,408.0,611
2,xgboost,D,v1,True,2019-05-20,1174.0,1221
2,xgboost,D,v1,True,2019-05-21,844.0,859
2,xgboost,D,v1,True,2019-05-22,831.0,830
2,xgboost,D,v1,True,2019-05-23,658.0,741
2,xgboost,D,v1,True,2019-05-24,508.0,614
2,xgboost,D,v1,True,2019-05-27,1219.0,1270
2,xgboost,D,v1,True,2019-05-28,931.0,1029
2,xgboost,D,v1,True,2019-05-29,896.0,948
2,xgboost,D,v1,True,2019-05-30,836.0,813
2,xgboost,D,v1,True,2019-05-31,640.0,616
2,xgboost,D,v1,True,2019-06-03,1221.0,1265
2,xgboost,D,v1,True,2019-06-04,962.0,1026
2,xgboost,D,v1,True,2019-06-05,761.0,875
2,xgboost,D,v1,True,2019-06-07,389.0,558
2,xgboost,D,v1,True,2019-06-10,1232.0,1240
2,xgboost,D,v1,True,2019-06-11,804.0,999
2,xgboost,D,v1,True,2019-06-12,876.0,907
2,xgboost,D,v1,True,2019-06-13,679.0,909
2,xgboost,D,v1,True,2019-06-14,538.0,663
2,xgboost,D,v1,True,2019-06-17,1099.0,1217
2,xgboost,D,v1,True,2019-06-18,853.0,966
2,xgboost,D,v1,True,2019-06-19,882.0,917
2,xgboost,D,v1,True,2019-06-20,625.0,898
2,xgboost,D,v1,True,2019-06-21,505.0,650
2,xgboost,D,v1,True,2019-06-24,1105.0,1274
2,xgboost,D,v1,True,2019-06-25,775.0,924
2,xgboost,D,v1,True,2019-06-26,946.0,877
2,xgboost,D,v1,True,2019-06-27,808.0,952
2,xgboost,D,v1,True,2019-06-28,535.0,666
2,xgboost,D,v1,True,2019-07-01,1175.0,1218
2,xgboost,D,v1,True,2019-07-02,787.0,1012
2,xgboost,D,v1,True,2019-07-03,910.0,906
2,xgboost,D,v1,True,2019-07-04,699.0,860
2,xgboost,D,v1,True,2019-07-05,546.0,677
2,xgboost,D,v1,True,2019-07-08,985.0,1172
2,xgboost,D,v1,True,2019-07-09,861.0,925
2,xgboost,D,v1,True,2019-07-10,862.0,788
2,xgboost,D,v1,True,2019-07-11,730.0,835
2,xgboost,D,v1,True,2019-07-12,856.0,600
2,xgboost,D,v1,True,2019-07-15,1127.0,1173
2,xgboost,D,v1,True,2019-07-16,952.0,1045
2,xgboost,D,v1,True,2019-07-17,814.0,892
2,xgboost,D,v1,True,2019-07-18,734.0,855
2,xgboost,D,v1,True,2019-07-19,538.0,657
2,xgboost,D,v1,True,2019-07-22,1013.0,1095
2,xgboost,D,v1,True,2019-07-23,855.0,915
2,xgboost,D,v1,True,2019-07-24,744.0,798
2,xgboost,D,v1,True,2019-07-25,668.0,715
2,xgboost,D,v1,True,2019-07-26,462.0,657
2,xgboost,D,v1,True,2019-07-29,898.0,1067
2,xgboost,D,v1,True,2019-07-30,745.0,859
2,xgboost,D,v1,True,2019-07-31,619.0,781
2,xgboost,D,v1,True,2019-08-01,648.0,816
2,xgboost,D,v1,True,2019-08-02,440.0,621
2,xgboost,D,v1,True,2019-08-05,936.0,1049
2,xgboost,D,v1,True,2019-08-06,798.0,933
2,xgboost,D,v1,True,2019-08-07,841.0,905
2,xgboost,D,v1,True,2019-08-08,781.0,765
2,xgboost,D,v1,True,2019-08-09,641.0,652
2,xgboost,D,v1,True,2019-08-12,1073.0,1075
2,xgboost,D,v1,True,2019-08-13,813.0,800
2,xgboost,D,v1,True,2019-08-14,713.0,779
2,xgboost,D,v1,True,2019-08-16,466.0,581
2,xgboost,D,v1,True,2019-08-19,1249.0,1167
2,xgboost,D,v1,True,2019-08-20,955.0,881
2,xgboost,D,v1,True,2019-08-21,923.0,809
2,xgboost,D,v1,True,2019-08-22,880.0,854
2,xgboost,D,v1,True,2019-08-23,599.0,619
2,xgboost,D,v1,True,2019-08-26,1221.0,1236
2,xgboost,D,v1,True,2019-08-27,921.0,895
2,xgboost,D,v1,True,2019-08-28,899.0,816
2,xgboost,D,v1,True,2019-08-29,845.0,845
2,xgboost,D,v1,True,2019-08-30,575.0,637
2,xgboost,D,v1,True,2019-09-02,1363.0,1235
2,xgboost,D,v1,True,2019-09-03,944.0,879
2,xgboost,D,v1,True,2019-09-04,769.0,867
2,xgboost,D,v1,True,2019-09-05,778.0,851
2,xgboost,D,v1,True,2019-09-06,687.0,644
2,xgboost,D,v1,True,2019-09-09,1228.0,1180
2,xgboost,D,v1,True,2019-09-10,812.0,917
2,xgboost,D,v1,True,2019-09-11,916.0,926
2,xgboost,D,v1,True,2019-09-16,1283.0,1166
2,xgboost,D,v1,True,2019-09-17,1010.0,978
2,xgboost,D,v1,True,2019-09-18,1006.0,981
2,xgboost,D,v1,True,2019-09-19,701.0,874
2,xgboost,D,v1,True,2019-09-20,662.0,666
2,xgboost,D,v1,True,2019-09-23,1239.0,1258
2,xgboost,D,v1,True,2019-09-24,899.0,941
2,xgboost,D,v1,True,2019-09-25,803.0,891
2,xgboost,D,v1,True,2019-09-26,620.0,884
2,xgboost,D,v1,True,2019-09-27,722.0,632
2,xgboost,D,v1,True,2019-09-30,1030.0,1016
2,xgboost,D,v1,True,2019-10-02,1241.0,975
2,xgboost,D,v1,True,2019-10-04,1215.0,927
2,xgboost,D,v1,True,2019-10-07,1133.0,1228
2,xgboost,D,v1,True,2019-10-08,883.0,854
2,xgboost,D,v1,True,2019-10-10,862.0,818
2,xgboost,D,v1,True,2019-10-11,566.0,630
2,xgboost,D,v2,True,2019-03-05,940.0,908
2,xgboost,D,v2,True,2019-03-06,1061.0,906
2,xgboost,D,v2,True,2019-03-07,845.0,872
2,xgboost,D,v2,True,2019-03-08,663.0,621
2,xgboost,D,v2,True,2019-03-11,1277.0,1234
2,xgboost,D,v2,True,2019-03-12,956.0,895
2,xgboost,D,v2,True,2019-03-13,953.0,913
2,xgboost,D,v2,True,2019-03-14,791.0,699
2,xgboost,D,v2,True,2019-03-15,630.0,578
2,xgboost,D,v2,True,2019-03-18,1261.0,1166
2,xgboost,D,v2,True,2019-03-19,990.0,868
2,xgboost,D,v2,True,2019-03-20,970.0,831
2,xgboost,D,v2,True,2019-03-21,1214.0,821
2,xgboost,D,v2,True,2019-03-22,567.0,657
2,xgboost,D,v2,True,2019-03-25,1150.0,1092
2,xgboost,D,v2,True,2019-03-26,919.0,860
2,xgboost,D,v2,True,2019-03-27,856.0,826
2,xgboost,D,v2,True,2019-03-28,810.0,810
2,xgboost,D,v2,True,2019-03-29,481.0,584
2,xgboost,D,v2,True,2019-04-01,1029.0,1206
2,xgboost,D,v2,True,2019-04-02,855.0,802
2,xgboost,D,v2,True,2019-04-03,790.0,789
2,xgboost,D,v2,True,2019-04-04,745.0,756
2,xgboost,D,v2,True,2019-04-05,575.0,572
2,xgboost,D,v2,True,2019-04-08,1105.0,1190
2,xgboost,D,v2,True,2019-04-09,876.0,953
2,xgboost,D,v2,True,2019-04-10,789.0,918
2,xgboost,D,v2,True,2019-04-11,845.0,896
2,xgboost,D,v2,True,2019-04-12,553.0,653
2,xgboost,D,v2,True,2019-04-15,1184.0,1268
2,xgboost,D,v2,True,2019-04-16,905.0,892
2,xgboost,D,v2,True,2019-04-17,910.0,866
2,xgboost,D,v2,True,2019-04-18,767.0,812
2,xgboost,D,v2,True,2019-04-19,683.0,648
2,xgboost,D,v2,True,2019-04-22,1094.0,1087
2,xgboost,D,v2,True,2019-04-23,886.0,891
2,xgboost,D,v2,True,2019-04-24,1034.0,857
2,xgboost,D,v2,True,2019-04-25,702.0,820
2,xgboost,D,v2,True,2019-04-26,572.0,611
2,xgboost,D,v2,True,2019-04-29,1207.0,1114
2,xgboost,D,v2,True,2019-04-30,714.0,776
2,xgboost,D,v2,True,2019-05-02,758.0,799
2,xgboost,D,v2,True,2019-05-03,654.0,580
2,xgboost,D,v2,True,2019-05-07,1221.0,877
2,xgboost,D,v2,True,2019-05-08,881.0,810
2,xgboost,D,v2,True,2019-05-09,958.0,826
2,xgboost,D,v2,True,2019-05-10,607.0,600
2,xgboost,D,v2,True,2019-05-13,1111.0,1153
2,xgboost,D,v2,True,2019-05-14,907.0,869
2,xgboost,D,v2,True,2019-05-15,888.0,849
2,xgboost,D,v2,True,2019-05-16,790.0,832
2,xgboost,D,v2,True,2019-05-17,408.0,618
2,xgboost,D,v2,True,2019-05-20,1174.0,1209
2,xgboost,D,v2,True,2019-05-21,844.0,867
2,xgboost,D,v2,True,2019-05-22,831.0,842
2,xgboost,D,v2,True,2019-05-23,658.0,741
2,xgboost,D,v2,True,2019-05-24,508.0,613
2,xgboost,D,v2,True,2019-05-27,1219.0,1261
2,xgboost,D,v2,True,2019-05-28,931.0,1022
2,xgboost,D,v2,True,2019-05-29,896.0,959
2,xgboost,D,v2,True,2019-05-30,836.0,824
2,xgboost,D,v2,True,2019-05-31,640.0,622
2,xgboost,D,v2,True,2019-06-03,1221.0,1258
2,xgboost,D,v2,True,2019-06-04,962.0,1025
2,xgboost,D,v2,True,2019-06-05,761.0,876
2,xgboost,D,v2,True,2019-06-07,389.0,541
2,xgboost,D,v2,True,2019-06-10,1232.0,1233
2,xgboost,D,v2,True,2019-06-11,804.0,990
2,xgboost,D,v2,True,2019-06-12,876.0,907
2,xgboost,D,v2,True,2019-06-13,679.0,911
2,xgboost,D,v2,True,2019-06-14,538.0,670
2,xgboost,D,v2,True,2019-06-17,1099.0,1216
2,xgboost,D,v2,True,2019-06-18,853.0,959
2,xgboost,D,v2,True,2019-06-19,882.0,914
2,xgboost,D,v2,True,2019-06-20,625.0,892
2,xgboost,D,v2,True,2019-06-21,505.0,655
2,xgboost,D,v2,True,2019-06-24,1105.0,1271
2,xgboost,D,v2,True,2019-06-25,775.0,922
2,xgboost,D,v2,True,2019-06-26,946.0,873
2,xgboost,D,v2,True,2019-06-27,808.0,961
2,xgboost,D,v2,True,2019-06-28,535.0,661
2,xgboost,D,v2,True,2019-07-01,1175.0,1219
2,xgboost,D,v2,True,2019-07-02,787.0,1013
2,xgboost,D,v2,True,2019-07-03,910.0,901
2,xgboost,D,v2,True,2019-07-04,699.0,861
2,xgboost,D,v2,True,2019-07-05,546.0,678
2,xgboost,D,v2,True,2019-07-08,985.0,1164
2,xgboost,D,v2,True,2019-07-09,861.0,916
2,xgboost,D,v2,True,2019-07-10,862.0,789
2,xgboost,D,v2,True,2019-07-11,730.0,839
2,xgboost,D,v2,True,2019-07-12,856.0,596
2,xgboost,D,v2,True,2019-07-15,1127.0,1178
2,xgboost,D,v2,True,2019-07-16,952.0,1053
2,xgboost,D,v2,True,2019-07-17,814.0,889
2,xgboost,D,v2,True,2019-07-18,734.0,855
2,xgboost,D,v2,True,2019-07-19,538.0,632
2,xgboost,D,v2,True,2019-07-22,1013.0,1085
2,xgboost,D,v2,True,2019-07-23,855.0,912
2,xgboost,D,v2,True,2019-07-24,744.0,789
2,xgboost,D,v2,True,2019-07-25,668.0,717
2,xgboost,D,v2,True,2019-07-26,462.0,643
2,xgboost,D,v2,True,2019-07-29,898.0,1071
2,xgboost,D,v2,True,2019-07-30,745.0,846
2,xgboost,D,v2,True,2019-07-31,619.0,777
2,xgboost,D,v2,True,2019-08-01,648.0,812
2,xgboost,D,v2,True,2019-08-02,440.0,614
2,xgboost,D,v2,True,2019-08-05,936.0,1048
2,xgboost,D,v2,True,2019-08-06,798.0,928
2,xgboost,D,v2,True,2019-08-07,841.0,892
2,xgboost,D,v2,True,2019-08-08,781.0,769
2,xgboost,D,v2,True,2019-08-09,641.0,640
2,xgboost,D,v2,True,2019-08-12,1073.0,1069
2,xgboost,D,v2,True,2019-08-13,813.0,814
2,xgboost,D,v2,True,2019-08-14,713.0,781
2,xgboost,D,v2,True,2019-08-16,466.0,594
2,xgboost,D,v2,True,2019-08-19,1249.0,1169
2,xgboost,D,v2,True,2019-08-20,955.0,883
2,xgboost,D,v2,True,2019-08-21,923.0,805
2,xgboost,D,v2,True,2019-08-22,880.0,856
2,xgboost,D,v2,True,2019-08-23,599.0,592
2,xgboost,D,v2,True,2019-08-26,1221.0,1223
2,xgboost,D,v2,True,2019-08-27,921.0,904
2,xgboost,D,v2,True,2019-08-28,899.0,814
2,xgboost,D,v2,True,2019-08-29,845.0,838
2,xgboost,D,v2,True,2019-08-30,575.0,621
2,xgboost,D,v2,True,2019-09-02,1363.0,1235
2,xgboost,D,v2,True,2019-09-03,944.0,856
2,xgboost,D,v2,True,2019-09-04,769.0,861
2,xgboost,D,v2,True,2019-09-05,778.0,850
2,xgboost,D,v2,True,2019-09-06,687.0,621
2,xgboost,D,v2,True,2019-09-09,1228.0,1170
2,xgboost,D,v2,True,2019-09-10,812.0,903
2,xgboost,D,v2,True,2019-09-11,916.0,908
2,xgboost,D,v2,True,2019-09-16,1283.0,1184
2,xgboost,D,v2,True,2019-09-17,1010.0,985
2,xgboost,D,v2,True,2019-09-18,1006.0,982
2,xgboost,D,v2,True,2019-09-19,701.0,869
2,xgboost,D,v2,True,2019-09-20,662.0,660
2,xgboost,D,v2,True,2019-09-23,1239.0,1254
2,xgboost,D,v2,True,2019-09-24,899.0,925
2,xgboost,D,v2,True,2019-09-25,803.0,894
2,xgboost,D,v2,True,2019-09-26,620.0,880
2,xgboost,D,v2,True,2019-09-27,722.0,625
2,xgboost,D,v2,True,2019-09-30,1030.0,990
2,xgboost,D,v2,True,2019-10-02,1241.0,952
2,xgboost,D,v2,True,2019-10-04,1215.0,924
2,xgboost,D,v2,True,2019-10-07,1133.0,1225
2,xgboost,D,v2,True,2019-10-08,883.0,830
2,xgboost,D,v2,True,2019-10-10,862.0,817
2,xgboost,D,v2,True,2019-10-11,566.0,611
2,lightgbm,A,v2,False,2019-03-05,940.0,961
2,lightgbm,A,v2,False,2019-03-06,1061.0,920
2,lightgbm,A,v2,False,2019-03-07,845.0,883
2,lightgbm,A,v2,False,2019-03-08,663.0,628
2,lightgbm,A,v2,False,2019-03-11,1277.0,1218
2,lightgbm,A,v2,False,2019-03-12,956.0,928
2,lightgbm,A,v2,False,2019-03-13,953.0,919
2,lightgbm,A,v2,False,2019-03-14,791.0,814
2,lightgbm,A,v2,False,2019-03-15,630.0,566
2,lightgbm,A,v2,False,2019-03-18,1261.0,1099
2,lightgbm,A,v2,False,2019-03-19,990.0,917
2,lightgbm,A,v2,False,2019-03-20,970.0,871
2,lightgbm,A,v2,False,2019-03-21,1214.0,871
2,lightgbm,A,v2,False,2019-03-22,567.0,603
2,lightgbm,A,v2,False,2019-03-25,1150.0,1022
2,lightgbm,A,v2,False,2019-03-26,919.0,901
2,lightgbm,A,v2,False,2019-03-27,856.0,873
2,lightgbm,A,v2,False,2019-03-28,810.0,797
2,lightgbm,A,v2,False,2019-03-29,481.0,555
2,lightgbm,A,v2,False,2019-04-01,1029.0,1321
2,lightgbm,A,v2,False,2019-04-02,855.0,866
2,lightgbm,A,v2,False,2019-04-03,790.0,831
2,lightgbm,A,v2,False,2019-04-04,745.0,816
2,lightgbm,A,v2,False,2019-04-05,575.0,557
2,lightgbm,A,v2,False,2019-04-08,1105.0,1125
2,lightgbm,A,v2,False,2019-04-09,876.0,978
2,lightgbm,A,v2,False,2019-04-10,789.0,957
2,lightgbm,A,v2,False,2019-04-11,845.0,985
2,lightgbm,A,v2,False,2019-04-12,553.0,637
2,lightgbm,A,v2,False,2019-04-15,1184.0,1254
2,lightgbm,A,v2,False,2019-04-16,905.0,1009
2,lightgbm,A,v2,False,2019-04-17,910.0,874
2,lightgbm,A,v2,False,2019-04-18,767.0,802
2,lightgbm,A,v2,False,2019-04-19,683.0,600
2,lightgbm,A,v2,False,2019-04-22,1094.0,885
2,lightgbm,A,v2,False,2019-04-23,886.0,864
2,lightgbm,A,v2,False,2019-04-24,1034.0,872
2,lightgbm,A,v2,False,2019-04-25,702.0,786
2,lightgbm,A,v2,False,2019-04-26,572.0,609
2,lightgbm,A,v2,False,2019-04-29,1207.0,819
2,lightgbm,A,v2,False,2019-04-30,714.0,586
2,lightgbm,A,v2,False,2019-05-02,758.0,580
2,lightgbm,A,v2,False,2019-05-03,654.0,571
2,lightgbm,A,v2,False,2019-05-07,1221.0,753
2,lightgbm,A,v2,False,2019-05-08,881.0,795
2,lightgbm,A,v2,False,2019-05-09,958.0,777
2,lightgbm,A,v2,False,2019-05-10,607.0,562
2,lightgbm,A,v2,False,2019-05-13,1111.0,1093
2,lightgbm,A,v2,False,2019-05-14,907.0,866
2,lightgbm,A,v2,False,2019-05-15,888.0,807
2,lightgbm,A,v2,False,2019-05-16,790.0,807
2,lightgbm,A,v2,False,2019-05-17,408.0,600
2,lightgbm,A,v2,False,2019-05-20,1174.0,1137
2,lightgbm,A,v2,False,2019-05-21,844.0,818
2,lightgbm,A,v2,False,2019-05-22,831.0,864
2,lightgbm,A,v2,False,2019-05-23,658.0,819
2,lightgbm,A,v2,False,2019-05-24,508.0,558
2,lightgbm,A,v2,False,2019-05-27,1219.0,1234
2,lightgbm,A,v2,False,2019-05-28,931.0,1032
2,lightgbm,A,v2,False,2019-05-29,896.0,1004
2,lightgbm,A,v2,False,2019-05-30,836.0,858
2,lightgbm,A,v2,False,2019-05-31,640.0,592
2,lightgbm,A,v2,False,2019-06-03,1221.0,1175
2,lightgbm,A,v2,False,2019-06-04,962.0,955
2,lightgbm,A,v2,False,2019-06-05,761.0,1063
2,lightgbm,A,v2,False,2019-06-07,389.0,659
2,lightgbm,A,v2,False,2019-06-10,1232.0,1072
2,lightgbm,A,v2,False,2019-06-11,804.0,915
2,lightgbm,A,v2,False,2019-06-12,876.0,852
2,lightgbm,A,v2,False,2019-06-13,679.0,840
2,lightgbm,A,v2,False,2019-06-14,538.0,629
2,lightgbm,A,v2,False,2019-06-17,1099.0,1058
2,lightgbm,A,v2,False,2019-06-18,853.0,938
2,lightgbm,A,v2,False,2019-06-19,882.0,946
2,lightgbm,A,v2,False,2019-06-20,625.0,819
2,lightgbm,A,v2,False,2019-06-21,505.0,636
2,lightgbm,A,v2,False,2019-06-24,1105.0,1288
2,lightgbm,A,v2,False,2019-06-25,775.0,945
2,lightgbm,A,v2,False,2019-06-26,946.0,832
2,lightgbm,A,v2,False,2019-06-27,808.0,836
2,lightgbm,A,v2,False,2019-06-28,535.0,638
2,lightgbm,A,v2,False,2019-07-01,1175.0,1233
2,lightgbm,A,v2,False,2019-07-02,787.0,1062
2,lightgbm,A,v2,False,2019-07-03,910.0,952
2,lightgbm,A,v2,False,2019-07-04,699.0,805
2,lightgbm,A,v2,False,2019-07-05,546.0,650
2,lightgbm,A,v2,False,2019-07-08,985.0,772
2,lightgbm,A,v2,False,2019-07-09,861.0,880
2,lightgbm,A,v2,False,2019-07-10,862.0,697
2,lightgbm,A,v2,False,2019-07-11,730.0,808
2,lightgbm,A,v2,False,2019-07-12,856.0,596
2,lightgbm,A,v2,False,2019-07-15,1127.0,1180
2,lightgbm,A,v2,False,2019-07-16,952.0,1178
2,lightgbm,A,v2,False,2019-07-17,814.0,967
2,lightgbm,A,v2,False,2019-07-18,734.0,894
2,lightgbm,A,v2,False,2019-07-19,538.0,621
2,lightgbm,A,v2,False,2019-07-22,1013.0,1110
2,lightgbm,A,v2,False,2019-07-23,855.0,955
2,lightgbm,A,v2,False,2019-07-24,744.0,843
2,lightgbm,A,v2,False,2019-07-25,668.0,667
2,lightgbm,A,v2,False,2019-07-26,462.0,619
2,lightgbm,A,v2,False,2019-07-29,898.0,813
2,lightgbm,A,v2,False,2019-07-30,745.0,848
2,lightgbm,A,v2,False,2019-07-31,619.0,703
2,lightgbm,A,v2,False,2019-08-01,648.0,709
2,lightgbm,A,v2,False,2019-08-02,440.0,708
2,lightgbm,A,v2,False,2019-08-05,936.0,870
2,lightgbm,A,v2,False,2019-08-06,798.0,919
2,lightgbm,A,v2,False,2019-08-07,841.0,846
2,lightgbm,A,v2,False,2019-08-08,781.0,633
2,lightgbm,A,v2,False,2019-08-09,641.0,636
2,lightgbm,A,v2,False,2019-08-12,1073.0,873
2,lightgbm,A,v2,False,2019-08-13,813.0,576
2,lightgbm,A,v2,False,2019-08-14,713.0,721
2,lightgbm,A,v2,False,2019-08-16,466.0,707
2,lightgbm,A,v2,False,2019-08-19,1249.0,991
2,lightgbm,A,v2,False,2019-08-20,955.0,667
2,lightgbm,A,v2,False,2019-08-21,923.0,680
2,lightgbm,A,v2,False,2019-08-22,880.0,669
2,lightgbm,A,v2,False,2019-08-23,599.0,619
2,lightgbm,A,v2,False,2019-08-26,1221.0,932
2,lightgbm,A,v2,False,2019-08-27,921.0,758
2,lightgbm,A,v2,False,2019-08-28,899.0,728
2,lightgbm,A,v2,False,2019-08-29,845.0,719
2,lightgbm,A,v2,False,2019-08-30,575.0,613
2,lightgbm,A,v2,False,2019-09-02,1363.0,1147
2,lightgbm,A,v2,False,2019-09-03,944.0,842
2,lightgbm,A,v2,False,2019-09-04,769.0,798
2,lightgbm,A,v2,False,2019-09-05,778.0,751
2,lightgbm,A,v2,False,2019-09-06,687.0,624
2,lightgbm,A,v2,False,2019-09-09,1228.0,1017
2,lightgbm,A,v2,False,2019-09-10,812.0,920
2,lightgbm,A,v2,False,2019-09-11,916.0,1000
2,lightgbm,A,v2,False,2019-09-16,1283.0,1090
2,lightgbm,A,v2,False,2019-09-17,1010.0,826
2,lightgbm,A,v2,False,2019-09-18,1006.0,854
2,lightgbm,A,v2,False,2019-09-19,701.0,795
2,lightgbm,A,v2,False,2019-09-20,662.0,597
2,lightgbm,A,v2,False,2019-09-23,1239.0,1076
2,lightgbm,A,v2,False,2019-09-24,899.0,824
2,lightgbm,A,v2,False,2019-09-25,803.0,816
2,lightgbm,A,v2,False,2019-09-26,620.0,800
2,lightgbm,A,v2,False,2019-09-27,722.0,593
2,lightgbm,A,v2,False,2019-09-30,1030.0,799
2,lightgbm,A,v2,False,2019-10-02,1241.0,953
2,lightgbm,A,v2,False,2019-10-04,1215.0,874
2,lightgbm,A,v2,False,2019-10-07,1133.0,995
2,lightgbm,A,v2,False,2019-10-08,883.0,672
2,lightgbm,A,v2,False,2019-10-10,862.0,582
2,lightgbm,A,v2,False,2019-10-11,566.0,595
2,lightgbm,B,v2,False,2019-03-05,940.0,934
2,lightgbm,B,v2,False,2019-03-06,1061.0,939
2,lightgbm,B,v2,False,2019-03-07,845.0,862
2,lightgbm,B,v2,False,2019-03-08,663.0,575
2,lightgbm,B,v2,False,2019-03-11,1277.0,1228
2,lightgbm,B,v2,False,2019-03-12,956.0,911
2,lightgbm,B,v2,False,2019-03-13,953.0,891
2,lightgbm,B,v2,False,2019-03-14,791.0,797
2,lightgbm,B,v2,False,2019-03-15,630.0,555
2,lightgbm,B,v2,False,2019-03-18,1261.0,1160
2,lightgbm,B,v2,False,2019-03-19,990.0,880
2,lightgbm,B,v2,False,2019-03-20,970.0,843
2,lightgbm,B,v2,False,2019-03-21,1214.0,820
2,lightgbm,B,v2,False,2019-03-22,567.0,587
2,lightgbm,B,v2,False,2019-03-25,1150.0,1136
2,lightgbm,B,v2,False,2019-03-26,919.0,854
2,lightgbm,B,v2,False,2019-03-27,856.0,809
2,lightgbm,B,v2,False,2019-03-28,810.0,796
2,lightgbm,B,v2,False,2019-03-29,481.0,564
2,lightgbm,B,v2,False,2019-04-01,1029.0,1248
2,lightgbm,B,v2,False,2019-04-02,855.0,847
2,lightgbm,B,v2,False,2019-04-03,790.0,828
2,lightgbm,B,v2,False,2019-04-04,745.0,797
2,lightgbm,B,v2,False,2019-04-05,575.0,541
2,lightgbm,B,v2,False,2019-04-08,1105.0,1157
2,lightgbm,B,v2,False,2019-04-09,876.0,922
2,lightgbm,B,v2,False,2019-04-10,789.0,886
2,lightgbm,B,v2,False,2019-04-11,845.0,906
2,lightgbm,B,v2,False,2019-04-12,553.0,605
2,lightgbm,B,v2,False,2019-04-15,1184.0,1291
2,lightgbm,B,v2,False,2019-04-16,905.0,951
2,lightgbm,B,v2,False,2019-04-17,910.0,871
2,lightgbm,B,v2,False,2019-04-18,767.0,801
2,lightgbm,B,v2,False,2019-04-19,683.0,594
2,lightgbm,B,v2,False,2019-04-22,1094.0,1092
2,lightgbm,B,v2,False,2019-04-23,886.0,842
2,lightgbm,B,v2,False,2019-04-24,1034.0,854
2,lightgbm,B,v2,False,2019-04-25,702.0,784
2,lightgbm,B,v2,False,2019-04-26,572.0,629
2,lightgbm,B,v2,False,2019-04-29,1207.0,1087
2,lightgbm,B,v2,False,2019-04-30,714.0,706
2,lightgbm,B,v2,False,2019-05-02,758.0,676
2,lightgbm,B,v2,False,2019-05-03,654.0,563
2,lightgbm,B,v2,False,2019-05-07,1221.0,773
2,lightgbm,B,v2,False,2019-05-08,881.0,805
2,lightgbm,B,v2,False,2019-05-09,958.0,753
2,lightgbm,B,v2,False,2019-05-10,607.0,555
2,lightgbm,B,v2,False,2019-05-13,1111.0,1138
2,lightgbm,B,v2,False,2019-05-14,907.0,841
2,lightgbm,B,v2,False,2019-05-15,888.0,818
2,lightgbm,B,v2,False,2019-05-16,790.0,803
2,lightgbm,B,v2,False,2019-05-17,408.0,594
2,lightgbm,B,v2,False,2019-05-20,1174.0,1166
2,lightgbm,B,v2,False,2019-05-21,844.0,808
2,lightgbm,B,v2,False,2019-05-22,831.0,842
2,lightgbm,B,v2,False,2019-05-23,658.0,797
2,lightgbm,B,v2,False,2019-05-24,508.0,546
2,lightgbm,B,v2,False,2019-05-27,1219.0,1230
2,lightgbm,B,v2,False,2019-05-28,931.0,963
2,lightgbm,B,v2,False,2019-05-29,896.0,962
2,lightgbm,B,v2,False,2019-05-30,836.0,826
2,lightgbm,B,v2,False,2019-05-31,640.0,586
2,lightgbm,B,v2,False,2019-06-03,1221.0,1188
2,lightgbm,B,v2,False,2019-06-04,962.0,952
2,lightgbm,B,v2,False,2019-06-05,761.0,928
2,lightgbm,B,v2,False,2019-06-07,389.0,555
2,lightgbm,B,v2,False,2019-06-10,1232.0,1178
2,lightgbm,B,v2,False,2019-06-11,804.0,916
2,lightgbm,B,v2,False,2019-06-12,876.0,852
2,lightgbm,B,v2,False,2019-06-13,679.0,815
2,lightgbm,B,v2,False,2019-06-14,538.0,618
2,lightgbm,B,v2,False,2019-06-17,1099.0,1146
2,lightgbm,B,v2,False,2019-06-18,853.0,925
2,lightgbm,B,v2,False,2019-06-19,882.0,932
2,lightgbm,B,v2,False,2019-06-20,625.0,789
2,lightgbm,B,v2,False,2019-06-21,505.0,625
2,lightgbm,B,v2,False,2019-06-24,1105.0,1217
2,lightgbm,B,v2,False,2019-06-25,775.0,935
2,lightgbm,B,v2,False,2019-06-26,946.0,849
2,lightgbm,B,v2,False,2019-06-27,808.0,834
2,lightgbm,B,v2,False,2019-06-28,535.0,641
2,lightgbm,B,v2,False,2019-07-01,1175.0,1230
2,lightgbm,B,v2,False,2019-07-02,787.0,981
2,lightgbm,B,v2,False,2019-07-03,910.0,933
2,lightgbm,B,v2,False,2019-07-04,699.0,792
2,lightgbm,B,v2,False,2019-07-05,546.0,656
2,lightgbm,B,v2,False,2019-07-08,985.0,1123
2,lightgbm,B,v2,False,2019-07-09,861.0,904
2,lightgbm,B,v2,False,2019-07-10,862.0,779
2,lightgbm,B,v2,False,2019-07-11,730.0,785
2,lightgbm,B,v2,False,2019-07-12,856.0,597
2,lightgbm,B,v2,False,2019-07-15,1127.0,1224
2,lightgbm,B,v2,False,2019-07-16,952.0,1002
2,lightgbm,B,v2,False,2019-07-17,814.0,925
2,lightgbm,B,v2,False,2019-07-18,734.0,867
2,lightgbm,B,v2,False,2019-07-19,538.0,619
2,lightgbm,B,v2,False,2019-07-22,1013.0,1134
2,lightgbm,B,v2,False,2019-07-23,855.0,890
2,lightgbm,B,v2,False,2019-07-24,744.0,843
2,lightgbm,B,v2,False,2019-07-25,668.0,704
2,lightgbm,B,v2,False,2019-07-26,462.0,623
2,lightgbm,B,v2,False,2019-07-29,898.0,872
2,lightgbm,B,v2,False,2019-07-30,745.0,823
2,lightgbm,B,v2,False,2019-07-31,619.0,759
2,lightgbm,B,v2,False,2019-08-01,648.0,666
2,lightgbm,B,v2,False,2019-08-02,440.0,611
2,lightgbm,B,v2,False,2019-08-05,936.0,941
2,lightgbm,B,v2,False,2019-08-06,798.0,847
2,lightgbm,B,v2,False,2019-08-07,841.0,842
2,lightgbm,B,v2,False,2019-08-08,781.0,692
2,lightgbm,B,v2,False,2019-08-09,641.0,623
2,lightgbm,B,v2,False,2019-08-12,1073.0,978
2,lightgbm,B,v2,False,2019-08-13,813.0,730
2,lightgbm,B,v2,False,2019-08-14,713.0,740
2,lightgbm,B,v2,False,2019-08-16,466.0,590
2,lightgbm,B,v2,False,2019-08-19,1249.0,997
2,lightgbm,B,v2,False,2019-08-20,955.0,793
2,lightgbm,B,v2,False,2019-08-21,923.0,799
2,lightgbm,B,v2,False,2019-08-22,880.0,755
2,lightgbm,B,v2,False,2019-08-23,599.0,606
2,lightgbm,B,v2,False,2019-08-26,1221.0,1159
2,lightgbm,B,v2,False,2019-08-27,921.0,836
2,lightgbm,B,v2,False,2019-08-28,899.0,830
2,lightgbm,B,v2,False,2019-08-29,845.0,779
2,lightgbm,B,v2,False,2019-08-30,575.0,605
2,lightgbm,B,v2,False,2019-09-02,1363.0,1214
2,lightgbm,B,v2,False,2019-09-03,944.0,867
2,lightgbm,B,v2,False,2019-09-04,769.0,849
2,lightgbm,B,v2,False,2019-09-05,778.0,780
2,lightgbm,B,v2,False,2019-09-06,687.0,630
2,lightgbm,B,v2,False,2019-09-09,1228.0,1210
2,lightgbm,B,v2,False,2019-09-10,812.0,937
2,lightgbm,B,v2,False,2019-09-11,916.0,920
2,lightgbm,B,v2,False,2019-09-16,1283.0,1075
2,lightgbm,B,v2,False,2019-09-17,1010.0,903
2,lightgbm,B,v2,False,2019-09-18,1006.0,902
2,lightgbm,B,v2,False,2019-09-19,701.0,827
2,lightgbm,B,v2,False,2019-09-20,662.0,624
2,lightgbm,B,v2,False,2019-09-23,1239.0,1199
2,lightgbm,B,v2,False,2019-09-24,899.0,873
2,lightgbm,B,v2,False,2019-09-25,803.0,847
2,lightgbm,B,v2,False,2019-09-26,620.0,830
2,lightgbm,B,v2,False,2019-09-27,722.0,625
2,lightgbm,B,v2,False,2019-09-30,1030.0,946
2,lightgbm,B,v2,False,2019-10-02,1241.0,904
2,lightgbm,B,v2,False,2019-10-04,1215.0,771
2,lightgbm,B,v2,False,2019-10-07,1133.0,997
2,lightgbm,B,v2,False,2019-10-08,883.0,794
2,lightgbm,B,v2,False,2019-10-10,862.0,711
2,lightgbm,B,v2,False,2019-10-11,566.0,621
2,lightgbm,C,v1,False,2019-03-05,940.0,911
2,lightgbm,C,v1,False,2019-03-06,1061.0,932
2,lightgbm,C,v1,False,2019-03-07,845.0,848
2,lightgbm,C,v1,False,2019-03-08,663.0,580
2,lightgbm,C,v1,False,2019-03-11,1277.0,1213
2,lightgbm,C,v1,False,2019-03-12,956.0,897
2,lightgbm,C,v1,False,2019-03-13,953.0,906
2,lightgbm,C,v1,False,2019-03-14,791.0,757
2,lightgbm,C,v1,False,2019-03-15,630.0,570
2,lightgbm,C,v1,False,2019-03-18,1261.0,1157
2,lightgbm,C,v1,False,2019-03-19,990.0,886
2,lightgbm,C,v1,False,2019-03-20,970.0,856
2,lightgbm,C,v1,False,2019-03-21,1214.0,820
2,lightgbm,C,v1,False,2019-03-22,567.0,604
2,lightgbm,C,v1,False,2019-03-25,1150.0,1127
2,lightgbm,C,v1,False,2019-03-26,919.0,850
2,lightgbm,C,v1,False,2019-03-27,856.0,804
2,lightgbm,C,v1,False,2019-03-28,810.0,792
2,lightgbm,C,v1,False,2019-03-29,481.0,562
2,lightgbm,C,v1,False,2019-04-01,1029.0,1245
2,lightgbm,C,v1,False,2019-04-02,855.0,862
2,lightgbm,C,v1,False,2019-04-03,790.0,810
2,lightgbm,C,v1,False,2019-04-04,745.0,800
2,lightgbm,C,v1,False,2019-04-05,575.0,537
2,lightgbm,C,v1,False,2019-04-08,1105.0,1163
2,lightgbm,C,v1,False,2019-04-09,876.0,926
2,lightgbm,C,v1,False,2019-04-10,789.0,911
2,lightgbm,C,v1,False,2019-04-11,845.0,897
2,lightgbm,C,v1,False,2019-04-12,553.0,627
2,lightgbm,C,v1,False,2019-04-15,1184.0,1293
2,lightgbm,C,v1,False,2019-04-16,905.0,945
2,lightgbm,C,v1,False,2019-04-17,910.0,862
2,lightgbm,C,v1,False,2019-04-18,767.0,792
2,lightgbm,C,v1,False,2019-04-19,683.0,616
2,lightgbm,C,v1,False,2019-04-22,1094.0,1093
2,lightgbm,C,v1,False,2019-04-23,886.0,847
2,lightgbm,C,v1,False,2019-04-24,1034.0,849
2,lightgbm,C,v1,False,2019-04-25,702.0,785
2,lightgbm,C,v1,False,2019-04-26,572.0,633
2,lightgbm,C,v1,False,2019-04-29,1207.0,1100
2,lightgbm,C,v1,False,2019-04-30,714.0,721
2,lightgbm,C,v1,False,2019-05-02,758.0,680
2,lightgbm,C,v1,False,2019-05-03,654.0,571
2,lightgbm,C,v1,False,2019-05-07,1221.0,768
2,lightgbm,C,v1,False,2019-05-08,881.0,802
2,lightgbm,C,v1,False,2019-05-09,958.0,761
2,lightgbm,C,v1,False,2019-05-10,607.0,554
2,lightgbm,C,v1,False,2019-05-13,1111.0,1131
2,lightgbm,C,v1,False,2019-05-14,907.0,838
2,lightgbm,C,v1,False,2019-05-15,888.0,829
2,lightgbm,C,v1,False,2019-05-16,790.0,794
2,lightgbm,C,v1,False,2019-05-17,408.0,586
2,lightgbm,C,v1,False,2019-05-20,1174.0,1164
2,lightgbm,C,v1,False,2019-05-21,844.0,814
2,lightgbm,C,v1,False,2019-05-22,831.0,845
2,lightgbm,C,v1,False,2019-05-23,658.0,775
2,lightgbm,C,v1,False,2019-05-24,508.0,579
2,lightgbm,C,v1,False,2019-05-27,1219.0,1227
2,lightgbm,C,v1,False,2019-05-28,931.0,953
2,lightgbm,C,v1,False,2019-05-29,896.0,955
2,lightgbm,C,v1,False,2019-05-30,836.0,825
2,lightgbm,C,v1,False,2019-05-31,640.0,607
2,lightgbm,C,v1,False,2019-06-03,1221.0,1184
2,lightgbm,C,v1,False,2019-06-04,962.0,983
2,lightgbm,C,v1,False,2019-06-05,761.0,920
2,lightgbm,C,v1,False,2019-06-07,389.0,560
2,lightgbm,C,v1,False,2019-06-10,1232.0,1169
2,lightgbm,C,v1,False,2019-06-11,804.0,923
2,lightgbm,C,v1,False,2019-06-12,876.0,880
2,lightgbm,C,v1,False,2019-06-13,679.0,826
2,lightgbm,C,v1,False,2019-06-14,538.0,632
2,lightgbm,C,v1,False,2019-06-17,1099.0,1161
2,lightgbm,C,v1,False,2019-06-18,853.0,940
2,lightgbm,C,v1,False,2019-06-19,882.0,939
2,lightgbm,C,v1,False,2019-06-20,625.0,797
2,lightgbm,C,v1,False,2019-06-21,505.0,656
2,lightgbm,C,v1,False,2019-06-24,1105.0,1236
2,lightgbm,C,v1,False,2019-06-25,775.0,905
2,lightgbm,C,v1,False,2019-06-26,946.0,847
2,lightgbm,C,v1,False,2019-06-27,808.0,836
2,lightgbm,C,v1,False,2019-06-28,535.0,658
2,lightgbm,C,v1,False,2019-07-01,1175.0,1227
2,lightgbm,C,v1,False,2019-07-02,787.0,997
2,lightgbm,C,v1,False,2019-07-03,910.0,929
2,lightgbm,C,v1,False,2019-07-04,699.0,777
2,lightgbm,C,v1,False,2019-07-05,546.0,678
2,lightgbm,C,v1,False,2019-07-08,985.0,1129
2,lightgbm,C,v1,False,2019-07-09,861.0,907
2,lightgbm,C,v1,False,2019-07-10,862.0,812
2,lightgbm,C,v1,False,2019-07-11,730.0,790
2,lightgbm,C,v1,False,2019-07-12,856.0,578
2,lightgbm,C,v1,False,2019-07-15,1127.0,1213
2,lightgbm,C,v1,False,2019-07-16,952.0,1028
2,lightgbm,C,v1,False,2019-07-17,814.0,942
2,lightgbm,C,v1,False,2019-07-18,734.0,848
2,lightgbm,C,v1,False,2019-07-19,538.0,621
2,lightgbm,C,v1,False,2019-07-22,1013.0,1128
2,lightgbm,C,v1,False,2019-07-23,855.0,903
2,lightgbm,C,v1,False,2019-07-24,744.0,841
2,lightgbm,C,v1,False,2019-07-25,668.0,714
2,lightgbm,C,v1,False,2019-07-26,462.0,633
2,lightgbm,C,v1,False,2019-07-29,898.0,883
2,lightgbm,C,v1,False,2019-07-30,745.0,809
2,lightgbm,C,v1,False,2019-07-31,619.0,750
2,lightgbm,C,v1,False,2019-08-01,648.0,671
2,lightgbm,C,v1,False,2019-08-02,440.0,607
2,lightgbm,C,v1,False,2019-08-05,936.0,942
2,lightgbm,C,v1,False,2019-08-06,798.0,831
2,lightgbm,C,v1,False,2019-08-07,841.0,842
2,lightgbm,C,v1,False,2019-08-08,781.0,708
2,lightgbm,C,v1,False,2019-08-09,641.0,623
2,lightgbm,C,v1,False,2019-08-12,1073.0,980
2,lightgbm,C,v1,False,2019-08-13,813.0,738
2,lightgbm,C,v1,False,2019-08-14,713.0,742
2,lightgbm,C,v1,False,2019-08-16,466.0,588
2,lightgbm,C,v1,False,2019-08-19,1249.0,1000
2,lightgbm,C,v1,False,2019-08-20,955.0,797
2,lightgbm,C,v1,False,2019-08-21,923.0,798
2,lightgbm,C,v1,False,2019-08-22,880.0,756
2,lightgbm,C,v1,False,2019-08-23,599.0,603
2,lightgbm,C,v1,False,2019-08-26,1221.0,1182
2,lightgbm,C,v1,False,2019-08-27,921.0,816
2,lightgbm,C,v1,False,2019-08-28,899.0,817
2,lightgbm,C,v1,False,2019-08-29,845.0,780
2,lightgbm,C,v1,False,2019-08-30,575.0,600
2,lightgbm,C,v1,False,2019-09-02,1363.0,1213
2,lightgbm,C,v1,False,2019-09-03,944.0,854
2,lightgbm,C,v1,False,2019-09-04,769.0,847
2,lightgbm,C,v1,False,2019-09-05,778.0,782
2,lightgbm,C,v1,False,2019-09-06,687.0,637
2,lightgbm,C,v1,False,2019-09-09,1228.0,1191
2,lightgbm,C,v1,False,2019-09-10,812.0,936
2,lightgbm,C,v1,False,2019-09-11,916.0,928
2,lightgbm,C,v1,False,2019-09-16,1283.0,1073
2,lightgbm,C,v1,False,2019-09-17,1010.0,907
2,lightgbm,C,v1,False,2019-09-18,1006.0,894
2,lightgbm,C,v1,False,2019-09-19,701.0,828
2,lightgbm,C,v1,False,2019-09-20,662.0,631
2,lightgbm,C,v1,False,2019-09-23,1239.0,1199
2,lightgbm,C,v1,False,2019-09-24,899.0,874
2,lightgbm,C,v1,False,2019-09-25,803.0,853
2,lightgbm,C,v1,False,2019-09-26,620.0,829
2,lightgbm,C,v1,False,2019-09-27,722.0,626
2,lightgbm,C,v1,False,2019-09-30,1030.0,943
2,lightgbm,C,v1,False,2019-10-02,1241.0,902
2,lightgbm,C,v1,False,2019-10-04,1215.0,777
2,lightgbm,C,v1,False,2019-10-07,1133.0,996
2,lightgbm,C,v1,False,2019-10-08,883.0,791
2,lightgbm,C,v1,False,2019-10-10,862.0,714
2,lightgbm,C,v1,False,2019-10-11,566.0,619
2,lightgbm,C,v2,False,2019-03-05,940.0,902
2,lightgbm,C,v2,False,2019-03-06,1061.0,940
2,lightgbm,C,v2,False,2019-03-07,845.0,850
2,lightgbm,C,v2,False,2019-03-08,663.0,580
2,lightgbm,C,v2,False,2019-03-11,1277.0,1205
2,lightgbm,C,v2,False,2019-03-12,956.0,910
2,lightgbm,C,v2,False,2019-03-13,953.0,911
2,lightgbm,C,v2,False,2019-03-14,791.0,773
2,lightgbm,C,v2,False,2019-03-15,630.0,562
2,lightgbm,C,v2,False,2019-03-18,1261.0,1160
2,lightgbm,C,v2,False,2019-03-19,990.0,880
2,lightgbm,C,v2,False,2019-03-20,970.0,854
2,lightgbm,C,v2,False,2019-03-21,1214.0,822
2,lightgbm,C,v2,False,2019-03-22,567.0,596
2,lightgbm,C,v2,False,2019-03-25,1150.0,1150
2,lightgbm,C,v2,False,2019-03-26,919.0,859
2,lightgbm,C,v2,False,2019-03-27,856.0,802
2,lightgbm,C,v2,False,2019-03-28,810.0,791
2,lightgbm,C,v2,False,2019-03-29,481.0,560
2,lightgbm,C,v2,False,2019-04-01,1029.0,1242
2,lightgbm,C,v2,False,2019-04-02,855.0,855
2,lightgbm,C,v2,False,2019-04-03,790.0,811
2,lightgbm,C,v2,False,2019-04-04,745.0,809
2,lightgbm,C,v2,False,2019-04-05,575.0,541
2,lightgbm,C,v2,False,2019-04-08,1105.0,1146
2,lightgbm,C,v2,False,2019-04-09,876.0,917
2,lightgbm,C,v2,False,2019-04-10,789.0,911
2,lightgbm,C,v2,False,2019-04-11,845.0,904
2,lightgbm,C,v2,False,2019-04-12,553.0,620
2,lightgbm,C,v2,False,2019-04-15,1184.0,1296
2,lightgbm,C,v2,False,2019-04-16,905.0,958
2,lightgbm,C,v2,False,2019-04-17,910.0,857
2,lightgbm,C,v2,False,2019-04-18,767.0,793
2,lightgbm,C,v2,False,2019-04-19,683.0,625
2,lightgbm,C,v2,False,2019-04-22,1094.0,1102
2,lightgbm,C,v2,False,2019-04-23,886.0,850
2,lightgbm,C,v2,False,2019-04-24,1034.0,854
2,lightgbm,C,v2,False,2019-04-25,702.0,784
2,lightgbm,C,v2,False,2019-04-26,572.0,622
2,lightgbm,C,v2,False,2019-04-29,1207.0,1101
2,lightgbm,C,v2,False,2019-04-30,714.0,722
2,lightgbm,C,v2,False,2019-05-02,758.0,679
2,lightgbm,C,v2,False,2019-05-03,654.0,566
2,lightgbm,C,v2,False,2019-05-07,1221.0,778
2,lightgbm,C,v2,False,2019-05-08,881.0,798
2,lightgbm,C,v2,False,2019-05-09,958.0,758
2,lightgbm,C,v2,False,2019-05-10,607.0,546
2,lightgbm,C,v2,False,2019-05-13,1111.0,1148
2,lightgbm,C,v2,False,2019-05-14,907.0,834
2,lightgbm,C,v2,False,2019-05-15,888.0,830
2,lightgbm,C,v2,False,2019-05-16,790.0,792
2,lightgbm,C,v2,False,2019-05-17,408.0,586
2,lightgbm,C,v2,False,2019-05-20,1174.0,1152
2,lightgbm,C,v2,False,2019-05-21,844.0,811
2,lightgbm,C,v2,False,2019-05-22,831.0,849
2,lightgbm,C,v2,False,2019-05-23,658.0,781
2,lightgbm,C,v2,False,2019-05-24,508.0,584
2,lightgbm,C,v2,False,2019-05-27,1219.0,1221
2,lightgbm,C,v2,False,2019-05-28,931.0,961
2,lightgbm,C,v2,False,2019-05-29,896.0,966
2,lightgbm,C,v2,False,2019-05-30,836.0,832
2,lightgbm,C,v2,False,2019-05-31,640.0,604
2,lightgbm,C,v2,False,2019-06-03,1221.0,1170
2,lightgbm,C,v2,False,2019-06-04,962.0,986
2,lightgbm,C,v2,False,2019-06-05,761.0,924
2,lightgbm,C,v2,False,2019-06-07,389.0,568
2,lightgbm,C,v2,False,2019-06-10,1232.0,1183
2,lightgbm,C,v2,False,2019-06-11,804.0,911
2,lightgbm,C,v2,False,2019-06-12,876.0,892
2,lightgbm,C,v2,False,2019-06-13,679.0,830
2,lightgbm,C,v2,False,2019-06-14,538.0,640
2,lightgbm,C,v2,False,2019-06-17,1099.0,1164
2,lightgbm,C,v2,False,2019-06-18,853.0,937
2,lightgbm,C,v2,False,2019-06-19,882.0,936
2,lightgbm,C,v2,False,2019-06-20,625.0,801
2,lightgbm,C,v2,False,2019-06-21,505.0,655
2,lightgbm,C,v2,False,2019-06-24,1105.0,1237
2,lightgbm,C,v2,False,2019-06-25,775.0,893
2,lightgbm,C,v2,False,2019-06-26,946.0,851
2,lightgbm,C,v2,False,2019-06-27,808.0,839
2,lightgbm,C,v2,False,2019-06-28,535.0,656
2,lightgbm,C,v2,False,2019-07-01,1175.0,1233
2,lightgbm,C,v2,False,2019-07-02,787.0,1012
2,lightgbm,C,v2,False,2019-07-03,910.0,921
2,lightgbm,C,v2,False,2019-07-04,699.0,783
2,lightgbm,C,v2,False,2019-07-05,546.0,686
2,lightgbm,C,v2,False,2019-07-08,985.0,1125
2,lightgbm,C,v2,False,2019-07-09,861.0,909
2,lightgbm,C,v2,False,2019-07-10,862.0,811
2,lightgbm,C,v2,False,2019-07-11,730.0,787
2,lightgbm,C,v2,False,2019-07-12,856.0,591
2,lightgbm,C,v2,False,2019-07-15,1127.0,1221
2,lightgbm,C,v2,False,2019-07-16,952.0,1030
2,lightgbm,C,v2,False,2019-07-17,814.0,941
2,lightgbm,C,v2,False,2019-07-18,734.0,858
2,lightgbm,C,v2,False,2019-07-19,538.0,608
2,lightgbm,C,v2,False,2019-07-22,1013.0,1140
2,lightgbm,C,v2,False,2019-07-23,855.0,923
2,lightgbm,C,v2,False,2019-07-24,744.0,846
2,lightgbm,C,v2,False,2019-07-25,668.0,711
2,lightgbm,C,v2,False,2019-07-26,462.0,636
2,lightgbm,C,v2,False,2019-07-29,898.0,885
2,lightgbm,C,v2,False,2019-07-30,745.0,818
2,lightgbm,C,v2,False,2019-07-31,619.0,759
2,lightgbm,C,v2,False,2019-08-01,648.0,672
2,lightgbm,C,v2,False,2019-08-02,440.0,612
2,lightgbm,C,v2,False,2019-08-05,936.0,937
2,lightgbm,C,v2,False,2019-08-06,798.0,839
2,lightgbm,C,v2,False,2019-08-07,841.0,847
2,lightgbm,C,v2,False,2019-08-08,781.0,702
2,lightgbm,C,v2,False,2019-08-09,641.0,627
2,lightgbm,C,v2,False,2019-08-12,1073.0,985
2,lightgbm,C,v2,False,2019-08-13,813.0,737
2,lightgbm,C,v2,False,2019-08-14,713.0,741
2,lightgbm,C,v2,False,2019-08-16,466.0,593
2,lightgbm,C,v2,False,2019-08-19,1249.0,1001
2,lightgbm,C,v2,False,2019-08-20,955.0,799
2,lightgbm,C,v2,False,2019-08-21,923.0,806
2,lightgbm,C,v2,False,2019-08-22,880.0,755
2,lightgbm,C,v2,False,2019-08-23,599.0,597
2,lightgbm,C,v2,False,2019-08-26,1221.0,1171
2,lightgbm,C,v2,False,2019-08-27,921.0,819
2,lightgbm,C,v2,False,2019-08-28,899.0,820
2,lightgbm,C,v2,False,2019-08-29,845.0,787
2,lightgbm,C,v2,False,2019-08-30,575.0,608
2,lightgbm,C,v2,False,2019-09-02,1363.0,1205
2,lightgbm,C,v2,False,2019-09-03,944.0,848
2,lightgbm,C,v2,False,2019-09-04,769.0,850
2,lightgbm,C,v2,False,2019-09-05,778.0,789
2,lightgbm,C,v2,False,2019-09-06,687.0,639
2,lightgbm,C,v2,False,2019-09-09,1228.0,1186
2,lightgbm,C,v2,False,2019-09-10,812.0,924
2,lightgbm,C,v2,False,2019-09-11,916.0,921
2,lightgbm,C,v2,False,2019-09-16,1283.0,1069
2,lightgbm,C,v2,False,2019-09-17,1010.0,911
2,lightgbm,C,v2,False,2019-09-18,1006.0,893
2,lightgbm,C,v2,False,2019-09-19,701.0,836
2,lightgbm,C,v2,False,2019-09-20,662.0,628
2,lightgbm,C,v2,False,2019-09-23,1239.0,1197
2,lightgbm,C,v2,False,2019-09-24,899.0,876
2,lightgbm,C,v2,False,2019-09-25,803.0,857
2,lightgbm,C,v2,False,2019-09-26,620.0,838
2,lightgbm,C,v2,False,2019-09-27,722.0,628
2,lightgbm,C,v2,False,2019-09-30,1030.0,943
2,lightgbm,C,v2,False,2019-10-02,1241.0,901
2,lightgbm,C,v2,False,2019-10-04,1215.0,774
2,lightgbm,C,v2,False,2019-10-07,1133.0,990
2,lightgbm,C,v2,False,2019-10-08,883.0,786
2,lightgbm,C,v2,False,2019-10-10,862.0,712
2,lightgbm,C,v2,False,2019-10-11,566.0,614
2,lightgbm,D,v1,False,2019-03-05,940.0,929
2,lightgbm,D,v1,False,2019-03-06,1061.0,879
2,lightgbm,D,v1,False,2019-03-07,845.0,896
2,lightgbm,D,v1,False,2019-03-08,663.0,601
2,lightgbm,D,v1,False,2019-03-11,1277.0,1227
2,lightgbm,D,v1,False,2019-03-12,956.0,841
2,lightgbm,D,v1,False,2019-03-13,953.0,847
2,lightgbm,D,v1,False,2019-03-14,791.0,761
2,lightgbm,D,v1,False,2019-03-15,630.0,547
2,lightgbm,D,v1,False,2019-03-18,1261.0,1216
2,lightgbm,D,v1,False,2019-03-19,990.0,858
2,lightgbm,D,v1,False,2019-03-20,970.0,834
2,lightgbm,D,v1,False,2019-03-21,1214.0,840
2,lightgbm,D,v1,False,2019-03-22,567.0,634
2,lightgbm,D,v1,False,2019-03-25,1150.0,1099
2,lightgbm,D,v1,False,2019-03-26,919.0,827
2,lightgbm,D,v1,False,2019-03-27,856.0,809
2,lightgbm,D,v1,False,2019-03-28,810.0,768
2,lightgbm,D,v1,False,2019-03-29,481.0,566
2,lightgbm,D,v1,False,2019-04-01,1029.0,1284
2,lightgbm,D,v1,False,2019-04-02,855.0,866
2,lightgbm,D,v1,False,2019-04-03,790.0,783
2,lightgbm,D,v1,False,2019-04-04,745.0,802
2,lightgbm,D,v1,False,2019-04-05,575.0,542
2,lightgbm,D,v1,False,2019-04-08,1105.0,1228
2,lightgbm,D,v1,False,2019-04-09,876.0,976
2,lightgbm,D,v1,False,2019-04-10,789.0,950
2,lightgbm,D,v1,False,2019-04-11,845.0,928
2,lightgbm,D,v1,False,2019-04-12,553.0,638
2,lightgbm,D,v1,False,2019-04-15,1184.0,1360
2,lightgbm,D,v1,False,2019-04-16,905.0,880
2,lightgbm,D,v1,False,2019-04-17,910.0,840
2,lightgbm,D,v1,False,2019-04-18,767.0,807
2,lightgbm,D,v1,False,2019-04-19,683.0,620
2,lightgbm,D,v1,False,2019-04-22,1094.0,1177
2,lightgbm,D,v1,False,2019-04-23,886.0,905
2,lightgbm,D,v1,False,2019-04-24,1034.0,883
2,lightgbm,D,v1,False,2019-04-25,702.0,793
2,lightgbm,D,v1,False,2019-04-26,572.0,623
2,lightgbm,D,v1,False,2019-04-29,1207.0,1154
2,lightgbm,D,v1,False,2019-04-30,714.0,739
2,lightgbm,D,v1,False,2019-05-02,758.0,687
2,lightgbm,D,v1,False,2019-05-03,654.0,568
2,lightgbm,D,v1,False,2019-05-07,1221.0,824
2,lightgbm,D,v1,False,2019-05-08,881.0,803
2,lightgbm,D,v1,False,2019-05-09,958.0,794
2,lightgbm,D,v1,False,2019-05-10,607.0,608
2,lightgbm,D,v1,False,2019-05-13,1111.0,1160
2,lightgbm,D,v1,False,2019-05-14,907.0,896
2,lightgbm,D,v1,False,2019-05-15,888.0,846
2,lightgbm,D,v1,False,2019-05-16,790.0,825
2,lightgbm,D,v1,False,2019-05-17,408.0,595
2,lightgbm,D,v1,False,2019-05-20,1174.0,1213
2,lightgbm,D,v1,False,2019-05-21,844.0,854
2,lightgbm,D,v1,False,2019-05-22,831.0,839
2,lightgbm,D,v1,False,2019-05-23,658.0,769
2,lightgbm,D,v1,False,2019-05-24,508.0,642
2,lightgbm,D,v1,False,2019-05-27,1219.0,1291
2,lightgbm,D,v1,False,2019-05-28,931.0,1050
2,lightgbm,D,v1,False,2019-05-29,896.0,991
2,lightgbm,D,v1,False,2019-05-30,836.0,860
2,lightgbm,D,v1,False,2019-05-31,640.0,604
2,lightgbm,D,v1,False,2019-06-03,1221.0,1194
2,lightgbm,D,v1,False,2019-06-04,962.0,1014
2,lightgbm,D,v1,False,2019-06-05,761.0,953
2,lightgbm,D,v1,False,2019-06-07,389.0,572
2,lightgbm,D,v1,False,2019-06-10,1232.0,1189
2,lightgbm,D,v1,False,2019-06-11,804.0,932
2,lightgbm,D,v1,False,2019-06-12,876.0,893
2,lightgbm,D,v1,False,2019-06-13,679.0,822
2,lightgbm,D,v1,False,2019-06-14,538.0,677
2,lightgbm,D,v1,False,2019-06-17,1099.0,1165
2,lightgbm,D,v1,False,2019-06-18,853.0,952
2,lightgbm,D,v1,False,2019-06-19,882.0,930
2,lightgbm,D,v1,False,2019-06-20,625.0,803
2,lightgbm,D,v1,False,2019-06-21,505.0,663
2,lightgbm,D,v1,False,2019-06-24,1105.0,1264
2,lightgbm,D,v1,False,2019-06-25,775.0,915
2,lightgbm,D,v1,False,2019-06-26,946.0,838
2,lightgbm,D,v1,False,2019-06-27,808.0,871
2,lightgbm,D,v1,False,2019-06-28,535.0,636
2,lightgbm,D,v1,False,2019-07-01,1175.0,1224
2,lightgbm,D,v1,False,2019-07-02,787.0,988
2,lightgbm,D,v1,False,2019-07-03,910.0,896
2,lightgbm,D,v1,False,2019-07-04,699.0,768
2,lightgbm,D,v1,False,2019-07-05,546.0,666
2,lightgbm,D,v1,False,2019-07-08,985.0,1128
2,lightgbm,D,v1,False,2019-07-09,861.0,906
2,lightgbm,D,v1,False,2019-07-10,862.0,814
2,lightgbm,D,v1,False,2019-07-11,730.0,756
2,lightgbm,D,v1,False,2019-07-12,856.0,580
2,lightgbm,D,v1,False,2019-07-15,1127.0,1166
2,lightgbm,D,v1,False,2019-07-16,952.0,1060
2,lightgbm,D,v1,False,2019-07-17,814.0,902
2,lightgbm,D,v1,False,2019-07-18,734.0,814
2,lightgbm,D,v1,False,2019-07-19,538.0,596
2,lightgbm,D,v1,False,2019-07-22,1013.0,1003
2,lightgbm,D,v1,False,2019-07-23,855.0,884
2,lightgbm,D,v1,False,2019-07-24,744.0,824
2,lightgbm,D,v1,False,2019-07-25,668.0,734
2,lightgbm,D,v1,False,2019-07-26,462.0,647
2,lightgbm,D,v1,False,2019-07-29,898.0,973
2,lightgbm,D,v1,False,2019-07-30,745.0,825
2,lightgbm,D,v1,False,2019-07-31,619.0,809
2,lightgbm,D,v1,False,2019-08-01,648.0,749
2,lightgbm,D,v1,False,2019-08-02,440.0,668
2,lightgbm,D,v1,False,2019-08-05,936.0,981
2,lightgbm,D,v1,False,2019-08-06,798.0,926
2,lightgbm,D,v1,False,2019-08-07,841.0,876
2,lightgbm,D,v1,False,2019-08-08,781.0,792
2,lightgbm,D,v1,False,2019-08-09,641.0,710
2,lightgbm,D,v1,False,2019-08-12,1073.0,1033
2,lightgbm,D,v1,False,2019-08-13,813.0,815
2,lightgbm,D,v1,False,2019-08-14,713.0,819
2,lightgbm,D,v1,False,2019-08-16,466.0,673
2,lightgbm,D,v1,False,2019-08-19,1249.0,1088
2,lightgbm,D,v1,False,2019-08-20,955.0,917
2,lightgbm,D,v1,False,2019-08-21,923.0,914
2,lightgbm,D,v1,False,2019-08-22,880.0,835
2,lightgbm,D,v1,False,2019-08-23,599.0,623
2,lightgbm,D,v1,False,2019-08-26,1221.0,1197
2,lightgbm,D,v1,False,2019-08-27,921.0,836
2,lightgbm,D,v1,False,2019-08-28,899.0,857
2,lightgbm,D,v1,False,2019-08-29,845.0,768
2,lightgbm,D,v1,False,2019-08-30,575.0,616
2,lightgbm,D,v1,False,2019-09-02,1363.0,1255
2,lightgbm,D,v1,False,2019-09-03,944.0,855
2,lightgbm,D,v1,False,2019-09-04,769.0,868
2,lightgbm,D,v1,False,2019-09-05,778.0,766
2,lightgbm,D,v1,False,2019-09-06,687.0,667
2,lightgbm,D,v1,False,2019-09-09,1228.0,1188
2,lightgbm,D,v1,False,2019-09-10,812.0,922
2,lightgbm,D,v1,False,2019-09-11,916.0,994
2,lightgbm,D,v1,False,2019-09-16,1283.0,1138
2,lightgbm,D,v1,False,2019-09-17,1010.0,972
2,lightgbm,D,v1,False,2019-09-18,1006.0,972
2,lightgbm,D,v1,False,2019-09-19,701.0,840
2,lightgbm,D,v1,False,2019-09-20,662.0,651
2,lightgbm,D,v1,False,2019-09-23,1239.0,1288
2,lightgbm,D,v1,False,2019-09-24,899.0,919
2,lightgbm,D,v1,False,2019-09-25,803.0,884
2,lightgbm,D,v1,False,2019-09-26,620.0,837
2,lightgbm,D,v1,False,2019-09-27,722.0,646
2,lightgbm,D,v1,False,2019-09-30,1030.0,983
2,lightgbm,D,v1,False,2019-10-02,1241.0,1037
2,lightgbm,D,v1,False,2019-10-04,1215.0,923
2,lightgbm,D,v1,False,2019-10-07,1133.0,1109
2,lightgbm,D,v1,False,2019-10-08,883.0,839
2,lightgbm,D,v1,False,2019-10-10,862.0,688
2,lightgbm,D,v1,False,2019-10-11,566.0,595
2,lightgbm,D,v2,False,2019-03-05,940.0,916
2,lightgbm,D,v2,False,2019-03-06,1061.0,885
2,lightgbm,D,v2,False,2019-03-07,845.0,902
2,lightgbm,D,v2,False,2019-03-08,663.0,607
2,lightgbm,D,v2,False,2019-03-11,1277.0,1221
2,lightgbm,D,v2,False,2019-03-12,956.0,855
2,lightgbm,D,v2,False,2019-03-13,953.0,850
2,lightgbm,D,v2,False,2019-03-14,791.0,773
2,lightgbm,D,v2,False,2019-03-15,630.0,551
2,lightgbm,D,v2,False,2019-03-18,1261.0,1227
2,lightgbm,D,v2,False,2019-03-19,990.0,869
2,lightgbm,D,v2,False,2019-03-20,970.0,845
2,lightgbm,D,v2,False,2019-03-21,1214.0,838
2,lightgbm,D,v2,False,2019-03-22,567.0,621
2,lightgbm,D,v2,False,2019-03-25,1150.0,1097
2,lightgbm,D,v2,False,2019-03-26,919.0,835
2,lightgbm,D,v2,False,2019-03-27,856.0,819
2,lightgbm,D,v2,False,2019-03-28,810.0,769
2,lightgbm,D,v2,False,2019-03-29,481.0,565
2,lightgbm,D,v2,False,2019-04-01,1029.0,1270
2,lightgbm,D,v2,False,2019-04-02,855.0,868
2,lightgbm,D,v2,False,2019-04-03,790.0,785
2,lightgbm,D,v2,False,2019-04-04,745.0,811
2,lightgbm,D,v2,False,2019-04-05,575.0,547
2,lightgbm,D,v2,False,2019-04-08,1105.0,1226
2,lightgbm,D,v2,False,2019-04-09,876.0,962
2,lightgbm,D,v2,False,2019-04-10,789.0,938
2,lightgbm,D,v2,False,2019-04-11,845.0,932
2,lightgbm,D,v2,False,2019-04-12,553.0,627
2,lightgbm,D,v2,False,2019-04-15,1184.0,1352
2,lightgbm,D,v2,False,2019-04-16,905.0,894
2,lightgbm,D,v2,False,2019-04-17,910.0,827
2,lightgbm,D,v2,False,2019-04-18,767.0,801
2,lightgbm,D,v2,False,2019-04-19,683.0,597
2,lightgbm,D,v2,False,2019-04-22,1094.0,1162
2,lightgbm,D,v2,False,2019-04-23,886.0,897
2,lightgbm,D,v2,False,2019-04-24,1034.0,890
2,lightgbm,D,v2,False,2019-04-25,702.0,774
2,lightgbm,D,v2,False,2019-04-26,572.0,635
2,lightgbm,D,v2,False,2019-04-29,1207.0,1158
2,lightgbm,D,v2,False,2019-04-30,714.0,739
2,lightgbm,D,v2,False,2019-05-02,758.0,681
2,lightgbm,D,v2,False,2019-05-03,654.0,565
2,lightgbm,D,v2,False,2019-05-07,1221.0,819
2,lightgbm,D,v2,False,2019-05-08,881.0,804
2,lightgbm,D,v2,False,2019-05-09,958.0,781
2,lightgbm,D,v2,False,2019-05-10,607.0,589
2,lightgbm,D,v2,False,2019-05-13,1111.0,1140
2,lightgbm,D,v2,False,2019-05-14,907.0,888
2,lightgbm,D,v2,False,2019-05-15,888.0,839
2,lightgbm,D,v2,False,2019-05-16,790.0,827
2,lightgbm,D,v2,False,2019-05-17,408.0,595
2,lightgbm,D,v2,False,2019-05-20,1174.0,1215
2,lightgbm,D,v2,False,2019-05-21,844.0,840
2,lightgbm,D,v2,False,2019-05-22,831.0,842
2,lightgbm,D,v2,False,2019-05-23,658.0,767
2,lightgbm,D,v2,False,2019-05-24,508.0,638
2,lightgbm,D,v2,False,2019-05-27,1219.0,1290
2,lightgbm,D,v2,False,2019-05-28,931.0,1030
2,lightgbm,D,v2,False,2019-05-29,896.0,987
2,lightgbm,D,v2,False,2019-05-30,836.0,862
2,lightgbm,D,v2,False,2019-05-31,640.0,598
2,lightgbm,D,v2,False,2019-06-03,1221.0,1207
2,lightgbm,D,v2,False,2019-06-04,962.0,1011
2,lightgbm,D,v2,False,2019-06-05,761.0,954
2,lightgbm,D,v2,False,2019-06-07,389.0,564
2,lightgbm,D,v2,False,2019-06-10,1232.0,1188
2,lightgbm,D,v2,False,2019-06-11,804.0,931
2,lightgbm,D,v2,False,2019-06-12,876.0,896
2,lightgbm,D,v2,False,2019-06-13,679.0,830
2,lightgbm,D,v2,False,2019-06-14,538.0,667
2,lightgbm,D,v2,False,2019-06-17,1099.0,1173
2,lightgbm,D,v2,False,2019-06-18,853.0,958
2,lightgbm,D,v2,False,2019-06-19,882.0,938
2,lightgbm,D,v2,False,2019-06-20,625.0,801
2,lightgbm,D,v2,False,2019-06-21,505.0,655
2,lightgbm,D,v2,False,2019-06-24,1105.0,1275
2,lightgbm,D,v2,False,2019-06-25,775.0,908
2,lightgbm,D,v2,False,2019-06-26,946.0,844
2,lightgbm,D,v2,False,2019-06-27,808.0,886
2,lightgbm,D,v2,False,2019-06-28,535.0,635
2,lightgbm,D,v2,False,2019-07-01,1175.0,1206
2,lightgbm,D,v2,False,2019-07-02,787.0,987
2,lightgbm,D,v2,False,2019-07-03,910.0,892
2,lightgbm,D,v2,False,2019-07-04,699.0,773
2,lightgbm,D,v2,False,2019-07-05,546.0,666
2,lightgbm,D,v2,False,2019-07-08,985.0,1129
2,lightgbm,D,v2,False,2019-07-09,861.0,921
2,lightgbm,D,v2,False,2019-07-10,862.0,810
2,lightgbm,D,v2,False,2019-07-11,730.0,747
2,lightgbm,D,v2,False,2019-07-12,856.0,572
2,lightgbm,D,v2,False,2019-07-15,1127.0,1161
2,lightgbm,D,v2,False,2019-07-16,952.0,1069
2,lightgbm,D,v2,False,2019-07-17,814.0,897
2,lightgbm,D,v2,False,2019-07-18,734.0,814
2,lightgbm,D,v2,False,2019-07-19,538.0,598
2,lightgbm,D,v2,False,2019-07-22,1013.0,1017
2,lightgbm,D,v2,False,2019-07-23,855.0,888
2,lightgbm,D,v2,False,2019-07-24,744.0,823
2,lightgbm,D,v2,False,2019-07-25,668.0,741
2,lightgbm,D,v2,False,2019-07-26,462.0,652
2,lightgbm,D,v2,False,2019-07-29,898.0,976
2,lightgbm,D,v2,False,2019-07-30,745.0,826
2,lightgbm,D,v2,False,2019-07-31,619.0,808
2,lightgbm,D,v2,False,2019-08-01,648.0,752
2,lightgbm,D,v2,False,2019-08-02,440.0,664
2,lightgbm,D,v2,False,2019-08-05,936.0,990
2,lightgbm,D,v2,False,2019-08-06,798.0,919
2,lightgbm,D,v2,False,2019-08-07,841.0,875
2,lightgbm,D,v2,False,2019-08-08,781.0,787
2,lightgbm,D,v2,False,2019-08-09,641.0,706
2,lightgbm,D,v2,False,2019-08-12,1073.0,1025
2,lightgbm,D,v2,False,2019-08-13,813.0,810
2,lightgbm,D,v2,False,2019-08-14,713.0,809
2,lightgbm,D,v2,False,2019-08-16,466.0,671
2,lightgbm,D,v2,False,2019-08-19,1249.0,1081
2,lightgbm,D,v2,False,2019-08-20,955.0,911
2,lightgbm,D,v2,False,2019-08-21,923.0,908
2,lightgbm,D,v2,False,2019-08-22,880.0,845
2,lightgbm,D,v2,False,2019-08-23,599.0,617
2,lightgbm,D,v2,False,2019-08-26,1221.0,1186
2,lightgbm,D,v2,False,2019-08-27,921.0,843
2,lightgbm,D,v2,False,2019-08-28,899.0,856
2,lightgbm,D,v2,False,2019-08-29,845.0,773
2,lightgbm,D,v2,False,2019-08-30,575.0,597
2,lightgbm,D,v2,False,2019-09-02,1363.0,1247
2,lightgbm,D,v2,False,2019-09-03,944.0,844
2,lightgbm,D,v2,False,2019-09-04,769.0,864
2,lightgbm,D,v2,False,2019-09-05,778.0,769
2,lightgbm,D,v2,False,2019-09-06,687.0,667
2,lightgbm,D,v2,False,2019-09-09,1228.0,1194
2,lightgbm,D,v2,False,2019-09-10,812.0,915
2,lightgbm,D,v2,False,2019-09-11,916.0,977
2,lightgbm,D,v2,False,2019-09-16,1283.0,1138
2,lightgbm,D,v2,False,2019-09-17,1010.0,974
2,lightgbm,D,v2,False,2019-09-18,1006.0,971
2,lightgbm,D,v2,False,2019-09-19,701.0,837
2,lightgbm,D,v2,False,2019-09-20,662.0,653
2,lightgbm,D,v2,False,2019-09-23,1239.0,1287
2,lightgbm,D,v2,False,2019-09-24,899.0,926
2,lightgbm,D,v2,False,2019-09-25,803.0,891
2,lightgbm,D,v2,False,2019-09-26,620.0,830
2,lightgbm,D,v2,False,2019-09-27,722.0,647
2,lightgbm,D,v2,False,2019-09-30,1030.0,976
2,lightgbm,D,v2,False,2019-10-02,1241.0,1044
2,lightgbm,D,v2,False,2019-10-04,1215.0,916
2,lightgbm,D,v2,False,2019-10-07,1133.0,1110
2,lightgbm,D,v2,False,2019-10-08,883.0,846
2,lightgbm,D,v2,False,2019-10-10,862.0,706
2,lightgbm,D,v2,False,2019-10-11,566.0,595
2,xgboost,A,v2,False,2019-03-05,940.0,976
2,xgboost,A,v2,False,2019-03-06,1061.0,958
2,xgboost,A,v2,False,2019-03-07,845.0,907
2,xgboost,A,v2,False,2019-03-08,663.0,651
2,xgboost,A,v2,False,2019-03-11,1277.0,1228
2,xgboost,A,v2,False,2019-03-12,956.0,955
2,xgboost,A,v2,False,2019-03-13,953.0,955
2,xgboost,A,v2,False,2019-03-14,791.0,817
2,xgboost,A,v2,False,2019-03-15,630.0,610
2,xgboost,A,v2,False,2019-03-18,1261.0,1152
2,xgboost,A,v2,False,2019-03-19,990.0,953
2,xgboost,A,v2,False,2019-03-20,970.0,874
2,xgboost,A,v2,False,2019-03-21,1214.0,875
2,xgboost,A,v2,False,2019-03-22,567.0,648
2,xgboost,A,v2,False,2019-03-25,1150.0,1078
2,xgboost,A,v2,False,2019-03-26,919.0,899
2,xgboost,A,v2,False,2019-03-27,856.0,875
2,xgboost,A,v2,False,2019-03-28,810.0,786
2,xgboost,A,v2,False,2019-03-29,481.0,563
2,xgboost,A,v2,False,2019-04-01,1029.0,1283
2,xgboost,A,v2,False,2019-04-02,855.0,889
2,xgboost,A,v2,False,2019-04-03,790.0,818
2,xgboost,A,v2,False,2019-04-04,745.0,817
2,xgboost,A,v2,False,2019-04-05,575.0,576
2,xgboost,A,v2,False,2019-04-08,1105.0,1140
2,xgboost,A,v2,False,2019-04-09,876.0,986
2,xgboost,A,v2,False,2019-04-10,789.0,977
2,xgboost,A,v2,False,2019-04-11,845.0,988
2,xgboost,A,v2,False,2019-04-12,553.0,672
2,xgboost,A,v2,False,2019-04-15,1184.0,1290
2,xgboost,A,v2,False,2019-04-16,905.0,989
2,xgboost,A,v2,False,2019-04-17,910.0,893
2,xgboost,A,v2,False,2019-04-18,767.0,794
2,xgboost,A,v2,False,2019-04-19,683.0,634
2,xgboost,A,v2,False,2019-04-22,1094.0,865
2,xgboost,A,v2,False,2019-04-23,886.0,860
2,xgboost,A,v2,False,2019-04-24,1034.0,860
2,xgboost,A,v2,False,2019-04-25,702.0,781
2,xgboost,A,v2,False,2019-04-26,572.0,647
2,xgboost,A,v2,False,2019-04-29,1207.0,833
2,xgboost,A,v2,False,2019-04-30,714.0,610
2,xgboost,A,v2,False,2019-05-02,758.0,583
2,xgboost,A,v2,False,2019-05-03,654.0,593
2,xgboost,A,v2,False,2019-05-07,1221.0,771
2,xgboost,A,v2,False,2019-05-08,881.0,783
2,xgboost,A,v2,False,2019-05-09,958.0,771
2,xgboost,A,v2,False,2019-05-10,607.0,593
2,xgboost,A,v2,False,2019-05-13,1111.0,1125
2,xgboost,A,v2,False,2019-05-14,907.0,877
2,xgboost,A,v2,False,2019-05-15,888.0,813
2,xgboost,A,v2,False,2019-05-16,790.0,808
2,xgboost,A,v2,False,2019-05-17,408.0,634
2,xgboost,A,v2,False,2019-05-20,1174.0,1141
2,xgboost,A,v2,False,2019-05-21,844.0,815
2,xgboost,A,v2,False,2019-05-22,831.0,860
2,xgboost,A,v2,False,2019-05-23,658.0,807
2,xgboost,A,v2,False,2019-05-24,508.0,547
2,xgboost,A,v2,False,2019-05-27,1219.0,1220
2,xgboost,A,v2,False,2019-05-28,931.0,1013
2,xgboost,A,v2,False,2019-05-29,896.0,1001
2,xgboost,A,v2,False,2019-05-30,836.0,875
2,xgboost,A,v2,False,2019-05-31,640.0,639
2,xgboost,A,v2,False,2019-06-03,1221.0,1181
2,xgboost,A,v2,False,2019-06-04,962.0,993
2,xgboost,A,v2,False,2019-06-05,761.0,998
2,xgboost,A,v2,False,2019-06-07,389.0,516
2,xgboost,A,v2,False,2019-06-10,1232.0,1081
2,xgboost,A,v2,False,2019-06-11,804.0,930
2,xgboost,A,v2,False,2019-06-12,876.0,861
2,xgboost,A,v2,False,2019-06-13,679.0,842
2,xgboost,A,v2,False,2019-06-14,538.0,646
2,xgboost,A,v2,False,2019-06-17,1099.0,1064
2,xgboost,A,v2,False,2019-06-18,853.0,957
2,xgboost,A,v2,False,2019-06-19,882.0,965
2,xgboost,A,v2,False,2019-06-20,625.0,815
2,xgboost,A,v2,False,2019-06-21,505.0,648
2,xgboost,A,v2,False,2019-06-24,1105.0,1265
2,xgboost,A,v2,False,2019-06-25,775.0,961
2,xgboost,A,v2,False,2019-06-26,946.0,840
2,xgboost,A,v2,False,2019-06-27,808.0,845
2,xgboost,A,v2,False,2019-06-28,535.0,655
2,xgboost,A,v2,False,2019-07-01,1175.0,1233
2,xgboost,A,v2,False,2019-07-02,787.0,1066
2,xgboost,A,v2,False,2019-07-03,910.0,955
2,xgboost,A,v2,False,2019-07-04,699.0,770
2,xgboost,A,v2,False,2019-07-05,546.0,658
2,xgboost,A,v2,False,2019-07-08,985.0,766
2,xgboost,A,v2,False,2019-07-09,861.0,890
2,xgboost,A,v2,False,2019-07-10,862.0,710
2,xgboost,A,v2,False,2019-07-11,730.0,806
2,xgboost,A,v2,False,2019-07-12,856.0,611
2,xgboost,A,v2,False,2019-07-15,1127.0,1149
2,xgboost,A,v2,False,2019-07-16,952.0,1190
2,xgboost,A,v2,False,2019-07-17,814.0,956
2,xgboost,A,v2,False,2019-07-18,734.0,865
2,xgboost,A,v2,False,2019-07-19,538.0,627
2,xgboost,A,v2,False,2019-07-22,1013.0,1076
2,xgboost,A,v2,False,2019-07-23,855.0,899
2,xgboost,A,v2,False,2019-07-24,744.0,800
2,xgboost,A,v2,False,2019-07-25,668.0,648
2,xgboost,A,v2,False,2019-07-26,462.0,627
2,xgboost,A,v2,False,2019-07-29,898.0,831
2,xgboost,A,v2,False,2019-07-30,745.0,804
2,xgboost,A,v2,False,2019-07-31,619.0,747
2,xgboost,A,v2,False,2019-08-01,648.0,752
2,xgboost,A,v2,False,2019-08-02,440.0,572
2,xgboost,A,v2,False,2019-08-05,936.0,927
2,xgboost,A,v2,False,2019-08-06,798.0,942
2,xgboost,A,v2,False,2019-08-07,841.0,884
2,xgboost,A,v2,False,2019-08-08,781.0,612
2,xgboost,A,v2,False,2019-08-09,641.0,587
2,xgboost,A,v2,False,2019-08-12,1073.0,939
2,xgboost,A,v2,False,2019-08-13,813.0,603
2,xgboost,A,v2,False,2019-08-14,713.0,726
2,xgboost,A,v2,False,2019-08-16,466.0,583
2,xgboost,A,v2,False,2019-08-19,1249.0,1049
2,xgboost,A,v2,False,2019-08-20,955.0,731
2,xgboost,A,v2,False,2019-08-21,923.0,756
2,xgboost,A,v2,False,2019-08-22,880.0,739
2,xgboost,A,v2,False,2019-08-23,599.0,673
2,xgboost,A,v2,False,2019-08-26,1221.0,1049
2,xgboost,A,v2,False,2019-08-27,921.0,831
2,xgboost,A,v2,False,2019-08-28,899.0,791
2,xgboost,A,v2,False,2019-08-29,845.0,749
2,xgboost,A,v2,False,2019-08-30,575.0,640
2,xgboost,A,v2,False,2019-09-02,1363.0,1164
2,xgboost,A,v2,False,2019-09-03,944.0,875
2,xgboost,A,v2,False,2019-09-04,769.0,848
2,xgboost,A,v2,False,2019-09-05,778.0,793
2,xgboost,A,v2,False,2019-09-06,687.0,663
2,xgboost,A,v2,False,2019-09-09,1228.0,1113
2,xgboost,A,v2,False,2019-09-10,812.0,972
2,xgboost,A,v2,False,2019-09-11,916.0,1067
2,xgboost,A,v2,False,2019-09-16,1283.0,1145
2,xgboost,A,v2,False,2019-09-17,1010.0,922
2,xgboost,A,v2,False,2019-09-18,1006.0,928
2,xgboost,A,v2,False,2019-09-19,701.0,832
2,xgboost,A,v2,False,2019-09-20,662.0,641
2,xgboost,A,v2,False,2019-09-23,1239.0,1170
2,xgboost,A,v2,False,2019-09-24,899.0,887
2,xgboost,A,v2,False,2019-09-25,803.0,860
2,xgboost,A,v2,False,2019-09-26,620.0,788
2,xgboost,A,v2,False,2019-09-27,722.0,608
2,xgboost,A,v2,False,2019-09-30,1030.0,909
2,xgboost,A,v2,False,2019-10-02,1241.0,1002
2,xgboost,A,v2,False,2019-10-04,1215.0,981
2,xgboost,A,v2,False,2019-10-07,1133.0,1120
2,xgboost,A,v2,False,2019-10-08,883.0,748
2,xgboost,A,v2,False,2019-10-10,862.0,641
2,xgboost,A,v2,False,2019-10-11,566.0,625
2,xgboost,B,v2,False,2019-03-05,940.0,928
2,xgboost,B,v2,False,2019-03-06,1061.0,917
2,xgboost,B,v2,False,2019-03-07,845.0,882
2,xgboost,B,v2,False,2019-03-08,663.0,635
2,xgboost,B,v2,False,2019-03-11,1277.0,1210
2,xgboost,B,v2,False,2019-03-12,956.0,899
2,xgboost,B,v2,False,2019-03-13,953.0,898
2,xgboost,B,v2,False,2019-03-14,791.0,806
2,xgboost,B,v2,False,2019-03-15,630.0,609
2,xgboost,B,v2,False,2019-03-18,1261.0,1169
2,xgboost,B,v2,False,2019-03-19,990.0,891
2,xgboost,B,v2,False,2019-03-20,970.0,852
2,xgboost,B,v2,False,2019-03-21,1214.0,815
2,xgboost,B,v2,False,2019-03-22,567.0,632
2,xgboost,B,v2,False,2019-03-25,1150.0,1145
2,xgboost,B,v2,False,2019-03-26,919.0,869
2,xgboost,B,v2,False,2019-03-27,856.0,838
2,xgboost,B,v2,False,2019-03-28,810.0,784
2,xgboost,B,v2,False,2019-03-29,481.0,537
2,xgboost,B,v2,False,2019-04-01,1029.0,1203
2,xgboost,B,v2,False,2019-04-02,855.0,867
2,xgboost,B,v2,False,2019-04-03,790.0,831
2,xgboost,B,v2,False,2019-04-04,745.0,813
2,xgboost,B,v2,False,2019-04-05,575.0,585
2,xgboost,B,v2,False,2019-04-08,1105.0,1155
2,xgboost,B,v2,False,2019-04-09,876.0,910
2,xgboost,B,v2,False,2019-04-10,789.0,891
2,xgboost,B,v2,False,2019-04-11,845.0,896
2,xgboost,B,v2,False,2019-04-12,553.0,658
2,xgboost,B,v2,False,2019-04-15,1184.0,1256
2,xgboost,B,v2,False,2019-04-16,905.0,930
2,xgboost,B,v2,False,2019-04-17,910.0,869
2,xgboost,B,v2,False,2019-04-18,767.0,799
2,xgboost,B,v2,False,2019-04-19,683.0,610
2,xgboost,B,v2,False,2019-04-22,1094.0,1090
2,xgboost,B,v2,False,2019-04-23,886.0,851
2,xgboost,B,v2,False,2019-04-24,1034.0,851
2,xgboost,B,v2,False,2019-04-25,702.0,784
2,xgboost,B,v2,False,2019-04-26,572.0,635
2,xgboost,B,v2,False,2019-04-29,1207.0,1087
2,xgboost,B,v2,False,2019-04-30,714.0,714
2,xgboost,B,v2,False,2019-05-02,758.0,643
2,xgboost,B,v2,False,2019-05-03,654.0,583
2,xgboost,B,v2,False,2019-05-07,1221.0,766
2,xgboost,B,v2,False,2019-05-08,881.0,801
2,xgboost,B,v2,False,2019-05-09,958.0,758
2,xgboost,B,v2,False,2019-05-10,607.0,597
2,xgboost,B,v2,False,2019-05-13,1111.0,1146
2,xgboost,B,v2,False,2019-05-14,907.0,852
2,xgboost,B,v2,False,2019-05-15,888.0,823
2,xgboost,B,v2,False,2019-05-16,790.0,805
2,xgboost,B,v2,False,2019-05-17,408.0,610
2,xgboost,B,v2,False,2019-05-20,1174.0,1158
2,xgboost,B,v2,False,2019-05-21,844.0,812
2,xgboost,B,v2,False,2019-05-22,831.0,851
2,xgboost,B,v2,False,2019-05-23,658.0,813
2,xgboost,B,v2,False,2019-05-24,508.0,561
2,xgboost,B,v2,False,2019-05-27,1219.0,1210
2,xgboost,B,v2,False,2019-05-28,931.0,938
2,xgboost,B,v2,False,2019-05-29,896.0,950
2,xgboost,B,v2,False,2019-05-30,836.0,857
2,xgboost,B,v2,False,2019-05-31,640.0,622
2,xgboost,B,v2,False,2019-06-03,1221.0,1210
2,xgboost,B,v2,False,2019-06-04,962.0,990
2,xgboost,B,v2,False,2019-06-05,761.0,895
2,xgboost,B,v2,False,2019-06-07,389.0,493
2,xgboost,B,v2,False,2019-06-10,1232.0,1181
2,xgboost,B,v2,False,2019-06-11,804.0,934
2,xgboost,B,v2,False,2019-06-12,876.0,881
2,xgboost,B,v2,False,2019-06-13,679.0,840
2,xgboost,B,v2,False,2019-06-14,538.0,647
2,xgboost,B,v2,False,2019-06-17,1099.0,1178
2,xgboost,B,v2,False,2019-06-18,853.0,947
2,xgboost,B,v2,False,2019-06-19,882.0,921
2,xgboost,B,v2,False,2019-06-20,625.0,797
2,xgboost,B,v2,False,2019-06-21,505.0,648
2,xgboost,B,v2,False,2019-06-24,1105.0,1226
2,xgboost,B,v2,False,2019-06-25,775.0,947
2,xgboost,B,v2,False,2019-06-26,946.0,864
2,xgboost,B,v2,False,2019-06-27,808.0,836
2,xgboost,B,v2,False,2019-06-28,535.0,641
2,xgboost,B,v2,False,2019-07-01,1175.0,1222
2,xgboost,B,v2,False,2019-07-02,787.0,977
2,xgboost,B,v2,False,2019-07-03,910.0,915
2,xgboost,B,v2,False,2019-07-04,699.0,759
2,xgboost,B,v2,False,2019-07-05,546.0,656
2,xgboost,B,v2,False,2019-07-08,985.0,1115
2,xgboost,B,v2,False,2019-07-09,861.0,897
2,xgboost,B,v2,False,2019-07-10,862.0,783
2,xgboost,B,v2,False,2019-07-11,730.0,786
2,xgboost,B,v2,False,2019-07-12,856.0,588
2,xgboost,B,v2,False,2019-07-15,1127.0,1192
2,xgboost,B,v2,False,2019-07-16,952.0,1011
2,xgboost,B,v2,False,2019-07-17,814.0,911
2,xgboost,B,v2,False,2019-07-18,734.0,856
2,xgboost,B,v2,False,2019-07-19,538.0,623
2,xgboost,B,v2,False,2019-07-22,1013.0,1083
2,xgboost,B,v2,False,2019-07-23,855.0,849
2,xgboost,B,v2,False,2019-07-24,744.0,811
2,xgboost,B,v2,False,2019-07-25,668.0,677
2,xgboost,B,v2,False,2019-07-26,462.0,639
2,xgboost,B,v2,False,2019-07-29,898.0,1000
2,xgboost,B,v2,False,2019-07-30,745.0,803
2,xgboost,B,v2,False,2019-07-31,619.0,763
2,xgboost,B,v2,False,2019-08-01,648.0,736
2,xgboost,B,v2,False,2019-08-02,440.0,536
2,xgboost,B,v2,False,2019-08-05,936.0,1049
2,xgboost,B,v2,False,2019-08-06,798.0,894
2,xgboost,B,v2,False,2019-08-07,841.0,889
2,xgboost,B,v2,False,2019-08-08,781.0,687
2,xgboost,B,v2,False,2019-08-09,641.0,599
2,xgboost,B,v2,False,2019-08-12,1073.0,1029
2,xgboost,B,v2,False,2019-08-13,813.0,706
2,xgboost,B,v2,False,2019-08-14,713.0,758
2,xgboost,B,v2,False,2019-08-16,466.0,526
2,xgboost,B,v2,False,2019-08-19,1249.0,1099
2,xgboost,B,v2,False,2019-08-20,955.0,805
2,xgboost,B,v2,False,2019-08-21,923.0,807
2,xgboost,B,v2,False,2019-08-22,880.0,765
2,xgboost,B,v2,False,2019-08-23,599.0,655
2,xgboost,B,v2,False,2019-08-26,1221.0,1186
2,xgboost,B,v2,False,2019-08-27,921.0,853
2,xgboost,B,v2,False,2019-08-28,899.0,841
2,xgboost,B,v2,False,2019-08-29,845.0,779
2,xgboost,B,v2,False,2019-08-30,575.0,630
2,xgboost,B,v2,False,2019-09-02,1363.0,1215
2,xgboost,B,v2,False,2019-09-03,944.0,903
2,xgboost,B,v2,False,2019-09-04,769.0,892
2,xgboost,B,v2,False,2019-09-05,778.0,790
2,xgboost,B,v2,False,2019-09-06,687.0,668
2,xgboost,B,v2,False,2019-09-09,1228.0,1210
2,xgboost,B,v2,False,2019-09-10,812.0,964
2,xgboost,B,v2,False,2019-09-11,916.0,980
2,xgboost,B,v2,False,2019-09-16,1283.0,1166
2,xgboost,B,v2,False,2019-09-17,1010.0,945
2,xgboost,B,v2,False,2019-09-18,1006.0,944
2,xgboost,B,v2,False,2019-09-19,701.0,838
2,xgboost,B,v2,False,2019-09-20,662.0,654
2,xgboost,B,v2,False,2019-09-23,1239.0,1215
2,xgboost,B,v2,False,2019-09-24,899.0,919
2,xgboost,B,v2,False,2019-09-25,803.0,883
2,xgboost,B,v2,False,2019-09-26,620.0,823
2,xgboost,B,v2,False,2019-09-27,722.0,635
2,xgboost,B,v2,False,2019-09-30,1030.0,1014
2,xgboost,B,v2,False,2019-10-02,1241.0,972
2,xgboost,B,v2,False,2019-10-04,1215.0,868
2,xgboost,B,v2,False,2019-10-07,1133.0,1215
2,xgboost,B,v2,False,2019-10-08,883.0,805
2,xgboost,B,v2,False,2019-10-10,862.0,690
2,xgboost,B,v2,False,2019-10-11,566.0,643
2,xgboost,C,v1,False,2019-03-05,940.0,872
2,xgboost,C,v1,False,2019-03-06,1061.0,918
2,xgboost,C,v1,False,2019-03-07,845.0,880
2,xgboost,C,v1,False,2019-03-08,663.0,635
2,xgboost,C,v1,False,2019-03-11,1277.0,1208
2,xgboost,C,v1,False,2019-03-12,956.0,898
2,xgboost,C,v1,False,2019-03-13,953.0,896
2,xgboost,C,v1,False,2019-03-14,791.0,750
2,xgboost,C,v1,False,2019-03-15,630.0,623
2,xgboost,C,v1,False,2019-03-18,1261.0,1168
2,xgboost,C,v1,False,2019-03-19,990.0,890
2,xgboost,C,v1,False,2019-03-20,970.0,858
2,xgboost,C,v1,False,2019-03-21,1214.0,818
2,xgboost,C,v1,False,2019-03-22,567.0,640
2,xgboost,C,v1,False,2019-03-25,1150.0,1146
2,xgboost,C,v1,False,2019-03-26,919.0,875
2,xgboost,C,v1,False,2019-03-27,856.0,842
2,xgboost,C,v1,False,2019-03-28,810.0,787
2,xgboost,C,v1,False,2019-03-29,481.0,537
2,xgboost,C,v1,False,2019-04-01,1029.0,1193
2,xgboost,C,v1,False,2019-04-02,855.0,875
2,xgboost,C,v1,False,2019-04-03,790.0,827
2,xgboost,C,v1,False,2019-04-04,745.0,821
2,xgboost,C,v1,False,2019-04-05,575.0,587
2,xgboost,C,v1,False,2019-04-08,1105.0,1152
2,xgboost,C,v1,False,2019-04-09,876.0,906
2,xgboost,C,v1,False,2019-04-10,789.0,901
2,xgboost,C,v1,False,2019-04-11,845.0,875
2,xgboost,C,v1,False,2019-04-12,553.0,667
2,xgboost,C,v1,False,2019-04-15,1184.0,1262
2,xgboost,C,v1,False,2019-04-16,905.0,927
2,xgboost,C,v1,False,2019-04-17,910.0,871
2,xgboost,C,v1,False,2019-04-18,767.0,801
2,xgboost,C,v1,False,2019-04-19,683.0,616
2,xgboost,C,v1,False,2019-04-22,1094.0,1092
2,xgboost,C,v1,False,2019-04-23,886.0,852
2,xgboost,C,v1,False,2019-04-24,1034.0,854
2,xgboost,C,v1,False,2019-04-25,702.0,785
2,xgboost,C,v1,False,2019-04-26,572.0,618
2,xgboost,C,v1,False,2019-04-29,1207.0,1102
2,xgboost,C,v1,False,2019-04-30,714.0,731
2,xgboost,C,v1,False,2019-05-02,758.0,659
2,xgboost,C,v1,False,2019-05-03,654.0,578
2,xgboost,C,v1,False,2019-05-07,1221.0,770
2,xgboost,C,v1,False,2019-05-08,881.0,804
2,xgboost,C,v1,False,2019-05-09,958.0,767
2,xgboost,C,v1,False,2019-05-10,607.0,594
2,xgboost,C,v1,False,2019-05-13,1111.0,1147
2,xgboost,C,v1,False,2019-05-14,907.0,854
2,xgboost,C,v1,False,2019-05-15,888.0,826
2,xgboost,C,v1,False,2019-05-16,790.0,807
2,xgboost,C,v1,False,2019-05-17,408.0,584
2,xgboost,C,v1,False,2019-05-20,1174.0,1156
2,xgboost,C,v1,False,2019-05-21,844.0,818
2,xgboost,C,v1,False,2019-05-22,831.0,852
2,xgboost,C,v1,False,2019-05-23,658.0,777
2,xgboost,C,v1,False,2019-05-24,508.0,568
2,xgboost,C,v1,False,2019-05-27,1219.0,1208
2,xgboost,C,v1,False,2019-05-28,931.0,933
2,xgboost,C,v1,False,2019-05-29,896.0,941
2,xgboost,C,v1,False,2019-05-30,836.0,841
2,xgboost,C,v1,False,2019-05-31,640.0,631
2,xgboost,C,v1,False,2019-06-03,1221.0,1208
2,xgboost,C,v1,False,2019-06-04,962.0,998
2,xgboost,C,v1,False,2019-06-05,761.0,902
2,xgboost,C,v1,False,2019-06-07,389.0,498
2,xgboost,C,v1,False,2019-06-10,1232.0,1187
2,xgboost,C,v1,False,2019-06-11,804.0,946
2,xgboost,C,v1,False,2019-06-12,876.0,888
2,xgboost,C,v1,False,2019-06-13,679.0,847
2,xgboost,C,v1,False,2019-06-14,538.0,658
2,xgboost,C,v1,False,2019-06-17,1099.0,1183
2,xgboost,C,v1,False,2019-06-18,853.0,961
2,xgboost,C,v1,False,2019-06-19,882.0,935
2,xgboost,C,v1,False,2019-06-20,625.0,797
2,xgboost,C,v1,False,2019-06-21,505.0,660
2,xgboost,C,v1,False,2019-06-24,1105.0,1233
2,xgboost,C,v1,False,2019-06-25,775.0,941
2,xgboost,C,v1,False,2019-06-26,946.0,861
2,xgboost,C,v1,False,2019-06-27,808.0,831
2,xgboost,C,v1,False,2019-06-28,535.0,648
2,xgboost,C,v1,False,2019-07-01,1175.0,1246
2,xgboost,C,v1,False,2019-07-02,787.0,980
2,xgboost,C,v1,False,2019-07-03,910.0,924
2,xgboost,C,v1,False,2019-07-04,699.0,757
2,xgboost,C,v1,False,2019-07-05,546.0,671
2,xgboost,C,v1,False,2019-07-08,985.0,1130
2,xgboost,C,v1,False,2019-07-09,861.0,904
2,xgboost,C,v1,False,2019-07-10,862.0,798
2,xgboost,C,v1,False,2019-07-11,730.0,792
2,xgboost,C,v1,False,2019-07-12,856.0,593
2,xgboost,C,v1,False,2019-07-15,1127.0,1196
2,xgboost,C,v1,False,2019-07-16,952.0,1018
2,xgboost,C,v1,False,2019-07-17,814.0,926
2,xgboost,C,v1,False,2019-07-18,734.0,869
2,xgboost,C,v1,False,2019-07-19,538.0,611
2,xgboost,C,v1,False,2019-07-22,1013.0,1080
2,xgboost,C,v1,False,2019-07-23,855.0,844
2,xgboost,C,v1,False,2019-07-24,744.0,808
2,xgboost,C,v1,False,2019-07-25,668.0,681
2,xgboost,C,v1,False,2019-07-26,462.0,645
2,xgboost,C,v1,False,2019-07-29,898.0,1010
2,xgboost,C,v1,False,2019-07-30,745.0,827
2,xgboost,C,v1,False,2019-07-31,619.0,784
2,xgboost,C,v1,False,2019-08-01,648.0,742
2,xgboost,C,v1,False,2019-08-02,440.0,524
2,xgboost,C,v1,False,2019-08-05,936.0,1063
2,xgboost,C,v1,False,2019-08-06,798.0,901
2,xgboost,C,v1,False,2019-08-07,841.0,902
2,xgboost,C,v1,False,2019-08-08,781.0,688
2,xgboost,C,v1,False,2019-08-09,641.0,618
2,xgboost,C,v1,False,2019-08-12,1073.0,1031
2,xgboost,C,v1,False,2019-08-13,813.0,717
2,xgboost,C,v1,False,2019-08-14,713.0,768
2,xgboost,C,v1,False,2019-08-16,466.0,521
2,xgboost,C,v1,False,2019-08-19,1249.0,1099
2,xgboost,C,v1,False,2019-08-20,955.0,795
2,xgboost,C,v1,False,2019-08-21,923.0,813
2,xgboost,C,v1,False,2019-08-22,880.0,770
2,xgboost,C,v1,False,2019-08-23,599.0,626
2,xgboost,C,v1,False,2019-08-26,1221.0,1203
2,xgboost,C,v1,False,2019-08-27,921.0,834
2,xgboost,C,v1,False,2019-08-28,899.0,850
2,xgboost,C,v1,False,2019-08-29,845.0,790
2,xgboost,C,v1,False,2019-08-30,575.0,618
2,xgboost,C,v1,False,2019-09-02,1363.0,1217
2,xgboost,C,v1,False,2019-09-03,944.0,887
2,xgboost,C,v1,False,2019-09-04,769.0,899
2,xgboost,C,v1,False,2019-09-05,778.0,800
2,xgboost,C,v1,False,2019-09-06,687.0,680
2,xgboost,C,v1,False,2019-09-09,1228.0,1206
2,xgboost,C,v1,False,2019-09-10,812.0,961
2,xgboost,C,v1,False,2019-09-11,916.0,948
2,xgboost,C,v1,False,2019-09-16,1283.0,1145
2,xgboost,C,v1,False,2019-09-17,1010.0,948
2,xgboost,C,v1,False,2019-09-18,1006.0,942
2,xgboost,C,v1,False,2019-09-19,701.0,844
2,xgboost,C,v1,False,2019-09-20,662.0,674
2,xgboost,C,v1,False,2019-09-23,1239.0,1219
2,xgboost,C,v1,False,2019-09-24,899.0,924
2,xgboost,C,v1,False,2019-09-25,803.0,886
2,xgboost,C,v1,False,2019-09-26,620.0,854
2,xgboost,C,v1,False,2019-09-27,722.0,624
2,xgboost,C,v1,False,2019-09-30,1030.0,1027
2,xgboost,C,v1,False,2019-10-02,1241.0,972
2,xgboost,C,v1,False,2019-10-04,1215.0,870
2,xgboost,C,v1,False,2019-10-07,1133.0,1212
2,xgboost,C,v1,False,2019-10-08,883.0,787
2,xgboost,C,v1,False,2019-10-10,862.0,696
2,xgboost,C,v1,False,2019-10-11,566.0,638
2,xgboost,C,v2,False,2019-03-05,940.0,889
2,xgboost,C,v2,False,2019-03-06,1061.0,920
2,xgboost,C,v2,False,2019-03-07,845.0,869
2,xgboost,C,v2,False,2019-03-08,663.0,639
2,xgboost,C,v2,False,2019-03-11,1277.0,1213
2,xgboost,C,v2,False,2019-03-12,956.0,907
2,xgboost,C,v2,False,2019-03-13,953.0,899
2,xgboost,C,v2,False,2019-03-14,791.0,757
2,xgboost,C,v2,False,2019-03-15,630.0,617
2,xgboost,C,v2,False,2019-03-18,1261.0,1166
2,xgboost,C,v2,False,2019-03-19,990.0,889
2,xgboost,C,v2,False,2019-03-20,970.0,855
2,xgboost,C,v2,False,2019-03-21,1214.0,816
2,xgboost,C,v2,False,2019-03-22,567.0,646
2,xgboost,C,v2,False,2019-03-25,1150.0,1144
2,xgboost,C,v2,False,2019-03-26,919.0,873
2,xgboost,C,v2,False,2019-03-27,856.0,839
2,xgboost,C,v2,False,2019-03-28,810.0,780
2,xgboost,C,v2,False,2019-03-29,481.0,540
2,xgboost,C,v2,False,2019-04-01,1029.0,1192
2,xgboost,C,v2,False,2019-04-02,855.0,884
2,xgboost,C,v2,False,2019-04-03,790.0,828
2,xgboost,C,v2,False,2019-04-04,745.0,821
2,xgboost,C,v2,False,2019-04-05,575.0,601
2,xgboost,C,v2,False,2019-04-08,1105.0,1152
2,xgboost,C,v2,False,2019-04-09,876.0,907
2,xgboost,C,v2,False,2019-04-10,789.0,898
2,xgboost,C,v2,False,2019-04-11,845.0,887
2,xgboost,C,v2,False,2019-04-12,553.0,666
2,xgboost,C,v2,False,2019-04-15,1184.0,1273
2,xgboost,C,v2,False,2019-04-16,905.0,932
2,xgboost,C,v2,False,2019-04-17,910.0,871
2,xgboost,C,v2,False,2019-04-18,767.0,794
2,xgboost,C,v2,False,2019-04-19,683.0,622
2,xgboost,C,v2,False,2019-04-22,1094.0,1092
2,xgboost,C,v2,False,2019-04-23,886.0,854
2,xgboost,C,v2,False,2019-04-24,1034.0,853
2,xgboost,C,v2,False,2019-04-25,702.0,785
2,xgboost,C,v2,False,2019-04-26,572.0,612
2,xgboost,C,v2,False,2019-04-29,1207.0,1096
2,xgboost,C,v2,False,2019-04-30,714.0,728
2,xgboost,C,v2,False,2019-05-02,758.0,644
2,xgboost,C,v2,False,2019-05-03,654.0,567
2,xgboost,C,v2,False,2019-05-07,1221.0,765
2,xgboost,C,v2,False,2019-05-08,881.0,805
2,xgboost,C,v2,False,2019-05-09,958.0,763
2,xgboost,C,v2,False,2019-05-10,607.0,582
2,xgboost,C,v2,False,2019-05-13,1111.0,1144
2,xgboost,C,v2,False,2019-05-14,907.0,850
2,xgboost,C,v2,False,2019-05-15,888.0,824
2,xgboost,C,v2,False,2019-05-16,790.0,804
2,xgboost,C,v2,False,2019-05-17,408.0,587
2,xgboost,C,v2,False,2019-05-20,1174.0,1157
2,xgboost,C,v2,False,2019-05-21,844.0,821
2,xgboost,C,v2,False,2019-05-22,831.0,851
2,xgboost,C,v2,False,2019-05-23,658.0,761
2,xgboost,C,v2,False,2019-05-24,508.0,579
2,xgboost,C,v2,False,2019-05-27,1219.0,1213
2,xgboost,C,v2,False,2019-05-28,931.0,937
2,xgboost,C,v2,False,2019-05-29,896.0,937
2,xgboost,C,v2,False,2019-05-30,836.0,848
2,xgboost,C,v2,False,2019-05-31,640.0,632
2,xgboost,C,v2,False,2019-06-03,1221.0,1205
2,xgboost,C,v2,False,2019-06-04,962.0,1000
2,xgboost,C,v2,False,2019-06-05,761.0,898
2,xgboost,C,v2,False,2019-06-07,389.0,492
2,xgboost,C,v2,False,2019-06-10,1232.0,1184
2,xgboost,C,v2,False,2019-06-11,804.0,944
2,xgboost,C,v2,False,2019-06-12,876.0,885
2,xgboost,C,v2,False,2019-06-13,679.0,839
2,xgboost,C,v2,False,2019-06-14,538.0,654
2,xgboost,C,v2,False,2019-06-17,1099.0,1180
2,xgboost,C,v2,False,2019-06-18,853.0,962
2,xgboost,C,v2,False,2019-06-19,882.0,932
2,xgboost,C,v2,False,2019-06-20,625.0,792
2,xgboost,C,v2,False,2019-06-21,505.0,658
2,xgboost,C,v2,False,2019-06-24,1105.0,1239
2,xgboost,C,v2,False,2019-06-25,775.0,928
2,xgboost,C,v2,False,2019-06-26,946.0,854
2,xgboost,C,v2,False,2019-06-27,808.0,822
2,xgboost,C,v2,False,2019-06-28,535.0,644
2,xgboost,C,v2,False,2019-07-01,1175.0,1247
2,xgboost,C,v2,False,2019-07-02,787.0,982
2,xgboost,C,v2,False,2019-07-03,910.0,923
2,xgboost,C,v2,False,2019-07-04,699.0,750
2,xgboost,C,v2,False,2019-07-05,546.0,664
2,xgboost,C,v2,False,2019-07-08,985.0,1134
2,xgboost,C,v2,False,2019-07-09,861.0,912
2,xgboost,C,v2,False,2019-07-10,862.0,791
2,xgboost,C,v2,False,2019-07-11,730.0,783
2,xgboost,C,v2,False,2019-07-12,856.0,588
2,xgboost,C,v2,False,2019-07-15,1127.0,1200
2,xgboost,C,v2,False,2019-07-16,952.0,1020
2,xgboost,C,v2,False,2019-07-17,814.0,922
2,xgboost,C,v2,False,2019-07-18,734.0,860
2,xgboost,C,v2,False,2019-07-19,538.0,605
2,xgboost,C,v2,False,2019-07-22,1013.0,1100
2,xgboost,C,v2,False,2019-07-23,855.0,864
2,xgboost,C,v2,False,2019-07-24,744.0,827
2,xgboost,C,v2,False,2019-07-25,668.0,662
2,xgboost,C,v2,False,2019-07-26,462.0,639
2,xgboost,C,v2,False,2019-07-29,898.0,1001
2,xgboost,C,v2,False,2019-07-30,745.0,800
2,xgboost,C,v2,False,2019-07-31,619.0,773
2,xgboost,C,v2,False,2019-08-01,648.0,747
2,xgboost,C,v2,False,2019-08-02,440.0,535
2,xgboost,C,v2,False,2019-08-05,936.0,1062
2,xgboost,C,v2,False,2019-08-06,798.0,897
2,xgboost,C,v2,False,2019-08-07,841.0,894
2,xgboost,C,v2,False,2019-08-08,781.0,691
2,xgboost,C,v2,False,2019-08-09,641.0,608
2,xgboost,C,v2,False,2019-08-12,1073.0,1037
2,xgboost,C,v2,False,2019-08-13,813.0,711
2,xgboost,C,v2,False,2019-08-14,713.0,757
2,xgboost,C,v2,False,2019-08-16,466.0,525
2,xgboost,C,v2,False,2019-08-19,1249.0,1097
2,xgboost,C,v2,False,2019-08-20,955.0,813
2,xgboost,C,v2,False,2019-08-21,923.0,816
2,xgboost,C,v2,False,2019-08-22,880.0,770
2,xgboost,C,v2,False,2019-08-23,599.0,620
2,xgboost,C,v2,False,2019-08-26,1221.0,1203
2,xgboost,C,v2,False,2019-08-27,921.0,838
2,xgboost,C,v2,False,2019-08-28,899.0,849
2,xgboost,C,v2,False,2019-08-29,845.0,791
2,xgboost,C,v2,False,2019-08-30,575.0,623
2,xgboost,C,v2,False,2019-09-02,1363.0,1225
2,xgboost,C,v2,False,2019-09-03,944.0,884
2,xgboost,C,v2,False,2019-09-04,769.0,884
2,xgboost,C,v2,False,2019-09-05,778.0,802
2,xgboost,C,v2,False,2019-09-06,687.0,675
2,xgboost,C,v2,False,2019-09-09,1228.0,1219
2,xgboost,C,v2,False,2019-09-10,812.0,961
2,xgboost,C,v2,False,2019-09-11,916.0,947
2,xgboost,C,v2,False,2019-09-16,1283.0,1158
2,xgboost,C,v2,False,2019-09-17,1010.0,941
2,xgboost,C,v2,False,2019-09-18,1006.0,932
2,xgboost,C,v2,False,2019-09-19,701.0,848
2,xgboost,C,v2,False,2019-09-20,662.0,674
2,xgboost,C,v2,False,2019-09-23,1239.0,1227
2,xgboost,C,v2,False,2019-09-24,899.0,918
2,xgboost,C,v2,False,2019-09-25,803.0,891
2,xgboost,C,v2,False,2019-09-26,620.0,856
2,xgboost,C,v2,False,2019-09-27,722.0,644
2,xgboost,C,v2,False,2019-09-30,1030.0,1009
2,xgboost,C,v2,False,2019-10-02,1241.0,975
2,xgboost,C,v2,False,2019-10-04,1215.0,855
2,xgboost,C,v2,False,2019-10-07,1133.0,1225
2,xgboost,C,v2,False,2019-10-08,883.0,793
2,xgboost,C,v2,False,2019-10-10,862.0,687
2,xgboost,C,v2,False,2019-10-11,566.0,645
2,xgboost,D,v1,False,2019-03-05,940.0,889
2,xgboost,D,v1,False,2019-03-06,1061.0,890
2,xgboost,D,v1,False,2019-03-07,845.0,862
2,xgboost,D,v1,False,2019-03-08,663.0,635
2,xgboost,D,v1,False,2019-03-11,1277.0,1196
2,xgboost,D,v1,False,2019-03-12,956.0,861
2,xgboost,D,v1,False,2019-03-13,953.0,870
2,xgboost,D,v1,False,2019-03-14,791.0,720
2,xgboost,D,v1,False,2019-03-15,630.0,577
2,xgboost,D,v1,False,2019-03-18,1261.0,1181
2,xgboost,D,v1,False,2019-03-19,990.0,870
2,xgboost,D,v1,False,2019-03-20,970.0,841
2,xgboost,D,v1,False,2019-03-21,1214.0,826
2,xgboost,D,v1,False,2019-03-22,567.0,626
2,xgboost,D,v1,False,2019-03-25,1150.0,1092
2,xgboost,D,v1,False,2019-03-26,919.0,855
2,xgboost,D,v1,False,2019-03-27,856.0,832
2,xgboost,D,v1,False,2019-03-28,810.0,764
2,xgboost,D,v1,False,2019-03-29,481.0,547
2,xgboost,D,v1,False,2019-04-01,1029.0,1193
2,xgboost,D,v1,False,2019-04-02,855.0,851
2,xgboost,D,v1,False,2019-04-03,790.0,774
2,xgboost,D,v1,False,2019-04-04,745.0,762
2,xgboost,D,v1,False,2019-04-05,575.0,565
2,xgboost,D,v1,False,2019-04-08,1105.0,1182
2,xgboost,D,v1,False,2019-04-09,876.0,913
2,xgboost,D,v1,False,2019-04-10,789.0,895
2,xgboost,D,v1,False,2019-04-11,845.0,864
2,xgboost,D,v1,False,2019-04-12,553.0,660
2,xgboost,D,v1,False,2019-04-15,1184.0,1254
2,xgboost,D,v1,False,2019-04-16,905.0,871
2,xgboost,D,v1,False,2019-04-17,910.0,842
2,xgboost,D,v1,False,2019-04-18,767.0,802
2,xgboost,D,v1,False,2019-04-19,683.0,625
2,xgboost,D,v1,False,2019-04-22,1094.0,1123
2,xgboost,D,v1,False,2019-04-23,886.0,859
2,xgboost,D,v1,False,2019-04-24,1034.0,847
2,xgboost,D,v1,False,2019-04-25,702.0,781
2,xgboost,D,v1,False,2019-04-26,572.0,627
2,xgboost,D,v1,False,2019-04-29,1207.0,1110
2,xgboost,D,v1,False,2019-04-30,714.0,726
2,xgboost,D,v1,False,2019-05-02,758.0,654
2,xgboost,D,v1,False,2019-05-03,654.0,545
2,xgboost,D,v1,False,2019-05-07,1221.0,783
2,xgboost,D,v1,False,2019-05-08,881.0,787
2,xgboost,D,v1,False,2019-05-09,958.0,767
2,xgboost,D,v1,False,2019-05-10,607.0,577
2,xgboost,D,v1,False,2019-05-13,1111.0,1142
2,xgboost,D,v1,False,2019-05-14,907.0,864
2,xgboost,D,v1,False,2019-05-15,888.0,834
2,xgboost,D,v1,False,2019-05-16,790.0,817
2,xgboost,D,v1,False,2019-05-17,408.0,604
2,xgboost,D,v1,False,2019-05-20,1174.0,1202
2,xgboost,D,v1,False,2019-05-21,844.0,826
2,xgboost,D,v1,False,2019-05-22,831.0,823
2,xgboost,D,v1,False,2019-05-23,658.0,733
2,xgboost,D,v1,False,2019-05-24,508.0,595
2,xgboost,D,v1,False,2019-05-27,1219.0,1220
2,xgboost,D,v1,False,2019-05-28,931.0,990
2,xgboost,D,v1,False,2019-05-29,896.0,916
2,xgboost,D,v1,False,2019-05-30,836.0,849
2,xgboost,D,v1,False,2019-05-31,640.0,599
2,xgboost,D,v1,False,2019-06-03,1221.0,1201
2,xgboost,D,v1,False,2019-06-04,962.0,997
2,xgboost,D,v1,False,2019-06-05,761.0,913
2,xgboost,D,v1,False,2019-06-07,389.0,524
2,xgboost,D,v1,False,2019-06-10,1232.0,1187
2,xgboost,D,v1,False,2019-06-11,804.0,936
2,xgboost,D,v1,False,2019-06-12,876.0,885
2,xgboost,D,v1,False,2019-06-13,679.0,862
2,xgboost,D,v1,False,2019-06-14,538.0,670
2,xgboost,D,v1,False,2019-06-17,1099.0,1174
2,xgboost,D,v1,False,2019-06-18,853.0,950
2,xgboost,D,v1,False,2019-06-19,882.0,945
2,xgboost,D,v1,False,2019-06-20,625.0,805
2,xgboost,D,v1,False,2019-06-21,505.0,672
2,xgboost,D,v1,False,2019-06-24,1105.0,1234
2,xgboost,D,v1,False,2019-06-25,775.0,928
2,xgboost,D,v1,False,2019-06-26,946.0,876
2,xgboost,D,v1,False,2019-06-27,808.0,891
2,xgboost,D,v1,False,2019-06-28,535.0,693
2,xgboost,D,v1,False,2019-07-01,1175.0,1212
2,xgboost,D,v1,False,2019-07-02,787.0,961
2,xgboost,D,v1,False,2019-07-03,910.0,915
2,xgboost,D,v1,False,2019-07-04,699.0,750
2,xgboost,D,v1,False,2019-07-05,546.0,688
2,xgboost,D,v1,False,2019-07-08,985.0,1137
2,xgboost,D,v1,False,2019-07-09,861.0,911
2,xgboost,D,v1,False,2019-07-10,862.0,816
2,xgboost,D,v1,False,2019-07-11,730.0,771
2,xgboost,D,v1,False,2019-07-12,856.0,586
2,xgboost,D,v1,False,2019-07-15,1127.0,1180
2,xgboost,D,v1,False,2019-07-16,952.0,1021
2,xgboost,D,v1,False,2019-07-17,814.0,912
2,xgboost,D,v1,False,2019-07-18,734.0,838
2,xgboost,D,v1,False,2019-07-19,538.0,644
2,xgboost,D,v1,False,2019-07-22,1013.0,1072
2,xgboost,D,v1,False,2019-07-23,855.0,842
2,xgboost,D,v1,False,2019-07-24,744.0,833
2,xgboost,D,v1,False,2019-07-25,668.0,692
2,xgboost,D,v1,False,2019-07-26,462.0,659
2,xgboost,D,v1,False,2019-07-29,898.0,1032
2,xgboost,D,v1,False,2019-07-30,745.0,830
2,xgboost,D,v1,False,2019-07-31,619.0,829
2,xgboost,D,v1,False,2019-08-01,648.0,755
2,xgboost,D,v1,False,2019-08-02,440.0,562
2,xgboost,D,v1,False,2019-08-05,936.0,1038
2,xgboost,D,v1,False,2019-08-06,798.0,888
2,xgboost,D,v1,False,2019-08-07,841.0,907
2,xgboost,D,v1,False,2019-08-08,781.0,717
2,xgboost,D,v1,False,2019-08-09,641.0,675
2,xgboost,D,v1,False,2019-08-12,1073.0,1054
2,xgboost,D,v1,False,2019-08-13,813.0,749
2,xgboost,D,v1,False,2019-08-14,713.0,772
2,xgboost,D,v1,False,2019-08-16,466.0,561
2,xgboost,D,v1,False,2019-08-19,1249.0,1091
2,xgboost,D,v1,False,2019-08-20,955.0,811
2,xgboost,D,v1,False,2019-08-21,923.0,818
2,xgboost,D,v1,False,2019-08-22,880.0,773
2,xgboost,D,v1,False,2019-08-23,599.0,621
2,xgboost,D,v1,False,2019-08-26,1221.0,1190
2,xgboost,D,v1,False,2019-08-27,921.0,810
2,xgboost,D,v1,False,2019-08-28,899.0,819
2,xgboost,D,v1,False,2019-08-29,845.0,738
2,xgboost,D,v1,False,2019-08-30,575.0,594
2,xgboost,D,v1,False,2019-09-02,1363.0,1207
2,xgboost,D,v1,False,2019-09-03,944.0,898
2,xgboost,D,v1,False,2019-09-04,769.0,865
2,xgboost,D,v1,False,2019-09-05,778.0,733
2,xgboost,D,v1,False,2019-09-06,687.0,642
2,xgboost,D,v1,False,2019-09-09,1228.0,1167
2,xgboost,D,v1,False,2019-09-10,812.0,914
2,xgboost,D,v1,False,2019-09-11,916.0,946
2,xgboost,D,v1,False,2019-09-16,1283.0,1147
2,xgboost,D,v1,False,2019-09-17,1010.0,950
2,xgboost,D,v1,False,2019-09-18,1006.0,943
2,xgboost,D,v1,False,2019-09-19,701.0,827
2,xgboost,D,v1,False,2019-09-20,662.0,657
2,xgboost,D,v1,False,2019-09-23,1239.0,1271
2,xgboost,D,v1,False,2019-09-24,899.0,908
2,xgboost,D,v1,False,2019-09-25,803.0,866
2,xgboost,D,v1,False,2019-09-26,620.0,817
2,xgboost,D,v1,False,2019-09-27,722.0,624
2,xgboost,D,v1,False,2019-09-30,1030.0,999
2,xgboost,D,v1,False,2019-10-02,1241.0,980
2,xgboost,D,v1,False,2019-10-04,1215.0,869
2,xgboost,D,v1,False,2019-10-07,1133.0,1230
2,xgboost,D,v1,False,2019-10-08,883.0,839
2,xgboost,D,v1,False,2019-10-10,862.0,654
2,xgboost,D,v1,False,2019-10-11,566.0,590
2,xgboost,D,v2,False,2019-03-05,940.0,894
2,xgboost,D,v2,False,2019-03-06,1061.0,899
2,xgboost,D,v2,False,2019-03-07,845.0,866
2,xgboost,D,v2,False,2019-03-08,663.0,637
2,xgboost,D,v2,False,2019-03-11,1277.0,1205
2,xgboost,D,v2,False,2019-03-12,956.0,868
2,xgboost,D,v2,False,2019-03-13,953.0,859
2,xgboost,D,v2,False,2019-03-14,791.0,706
2,xgboost,D,v2,False,2019-03-15,630.0,569
2,xgboost,D,v2,False,2019-03-18,1261.0,1179
2,xgboost,D,v2,False,2019-03-19,990.0,872
2,xgboost,D,v2,False,2019-03-20,970.0,842
2,xgboost,D,v2,False,2019-03-21,1214.0,812
2,xgboost,D,v2,False,2019-03-22,567.0,644
2,xgboost,D,v2,False,2019-03-25,1150.0,1102
2,xgboost,D,v2,False,2019-03-26,919.0,856
2,xgboost,D,v2,False,2019-03-27,856.0,840
2,xgboost,D,v2,False,2019-03-28,810.0,771
2,xgboost,D,v2,False,2019-03-29,481.0,563
2,xgboost,D,v2,False,2019-04-01,1029.0,1196
2,xgboost,D,v2,False,2019-04-02,855.0,840
2,xgboost,D,v2,False,2019-04-03,790.0,788
2,xgboost,D,v2,False,2019-04-04,745.0,759
2,xgboost,D,v2,False,2019-04-05,575.0,585
2,xgboost,D,v2,False,2019-04-08,1105.0,1185
2,xgboost,D,v2,False,2019-04-09,876.0,921
2,xgboost,D,v2,False,2019-04-10,789.0,897
2,xgboost,D,v2,False,2019-04-11,845.0,867
2,xgboost,D,v2,False,2019-04-12,553.0,648
2,xgboost,D,v2,False,2019-04-15,1184.0,1257
2,xgboost,D,v2,False,2019-04-16,905.0,893
2,xgboost,D,v2,False,2019-04-17,910.0,854
2,xgboost,D,v2,False,2019-04-18,767.0,815
2,xgboost,D,v2,False,2019-04-19,683.0,645
2,xgboost,D,v2,False,2019-04-22,1094.0,1126
2,xgboost,D,v2,False,2019-04-23,886.0,872
2,xgboost,D,v2,False,2019-04-24,1034.0,863
2,xgboost,D,v2,False,2019-04-25,702.0,786
2,xgboost,D,v2,False,2019-04-26,572.0,613
2,xgboost,D,v2,False,2019-04-29,1207.0,1124
2,xgboost,D,v2,False,2019-04-30,714.0,714
2,xgboost,D,v2,False,2019-05-02,758.0,672
2,xgboost,D,v2,False,2019-05-03,654.0,563
2,xgboost,D,v2,False,2019-05-07,1221.0,794
2,xgboost,D,v2,False,2019-05-08,881.0,811
2,xgboost,D,v2,False,2019-05-09,958.0,784
2,xgboost,D,v2,False,2019-05-10,607.0,591
2,xgboost,D,v2,False,2019-05-13,1111.0,1155
2,xgboost,D,v2,False,2019-05-14,907.0,871
2,xgboost,D,v2,False,2019-05-15,888.0,847
2,xgboost,D,v2,False,2019-05-16,790.0,828
2,xgboost,D,v2,False,2019-05-17,408.0,627
2,xgboost,D,v2,False,2019-05-20,1174.0,1207
2,xgboost,D,v2,False,2019-05-21,844.0,832
2,xgboost,D,v2,False,2019-05-22,831.0,848
2,xgboost,D,v2,False,2019-05-23,658.0,748
2,xgboost,D,v2,False,2019-05-24,508.0,612
2,xgboost,D,v2,False,2019-05-27,1219.0,1231
2,xgboost,D,v2,False,2019-05-28,931.0,992
2,xgboost,D,v2,False,2019-05-29,896.0,932
2,xgboost,D,v2,False,2019-05-30,836.0,858
2,xgboost,D,v2,False,2019-05-31,640.0,606
2,xgboost,D,v2,False,2019-06-03,1221.0,1199
2,xgboost,D,v2,False,2019-06-04,962.0,993
2,xgboost,D,v2,False,2019-06-05,761.0,913
2,xgboost,D,v2,False,2019-06-07,389.0,507
2,xgboost,D,v2,False,2019-06-10,1232.0,1180
2,xgboost,D,v2,False,2019-06-11,804.0,941
2,xgboost,D,v2,False,2019-06-12,876.0,880
2,xgboost,D,v2,False,2019-06-13,679.0,863
2,xgboost,D,v2,False,2019-06-14,538.0,672
2,xgboost,D,v2,False,2019-06-17,1099.0,1172
2,xgboost,D,v2,False,2019-06-18,853.0,953
2,xgboost,D,v2,False,2019-06-19,882.0,942
2,xgboost,D,v2,False,2019-06-20,625.0,819
2,xgboost,D,v2,False,2019-06-21,505.0,673
2,xgboost,D,v2,False,2019-06-24,1105.0,1231
2,xgboost,D,v2,False,2019-06-25,775.0,923
2,xgboost,D,v2,False,2019-06-26,946.0,873
2,xgboost,D,v2,False,2019-06-27,808.0,896
2,xgboost,D,v2,False,2019-06-28,535.0,696
2,xgboost,D,v2,False,2019-07-01,1175.0,1221
2,xgboost,D,v2,False,2019-07-02,787.0,966
2,xgboost,D,v2,False,2019-07-03,910.0,910
2,xgboost,D,v2,False,2019-07-04,699.0,746
2,xgboost,D,v2,False,2019-07-05,546.0,694
2,xgboost,D,v2,False,2019-07-08,985.0,1133
2,xgboost,D,v2,False,2019-07-09,861.0,922
2,xgboost,D,v2,False,2019-07-10,862.0,815
2,xgboost,D,v2,False,2019-07-11,730.0,768
2,xgboost,D,v2,False,2019-07-12,856.0,579
2,xgboost,D,v2,False,2019-07-15,1127.0,1175
2,xgboost,D,v2,False,2019-07-16,952.0,1030
2,xgboost,D,v2,False,2019-07-17,814.0,901
2,xgboost,D,v2,False,2019-07-18,734.0,836
2,xgboost,D,v2,False,2019-07-19,538.0,639
2,xgboost,D,v2,False,2019-07-22,1013.0,1060
2,xgboost,D,v2,False,2019-07-23,855.0,829
2,xgboost,D,v2,False,2019-07-24,744.0,823
2,xgboost,D,v2,False,2019-07-25,668.0,693
2,xgboost,D,v2,False,2019-07-26,462.0,677
2,xgboost,D,v2,False,2019-07-29,898.0,1033
2,xgboost,D,v2,False,2019-07-30,745.0,835
2,xgboost,D,v2,False,2019-07-31,619.0,824
2,xgboost,D,v2,False,2019-08-01,648.0,758
2,xgboost,D,v2,False,2019-08-02,440.0,561
2,xgboost,D,v2,False,2019-08-05,936.0,1042
2,xgboost,D,v2,False,2019-08-06,798.0,889
2,xgboost,D,v2,False,2019-08-07,841.0,915
2,xgboost,D,v2,False,2019-08-08,781.0,715
2,xgboost,D,v2,False,2019-08-09,641.0,656
2,xgboost,D,v2,False,2019-08-12,1073.0,1056
2,xgboost,D,v2,False,2019-08-13,813.0,754
2,xgboost,D,v2,False,2019-08-14,713.0,773
2,xgboost,D,v2,False,2019-08-16,466.0,560
2,xgboost,D,v2,False,2019-08-19,1249.0,1086
2,xgboost,D,v2,False,2019-08-20,955.0,808
2,xgboost,D,v2,False,2019-08-21,923.0,823
2,xgboost,D,v2,False,2019-08-22,880.0,763
2,xgboost,D,v2,False,2019-08-23,599.0,598
2,xgboost,D,v2,False,2019-08-26,1221.0,1187
2,xgboost,D,v2,False,2019-08-27,921.0,815
2,xgboost,D,v2,False,2019-08-28,899.0,811
2,xgboost,D,v2,False,2019-08-29,845.0,734
2,xgboost,D,v2,False,2019-08-30,575.0,592
2,xgboost,D,v2,False,2019-09-02,1363.0,1225
2,xgboost,D,v2,False,2019-09-03,944.0,875
2,xgboost,D,v2,False,2019-09-04,769.0,857
2,xgboost,D,v2,False,2019-09-05,778.0,734
2,xgboost,D,v2,False,2019-09-06,687.0,631
2,xgboost,D,v2,False,2019-09-09,1228.0,1166
2,xgboost,D,v2,False,2019-09-10,812.0,906
2,xgboost,D,v2,False,2019-09-11,916.0,927
2,xgboost,D,v2,False,2019-09-16,1283.0,1143
2,xgboost,D,v2,False,2019-09-17,1010.0,948
2,xgboost,D,v2,False,2019-09-18,1006.0,947
2,xgboost,D,v2,False,2019-09-19,701.0,829
2,xgboost,D,v2,False,2019-09-20,662.0,653
2,xgboost,D,v2,False,2019-09-23,1239.0,1268
2,xgboost,D,v2,False,2019-09-24,899.0,896
2,xgboost,D,v2,False,2019-09-25,803.0,871
2,xgboost,D,v2,False,2019-09-26,620.0,820
2,xgboost,D,v2,False,2019-09-27,722.0,621
2,xgboost,D,v2,False,2019-09-30,1030.0,984
2,xgboost,D,v2,False,2019-10-02,1241.0,982
2,xgboost,D,v2,False,2019-10-04,1215.0,864
2,xgboost,D,v2,False,2019-10-07,1133.0,1236
2,xgboost,D,v2,False,2019-10-08,883.0,799
2,xgboost,D,v2,False,2019-10-10,862.0,663
2,xgboost,D,v2,False,2019-10-11,566.0,585
3,train_mean,baseline,n/a,False,2019-10-14,1140.0,897
3,train_mean,baseline,n/a,False,2019-10-15,867.0,897
3,train_mean,baseline,n/a,False,2019-10-16,765.0,897
3,train_mean,baseline,n/a,False,2019-10-17,708.0,897
3,train_mean,baseline,n/a,False,2019-10-18,581.0,897
3,train_mean,baseline,n/a,False,2019-10-21,1107.0,897
3,train_mean,baseline,n/a,False,2019-10-22,1090.0,897
3,train_mean,baseline,n/a,False,2019-10-23,785.0,897
3,train_mean,baseline,n/a,False,2019-10-24,705.0,897
3,train_mean,baseline,n/a,False,2019-10-25,546.0,897
3,train_mean,baseline,n/a,False,2019-10-28,915.0,897
3,train_mean,baseline,n/a,False,2019-10-29,808.0,897
3,train_mean,baseline,n/a,False,2019-10-30,771.0,897
3,train_mean,baseline,n/a,False,2019-10-31,671.0,897
3,train_mean,baseline,n/a,False,2019-11-01,586.0,897
3,train_mean,baseline,n/a,False,2019-11-04,1058.0,897
3,train_mean,baseline,n/a,False,2019-11-05,773.0,897
3,train_mean,baseline,n/a,False,2019-11-06,773.0,897
3,train_mean,baseline,n/a,False,2019-11-07,700.0,897
3,train_mean,baseline,n/a,False,2019-11-08,535.0,897
3,train_mean,baseline,n/a,False,2019-11-11,1079.0,897
3,train_mean,baseline,n/a,False,2019-11-12,769.0,897
3,train_mean,baseline,n/a,False,2019-11-13,733.0,897
3,train_mean,baseline,n/a,False,2019-11-14,677.0,897
3,train_mean,baseline,n/a,False,2019-11-15,543.0,897
3,train_mean,baseline,n/a,False,2019-11-18,1032.0,897
3,train_mean,baseline,n/a,False,2019-11-19,762.0,897
3,train_mean,baseline,n/a,False,2019-11-20,759.0,897
3,train_mean,baseline,n/a,False,2019-11-21,613.0,897
3,train_mean,baseline,n/a,False,2019-11-22,551.0,897
3,train_mean,baseline,n/a,False,2019-11-25,1097.0,897
3,train_mean,baseline,n/a,False,2019-11-26,816.0,897
3,train_mean,baseline,n/a,False,2019-11-27,732.0,897
3,train_mean,baseline,n/a,False,2019-11-28,644.0,897
3,train_mean,baseline,n/a,False,2019-11-29,572.0,897
3,train_mean,baseline,n/a,False,2019-12-02,1140.0,897
3,train_mean,baseline,n/a,False,2019-12-03,873.0,897
3,train_mean,baseline,n/a,False,2019-12-04,879.0,897
3,train_mean,baseline,n/a,False,2019-12-05,779.0,897
3,train_mean,baseline,n/a,False,2019-12-06,631.0,897
3,train_mean,baseline,n/a,False,2019-12-09,1120.0,897
3,train_mean,baseline,n/a,False,2019-12-10,742.0,897
3,train_mean,baseline,n/a,False,2019-12-11,858.0,897
3,train_mean,baseline,n/a,False,2019-12-12,731.0,897
3,train_mean,baseline,n/a,False,2019-12-13,639.0,897
3,train_mean,baseline,n/a,False,2019-12-16,1103.0,897
3,train_mean,baseline,n/a,False,2019-12-17,739.0,897
3,train_mean,baseline,n/a,False,2019-12-18,683.0,897
3,train_mean,baseline,n/a,False,2019-12-19,862.0,897
3,train_mean,baseline,n/a,False,2019-12-20,481.0,897
3,train_mean,baseline,n/a,False,2019-12-23,741.0,897
3,train_mean,baseline,n/a,False,2019-12-24,462.0,897
3,train_mean,baseline,n/a,False,2019-12-26,594.0,897
3,train_mean,baseline,n/a,False,2019-12-27,387.0,897
3,train_mean,baseline,n/a,False,2019-12-30,652.0,897
3,train_mean,baseline,n/a,False,2019-12-31,349.0,897
3,train_mean,baseline,n/a,False,2020-01-02,985.0,897
3,train_mean,baseline,n/a,False,2020-01-03,635.0,897
3,train_mean,baseline,n/a,False,2020-01-06,1133.0,897
3,train_mean,baseline,n/a,False,2020-01-07,904.0,897
3,train_mean,baseline,n/a,False,2020-01-08,740.0,897
3,train_mean,baseline,n/a,False,2020-01-09,773.0,897
3,train_mean,baseline,n/a,False,2020-01-10,573.0,897
3,train_mean,baseline,n/a,False,2020-01-13,945.0,897
3,train_mean,baseline,n/a,False,2020-01-14,820.0,897
3,train_mean,baseline,n/a,False,2020-01-15,633.0,897
3,train_mean,baseline,n/a,False,2020-01-16,761.0,897
3,train_mean,baseline,n/a,False,2020-01-17,696.0,897
3,train_mean,baseline,n/a,False,2020-01-20,1075.0,897
3,train_mean,baseline,n/a,False,2020-01-21,868.0,897
3,train_mean,baseline,n/a,False,2020-01-22,782.0,897
3,train_mean,baseline,n/a,False,2020-01-23,685.0,897
3,train_mean,baseline,n/a,False,2020-01-28,1042.0,897
3,train_mean,baseline,n/a,False,2020-01-29,1197.0,897
3,train_mean,baseline,n/a,False,2020-01-30,736.0,897
3,train_mean,baseline,n/a,False,2020-01-31,623.0,897
3,train_mean,baseline,n/a,False,2020-02-03,1081.0,897
3,train_mean,baseline,n/a,False,2020-02-04,849.0,897
3,train_mean,baseline,n/a,False,2020-02-05,660.0,897
3,train_mean,baseline,n/a,False,2020-02-06,637.0,897
3,train_mean,baseline,n/a,False,2020-02-07,539.0,897
3,train_mean,baseline,n/a,False,2020-02-10,1233.0,897
3,train_mean,baseline,n/a,False,2020-02-11,1075.0,897
3,train_mean,baseline,n/a,False,2020-02-12,1173.0,897
3,train_mean,baseline,n/a,False,2020-02-13,834.0,897
3,train_mean,baseline,n/a,False,2020-02-14,776.0,897
3,train_mean,baseline,n/a,False,2020-02-17,1370.0,897
3,train_mean,baseline,n/a,False,2020-02-18,939.0,897
3,train_mean,baseline,n/a,False,2020-02-19,930.0,897
3,train_mean,baseline,n/a,False,2020-02-20,826.0,897
3,train_mean,baseline,n/a,False,2020-02-21,627.0,897
3,train_mean,baseline,n/a,False,2020-02-24,1282.0,897
3,train_mean,baseline,n/a,False,2020-02-25,1238.0,897
3,train_mean,baseline,n/a,False,2020-02-26,1105.0,897
3,train_mean,baseline,n/a,False,2020-02-27,1000.0,897
3,train_mean,baseline,n/a,False,2020-02-28,750.0,897
3,train_mean,baseline,n/a,False,2020-03-02,1362.0,897
3,train_mean,baseline,n/a,False,2020-03-03,1074.0,897
3,train_mean,baseline,n/a,False,2020-03-04,999.0,897
3,train_mean,baseline,n/a,False,2020-03-05,989.0,897
3,train_mean,baseline,n/a,False,2020-03-06,642.0,897
3,train_mean,baseline,n/a,False,2020-03-09,1276.0,897
3,train_mean,baseline,n/a,False,2020-03-10,1019.0,897
3,train_mean,baseline,n/a,False,2020-03-11,967.0,897
3,train_mean,baseline,n/a,False,2020-03-12,804.0,897
3,train_mean,baseline,n/a,False,2020-03-13,593.0,897
3,train_mean,baseline,n/a,False,2020-03-16,1284.0,897
3,train_mean,baseline,n/a,False,2020-03-17,914.0,897
3,train_mean,baseline,n/a,False,2020-03-18,831.0,897
3,train_mean,baseline,n/a,False,2020-03-19,829.0,897
3,train_mean,baseline,n/a,False,2020-03-20,627.0,897
3,train_mean,baseline,n/a,False,2020-03-23,1110.0,897
3,train_mean,baseline,n/a,False,2020-03-24,1083.0,897
3,train_mean,baseline,n/a,False,2020-03-25,1022.0,897
3,train_mean,baseline,n/a,False,2020-03-26,955.0,897
3,train_mean,baseline,n/a,False,2020-03-27,839.0,897
3,train_mean,baseline,n/a,False,2020-03-30,1000.0,897
3,train_mean,baseline,n/a,False,2020-03-31,859.0,897
3,train_mean,baseline,n/a,False,2020-04-01,939.0,897
3,train_mean,baseline,n/a,False,2020-04-02,1009.0,897
3,train_mean,baseline,n/a,False,2020-04-03,802.0,897
3,train_mean,baseline,n/a,False,2020-04-06,1161.0,897
3,train_mean,baseline,n/a,False,2020-04-07,969.0,897
3,train_mean,baseline,n/a,False,2020-04-08,1032.0,897
3,train_mean,baseline,n/a,False,2020-04-09,880.0,897
3,train_mean,baseline,n/a,False,2020-04-10,780.0,897
3,train_mean,baseline,n/a,False,2020-04-13,1145.0,897
3,train_mean,baseline,n/a,False,2020-04-14,879.0,897
3,train_mean,baseline,n/a,False,2020-04-16,947.0,897
3,train_mean,baseline,n/a,False,2020-04-17,759.0,897
3,train_mean,baseline,n/a,False,2020-04-20,1089.0,897
3,train_mean,baseline,n/a,False,2020-04-21,911.0,897
3,train_mean,baseline,n/a,False,2020-04-22,945.0,897
3,train_mean,baseline,n/a,False,2020-04-23,880.0,897
3,train_mean,baseline,n/a,False,2020-04-24,639.0,897
3,train_mean,baseline,n/a,False,2020-04-27,1223.0,897
3,train_mean,baseline,n/a,False,2020-04-28,824.0,897
3,train_mean,baseline,n/a,False,2020-04-29,680.0,897
3,train_mean,baseline,n/a,False,2020-05-04,504.0,897
3,train_mean,baseline,n/a,False,2020-05-06,1254.0,897
3,train_mean,baseline,n/a,False,2020-05-07,959.0,897
3,train_mean,baseline,n/a,False,2020-05-08,620.0,897
3,train_mean,baseline,n/a,False,2020-05-11,1249.0,897
3,train_mean,baseline,n/a,False,2020-05-12,968.0,897
3,train_mean,baseline,n/a,False,2020-05-13,844.0,897
3,train_mean,baseline,n/a,False,2020-05-14,793.0,897
3,train_mean,baseline,n/a,False,2020-05-15,614.0,897
3,train_mean,baseline,n/a,False,2020-05-18,1141.0,897
3,train_mean,baseline,n/a,False,2020-05-19,935.0,897
3,train_mean,baseline,n/a,False,2020-05-20,791.0,897
3,weekday_mean,baseline,n/a,False,2019-10-14,1140.0,1155
3,weekday_mean,baseline,n/a,False,2019-10-15,867.0,931
3,weekday_mean,baseline,n/a,False,2019-10-16,765.0,914
3,weekday_mean,baseline,n/a,False,2019-10-17,708.0,832
3,weekday_mean,baseline,n/a,False,2019-10-18,581.0,665
3,weekday_mean,baseline,n/a,False,2019-10-21,1107.0,1155
3,weekday_mean,baseline,n/a,False,2019-10-22,1090.0,931
3,weekday_mean,baseline,n/a,False,2019-10-23,785.0,914
3,weekday_mean,baseline,n/a,False,2019-10-24,705.0,832
3,weekday_mean,baseline,n/a,False,2019-10-25,546.0,665
3,weekday_mean,baseline,n/a,False,2019-10-28,915.0,1155
3,weekday_mean,baseline,n/a,False,2019-10-29,808.0,931
3,weekday_mean,baseline,n/a,False,2019-10-30,771.0,914
3,weekday_mean,baseline,n/a,False,2019-10-31,671.0,832
3,weekday_mean,baseline,n/a,False,2019-11-01,586.0,665
3,weekday_mean,baseline,n/a,False,2019-11-04,1058.0,1155
3,weekday_mean,baseline,n/a,False,2019-11-05,773.0,931
3,weekday_mean,baseline,n/a,False,2019-11-06,773.0,914
3,weekday_mean,baseline,n/a,False,2019-11-07,700.0,832
3,weekday_mean,baseline,n/a,False,2019-11-08,535.0,665
3,weekday_mean,baseline,n/a,False,2019-11-11,1079.0,1155
3,weekday_mean,baseline,n/a,False,2019-11-12,769.0,931
3,weekday_mean,baseline,n/a,False,2019-11-13,733.0,914
3,weekday_mean,baseline,n/a,False,2019-11-14,677.0,832
3,weekday_mean,baseline,n/a,False,2019-11-15,543.0,665
3,weekday_mean,baseline,n/a,False,2019-11-18,1032.0,1155
3,weekday_mean,baseline,n/a,False,2019-11-19,762.0,931
3,weekday_mean,baseline,n/a,False,2019-11-20,759.0,914
3,weekday_mean,baseline,n/a,False,2019-11-21,613.0,832
3,weekday_mean,baseline,n/a,False,2019-11-22,551.0,665
3,weekday_mean,baseline,n/a,False,2019-11-25,1097.0,1155
3,weekday_mean,baseline,n/a,False,2019-11-26,816.0,931
3,weekday_mean,baseline,n/a,False,2019-11-27,732.0,914
3,weekday_mean,baseline,n/a,False,2019-11-28,644.0,832
3,weekday_mean,baseline,n/a,False,2019-11-29,572.0,665
3,weekday_mean,baseline,n/a,False,2019-12-02,1140.0,1155
3,weekday_mean,baseline,n/a,False,2019-12-03,873.0,931
3,weekday_mean,baseline,n/a,False,2019-12-04,879.0,914
3,weekday_mean,baseline,n/a,False,2019-12-05,779.0,832
3,weekday_mean,baseline,n/a,False,2019-12-06,631.0,665
3,weekday_mean,baseline,n/a,False,2019-12-09,1120.0,1155
3,weekday_mean,baseline,n/a,False,2019-12-10,742.0,931
3,weekday_mean,baseline,n/a,False,2019-12-11,858.0,914
3,weekday_mean,baseline,n/a,False,2019-12-12,731.0,832
3,weekday_mean,baseline,n/a,False,2019-12-13,639.0,665
3,weekday_mean,baseline,n/a,False,2019-12-16,1103.0,1155
3,weekday_mean,baseline,n/a,False,2019-12-17,739.0,931
3,weekday_mean,baseline,n/a,False,2019-12-18,683.0,914
3,weekday_mean,baseline,n/a,False,2019-12-19,862.0,832
3,weekday_mean,baseline,n/a,False,2019-12-20,481.0,665
3,weekday_mean,baseline,n/a,False,2019-12-23,741.0,1155
3,weekday_mean,baseline,n/a,False,2019-12-24,462.0,931
3,weekday_mean,baseline,n/a,False,2019-12-26,594.0,832
3,weekday_mean,baseline,n/a,False,2019-12-27,387.0,665
3,weekday_mean,baseline,n/a,False,2019-12-30,652.0,1155
3,weekday_mean,baseline,n/a,False,2019-12-31,349.0,931
3,weekday_mean,baseline,n/a,False,2020-01-02,985.0,832
3,weekday_mean,baseline,n/a,False,2020-01-03,635.0,665
3,weekday_mean,baseline,n/a,False,2020-01-06,1133.0,1155
3,weekday_mean,baseline,n/a,False,2020-01-07,904.0,931
3,weekday_mean,baseline,n/a,False,2020-01-08,740.0,914
3,weekday_mean,baseline,n/a,False,2020-01-09,773.0,832
3,weekday_mean,baseline,n/a,False,2020-01-10,573.0,665
3,weekday_mean,baseline,n/a,False,2020-01-13,945.0,1155
3,weekday_mean,baseline,n/a,False,2020-01-14,820.0,931
3,weekday_mean,baseline,n/a,False,2020-01-15,633.0,914
3,weekday_mean,baseline,n/a,False,2020-01-16,761.0,832
3,weekday_mean,baseline,n/a,False,2020-01-17,696.0,665
3,weekday_mean,baseline,n/a,False,2020-01-20,1075.0,1155
3,weekday_mean,baseline,n/a,False,2020-01-21,868.0,931
3,weekday_mean,baseline,n/a,False,2020-01-22,782.0,914
3,weekday_mean,baseline,n/a,False,2020-01-23,685.0,832
3,weekday_mean,baseline,n/a,False,2020-01-28,1042.0,931
3,weekday_mean,baseline,n/a,False,2020-01-29,1197.0,914
3,weekday_mean,baseline,n/a,False,2020-01-30,736.0,832
3,weekday_mean,baseline,n/a,False,2020-01-31,623.0,665
3,weekday_mean,baseline,n/a,False,2020-02-03,1081.0,1155
3,weekday_mean,baseline,n/a,False,2020-02-04,849.0,931
3,weekday_mean,baseline,n/a,False,2020-02-05,660.0,914
3,weekday_mean,baseline,n/a,False,2020-02-06,637.0,832
3,weekday_mean,baseline,n/a,False,2020-02-07,539.0,665
3,weekday_mean,baseline,n/a,False,2020-02-10,1233.0,1155
3,weekday_mean,baseline,n/a,False,2020-02-11,1075.0,931
3,weekday_mean,baseline,n/a,False,2020-02-12,1173.0,914
3,weekday_mean,baseline,n/a,False,2020-02-13,834.0,832
3,weekday_mean,baseline,n/a,False,2020-02-14,776.0,665
3,weekday_mean,baseline,n/a,False,2020-02-17,1370.0,1155
3,weekday_mean,baseline,n/a,False,2020-02-18,939.0,931
3,weekday_mean,baseline,n/a,False,2020-02-19,930.0,914
3,weekday_mean,baseline,n/a,False,2020-02-20,826.0,832
3,weekday_mean,baseline,n/a,False,2020-02-21,627.0,665
3,weekday_mean,baseline,n/a,False,2020-02-24,1282.0,1155
3,weekday_mean,baseline,n/a,False,2020-02-25,1238.0,931
3,weekday_mean,baseline,n/a,False,2020-02-26,1105.0,914
3,weekday_mean,baseline,n/a,False,2020-02-27,1000.0,832
3,weekday_mean,baseline,n/a,False,2020-02-28,750.0,665
3,weekday_mean,baseline,n/a,False,2020-03-02,1362.0,1155
3,weekday_mean,baseline,n/a,False,2020-03-03,1074.0,931
3,weekday_mean,baseline,n/a,False,2020-03-04,999.0,914
3,weekday_mean,baseline,n/a,False,2020-03-05,989.0,832
3,weekday_mean,baseline,n/a,False,2020-03-06,642.0,665
3,weekday_mean,baseline,n/a,False,2020-03-09,1276.0,1155
3,weekday_mean,baseline,n/a,False,2020-03-10,1019.0,931
3,weekday_mean,baseline,n/a,False,2020-03-11,967.0,914
3,weekday_mean,baseline,n/a,False,2020-03-12,804.0,832
3,weekday_mean,baseline,n/a,False,2020-03-13,593.0,665
3,weekday_mean,baseline,n/a,False,2020-03-16,1284.0,1155
3,weekday_mean,baseline,n/a,False,2020-03-17,914.0,931
3,weekday_mean,baseline,n/a,False,2020-03-18,831.0,914
3,weekday_mean,baseline,n/a,False,2020-03-19,829.0,832
3,weekday_mean,baseline,n/a,False,2020-03-20,627.0,665
3,weekday_mean,baseline,n/a,False,2020-03-23,1110.0,1155
3,weekday_mean,baseline,n/a,False,2020-03-24,1083.0,931
3,weekday_mean,baseline,n/a,False,2020-03-25,1022.0,914
3,weekday_mean,baseline,n/a,False,2020-03-26,955.0,832
3,weekday_mean,baseline,n/a,False,2020-03-27,839.0,665
3,weekday_mean,baseline,n/a,False,2020-03-30,1000.0,1155
3,weekday_mean,baseline,n/a,False,2020-03-31,859.0,931
3,weekday_mean,baseline,n/a,False,2020-04-01,939.0,914
3,weekday_mean,baseline,n/a,False,2020-04-02,1009.0,832
3,weekday_mean,baseline,n/a,False,2020-04-03,802.0,665
3,weekday_mean,baseline,n/a,False,2020-04-06,1161.0,1155
3,weekday_mean,baseline,n/a,False,2020-04-07,969.0,931
3,weekday_mean,baseline,n/a,False,2020-04-08,1032.0,914
3,weekday_mean,baseline,n/a,False,2020-04-09,880.0,832
3,weekday_mean,baseline,n/a,False,2020-04-10,780.0,665
3,weekday_mean,baseline,n/a,False,2020-04-13,1145.0,1155
3,weekday_mean,baseline,n/a,False,2020-04-14,879.0,931
3,weekday_mean,baseline,n/a,False,2020-04-16,947.0,832
3,weekday_mean,baseline,n/a,False,2020-04-17,759.0,665
3,weekday_mean,baseline,n/a,False,2020-04-20,1089.0,1155
3,weekday_mean,baseline,n/a,False,2020-04-21,911.0,931
3,weekday_mean,baseline,n/a,False,2020-04-22,945.0,914
3,weekday_mean,baseline,n/a,False,2020-04-23,880.0,832
3,weekday_mean,baseline,n/a,False,2020-04-24,639.0,665
3,weekday_mean,baseline,n/a,False,2020-04-27,1223.0,1155
3,weekday_mean,baseline,n/a,False,2020-04-28,824.0,931
3,weekday_mean,baseline,n/a,False,2020-04-29,680.0,914
3,weekday_mean,baseline,n/a,False,2020-05-04,504.0,1155
3,weekday_mean,baseline,n/a,False,2020-05-06,1254.0,914
3,weekday_mean,baseline,n/a,False,2020-05-07,959.0,832
3,weekday_mean,baseline,n/a,False,2020-05-08,620.0,665
3,weekday_mean,baseline,n/a,False,2020-05-11,1249.0,1155
3,weekday_mean,baseline,n/a,False,2020-05-12,968.0,931
3,weekday_mean,baseline,n/a,False,2020-05-13,844.0,914
3,weekday_mean,baseline,n/a,False,2020-05-14,793.0,832
3,weekday_mean,baseline,n/a,False,2020-05-15,614.0,665
3,weekday_mean,baseline,n/a,False,2020-05-18,1141.0,1155
3,weekday_mean,baseline,n/a,False,2020-05-19,935.0,931
3,weekday_mean,baseline,n/a,False,2020-05-20,791.0,914
3,available_rate,baseline,n/a,False,2019-10-14,1140.0,1043
3,available_rate,baseline,n/a,False,2019-10-15,867.0,1050
3,available_rate,baseline,n/a,False,2019-10-16,765.0,1042
3,available_rate,baseline,n/a,False,2019-10-17,708.0,1022
3,available_rate,baseline,n/a,False,2019-10-18,581.0,951
3,available_rate,baseline,n/a,False,2019-10-21,1107.0,1041
3,available_rate,baseline,n/a,False,2019-10-22,1090.0,1010
3,available_rate,baseline,n/a,False,2019-10-23,785.0,1049
3,available_rate,baseline,n/a,False,2019-10-24,705.0,1023
3,available_rate,baseline,n/a,False,2019-10-25,546.0,948
3,available_rate,baseline,n/a,False,2019-10-28,915.0,1006
3,available_rate,baseline,n/a,False,2019-10-29,808.0,1037
3,available_rate,baseline,n/a,False,2019-10-30,771.0,1033
3,available_rate,baseline,n/a,False,2019-10-31,671.0,1023
3,available_rate,baseline,n/a,False,2019-11-01,586.0,966
3,available_rate,baseline,n/a,False,2019-11-04,1058.0,1035
3,available_rate,baseline,n/a,False,2019-11-05,773.0,1042
3,available_rate,baseline,n/a,False,2019-11-06,773.0,1027
3,available_rate,baseline,n/a,False,2019-11-07,700.0,1019
3,available_rate,baseline,n/a,False,2019-11-08,535.0,964
3,available_rate,baseline,n/a,False,2019-11-11,1079.0,1038
3,available_rate,baseline,n/a,False,2019-11-12,769.0,1041
3,available_rate,baseline,n/a,False,2019-11-13,733.0,1023
3,available_rate,baseline,n/a,False,2019-11-14,677.0,1005
3,available_rate,baseline,n/a,False,2019-11-15,543.0,930
3,available_rate,baseline,n/a,False,2019-11-18,1032.0,1028
3,available_rate,baseline,n/a,False,2019-11-19,762.0,1024
3,available_rate,baseline,n/a,False,2019-11-20,759.0,1009
3,available_rate,baseline,n/a,False,2019-11-21,613.0,998
3,available_rate,baseline,n/a,False,2019-11-22,551.0,941
3,available_rate,baseline,n/a,False,2019-11-25,1097.0,1031
3,available_rate,baseline,n/a,False,2019-11-26,816.0,1033
3,available_rate,baseline,n/a,False,2019-11-27,732.0,1024
3,available_rate,baseline,n/a,False,2019-11-28,644.0,1008
3,available_rate,baseline,n/a,False,2019-11-29,572.0,953
3,available_rate,baseline,n/a,False,2019-12-02,1140.0,1047
3,available_rate,baseline,n/a,False,2019-12-03,873.0,1050
3,available_rate,baseline,n/a,False,2019-12-04,879.0,1045
3,available_rate,baseline,n/a,False,2019-12-05,779.0,1026
3,available_rate,baseline,n/a,False,2019-12-06,631.0,955
3,available_rate,baseline,n/a,False,2019-12-09,1120.0,1042
3,available_rate,baseline,n/a,False,2019-12-10,742.0,1034
3,available_rate,baseline,n/a,False,2019-12-11,858.0,1023
3,available_rate,baseline,n/a,False,2019-12-12,731.0,1018
3,available_rate,baseline,n/a,False,2019-12-13,639.0,968
3,available_rate,baseline,n/a,False,2019-12-16,1103.0,1029
3,available_rate,baseline,n/a,False,2019-12-17,739.0,1027
3,available_rate,baseline,n/a,False,2019-12-18,683.0,1016
3,available_rate,baseline,n/a,False,2019-12-19,862.0,1022
3,available_rate,baseline,n/a,False,2019-12-20,481.0,960
3,available_rate,baseline,n/a,False,2019-12-23,741.0,970
3,available_rate,baseline,n/a,False,2019-12-24,462.0,923
3,available_rate,baseline,n/a,False,2019-12-26,594.0,888
3,available_rate,baseline,n/a,False,2019-12-27,387.0,828
3,available_rate,baseline,n/a,False,2019-12-30,652.0,900
3,available_rate,baseline,n/a,False,2019-12-31,349.0,861
3,available_rate,baseline,n/a,False,2020-01-02,985.0,929
3,available_rate,baseline,n/a,False,2020-01-03,635.0,884
3,available_rate,baseline,n/a,False,2020-01-06,1133.0,953
3,available_rate,baseline,n/a,False,2020-01-07,904.0,961
3,available_rate,baseline,n/a,False,2020-01-08,740.0,946
3,available_rate,baseline,n/a,False,2020-01-09,773.0,935
3,available_rate,baseline,n/a,False,2020-01-10,573.0,875
3,available_rate,baseline,n/a,False,2020-01-13,945.0,940
3,available_rate,baseline,n/a,False,2020-01-14,820.0,951
3,available_rate,baseline,n/a,False,2020-01-15,633.0,951
3,available_rate,baseline,n/a,False,2020-01-16,761.0,949
3,available_rate,baseline,n/a,False,2020-01-17,696.0,882
3,available_rate,baseline,n/a,False,2020-01-20,1075.0,951
3,available_rate,baseline,n/a,False,2020-01-21,868.0,950
3,available_rate,baseline,n/a,False,2020-01-22,782.0,939
3,available_rate,baseline,n/a,False,2020-01-23,685.0,840
3,available_rate,baseline,n/a,False,2020-01-28,1042.0,914
3,available_rate,baseline,n/a,False,2020-01-29,1197.0,957
3,available_rate,baseline,n/a,False,2020-01-30,736.0,949
3,available_rate,baseline,n/a,False,2020-01-31,623.0,906
3,available_rate,baseline,n/a,False,2020-02-03,1081.0,979
3,available_rate,baseline,n/a,False,2020-02-04,849.0,985
3,available_rate,baseline,n/a,False,2020-02-05,660.0,991
3,available_rate,baseline,n/a,False,2020-02-06,637.0,974
3,available_rate,baseline,n/a,False,2020-02-07,539.0,949
3,available_rate,baseline,n/a,False,2020-02-10,1233.0,1020
3,available_rate,baseline,n/a,False,2020-02-11,1075.0,1001
3,available_rate,baseline,n/a,False,2020-02-12,1173.0,992
3,available_rate,baseline,n/a,False,2020-02-13,834.0,975
3,available_rate,baseline,n/a,False,2020-02-14,776.0,932
3,available_rate,baseline,n/a,False,2020-02-17,1370.0,994
3,available_rate,baseline,n/a,False,2020-02-18,939.0,988
3,available_rate,baseline,n/a,False,2020-02-19,930.0,988
3,available_rate,baseline,n/a,False,2020-02-20,826.0,970
3,available_rate,baseline,n/a,False,2020-02-21,627.0,922
3,available_rate,baseline,n/a,False,2020-02-24,1282.0,982
3,available_rate,baseline,n/a,False,2020-02-25,1238.0,992
3,available_rate,baseline,n/a,False,2020-02-26,1105.0,983
3,available_rate,baseline,n/a,False,2020-02-27,1000.0,966
3,available_rate,baseline,n/a,False,2020-02-28,750.0,925
3,available_rate,baseline,n/a,False,2020-03-02,1362.0,1029
3,available_rate,baseline,n/a,False,2020-03-03,1074.0,1022
3,available_rate,baseline,n/a,False,2020-03-04,999.0,1013
3,available_rate,baseline,n/a,False,2020-03-05,989.0,1000
3,available_rate,baseline,n/a,False,2020-03-06,642.0,963
3,available_rate,baseline,n/a,False,2020-03-09,1276.0,1037
3,available_rate,baseline,n/a,False,2020-03-10,1019.0,1029
3,available_rate,baseline,n/a,False,2020-03-11,967.0,1014
3,available_rate,baseline,n/a,False,2020-03-12,804.0,998
3,available_rate,baseline,n/a,False,2020-03-13,593.0,957
3,available_rate,baseline,n/a,False,2020-03-16,1284.0,1040
3,available_rate,baseline,n/a,False,2020-03-17,914.0,1030
3,available_rate,baseline,n/a,False,2020-03-18,831.0,1019
3,available_rate,baseline,n/a,False,2020-03-19,829.0,1003
3,available_rate,baseline,n/a,False,2020-03-20,627.0,908
3,available_rate,baseline,n/a,False,2020-03-23,1110.0,908
3,available_rate,baseline,n/a,False,2020-03-24,1083.0,909
3,available_rate,baseline,n/a,False,2020-03-25,1022.0,909
3,available_rate,baseline,n/a,False,2020-03-26,955.0,915
3,available_rate,baseline,n/a,False,2020-03-27,839.0,871
3,available_rate,baseline,n/a,False,2020-03-30,1000.0,832
3,available_rate,baseline,n/a,False,2020-03-31,859.0,833
3,available_rate,baseline,n/a,False,2020-04-01,939.0,862
3,available_rate,baseline,n/a,False,2020-04-02,1009.0,856
3,available_rate,baseline,n/a,False,2020-04-03,802.0,811
3,available_rate,baseline,n/a,False,2020-04-06,1161.0,812
3,available_rate,baseline,n/a,False,2020-04-07,969.0,822
3,available_rate,baseline,n/a,False,2020-04-08,1032.0,822
3,available_rate,baseline,n/a,False,2020-04-09,880.0,815
3,available_rate,baseline,n/a,False,2020-04-10,780.0,772
3,available_rate,baseline,n/a,False,2020-04-13,1145.0,842
3,available_rate,baseline,n/a,False,2020-04-14,879.0,802
3,available_rate,baseline,n/a,False,2020-04-16,947.0,790
3,available_rate,baseline,n/a,False,2020-04-17,759.0,774
3,available_rate,baseline,n/a,False,2020-04-20,1089.0,841
3,available_rate,baseline,n/a,False,2020-04-21,911.0,846
3,available_rate,baseline,n/a,False,2020-04-22,945.0,834
3,available_rate,baseline,n/a,False,2020-04-23,880.0,828
3,available_rate,baseline,n/a,False,2020-04-24,639.0,793
3,available_rate,baseline,n/a,False,2020-04-27,1223.0,851
3,available_rate,baseline,n/a,False,2020-04-28,824.0,844
3,available_rate,baseline,n/a,False,2020-04-29,680.0,800
3,available_rate,baseline,n/a,False,2020-05-04,504.0,589
3,available_rate,baseline,n/a,False,2020-05-06,1254.0,913
3,available_rate,baseline,n/a,False,2020-05-07,959.0,903
3,available_rate,baseline,n/a,False,2020-05-08,620.0,878
3,available_rate,baseline,n/a,False,2020-05-11,1249.0,927
3,available_rate,baseline,n/a,False,2020-05-12,968.0,922
3,available_rate,baseline,n/a,False,2020-05-13,844.0,923
3,available_rate,baseline,n/a,False,2020-05-14,793.0,916
3,available_rate,baseline,n/a,False,2020-05-15,614.0,880
3,available_rate,baseline,n/a,False,2020-05-18,1141.0,916
3,available_rate,baseline,n/a,False,2020-05-19,935.0,921
3,available_rate,baseline,n/a,False,2020-05-20,791.0,913
3,past_5_actual_mean,baseline,n/a,False,2019-10-14,1140.0,932
3,past_5_actual_mean,baseline,n/a,False,2019-10-15,867.0,917
3,past_5_actual_mean,baseline,n/a,False,2019-10-16,765.0,864
3,past_5_actual_mean,baseline,n/a,False,2019-10-17,708.0,840
3,past_5_actual_mean,baseline,n/a,False,2019-10-18,581.0,809
3,past_5_actual_mean,baseline,n/a,False,2019-10-21,1107.0,812
3,past_5_actual_mean,baseline,n/a,False,2019-10-22,1090.0,806
3,past_5_actual_mean,baseline,n/a,False,2019-10-23,785.0,850
3,past_5_actual_mean,baseline,n/a,False,2019-10-24,705.0,854
3,past_5_actual_mean,baseline,n/a,False,2019-10-25,546.0,854
3,past_5_actual_mean,baseline,n/a,False,2019-10-28,915.0,847
3,past_5_actual_mean,baseline,n/a,False,2019-10-29,808.0,808
3,past_5_actual_mean,baseline,n/a,False,2019-10-30,771.0,752
3,past_5_actual_mean,baseline,n/a,False,2019-10-31,671.0,749
3,past_5_actual_mean,baseline,n/a,False,2019-11-01,586.0,742
3,past_5_actual_mean,baseline,n/a,False,2019-11-04,1058.0,750
3,past_5_actual_mean,baseline,n/a,False,2019-11-05,773.0,779
3,past_5_actual_mean,baseline,n/a,False,2019-11-06,773.0,772
3,past_5_actual_mean,baseline,n/a,False,2019-11-07,700.0,772
3,past_5_actual_mean,baseline,n/a,False,2019-11-08,535.0,778
3,past_5_actual_mean,baseline,n/a,False,2019-11-11,1079.0,768
3,past_5_actual_mean,baseline,n/a,False,2019-11-12,769.0,772
3,past_5_actual_mean,baseline,n/a,False,2019-11-13,733.0,771
3,past_5_actual_mean,baseline,n/a,False,2019-11-14,677.0,763
3,past_5_actual_mean,baseline,n/a,False,2019-11-15,543.0,759
3,past_5_actual_mean,baseline,n/a,False,2019-11-18,1032.0,760
3,past_5_actual_mean,baseline,n/a,False,2019-11-19,762.0,751
3,past_5_actual_mean,baseline,n/a,False,2019-11-20,759.0,749
3,past_5_actual_mean,baseline,n/a,False,2019-11-21,613.0,755
3,past_5_actual_mean,baseline,n/a,False,2019-11-22,551.0,742
3,past_5_actual_mean,baseline,n/a,False,2019-11-25,1097.0,743
3,past_5_actual_mean,baseline,n/a,False,2019-11-26,816.0,756
3,past_5_actual_mean,baseline,n/a,False,2019-11-27,732.0,767
3,past_5_actual_mean,baseline,n/a,False,2019-11-28,644.0,762
3,past_5_actual_mean,baseline,n/a,False,2019-11-29,572.0,768
3,past_5_actual_mean,baseline,n/a,False,2019-12-02,1140.0,772
3,past_5_actual_mean,baseline,n/a,False,2019-12-03,873.0,781
3,past_5_actual_mean,baseline,n/a,False,2019-12-04,879.0,792
3,past_5_actual_mean,baseline,n/a,False,2019-12-05,779.0,822
3,past_5_actual_mean,baseline,n/a,False,2019-12-06,631.0,849
3,past_5_actual_mean,baseline,n/a,False,2019-12-09,1120.0,860
3,past_5_actual_mean,baseline,n/a,False,2019-12-10,742.0,856
3,past_5_actual_mean,baseline,n/a,False,2019-12-11,858.0,830
3,past_5_actual_mean,baseline,n/a,False,2019-12-12,731.0,826
3,past_5_actual_mean,baseline,n/a,False,2019-12-13,639.0,816
3,past_5_actual_mean,baseline,n/a,False,2019-12-16,1103.0,818
3,past_5_actual_mean,baseline,n/a,False,2019-12-17,739.0,815
3,past_5_actual_mean,baseline,n/a,False,2019-12-18,683.0,814
3,past_5_actual_mean,baseline,n/a,False,2019-12-19,862.0,779
3,past_5_actual_mean,baseline,n/a,False,2019-12-20,481.0,805
3,past_5_actual_mean,baseline,n/a,False,2019-12-23,741.0,774
3,past_5_actual_mean,baseline,n/a,False,2019-12-24,462.0,701
3,past_5_actual_mean,baseline,n/a,False,2019-12-26,594.0,646
3,past_5_actual_mean,baseline,n/a,False,2019-12-27,387.0,628
3,past_5_actual_mean,baseline,n/a,False,2019-12-30,652.0,533
3,past_5_actual_mean,baseline,n/a,False,2019-12-31,349.0,567
3,past_5_actual_mean,baseline,n/a,False,2020-01-02,985.0,489
3,past_5_actual_mean,baseline,n/a,False,2020-01-03,635.0,593
3,past_5_actual_mean,baseline,n/a,False,2020-01-06,1133.0,602
3,past_5_actual_mean,baseline,n/a,False,2020-01-07,904.0,751
3,past_5_actual_mean,baseline,n/a,False,2020-01-08,740.0,801
3,past_5_actual_mean,baseline,n/a,False,2020-01-09,773.0,879
3,past_5_actual_mean,baseline,n/a,False,2020-01-10,573.0,837
3,past_5_actual_mean,baseline,n/a,False,2020-01-13,945.0,825
3,past_5_actual_mean,baseline,n/a,False,2020-01-14,820.0,787
3,past_5_actual_mean,baseline,n/a,False,2020-01-15,633.0,770
3,past_5_actual_mean,baseline,n/a,False,2020-01-16,761.0,749
3,past_5_actual_mean,baseline,n/a,False,2020-01-17,696.0,746
3,past_5_actual_mean,baseline,n/a,False,2020-01-20,1075.0,771
3,past_5_actual_mean,baseline,n/a,False,2020-01-21,868.0,797
3,past_5_actual_mean,baseline,n/a,False,2020-01-22,782.0,807
3,past_5_actual_mean,baseline,n/a,False,2020-01-23,685.0,836
3,past_5_actual_mean,baseline,n/a,False,2020-01-28,1042.0,821
3,past_5_actual_mean,baseline,n/a,False,2020-01-29,1197.0,890
3,past_5_actual_mean,baseline,n/a,False,2020-01-30,736.0,915
3,past_5_actual_mean,baseline,n/a,False,2020-01-31,623.0,888
3,past_5_actual_mean,baseline,n/a,False,2020-02-03,1081.0,857
3,past_5_actual_mean,baseline,n/a,False,2020-02-04,849.0,936
3,past_5_actual_mean,baseline,n/a,False,2020-02-05,660.0,897
3,past_5_actual_mean,baseline,n/a,False,2020-02-06,637.0,790
3,past_5_actual_mean,baseline,n/a,False,2020-02-07,539.0,770
3,past_5_actual_mean,baseline,n/a,False,2020-02-10,1233.0,753
3,past_5_actual_mean,baseline,n/a,False,2020-02-11,1075.0,784
3,past_5_actual_mean,baseline,n/a,False,2020-02-12,1173.0,829
3,past_5_actual_mean,baseline,n/a,False,2020-02-13,834.0,931
3,past_5_actual_mean,baseline,n/a,False,2020-02-14,776.0,971
3,past_5_actual_mean,baseline,n/a,False,2020-02-17,1370.0,1018
3,past_5_actual_mean,baseline,n/a,False,2020-02-18,939.0,1046
3,past_5_actual_mean,baseline,n/a,False,2020-02-19,930.0,1018
3,past_5_actual_mean,baseline,n/a,False,2020-02-20,826.0,970
3,past_5_actual_mean,baseline,n/a,False,2020-02-21,627.0,968
3,past_5_actual_mean,baseline,n/a,False,2020-02-24,1282.0,938
3,past_5_actual_mean,baseline,n/a,False,2020-02-25,1238.0,921
3,past_5_actual_mean,baseline,n/a,False,2020-02-26,1105.0,981
3,past_5_actual_mean,baseline,n/a,False,2020-02-27,1000.0,1016
3,past_5_actual_mean,baseline,n/a,False,2020-02-28,750.0,1050
3,past_5_actual_mean,baseline,n/a,False,2020-03-02,1362.0,1075
3,past_5_actual_mean,baseline,n/a,False,2020-03-03,1074.0,1091
3,past_5_actual_mean,baseline,n/a,False,2020-03-04,999.0,1058
3,past_5_actual_mean,baseline,n/a,False,2020-03-05,989.0,1037
3,past_5_actual_mean,baseline,n/a,False,2020-03-06,642.0,1035
3,past_5_actual_mean,baseline,n/a,False,2020-03-09,1276.0,1013
3,past_5_actual_mean,baseline,n/a,False,2020-03-10,1019.0,996
3,past_5_actual_mean,baseline,n/a,False,2020-03-11,967.0,985
3,past_5_actual_mean,baseline,n/a,False,2020-03-12,804.0,979
3,past_5_actual_mean,baseline,n/a,False,2020-03-13,593.0,942
3,past_5_actual_mean,baseline,n/a,False,2020-03-16,1284.0,932
3,past_5_actual_mean,baseline,n/a,False,2020-03-17,914.0,933
3,past_5_actual_mean,baseline,n/a,False,2020-03-18,831.0,912
3,past_5_actual_mean,baseline,n/a,False,2020-03-19,829.0,885
3,past_5_actual_mean,baseline,n/a,False,2020-03-20,627.0,890
3,past_5_actual_mean,baseline,n/a,False,2020-03-23,1110.0,897
3,past_5_actual_mean,baseline,n/a,False,2020-03-24,1083.0,862
3,past_5_actual_mean,baseline,n/a,False,2020-03-25,1022.0,896
3,past_5_actual_mean,baseline,n/a,False,2020-03-26,955.0,934
3,past_5_actual_mean,baseline,n/a,False,2020-03-27,839.0,959
3,past_5_actual_mean,baseline,n/a,False,2020-03-30,1000.0,1002
3,past_5_actual_mean,baseline,n/a,False,2020-03-31,859.0,980
3,past_5_actual_mean,baseline,n/a,False,2020-04-01,939.0,935
3,past_5_actual_mean,baseline,n/a,False,2020-04-02,1009.0,918
3,past_5_actual_mean,baseline,n/a,False,2020-04-03,802.0,929
3,past_5_actual_mean,baseline,n/a,False,2020-04-06,1161.0,922
3,past_5_actual_mean,baseline,n/a,False,2020-04-07,969.0,954
3,past_5_actual_mean,baseline,n/a,False,2020-04-08,1032.0,976
3,past_5_actual_mean,baseline,n/a,False,2020-04-09,880.0,995
3,past_5_actual_mean,baseline,n/a,False,2020-04-10,780.0,969
3,past_5_actual_mean,baseline,n/a,False,2020-04-13,1145.0,964
3,past_5_actual_mean,baseline,n/a,False,2020-04-14,879.0,961
3,past_5_actual_mean,baseline,n/a,False,2020-04-16,947.0,943
3,past_5_actual_mean,baseline,n/a,False,2020-04-17,759.0,926
3,past_5_actual_mean,baseline,n/a,False,2020-04-20,1089.0,902
3,past_5_actual_mean,baseline,n/a,False,2020-04-21,911.0,964
3,past_5_actual_mean,baseline,n/a,False,2020-04-22,945.0,917
3,past_5_actual_mean,baseline,n/a,False,2020-04-23,880.0,930
3,past_5_actual_mean,baseline,n/a,False,2020-04-24,639.0,917
3,past_5_actual_mean,baseline,n/a,False,2020-04-27,1223.0,893
3,past_5_actual_mean,baseline,n/a,False,2020-04-28,824.0,920
3,past_5_actual_mean,baseline,n/a,False,2020-04-29,680.0,902
3,past_5_actual_mean,baseline,n/a,False,2020-05-04,504.0,849
3,past_5_actual_mean,baseline,n/a,False,2020-05-06,1254.0,774
3,past_5_actual_mean,baseline,n/a,False,2020-05-07,959.0,897
3,past_5_actual_mean,baseline,n/a,False,2020-05-08,620.0,844
3,past_5_actual_mean,baseline,n/a,False,2020-05-11,1249.0,803
3,past_5_actual_mean,baseline,n/a,False,2020-05-12,968.0,917
3,past_5_actual_mean,baseline,n/a,False,2020-05-13,844.0,1010
3,past_5_actual_mean,baseline,n/a,False,2020-05-14,793.0,928
3,past_5_actual_mean,baseline,n/a,False,2020-05-15,614.0,895
3,past_5_actual_mean,baseline,n/a,False,2020-05-18,1141.0,894
3,past_5_actual_mean,baseline,n/a,False,2020-05-19,935.0,872
3,past_5_actual_mean,baseline,n/a,False,2020-05-20,791.0,865
3,lightgbm,A,v2,True,2019-10-14,1140.0,1008
3,lightgbm,A,v2,True,2019-10-15,867.0,969
3,lightgbm,A,v2,True,2019-10-16,765.0,816
3,lightgbm,A,v2,True,2019-10-17,708.0,729
3,lightgbm,A,v2,True,2019-10-18,581.0,625
3,lightgbm,A,v2,True,2019-10-21,1107.0,1195
3,lightgbm,A,v2,True,2019-10-22,1090.0,751
3,lightgbm,A,v2,True,2019-10-23,785.0,842
3,lightgbm,A,v2,True,2019-10-24,705.0,745
3,lightgbm,A,v2,True,2019-10-25,546.0,626
3,lightgbm,A,v2,True,2019-10-28,915.0,889
3,lightgbm,A,v2,True,2019-10-29,808.0,817
3,lightgbm,A,v2,True,2019-10-30,771.0,709
3,lightgbm,A,v2,True,2019-10-31,671.0,755
3,lightgbm,A,v2,True,2019-11-01,586.0,653
3,lightgbm,A,v2,True,2019-11-04,1058.0,1048
3,lightgbm,A,v2,True,2019-11-05,773.0,825
3,lightgbm,A,v2,True,2019-11-06,773.0,778
3,lightgbm,A,v2,True,2019-11-07,700.0,753
3,lightgbm,A,v2,True,2019-11-08,535.0,626
3,lightgbm,A,v2,True,2019-11-11,1079.0,1133
3,lightgbm,A,v2,True,2019-11-12,769.0,900
3,lightgbm,A,v2,True,2019-11-13,733.0,733
3,lightgbm,A,v2,True,2019-11-14,677.0,781
3,lightgbm,A,v2,True,2019-11-15,543.0,618
3,lightgbm,A,v2,True,2019-11-18,1032.0,1216
3,lightgbm,A,v2,True,2019-11-19,762.0,863
3,lightgbm,A,v2,True,2019-11-20,759.0,715
3,lightgbm,A,v2,True,2019-11-21,613.0,762
3,lightgbm,A,v2,True,2019-11-22,551.0,626
3,lightgbm,A,v2,True,2019-11-25,1097.0,1166
3,lightgbm,A,v2,True,2019-11-26,816.0,895
3,lightgbm,A,v2,True,2019-11-27,732.0,721
3,lightgbm,A,v2,True,2019-11-28,644.0,820
3,lightgbm,A,v2,True,2019-11-29,572.0,626
3,lightgbm,A,v2,True,2019-12-02,1140.0,1269
3,lightgbm,A,v2,True,2019-12-03,873.0,1047
3,lightgbm,A,v2,True,2019-12-04,879.0,815
3,lightgbm,A,v2,True,2019-12-05,779.0,871
3,lightgbm,A,v2,True,2019-12-06,631.0,621
3,lightgbm,A,v2,True,2019-12-09,1120.0,1288
3,lightgbm,A,v2,True,2019-12-10,742.0,1062
3,lightgbm,A,v2,True,2019-12-11,858.0,781
3,lightgbm,A,v2,True,2019-12-12,731.0,927
3,lightgbm,A,v2,True,2019-12-13,639.0,643
3,lightgbm,A,v2,True,2019-12-16,1103.0,1257
3,lightgbm,A,v2,True,2019-12-17,739.0,888
3,lightgbm,A,v2,True,2019-12-18,683.0,696
3,lightgbm,A,v2,True,2019-12-19,862.0,903
3,lightgbm,A,v2,True,2019-12-20,481.0,669
3,lightgbm,A,v2,True,2019-12-23,741.0,913
3,lightgbm,A,v2,True,2019-12-24,462.0,830
3,lightgbm,A,v2,True,2019-12-26,594.0,632
3,lightgbm,A,v2,True,2019-12-27,387.0,534
3,lightgbm,A,v2,True,2019-12-30,652.0,670
3,lightgbm,A,v2,True,2019-12-31,349.0,523
3,lightgbm,A,v2,True,2020-01-02,985.0,1152
3,lightgbm,A,v2,True,2020-01-03,635.0,802
3,lightgbm,A,v2,True,2020-01-06,1133.0,1116
3,lightgbm,A,v2,True,2020-01-07,904.0,1193
3,lightgbm,A,v2,True,2020-01-08,740.0,966
3,lightgbm,A,v2,True,2020-01-09,773.0,1042
3,lightgbm,A,v2,True,2020-01-10,573.0,662
3,lightgbm,A,v2,True,2020-01-13,945.0,1203
3,lightgbm,A,v2,True,2020-01-14,820.0,964
3,lightgbm,A,v2,True,2020-01-15,633.0,862
3,lightgbm,A,v2,True,2020-01-16,761.0,988
3,lightgbm,A,v2,True,2020-01-17,696.0,655
3,lightgbm,A,v2,True,2020-01-20,1075.0,1214
3,lightgbm,A,v2,True,2020-01-21,868.0,1003
3,lightgbm,A,v2,True,2020-01-22,782.0,874
3,lightgbm,A,v2,True,2020-01-23,685.0,742
3,lightgbm,A,v2,True,2020-01-28,1042.0,1175
3,lightgbm,A,v2,True,2020-01-29,1197.0,993
3,lightgbm,A,v2,True,2020-01-30,736.0,898
3,lightgbm,A,v2,True,2020-01-31,623.0,693
3,lightgbm,A,v2,True,2020-02-03,1081.0,1150
3,lightgbm,A,v2,True,2020-02-04,849.0,965
3,lightgbm,A,v2,True,2020-02-05,660.0,895
3,lightgbm,A,v2,True,2020-02-06,637.0,912
3,lightgbm,A,v2,True,2020-02-07,539.0,660
3,lightgbm,A,v2,True,2020-02-10,1233.0,1218
3,lightgbm,A,v2,True,2020-02-11,1075.0,1169
3,lightgbm,A,v2,True,2020-02-12,1173.0,892
3,lightgbm,A,v2,True,2020-02-13,834.0,834
3,lightgbm,A,v2,True,2020-02-14,776.0,650
3,lightgbm,A,v2,True,2020-02-17,1370.0,1198
3,lightgbm,A,v2,True,2020-02-18,939.0,876
3,lightgbm,A,v2,True,2020-02-19,930.0,819
3,lightgbm,A,v2,True,2020-02-20,826.0,814
3,lightgbm,A,v2,True,2020-02-21,627.0,650
3,lightgbm,A,v2,True,2020-02-24,1282.0,1251
3,lightgbm,A,v2,True,2020-02-25,1238.0,1245
3,lightgbm,A,v2,True,2020-02-26,1105.0,988
3,lightgbm,A,v2,True,2020-02-27,1000.0,1159
3,lightgbm,A,v2,True,2020-02-28,750.0,757
3,lightgbm,A,v2,True,2020-03-02,1362.0,1247
3,lightgbm,A,v2,True,2020-03-03,1074.0,1235
3,lightgbm,A,v2,True,2020-03-04,999.0,873
3,lightgbm,A,v2,True,2020-03-05,989.0,999
3,lightgbm,A,v2,True,2020-03-06,642.0,686
3,lightgbm,A,v2,True,2020-03-09,1276.0,1272
3,lightgbm,A,v2,True,2020-03-10,1019.0,1273
3,lightgbm,A,v2,True,2020-03-11,967.0,999
3,lightgbm,A,v2,True,2020-03-12,804.0,874
3,lightgbm,A,v2,True,2020-03-13,593.0,658
3,lightgbm,A,v2,True,2020-03-16,1284.0,1271
3,lightgbm,A,v2,True,2020-03-17,914.0,1264
3,lightgbm,A,v2,True,2020-03-18,831.0,985
3,lightgbm,A,v2,True,2020-03-19,829.0,895
3,lightgbm,A,v2,True,2020-03-20,627.0,591
3,lightgbm,A,v2,True,2020-03-23,1110.0,1238
3,lightgbm,A,v2,True,2020-03-24,1083.0,1203
3,lightgbm,A,v2,True,2020-03-25,1022.0,968
3,lightgbm,A,v2,True,2020-03-26,955.0,1228
3,lightgbm,A,v2,True,2020-03-27,839.0,947
3,lightgbm,A,v2,True,2020-03-30,1000.0,1204
3,lightgbm,A,v2,True,2020-03-31,859.0,1224
3,lightgbm,A,v2,True,2020-04-01,939.0,940
3,lightgbm,A,v2,True,2020-04-02,1009.0,1215
3,lightgbm,A,v2,True,2020-04-03,802.0,802
3,lightgbm,A,v2,True,2020-04-06,1161.0,1251
3,lightgbm,A,v2,True,2020-04-07,969.0,1251
3,lightgbm,A,v2,True,2020-04-08,1032.0,887
3,lightgbm,A,v2,True,2020-04-09,880.0,1222
3,lightgbm,A,v2,True,2020-04-10,780.0,842
3,lightgbm,A,v2,True,2020-04-13,1145.0,1210
3,lightgbm,A,v2,True,2020-04-14,879.0,1094
3,lightgbm,A,v2,True,2020-04-16,947.0,1178
3,lightgbm,A,v2,True,2020-04-17,759.0,723
3,lightgbm,A,v2,True,2020-04-20,1089.0,1211
3,lightgbm,A,v2,True,2020-04-21,911.0,1247
3,lightgbm,A,v2,True,2020-04-22,945.0,846
3,lightgbm,A,v2,True,2020-04-23,880.0,889
3,lightgbm,A,v2,True,2020-04-24,639.0,594
3,lightgbm,A,v2,True,2020-04-27,1223.0,1213
3,lightgbm,A,v2,True,2020-04-28,824.0,1069
3,lightgbm,A,v2,True,2020-04-29,680.0,709
3,lightgbm,A,v2,True,2020-05-04,504.0,594
3,lightgbm,A,v2,True,2020-05-06,1254.0,1007
3,lightgbm,A,v2,True,2020-05-07,959.0,934
3,lightgbm,A,v2,True,2020-05-08,620.0,676
3,lightgbm,A,v2,True,2020-05-11,1249.0,1231
3,lightgbm,A,v2,True,2020-05-12,968.0,968
3,lightgbm,A,v2,True,2020-05-13,844.0,848
3,lightgbm,A,v2,True,2020-05-14,793.0,733
3,lightgbm,A,v2,True,2020-05-15,614.0,599
3,lightgbm,A,v2,True,2020-05-18,1141.0,1081
3,lightgbm,A,v2,True,2020-05-19,935.0,944
3,lightgbm,A,v2,True,2020-05-20,791.0,857
3,lightgbm,B,v2,True,2019-10-14,1140.0,1179
3,lightgbm,B,v2,True,2019-10-15,867.0,949
3,lightgbm,B,v2,True,2019-10-16,765.0,863
3,lightgbm,B,v2,True,2019-10-17,708.0,751
3,lightgbm,B,v2,True,2019-10-18,581.0,618
3,lightgbm,B,v2,True,2019-10-21,1107.0,1256
3,lightgbm,B,v2,True,2019-10-22,1090.0,825
3,lightgbm,B,v2,True,2019-10-23,785.0,844
3,lightgbm,B,v2,True,2019-10-24,705.0,778
3,lightgbm,B,v2,True,2019-10-25,546.0,617
3,lightgbm,B,v2,True,2019-10-28,915.0,1177
3,lightgbm,B,v2,True,2019-10-29,808.0,878
3,lightgbm,B,v2,True,2019-10-30,771.0,818
3,lightgbm,B,v2,True,2019-10-31,671.0,784
3,lightgbm,B,v2,True,2019-11-01,586.0,663
3,lightgbm,B,v2,True,2019-11-04,1058.0,1180
3,lightgbm,B,v2,True,2019-11-05,773.0,867
3,lightgbm,B,v2,True,2019-11-06,773.0,850
3,lightgbm,B,v2,True,2019-11-07,700.0,783
3,lightgbm,B,v2,True,2019-11-08,535.0,626
3,lightgbm,B,v2,True,2019-11-11,1079.0,1231
3,lightgbm,B,v2,True,2019-11-12,769.0,927
3,lightgbm,B,v2,True,2019-11-13,733.0,846
3,lightgbm,B,v2,True,2019-11-14,677.0,822
3,lightgbm,B,v2,True,2019-11-15,543.0,606
3,lightgbm,B,v2,True,2019-11-18,1032.0,1258
3,lightgbm,B,v2,True,2019-11-19,762.0,917
3,lightgbm,B,v2,True,2019-11-20,759.0,805
3,lightgbm,B,v2,True,2019-11-21,613.0,787
3,lightgbm,B,v2,True,2019-11-22,551.0,617
3,lightgbm,B,v2,True,2019-11-25,1097.0,1249
3,lightgbm,B,v2,True,2019-11-26,816.0,955
3,lightgbm,B,v2,True,2019-11-27,732.0,828
3,lightgbm,B,v2,True,2019-11-28,644.0,793
3,lightgbm,B,v2,True,2019-11-29,572.0,621
3,lightgbm,B,v2,True,2019-12-02,1140.0,1283
3,lightgbm,B,v2,True,2019-12-03,873.0,1014
3,lightgbm,B,v2,True,2019-12-04,879.0,858
3,lightgbm,B,v2,True,2019-12-05,779.0,830
3,lightgbm,B,v2,True,2019-12-06,631.0,618
3,lightgbm,B,v2,True,2019-12-09,1120.0,1326
3,lightgbm,B,v2,True,2019-12-10,742.0,976
3,lightgbm,B,v2,True,2019-12-11,858.0,807
3,lightgbm,B,v2,True,2019-12-12,731.0,909
3,lightgbm,B,v2,True,2019-12-13,639.0,661
3,lightgbm,B,v2,True,2019-12-16,1103.0,1302
3,lightgbm,B,v2,True,2019-12-17,739.0,914
3,lightgbm,B,v2,True,2019-12-18,683.0,781
3,lightgbm,B,v2,True,2019-12-19,862.0,892
3,lightgbm,B,v2,True,2019-12-20,481.0,643
3,lightgbm,B,v2,True,2019-12-23,741.0,1028
3,lightgbm,B,v2,True,2019-12-24,462.0,862
3,lightgbm,B,v2,True,2019-12-26,594.0,581
3,lightgbm,B,v2,True,2019-12-27,387.0,516
3,lightgbm,B,v2,True,2019-12-30,652.0,722
3,lightgbm,B,v2,True,2019-12-31,349.0,562
3,lightgbm,B,v2,True,2020-01-02,985.0,1086
3,lightgbm,B,v2,True,2020-01-03,635.0,744
3,lightgbm,B,v2,True,2020-01-06,1133.0,1116
3,lightgbm,B,v2,True,2020-01-07,904.0,955
3,lightgbm,B,v2,True,2020-01-08,740.0,921
3,lightgbm,B,v2,True,2020-01-09,773.0,872
3,lightgbm,B,v2,True,2020-01-10,573.0,665
3,lightgbm,B,v2,True,2020-01-13,945.0,1161
3,lightgbm,B,v2,True,2020-01-14,820.0,858
3,lightgbm,B,v2,True,2020-01-15,633.0,875
3,lightgbm,B,v2,True,2020-01-16,761.0,866
3,lightgbm,B,v2,True,2020-01-17,696.0,624
3,lightgbm,B,v2,True,2020-01-20,1075.0,1187
3,lightgbm,B,v2,True,2020-01-21,868.0,853
3,lightgbm,B,v2,True,2020-01-22,782.0,880
3,lightgbm,B,v2,True,2020-01-23,685.0,706
3,lightgbm,B,v2,True,2020-01-28,1042.0,1065
3,lightgbm,B,v2,True,2020-01-29,1197.0,968
3,lightgbm,B,v2,True,2020-01-30,736.0,851
3,lightgbm,B,v2,True,2020-01-31,623.0,666
3,lightgbm,B,v2,True,2020-02-03,1081.0,1118
3,lightgbm,B,v2,True,2020-02-04,849.0,880
3,lightgbm,B,v2,True,2020-02-05,660.0,886
3,lightgbm,B,v2,True,2020-02-06,637.0,840
3,lightgbm,B,v2,True,2020-02-07,539.0,626
3,lightgbm,B,v2,True,2020-02-10,1233.0,1237
3,lightgbm,B,v2,True,2020-02-11,1075.0,996
3,lightgbm,B,v2,True,2020-02-12,1173.0,905
3,lightgbm,B,v2,True,2020-02-13,834.0,835
3,lightgbm,B,v2,True,2020-02-14,776.0,600
3,lightgbm,B,v2,True,2020-02-17,1370.0,1183
3,lightgbm,B,v2,True,2020-02-18,939.0,914
3,lightgbm,B,v2,True,2020-02-19,930.0,844
3,lightgbm,B,v2,True,2020-02-20,826.0,787
3,lightgbm,B,v2,True,2020-02-21,627.0,605
3,lightgbm,B,v2,True,2020-02-24,1282.0,1244
3,lightgbm,B,v2,True,2020-02-25,1238.0,1074
3,lightgbm,B,v2,True,2020-02-26,1105.0,974
3,lightgbm,B,v2,True,2020-02-27,1000.0,928
3,lightgbm,B,v2,True,2020-02-28,750.0,675
3,lightgbm,B,v2,True,2020-03-02,1362.0,1258
3,lightgbm,B,v2,True,2020-03-03,1074.0,1043
3,lightgbm,B,v2,True,2020-03-04,999.0,908
3,lightgbm,B,v2,True,2020-03-05,989.0,883
3,lightgbm,B,v2,True,2020-03-06,642.0,637
3,lightgbm,B,v2,True,2020-03-09,1276.0,1284
3,lightgbm,B,v2,True,2020-03-10,1019.0,1098
3,lightgbm,B,v2,True,2020-03-11,967.0,978
3,lightgbm,B,v2,True,2020-03-12,804.0,832
3,lightgbm,B,v2,True,2020-03-13,593.0,620
3,lightgbm,B,v2,True,2020-03-16,1284.0,1292
3,lightgbm,B,v2,True,2020-03-17,914.0,1089
3,lightgbm,B,v2,True,2020-03-18,831.0,990
3,lightgbm,B,v2,True,2020-03-19,829.0,868
3,lightgbm,B,v2,True,2020-03-20,627.0,606
3,lightgbm,B,v2,True,2020-03-23,1110.0,1251
3,lightgbm,B,v2,True,2020-03-24,1083.0,1097
3,lightgbm,B,v2,True,2020-03-25,1022.0,1041
3,lightgbm,B,v2,True,2020-03-26,955.0,1019
3,lightgbm,B,v2,True,2020-03-27,839.0,839
3,lightgbm,B,v2,True,2020-03-30,1000.0,1171
3,lightgbm,B,v2,True,2020-03-31,859.0,1037
3,lightgbm,B,v2,True,2020-04-01,939.0,995
3,lightgbm,B,v2,True,2020-04-02,1009.0,1037
3,lightgbm,B,v2,True,2020-04-03,802.0,749
3,lightgbm,B,v2,True,2020-04-06,1161.0,1271
3,lightgbm,B,v2,True,2020-04-07,969.0,1053
3,lightgbm,B,v2,True,2020-04-08,1032.0,957
3,lightgbm,B,v2,True,2020-04-09,880.0,970
3,lightgbm,B,v2,True,2020-04-10,780.0,711
3,lightgbm,B,v2,True,2020-04-13,1145.0,1261
3,lightgbm,B,v2,True,2020-04-14,879.0,1008
3,lightgbm,B,v2,True,2020-04-16,947.0,1030
3,lightgbm,B,v2,True,2020-04-17,759.0,699
3,lightgbm,B,v2,True,2020-04-20,1089.0,1258
3,lightgbm,B,v2,True,2020-04-21,911.0,1108
3,lightgbm,B,v2,True,2020-04-22,945.0,911
3,lightgbm,B,v2,True,2020-04-23,880.0,823
3,lightgbm,B,v2,True,2020-04-24,639.0,607
3,lightgbm,B,v2,True,2020-04-27,1223.0,1229
3,lightgbm,B,v2,True,2020-04-28,824.0,927
3,lightgbm,B,v2,True,2020-04-29,680.0,738
3,lightgbm,B,v2,True,2020-05-04,504.0,597
3,lightgbm,B,v2,True,2020-05-06,1254.0,1039
3,lightgbm,B,v2,True,2020-05-07,959.0,858
3,lightgbm,B,v2,True,2020-05-08,620.0,622
3,lightgbm,B,v2,True,2020-05-11,1249.0,1192
3,lightgbm,B,v2,True,2020-05-12,968.0,941
3,lightgbm,B,v2,True,2020-05-13,844.0,864
3,lightgbm,B,v2,True,2020-05-14,793.0,722
3,lightgbm,B,v2,True,2020-05-15,614.0,564
3,lightgbm,B,v2,True,2020-05-18,1141.0,1131
3,lightgbm,B,v2,True,2020-05-19,935.0,918
3,lightgbm,B,v2,True,2020-05-20,791.0,865
3,lightgbm,C,v1,True,2019-10-14,1140.0,1167
3,lightgbm,C,v1,True,2019-10-15,867.0,952
3,lightgbm,C,v1,True,2019-10-16,765.0,840
3,lightgbm,C,v1,True,2019-10-17,708.0,771
3,lightgbm,C,v1,True,2019-10-18,581.0,628
3,lightgbm,C,v1,True,2019-10-21,1107.0,1265
3,lightgbm,C,v1,True,2019-10-22,1090.0,825
3,lightgbm,C,v1,True,2019-10-23,785.0,834
3,lightgbm,C,v1,True,2019-10-24,705.0,789
3,lightgbm,C,v1,True,2019-10-25,546.0,643
3,lightgbm,C,v1,True,2019-10-28,915.0,1184
3,lightgbm,C,v1,True,2019-10-29,808.0,866
3,lightgbm,C,v1,True,2019-10-30,771.0,837
3,lightgbm,C,v1,True,2019-10-31,671.0,794
3,lightgbm,C,v1,True,2019-11-01,586.0,663
3,lightgbm,C,v1,True,2019-11-04,1058.0,1176
3,lightgbm,C,v1,True,2019-11-05,773.0,872
3,lightgbm,C,v1,True,2019-11-06,773.0,839
3,lightgbm,C,v1,True,2019-11-07,700.0,794
3,lightgbm,C,v1,True,2019-11-08,535.0,654
3,lightgbm,C,v1,True,2019-11-11,1079.0,1223
3,lightgbm,C,v1,True,2019-11-12,769.0,910
3,lightgbm,C,v1,True,2019-11-13,733.0,825
3,lightgbm,C,v1,True,2019-11-14,677.0,821
3,lightgbm,C,v1,True,2019-11-15,543.0,632
3,lightgbm,C,v1,True,2019-11-18,1032.0,1262
3,lightgbm,C,v1,True,2019-11-19,762.0,882
3,lightgbm,C,v1,True,2019-11-20,759.0,791
3,lightgbm,C,v1,True,2019-11-21,613.0,765
3,lightgbm,C,v1,True,2019-11-22,551.0,635
3,lightgbm,C,v1,True,2019-11-25,1097.0,1258
3,lightgbm,C,v1,True,2019-11-26,816.0,947
3,lightgbm,C,v1,True,2019-11-27,732.0,848
3,lightgbm,C,v1,True,2019-11-28,644.0,796
3,lightgbm,C,v1,True,2019-11-29,572.0,651
3,lightgbm,C,v1,True,2019-12-02,1140.0,1280
3,lightgbm,C,v1,True,2019-12-03,873.0,1018
3,lightgbm,C,v1,True,2019-12-04,879.0,873
3,lightgbm,C,v1,True,2019-12-05,779.0,823
3,lightgbm,C,v1,True,2019-12-06,631.0,627
3,lightgbm,C,v1,True,2019-12-09,1120.0,1314
3,lightgbm,C,v1,True,2019-12-10,742.0,975
3,lightgbm,C,v1,True,2019-12-11,858.0,803
3,lightgbm,C,v1,True,2019-12-12,731.0,909
3,lightgbm,C,v1,True,2019-12-13,639.0,654
3,lightgbm,C,v1,True,2019-12-16,1103.0,1306
3,lightgbm,C,v1,True,2019-12-17,739.0,924
3,lightgbm,C,v1,True,2019-12-18,683.0,770
3,lightgbm,C,v1,True,2019-12-19,862.0,892
3,lightgbm,C,v1,True,2019-12-20,481.0,655
3,lightgbm,C,v1,True,2019-12-23,741.0,1027
3,lightgbm,C,v1,True,2019-12-24,462.0,864
3,lightgbm,C,v1,True,2019-12-26,594.0,575
3,lightgbm,C,v1,True,2019-12-27,387.0,529
3,lightgbm,C,v1,True,2019-12-30,652.0,718
3,lightgbm,C,v1,True,2019-12-31,349.0,553
3,lightgbm,C,v1,True,2020-01-02,985.0,1096
3,lightgbm,C,v1,True,2020-01-03,635.0,727
3,lightgbm,C,v1,True,2020-01-06,1133.0,1118
3,lightgbm,C,v1,True,2020-01-07,904.0,958
3,lightgbm,C,v1,True,2020-01-08,740.0,914
3,lightgbm,C,v1,True,2020-01-09,773.0,883
3,lightgbm,C,v1,True,2020-01-10,573.0,661
3,lightgbm,C,v1,True,2020-01-13,945.0,1160
3,lightgbm,C,v1,True,2020-01-14,820.0,859
3,lightgbm,C,v1,True,2020-01-15,633.0,856
3,lightgbm,C,v1,True,2020-01-16,761.0,872
3,lightgbm,C,v1,True,2020-01-17,696.0,623
3,lightgbm,C,v1,True,2020-01-20,1075.0,1167
3,lightgbm,C,v1,True,2020-01-21,868.0,864
3,lightgbm,C,v1,True,2020-01-22,782.0,891
3,lightgbm,C,v1,True,2020-01-23,685.0,717
3,lightgbm,C,v1,True,2020-01-28,1042.0,1040
3,lightgbm,C,v1,True,2020-01-29,1197.0,980
3,lightgbm,C,v1,True,2020-01-30,736.0,848
3,lightgbm,C,v1,True,2020-01-31,623.0,668
3,lightgbm,C,v1,True,2020-02-03,1081.0,1121
3,lightgbm,C,v1,True,2020-02-04,849.0,893
3,lightgbm,C,v1,True,2020-02-05,660.0,881
3,lightgbm,C,v1,True,2020-02-06,637.0,859
3,lightgbm,C,v1,True,2020-02-07,539.0,642
3,lightgbm,C,v1,True,2020-02-10,1233.0,1238
3,lightgbm,C,v1,True,2020-02-11,1075.0,997
3,lightgbm,C,v1,True,2020-02-12,1173.0,920
3,lightgbm,C,v1,True,2020-02-13,834.0,833
3,lightgbm,C,v1,True,2020-02-14,776.0,625
3,lightgbm,C,v1,True,2020-02-17,1370.0,1190
3,lightgbm,C,v1,True,2020-02-18,939.0,923
3,lightgbm,C,v1,True,2020-02-19,930.0,847
3,lightgbm,C,v1,True,2020-02-20,826.0,792
3,lightgbm,C,v1,True,2020-02-21,627.0,587
3,lightgbm,C,v1,True,2020-02-24,1282.0,1245
3,lightgbm,C,v1,True,2020-02-25,1238.0,1087
3,lightgbm,C,v1,True,2020-02-26,1105.0,993
3,lightgbm,C,v1,True,2020-02-27,1000.0,940
3,lightgbm,C,v1,True,2020-02-28,750.0,661
3,lightgbm,C,v1,True,2020-03-02,1362.0,1260
3,lightgbm,C,v1,True,2020-03-03,1074.0,1037
3,lightgbm,C,v1,True,2020-03-04,999.0,886
3,lightgbm,C,v1,True,2020-03-05,989.0,883
3,lightgbm,C,v1,True,2020-03-06,642.0,645
3,lightgbm,C,v1,True,2020-03-09,1276.0,1278
3,lightgbm,C,v1,True,2020-03-10,1019.0,1063
3,lightgbm,C,v1,True,2020-03-11,967.0,966
3,lightgbm,C,v1,True,2020-03-12,804.0,826
3,lightgbm,C,v1,True,2020-03-13,593.0,602
3,lightgbm,C,v1,True,2020-03-16,1284.0,1283
3,lightgbm,C,v1,True,2020-03-17,914.0,1060
3,lightgbm,C,v1,True,2020-03-18,831.0,974
3,lightgbm,C,v1,True,2020-03-19,829.0,869
3,lightgbm,C,v1,True,2020-03-20,627.0,618
3,lightgbm,C,v1,True,2020-03-23,1110.0,1247
3,lightgbm,C,v1,True,2020-03-24,1083.0,1102
3,lightgbm,C,v1,True,2020-03-25,1022.0,1020
3,lightgbm,C,v1,True,2020-03-26,955.0,1014
3,lightgbm,C,v1,True,2020-03-27,839.0,854
3,lightgbm,C,v1,True,2020-03-30,1000.0,1164
3,lightgbm,C,v1,True,2020-03-31,859.0,1044
3,lightgbm,C,v1,True,2020-04-01,939.0,993
3,lightgbm,C,v1,True,2020-04-02,1009.0,1025
3,lightgbm,C,v1,True,2020-04-03,802.0,745
3,lightgbm,C,v1,True,2020-04-06,1161.0,1277
3,lightgbm,C,v1,True,2020-04-07,969.0,1053
3,lightgbm,C,v1,True,2020-04-08,1032.0,966
3,lightgbm,C,v1,True,2020-04-09,880.0,968
3,lightgbm,C,v1,True,2020-04-10,780.0,703
3,lightgbm,C,v1,True,2020-04-13,1145.0,1231
3,lightgbm,C,v1,True,2020-04-14,879.0,1023
3,lightgbm,C,v1,True,2020-04-16,947.0,1017
3,lightgbm,C,v1,True,2020-04-17,759.0,713
3,lightgbm,C,v1,True,2020-04-20,1089.0,1225
3,lightgbm,C,v1,True,2020-04-21,911.0,1107
3,lightgbm,C,v1,True,2020-04-22,945.0,892
3,lightgbm,C,v1,True,2020-04-23,880.0,813
3,lightgbm,C,v1,True,2020-04-24,639.0,602
3,lightgbm,C,v1,True,2020-04-27,1223.0,1222
3,lightgbm,C,v1,True,2020-04-28,824.0,913
3,lightgbm,C,v1,True,2020-04-29,680.0,754
3,lightgbm,C,v1,True,2020-05-04,504.0,609
3,lightgbm,C,v1,True,2020-05-06,1254.0,1043
3,lightgbm,C,v1,True,2020-05-07,959.0,855
3,lightgbm,C,v1,True,2020-05-08,620.0,623
3,lightgbm,C,v1,True,2020-05-11,1249.0,1162
3,lightgbm,C,v1,True,2020-05-12,968.0,947
3,lightgbm,C,v1,True,2020-05-13,844.0,860
3,lightgbm,C,v1,True,2020-05-14,793.0,724
3,lightgbm,C,v1,True,2020-05-15,614.0,545
3,lightgbm,C,v1,True,2020-05-18,1141.0,1127
3,lightgbm,C,v1,True,2020-05-19,935.0,927
3,lightgbm,C,v1,True,2020-05-20,791.0,855
3,lightgbm,C,v2,True,2019-10-14,1140.0,1169
3,lightgbm,C,v2,True,2019-10-15,867.0,953
3,lightgbm,C,v2,True,2019-10-16,765.0,856
3,lightgbm,C,v2,True,2019-10-17,708.0,766
3,lightgbm,C,v2,True,2019-10-18,581.0,627
3,lightgbm,C,v2,True,2019-10-21,1107.0,1252
3,lightgbm,C,v2,True,2019-10-22,1090.0,835
3,lightgbm,C,v2,True,2019-10-23,785.0,817
3,lightgbm,C,v2,True,2019-10-24,705.0,784
3,lightgbm,C,v2,True,2019-10-25,546.0,647
3,lightgbm,C,v2,True,2019-10-28,915.0,1176
3,lightgbm,C,v2,True,2019-10-29,808.0,863
3,lightgbm,C,v2,True,2019-10-30,771.0,851
3,lightgbm,C,v2,True,2019-10-31,671.0,789
3,lightgbm,C,v2,True,2019-11-01,586.0,658
3,lightgbm,C,v2,True,2019-11-04,1058.0,1173
3,lightgbm,C,v2,True,2019-11-05,773.0,873
3,lightgbm,C,v2,True,2019-11-06,773.0,848
3,lightgbm,C,v2,True,2019-11-07,700.0,787
3,lightgbm,C,v2,True,2019-11-08,535.0,665
3,lightgbm,C,v2,True,2019-11-11,1079.0,1221
3,lightgbm,C,v2,True,2019-11-12,769.0,902
3,lightgbm,C,v2,True,2019-11-13,733.0,830
3,lightgbm,C,v2,True,2019-11-14,677.0,807
3,lightgbm,C,v2,True,2019-11-15,543.0,632
3,lightgbm,C,v2,True,2019-11-18,1032.0,1250
3,lightgbm,C,v2,True,2019-11-19,762.0,881
3,lightgbm,C,v2,True,2019-11-20,759.0,793
3,lightgbm,C,v2,True,2019-11-21,613.0,759
3,lightgbm,C,v2,True,2019-11-22,551.0,639
3,lightgbm,C,v2,True,2019-11-25,1097.0,1251
3,lightgbm,C,v2,True,2019-11-26,816.0,937
3,lightgbm,C,v2,True,2019-11-27,732.0,845
3,lightgbm,C,v2,True,2019-11-28,644.0,787
3,lightgbm,C,v2,True,2019-11-29,572.0,663
3,lightgbm,C,v2,True,2019-12-02,1140.0,1283
3,lightgbm,C,v2,True,2019-12-03,873.0,1011
3,lightgbm,C,v2,True,2019-12-04,879.0,874
3,lightgbm,C,v2,True,2019-12-05,779.0,824
3,lightgbm,C,v2,True,2019-12-06,631.0,627
3,lightgbm,C,v2,True,2019-12-09,1120.0,1303
3,lightgbm,C,v2,True,2019-12-10,742.0,974
3,lightgbm,C,v2,True,2019-12-11,858.0,782
3,lightgbm,C,v2,True,2019-12-12,731.0,900
3,lightgbm,C,v2,True,2019-12-13,639.0,644
3,lightgbm,C,v2,True,2019-12-16,1103.0,1301
3,lightgbm,C,v2,True,2019-12-17,739.0,916
3,lightgbm,C,v2,True,2019-12-18,683.0,770
3,lightgbm,C,v2,True,2019-12-19,862.0,888
3,lightgbm,C,v2,True,2019-12-20,481.0,659
3,lightgbm,C,v2,True,2019-12-23,741.0,1037
3,lightgbm,C,v2,True,2019-12-24,462.0,866
3,lightgbm,C,v2,True,2019-12-26,594.0,582
3,lightgbm,C,v2,True,2019-12-27,387.0,541
3,lightgbm,C,v2,True,2019-12-30,652.0,714
3,lightgbm,C,v2,True,2019-12-31,349.0,559
3,lightgbm,C,v2,True,2020-01-02,985.0,1103
3,lightgbm,C,v2,True,2020-01-03,635.0,730
3,lightgbm,C,v2,True,2020-01-06,1133.0,1115
3,lightgbm,C,v2,True,2020-01-07,904.0,962
3,lightgbm,C,v2,True,2020-01-08,740.0,917
3,lightgbm,C,v2,True,2020-01-09,773.0,873
3,lightgbm,C,v2,True,2020-01-10,573.0,664
3,lightgbm,C,v2,True,2020-01-13,945.0,1163
3,lightgbm,C,v2,True,2020-01-14,820.0,862
3,lightgbm,C,v2,True,2020-01-15,633.0,833
3,lightgbm,C,v2,True,2020-01-16,761.0,868
3,lightgbm,C,v2,True,2020-01-17,696.0,603
3,lightgbm,C,v2,True,2020-01-20,1075.0,1167
3,lightgbm,C,v2,True,2020-01-21,868.0,864
3,lightgbm,C,v2,True,2020-01-22,782.0,892
3,lightgbm,C,v2,True,2020-01-23,685.0,707
3,lightgbm,C,v2,True,2020-01-28,1042.0,1045
3,lightgbm,C,v2,True,2020-01-29,1197.0,997
3,lightgbm,C,v2,True,2020-01-30,736.0,841
3,lightgbm,C,v2,True,2020-01-31,623.0,680
3,lightgbm,C,v2,True,2020-02-03,1081.0,1134
3,lightgbm,C,v2,True,2020-02-04,849.0,899
3,lightgbm,C,v2,True,2020-02-05,660.0,924
3,lightgbm,C,v2,True,2020-02-06,637.0,855
3,lightgbm,C,v2,True,2020-02-07,539.0,645
3,lightgbm,C,v2,True,2020-02-10,1233.0,1231
3,lightgbm,C,v2,True,2020-02-11,1075.0,969
3,lightgbm,C,v2,True,2020-02-12,1173.0,949
3,lightgbm,C,v2,True,2020-02-13,834.0,825
3,lightgbm,C,v2,True,2020-02-14,776.0,626
3,lightgbm,C,v2,True,2020-02-17,1370.0,1192
3,lightgbm,C,v2,True,2020-02-18,939.0,901
3,lightgbm,C,v2,True,2020-02-19,930.0,844
3,lightgbm,C,v2,True,2020-02-20,826.0,795
3,lightgbm,C,v2,True,2020-02-21,627.0,607
3,lightgbm,C,v2,True,2020-02-24,1282.0,1238
3,lightgbm,C,v2,True,2020-02-25,1238.0,1079
3,lightgbm,C,v2,True,2020-02-26,1105.0,996
3,lightgbm,C,v2,True,2020-02-27,1000.0,947
3,lightgbm,C,v2,True,2020-02-28,750.0,675
3,lightgbm,C,v2,True,2020-03-02,1362.0,1251
3,lightgbm,C,v2,True,2020-03-03,1074.0,1037
3,lightgbm,C,v2,True,2020-03-04,999.0,867
3,lightgbm,C,v2,True,2020-03-05,989.0,893
3,lightgbm,C,v2,True,2020-03-06,642.0,646
3,lightgbm,C,v2,True,2020-03-09,1276.0,1270
3,lightgbm,C,v2,True,2020-03-10,1019.0,1033
3,lightgbm,C,v2,True,2020-03-11,967.0,943
3,lightgbm,C,v2,True,2020-03-12,804.0,827
3,lightgbm,C,v2,True,2020-03-13,593.0,598
3,lightgbm,C,v2,True,2020-03-16,1284.0,1274
3,lightgbm,C,v2,True,2020-03-17,914.0,1056
3,lightgbm,C,v2,True,2020-03-18,831.0,966
3,lightgbm,C,v2,True,2020-03-19,829.0,868
3,lightgbm,C,v2,True,2020-03-20,627.0,638
3,lightgbm,C,v2,True,2020-03-23,1110.0,1244
3,lightgbm,C,v2,True,2020-03-24,1083.0,1087
3,lightgbm,C,v2,True,2020-03-25,1022.0,982
3,lightgbm,C,v2,True,2020-03-26,955.0,1008
3,lightgbm,C,v2,True,2020-03-27,839.0,850
3,lightgbm,C,v2,True,2020-03-30,1000.0,1142
3,lightgbm,C,v2,True,2020-03-31,859.0,1027
3,lightgbm,C,v2,True,2020-04-01,939.0,986
3,lightgbm,C,v2,True,2020-04-02,1009.0,1023
3,lightgbm,C,v2,True,2020-04-03,802.0,734
3,lightgbm,C,v2,True,2020-04-06,1161.0,1257
3,lightgbm,C,v2,True,2020-04-07,969.0,1015
3,lightgbm,C,v2,True,2020-04-08,1032.0,954
3,lightgbm,C,v2,True,2020-04-09,880.0,970
3,lightgbm,C,v2,True,2020-04-10,780.0,689
3,lightgbm,C,v2,True,2020-04-13,1145.0,1221
3,lightgbm,C,v2,True,2020-04-14,879.0,1009
3,lightgbm,C,v2,True,2020-04-16,947.0,1010
3,lightgbm,C,v2,True,2020-04-17,759.0,698
3,lightgbm,C,v2,True,2020-04-20,1089.0,1218
3,lightgbm,C,v2,True,2020-04-21,911.0,1065
3,lightgbm,C,v2,True,2020-04-22,945.0,893
3,lightgbm,C,v2,True,2020-04-23,880.0,822
3,lightgbm,C,v2,True,2020-04-24,639.0,581
3,lightgbm,C,v2,True,2020-04-27,1223.0,1213
3,lightgbm,C,v2,True,2020-04-28,824.0,911
3,lightgbm,C,v2,True,2020-04-29,680.0,743
3,lightgbm,C,v2,True,2020-05-04,504.0,594
3,lightgbm,C,v2,True,2020-05-06,1254.0,1038
3,lightgbm,C,v2,True,2020-05-07,959.0,839
3,lightgbm,C,v2,True,2020-05-08,620.0,618
3,lightgbm,C,v2,True,2020-05-11,1249.0,1163
3,lightgbm,C,v2,True,2020-05-12,968.0,937
3,lightgbm,C,v2,True,2020-05-13,844.0,865
3,lightgbm,C,v2,True,2020-05-14,793.0,734
3,lightgbm,C,v2,True,2020-05-15,614.0,527
3,lightgbm,C,v2,True,2020-05-18,1141.0,1133
3,lightgbm,C,v2,True,2020-05-19,935.0,932
3,lightgbm,C,v2,True,2020-05-20,791.0,863
3,lightgbm,D,v1,True,2019-10-14,1140.0,1204
3,lightgbm,D,v1,True,2019-10-15,867.0,969
3,lightgbm,D,v1,True,2019-10-16,765.0,896
3,lightgbm,D,v1,True,2019-10-17,708.0,775
3,lightgbm,D,v1,True,2019-10-18,581.0,569
3,lightgbm,D,v1,True,2019-10-21,1107.0,1281
3,lightgbm,D,v1,True,2019-10-22,1090.0,852
3,lightgbm,D,v1,True,2019-10-23,785.0,860
3,lightgbm,D,v1,True,2019-10-24,705.0,768
3,lightgbm,D,v1,True,2019-10-25,546.0,571
3,lightgbm,D,v1,True,2019-10-28,915.0,1172
3,lightgbm,D,v1,True,2019-10-29,808.0,888
3,lightgbm,D,v1,True,2019-10-30,771.0,831
3,lightgbm,D,v1,True,2019-10-31,671.0,820
3,lightgbm,D,v1,True,2019-11-01,586.0,606
3,lightgbm,D,v1,True,2019-11-04,1058.0,1195
3,lightgbm,D,v1,True,2019-11-05,773.0,858
3,lightgbm,D,v1,True,2019-11-06,773.0,843
3,lightgbm,D,v1,True,2019-11-07,700.0,818
3,lightgbm,D,v1,True,2019-11-08,535.0,589
3,lightgbm,D,v1,True,2019-11-11,1079.0,1224
3,lightgbm,D,v1,True,2019-11-12,769.0,926
3,lightgbm,D,v1,True,2019-11-13,733.0,817
3,lightgbm,D,v1,True,2019-11-14,677.0,807
3,lightgbm,D,v1,True,2019-11-15,543.0,597
3,lightgbm,D,v1,True,2019-11-18,1032.0,1227
3,lightgbm,D,v1,True,2019-11-19,762.0,890
3,lightgbm,D,v1,True,2019-11-20,759.0,782
3,lightgbm,D,v1,True,2019-11-21,613.0,785
3,lightgbm,D,v1,True,2019-11-22,551.0,610
3,lightgbm,D,v1,True,2019-11-25,1097.0,1260
3,lightgbm,D,v1,True,2019-11-26,816.0,929
3,lightgbm,D,v1,True,2019-11-27,732.0,817
3,lightgbm,D,v1,True,2019-11-28,644.0,795
3,lightgbm,D,v1,True,2019-11-29,572.0,606
3,lightgbm,D,v1,True,2019-12-02,1140.0,1253
3,lightgbm,D,v1,True,2019-12-03,873.0,931
3,lightgbm,D,v1,True,2019-12-04,879.0,844
3,lightgbm,D,v1,True,2019-12-05,779.0,766
3,lightgbm,D,v1,True,2019-12-06,631.0,606
3,lightgbm,D,v1,True,2019-12-09,1120.0,1316
3,lightgbm,D,v1,True,2019-12-10,742.0,878
3,lightgbm,D,v1,True,2019-12-11,858.0,782
3,lightgbm,D,v1,True,2019-12-12,731.0,909
3,lightgbm,D,v1,True,2019-12-13,639.0,600
3,lightgbm,D,v1,True,2019-12-16,1103.0,1277
3,lightgbm,D,v1,True,2019-12-17,739.0,866
3,lightgbm,D,v1,True,2019-12-18,683.0,771
3,lightgbm,D,v1,True,2019-12-19,862.0,868
3,lightgbm,D,v1,True,2019-12-20,481.0,592
3,lightgbm,D,v1,True,2019-12-23,741.0,947
3,lightgbm,D,v1,True,2019-12-24,462.0,834
3,lightgbm,D,v1,True,2019-12-26,594.0,547
3,lightgbm,D,v1,True,2019-12-27,387.0,475
3,lightgbm,D,v1,True,2019-12-30,652.0,688
3,lightgbm,D,v1,True,2019-12-31,349.0,571
3,lightgbm,D,v1,True,2020-01-02,985.0,1071
3,lightgbm,D,v1,True,2020-01-03,635.0,755
3,lightgbm,D,v1,True,2020-01-06,1133.0,1162
3,lightgbm,D,v1,True,2020-01-07,904.0,992
3,lightgbm,D,v1,True,2020-01-08,740.0,895
3,lightgbm,D,v1,True,2020-01-09,773.0,892
3,lightgbm,D,v1,True,2020-01-10,573.0,620
3,lightgbm,D,v1,True,2020-01-13,945.0,1178
3,lightgbm,D,v1,True,2020-01-14,820.0,862
3,lightgbm,D,v1,True,2020-01-15,633.0,885
3,lightgbm,D,v1,True,2020-01-16,761.0,848
3,lightgbm,D,v1,True,2020-01-17,696.0,589
3,lightgbm,D,v1,True,2020-01-20,1075.0,1224
3,lightgbm,D,v1,True,2020-01-21,868.0,867
3,lightgbm,D,v1,True,2020-01-22,782.0,813
3,lightgbm,D,v1,True,2020-01-23,685.0,741
3,lightgbm,D,v1,True,2020-01-28,1042.0,1047
3,lightgbm,D,v1,True,2020-01-29,1197.0,936
3,lightgbm,D,v1,True,2020-01-30,736.0,889
3,lightgbm,D,v1,True,2020-01-31,623.0,684
3,lightgbm,D,v1,True,2020-02-03,1081.0,1143
3,lightgbm,D,v1,True,2020-02-04,849.0,938
3,lightgbm,D,v1,True,2020-02-05,660.0,925
3,lightgbm,D,v1,True,2020-02-06,637.0,811
3,lightgbm,D,v1,True,2020-02-07,539.0,593
3,lightgbm,D,v1,True,2020-02-10,1233.0,1261
3,lightgbm,D,v1,True,2020-02-11,1075.0,1007
3,lightgbm,D,v1,True,2020-02-12,1173.0,977
3,lightgbm,D,v1,True,2020-02-13,834.0,875
3,lightgbm,D,v1,True,2020-02-14,776.0,646
3,lightgbm,D,v1,True,2020-02-17,1370.0,1217
3,lightgbm,D,v1,True,2020-02-18,939.0,837
3,lightgbm,D,v1,True,2020-02-19,930.0,820
3,lightgbm,D,v1,True,2020-02-20,826.0,827
3,lightgbm,D,v1,True,2020-02-21,627.0,627
3,lightgbm,D,v1,True,2020-02-24,1282.0,1261
3,lightgbm,D,v1,True,2020-02-25,1238.0,1109
3,lightgbm,D,v1,True,2020-02-26,1105.0,1004
3,lightgbm,D,v1,True,2020-02-27,1000.0,969
3,lightgbm,D,v1,True,2020-02-28,750.0,629
3,lightgbm,D,v1,True,2020-03-02,1362.0,1281
3,lightgbm,D,v1,True,2020-03-03,1074.0,1012
3,lightgbm,D,v1,True,2020-03-04,999.0,943
3,lightgbm,D,v1,True,2020-03-05,989.0,862
3,lightgbm,D,v1,True,2020-03-06,642.0,596
3,lightgbm,D,v1,True,2020-03-09,1276.0,1294
3,lightgbm,D,v1,True,2020-03-10,1019.0,1067
3,lightgbm,D,v1,True,2020-03-11,967.0,957
3,lightgbm,D,v1,True,2020-03-12,804.0,840
3,lightgbm,D,v1,True,2020-03-13,593.0,675
3,lightgbm,D,v1,True,2020-03-16,1284.0,1257
3,lightgbm,D,v1,True,2020-03-17,914.0,1027
3,lightgbm,D,v1,True,2020-03-18,831.0,942
3,lightgbm,D,v1,True,2020-03-19,829.0,932
3,lightgbm,D,v1,True,2020-03-20,627.0,659
3,lightgbm,D,v1,True,2020-03-23,1110.0,1276
3,lightgbm,D,v1,True,2020-03-24,1083.0,1082
3,lightgbm,D,v1,True,2020-03-25,1022.0,1079
3,lightgbm,D,v1,True,2020-03-26,955.0,1071
3,lightgbm,D,v1,True,2020-03-27,839.0,843
3,lightgbm,D,v1,True,2020-03-30,1000.0,1185
3,lightgbm,D,v1,True,2020-03-31,859.0,1053
3,lightgbm,D,v1,True,2020-04-01,939.0,1009
3,lightgbm,D,v1,True,2020-04-02,1009.0,1023
3,lightgbm,D,v1,True,2020-04-03,802.0,713
3,lightgbm,D,v1,True,2020-04-06,1161.0,1258
3,lightgbm,D,v1,True,2020-04-07,969.0,1023
3,lightgbm,D,v1,True,2020-04-08,1032.0,960
3,lightgbm,D,v1,True,2020-04-09,880.0,995
3,lightgbm,D,v1,True,2020-04-10,780.0,641
3,lightgbm,D,v1,True,2020-04-13,1145.0,1290
3,lightgbm,D,v1,True,2020-04-14,879.0,990
3,lightgbm,D,v1,True,2020-04-16,947.0,1052
3,lightgbm,D,v1,True,2020-04-17,759.0,670
3,lightgbm,D,v1,True,2020-04-20,1089.0,1272
3,lightgbm,D,v1,True,2020-04-21,911.0,1147
3,lightgbm,D,v1,True,2020-04-22,945.0,876
3,lightgbm,D,v1,True,2020-04-23,880.0,836
3,lightgbm,D,v1,True,2020-04-24,639.0,623
3,lightgbm,D,v1,True,2020-04-27,1223.0,1217
3,lightgbm,D,v1,True,2020-04-28,824.0,890
3,lightgbm,D,v1,True,2020-04-29,680.0,727
3,lightgbm,D,v1,True,2020-05-04,504.0,636
3,lightgbm,D,v1,True,2020-05-06,1254.0,1098
3,lightgbm,D,v1,True,2020-05-07,959.0,930
3,lightgbm,D,v1,True,2020-05-08,620.0,676
3,lightgbm,D,v1,True,2020-05-11,1249.0,1176
3,lightgbm,D,v1,True,2020-05-12,968.0,969
3,lightgbm,D,v1,True,2020-05-13,844.0,900
3,lightgbm,D,v1,True,2020-05-14,793.0,720
3,lightgbm,D,v1,True,2020-05-15,614.0,560
3,lightgbm,D,v1,True,2020-05-18,1141.0,1165
3,lightgbm,D,v1,True,2020-05-19,935.0,982
3,lightgbm,D,v1,True,2020-05-20,791.0,963
3,lightgbm,D,v2,True,2019-10-14,1140.0,1209
3,lightgbm,D,v2,True,2019-10-15,867.0,989
3,lightgbm,D,v2,True,2019-10-16,765.0,910
3,lightgbm,D,v2,True,2019-10-17,708.0,790
3,lightgbm,D,v2,True,2019-10-18,581.0,584
3,lightgbm,D,v2,True,2019-10-21,1107.0,1281
3,lightgbm,D,v2,True,2019-10-22,1090.0,873
3,lightgbm,D,v2,True,2019-10-23,785.0,857
3,lightgbm,D,v2,True,2019-10-24,705.0,780
3,lightgbm,D,v2,True,2019-10-25,546.0,567
3,lightgbm,D,v2,True,2019-10-28,915.0,1177
3,lightgbm,D,v2,True,2019-10-29,808.0,892
3,lightgbm,D,v2,True,2019-10-30,771.0,840
3,lightgbm,D,v2,True,2019-10-31,671.0,833
3,lightgbm,D,v2,True,2019-11-01,586.0,623
3,lightgbm,D,v2,True,2019-11-04,1058.0,1211
3,lightgbm,D,v2,True,2019-11-05,773.0,879
3,lightgbm,D,v2,True,2019-11-06,773.0,846
3,lightgbm,D,v2,True,2019-11-07,700.0,820
3,lightgbm,D,v2,True,2019-11-08,535.0,584
3,lightgbm,D,v2,True,2019-11-11,1079.0,1231
3,lightgbm,D,v2,True,2019-11-12,769.0,920
3,lightgbm,D,v2,True,2019-11-13,733.0,832
3,lightgbm,D,v2,True,2019-11-14,677.0,825
3,lightgbm,D,v2,True,2019-11-15,543.0,579
3,lightgbm,D,v2,True,2019-11-18,1032.0,1237
3,lightgbm,D,v2,True,2019-11-19,762.0,890
3,lightgbm,D,v2,True,2019-11-20,759.0,794
3,lightgbm,D,v2,True,2019-11-21,613.0,795
3,lightgbm,D,v2,True,2019-11-22,551.0,599
3,lightgbm,D,v2,True,2019-11-25,1097.0,1275
3,lightgbm,D,v2,True,2019-11-26,816.0,943
3,lightgbm,D,v2,True,2019-11-27,732.0,828
3,lightgbm,D,v2,True,2019-11-28,644.0,811
3,lightgbm,D,v2,True,2019-11-29,572.0,584
3,lightgbm,D,v2,True,2019-12-02,1140.0,1260
3,lightgbm,D,v2,True,2019-12-03,873.0,946
3,lightgbm,D,v2,True,2019-12-04,879.0,839
3,lightgbm,D,v2,True,2019-12-05,779.0,767
3,lightgbm,D,v2,True,2019-12-06,631.0,593
3,lightgbm,D,v2,True,2019-12-09,1120.0,1297
3,lightgbm,D,v2,True,2019-12-10,742.0,886
3,lightgbm,D,v2,True,2019-12-11,858.0,774
3,lightgbm,D,v2,True,2019-12-12,731.0,919
3,lightgbm,D,v2,True,2019-12-13,639.0,611
3,lightgbm,D,v2,True,2019-12-16,1103.0,1249
3,lightgbm,D,v2,True,2019-12-17,739.0,887
3,lightgbm,D,v2,True,2019-12-18,683.0,785
3,lightgbm,D,v2,True,2019-12-19,862.0,886
3,lightgbm,D,v2,True,2019-12-20,481.0,579
3,lightgbm,D,v2,True,2019-12-23,741.0,949
3,lightgbm,D,v2,True,2019-12-24,462.0,831
3,lightgbm,D,v2,True,2019-12-26,594.0,545
3,lightgbm,D,v2,True,2019-12-27,387.0,449
3,lightgbm,D,v2,True,2019-12-30,652.0,695
3,lightgbm,D,v2,True,2019-12-31,349.0,573
3,lightgbm,D,v2,True,2020-01-02,985.0,1081
3,lightgbm,D,v2,True,2020-01-03,635.0,715
3,lightgbm,D,v2,True,2020-01-06,1133.0,1170
3,lightgbm,D,v2,True,2020-01-07,904.0,1005
3,lightgbm,D,v2,True,2020-01-08,740.0,915
3,lightgbm,D,v2,True,2020-01-09,773.0,881
3,lightgbm,D,v2,True,2020-01-10,573.0,607
3,lightgbm,D,v2,True,2020-01-13,945.0,1176
3,lightgbm,D,v2,True,2020-01-14,820.0,847
3,lightgbm,D,v2,True,2020-01-15,633.0,862
3,lightgbm,D,v2,True,2020-01-16,761.0,849
3,lightgbm,D,v2,True,2020-01-17,696.0,569
3,lightgbm,D,v2,True,2020-01-20,1075.0,1210
3,lightgbm,D,v2,True,2020-01-21,868.0,857
3,lightgbm,D,v2,True,2020-01-22,782.0,825
3,lightgbm,D,v2,True,2020-01-23,685.0,726
3,lightgbm,D,v2,True,2020-01-28,1042.0,1020
3,lightgbm,D,v2,True,2020-01-29,1197.0,953
3,lightgbm,D,v2,True,2020-01-30,736.0,885
3,lightgbm,D,v2,True,2020-01-31,623.0,657
3,lightgbm,D,v2,True,2020-02-03,1081.0,1147
3,lightgbm,D,v2,True,2020-02-04,849.0,942
3,lightgbm,D,v2,True,2020-02-05,660.0,943
3,lightgbm,D,v2,True,2020-02-06,637.0,820
3,lightgbm,D,v2,True,2020-02-07,539.0,615
3,lightgbm,D,v2,True,2020-02-10,1233.0,1244
3,lightgbm,D,v2,True,2020-02-11,1075.0,1001
3,lightgbm,D,v2,True,2020-02-12,1173.0,990
3,lightgbm,D,v2,True,2020-02-13,834.0,887
3,lightgbm,D,v2,True,2020-02-14,776.0,635
3,lightgbm,D,v2,True,2020-02-17,1370.0,1209
3,lightgbm,D,v2,True,2020-02-18,939.0,834
3,lightgbm,D,v2,True,2020-02-19,930.0,819
3,lightgbm,D,v2,True,2020-02-20,826.0,826
3,lightgbm,D,v2,True,2020-02-21,627.0,636
3,lightgbm,D,v2,True,2020-02-24,1282.0,1259
3,lightgbm,D,v2,True,2020-02-25,1238.0,1109
3,lightgbm,D,v2,True,2020-02-26,1105.0,1036
3,lightgbm,D,v2,True,2020-02-27,1000.0,984
3,lightgbm,D,v2,True,2020-02-28,750.0,620
3,lightgbm,D,v2,True,2020-03-02,1362.0,1269
3,lightgbm,D,v2,True,2020-03-03,1074.0,1007
3,lightgbm,D,v2,True,2020-03-04,999.0,927
3,lightgbm,D,v2,True,2020-03-05,989.0,865
3,lightgbm,D,v2,True,2020-03-06,642.0,607
3,lightgbm,D,v2,True,2020-03-09,1276.0,1290
3,lightgbm,D,v2,True,2020-03-10,1019.0,1081
3,lightgbm,D,v2,True,2020-03-11,967.0,953
3,lightgbm,D,v2,True,2020-03-12,804.0,838
3,lightgbm,D,v2,True,2020-03-13,593.0,658
3,lightgbm,D,v2,True,2020-03-16,1284.0,1244
3,lightgbm,D,v2,True,2020-03-17,914.0,1042
3,lightgbm,D,v2,True,2020-03-18,831.0,955
3,lightgbm,D,v2,True,2020-03-19,829.0,931
3,lightgbm,D,v2,True,2020-03-20,627.0,656
3,lightgbm,D,v2,True,2020-03-23,1110.0,1271
3,lightgbm,D,v2,True,2020-03-24,1083.0,1078
3,lightgbm,D,v2,True,2020-03-25,1022.0,1078
3,lightgbm,D,v2,True,2020-03-26,955.0,1074
3,lightgbm,D,v2,True,2020-03-27,839.0,857
3,lightgbm,D,v2,True,2020-03-30,1000.0,1188
3,lightgbm,D,v2,True,2020-03-31,859.0,1060
3,lightgbm,D,v2,True,2020-04-01,939.0,1030
3,lightgbm,D,v2,True,2020-04-02,1009.0,1022
3,lightgbm,D,v2,True,2020-04-03,802.0,716
3,lightgbm,D,v2,True,2020-04-06,1161.0,1244
3,lightgbm,D,v2,True,2020-04-07,969.0,1012
3,lightgbm,D,v2,True,2020-04-08,1032.0,975
3,lightgbm,D,v2,True,2020-04-09,880.0,987
3,lightgbm,D,v2,True,2020-04-10,780.0,634
3,lightgbm,D,v2,True,2020-04-13,1145.0,1265
3,lightgbm,D,v2,True,2020-04-14,879.0,979
3,lightgbm,D,v2,True,2020-04-16,947.0,1047
3,lightgbm,D,v2,True,2020-04-17,759.0,667
3,lightgbm,D,v2,True,2020-04-20,1089.0,1293
3,lightgbm,D,v2,True,2020-04-21,911.0,1143
3,lightgbm,D,v2,True,2020-04-22,945.0,888
3,lightgbm,D,v2,True,2020-04-23,880.0,821
3,lightgbm,D,v2,True,2020-04-24,639.0,611
3,lightgbm,D,v2,True,2020-04-27,1223.0,1209
3,lightgbm,D,v2,True,2020-04-28,824.0,879
3,lightgbm,D,v2,True,2020-04-29,680.0,729
3,lightgbm,D,v2,True,2020-05-04,504.0,632
3,lightgbm,D,v2,True,2020-05-06,1254.0,1114
3,lightgbm,D,v2,True,2020-05-07,959.0,921
3,lightgbm,D,v2,True,2020-05-08,620.0,655
3,lightgbm,D,v2,True,2020-05-11,1249.0,1165
3,lightgbm,D,v2,True,2020-05-12,968.0,982
3,lightgbm,D,v2,True,2020-05-13,844.0,895
3,lightgbm,D,v2,True,2020-05-14,793.0,711
3,lightgbm,D,v2,True,2020-05-15,614.0,568
3,lightgbm,D,v2,True,2020-05-18,1141.0,1168
3,lightgbm,D,v2,True,2020-05-19,935.0,1002
3,lightgbm,D,v2,True,2020-05-20,791.0,967
3,xgboost,A,v2,True,2019-10-14,1140.0,1026
3,xgboost,A,v2,True,2019-10-15,867.0,963
3,xgboost,A,v2,True,2019-10-16,765.0,777
3,xgboost,A,v2,True,2019-10-17,708.0,744
3,xgboost,A,v2,True,2019-10-18,581.0,597
3,xgboost,A,v2,True,2019-10-21,1107.0,1209
3,xgboost,A,v2,True,2019-10-22,1090.0,698
3,xgboost,A,v2,True,2019-10-23,785.0,789
3,xgboost,A,v2,True,2019-10-24,705.0,700
3,xgboost,A,v2,True,2019-10-25,546.0,573
3,xgboost,A,v2,True,2019-10-28,915.0,938
3,xgboost,A,v2,True,2019-10-29,808.0,773
3,xgboost,A,v2,True,2019-10-30,771.0,714
3,xgboost,A,v2,True,2019-10-31,671.0,706
3,xgboost,A,v2,True,2019-11-01,586.0,625
3,xgboost,A,v2,True,2019-11-04,1058.0,1041
3,xgboost,A,v2,True,2019-11-05,773.0,798
3,xgboost,A,v2,True,2019-11-06,773.0,779
3,xgboost,A,v2,True,2019-11-07,700.0,752
3,xgboost,A,v2,True,2019-11-08,535.0,590
3,xgboost,A,v2,True,2019-11-11,1079.0,1152
3,xgboost,A,v2,True,2019-11-12,769.0,914
3,xgboost,A,v2,True,2019-11-13,733.0,723
3,xgboost,A,v2,True,2019-11-14,677.0,852
3,xgboost,A,v2,True,2019-11-15,543.0,593
3,xgboost,A,v2,True,2019-11-18,1032.0,1197
3,xgboost,A,v2,True,2019-11-19,762.0,863
3,xgboost,A,v2,True,2019-11-20,759.0,716
3,xgboost,A,v2,True,2019-11-21,613.0,813
3,xgboost,A,v2,True,2019-11-22,551.0,570
3,xgboost,A,v2,True,2019-11-25,1097.0,1177
3,xgboost,A,v2,True,2019-11-26,816.0,895
3,xgboost,A,v2,True,2019-11-27,732.0,722
3,xgboost,A,v2,True,2019-11-28,644.0,818
3,xgboost,A,v2,True,2019-11-29,572.0,570
3,xgboost,A,v2,True,2019-12-02,1140.0,1275
3,xgboost,A,v2,True,2019-12-03,873.0,1045
3,xgboost,A,v2,True,2019-12-04,879.0,815
3,xgboost,A,v2,True,2019-12-05,779.0,882
3,xgboost,A,v2,True,2019-12-06,631.0,591
3,xgboost,A,v2,True,2019-12-09,1120.0,1316
3,xgboost,A,v2,True,2019-12-10,742.0,1070
3,xgboost,A,v2,True,2019-12-11,858.0,799
3,xgboost,A,v2,True,2019-12-12,731.0,971
3,xgboost,A,v2,True,2019-12-13,639.0,593
3,xgboost,A,v2,True,2019-12-16,1103.0,1250
3,xgboost,A,v2,True,2019-12-17,739.0,907
3,xgboost,A,v2,True,2019-12-18,683.0,697
3,xgboost,A,v2,True,2019-12-19,862.0,921
3,xgboost,A,v2,True,2019-12-20,481.0,628
3,xgboost,A,v2,True,2019-12-23,741.0,852
3,xgboost,A,v2,True,2019-12-24,462.0,737
3,xgboost,A,v2,True,2019-12-26,594.0,714
3,xgboost,A,v2,True,2019-12-27,387.0,468
3,xgboost,A,v2,True,2019-12-30,652.0,811
3,xgboost,A,v2,True,2019-12-31,349.0,419
3,xgboost,A,v2,True,2020-01-02,985.0,1178
3,xgboost,A,v2,True,2020-01-03,635.0,814
3,xgboost,A,v2,True,2020-01-06,1133.0,1149
3,xgboost,A,v2,True,2020-01-07,904.0,1189
3,xgboost,A,v2,True,2020-01-08,740.0,890
3,xgboost,A,v2,True,2020-01-09,773.0,1050
3,xgboost,A,v2,True,2020-01-10,573.0,639
3,xgboost,A,v2,True,2020-01-13,945.0,1220
3,xgboost,A,v2,True,2020-01-14,820.0,1053
3,xgboost,A,v2,True,2020-01-15,633.0,896
3,xgboost,A,v2,True,2020-01-16,761.0,1019
3,xgboost,A,v2,True,2020-01-17,696.0,615
3,xgboost,A,v2,True,2020-01-20,1075.0,1242
3,xgboost,A,v2,True,2020-01-21,868.0,1037
3,xgboost,A,v2,True,2020-01-22,782.0,879
3,xgboost,A,v2,True,2020-01-23,685.0,744
3,xgboost,A,v2,True,2020-01-28,1042.0,1197
3,xgboost,A,v2,True,2020-01-29,1197.0,980
3,xgboost,A,v2,True,2020-01-30,736.0,912
3,xgboost,A,v2,True,2020-01-31,623.0,680
3,xgboost,A,v2,True,2020-02-03,1081.0,1152
3,xgboost,A,v2,True,2020-02-04,849.0,1013
3,xgboost,A,v2,True,2020-02-05,660.0,882
3,xgboost,A,v2,True,2020-02-06,637.0,990
3,xgboost,A,v2,True,2020-02-07,539.0,706
3,xgboost,A,v2,True,2020-02-10,1233.0,1231
3,xgboost,A,v2,True,2020-02-11,1075.0,1137
3,xgboost,A,v2,True,2020-02-12,1173.0,873
3,xgboost,A,v2,True,2020-02-13,834.0,841
3,xgboost,A,v2,True,2020-02-14,776.0,641
3,xgboost,A,v2,True,2020-02-17,1370.0,1246
3,xgboost,A,v2,True,2020-02-18,939.0,870
3,xgboost,A,v2,True,2020-02-19,930.0,825
3,xgboost,A,v2,True,2020-02-20,826.0,813
3,xgboost,A,v2,True,2020-02-21,627.0,624
3,xgboost,A,v2,True,2020-02-24,1282.0,1278
3,xgboost,A,v2,True,2020-02-25,1238.0,1253
3,xgboost,A,v2,True,2020-02-26,1105.0,989
3,xgboost,A,v2,True,2020-02-27,1000.0,1107
3,xgboost,A,v2,True,2020-02-28,750.0,762
3,xgboost,A,v2,True,2020-03-02,1362.0,1261
3,xgboost,A,v2,True,2020-03-03,1074.0,1250
3,xgboost,A,v2,True,2020-03-04,999.0,890
3,xgboost,A,v2,True,2020-03-05,989.0,1050
3,xgboost,A,v2,True,2020-03-06,642.0,705
3,xgboost,A,v2,True,2020-03-09,1276.0,1292
3,xgboost,A,v2,True,2020-03-10,1019.0,1235
3,xgboost,A,v2,True,2020-03-11,967.0,1010
3,xgboost,A,v2,True,2020-03-12,804.0,880
3,xgboost,A,v2,True,2020-03-13,593.0,630
3,xgboost,A,v2,True,2020-03-16,1284.0,1271
3,xgboost,A,v2,True,2020-03-17,914.0,1201
3,xgboost,A,v2,True,2020-03-18,831.0,974
3,xgboost,A,v2,True,2020-03-19,829.0,939
3,xgboost,A,v2,True,2020-03-20,627.0,578
3,xgboost,A,v2,True,2020-03-23,1110.0,1189
3,xgboost,A,v2,True,2020-03-24,1083.0,1229
3,xgboost,A,v2,True,2020-03-25,1022.0,895
3,xgboost,A,v2,True,2020-03-26,955.0,1250
3,xgboost,A,v2,True,2020-03-27,839.0,871
3,xgboost,A,v2,True,2020-03-30,1000.0,1242
3,xgboost,A,v2,True,2020-03-31,859.0,1261
3,xgboost,A,v2,True,2020-04-01,939.0,903
3,xgboost,A,v2,True,2020-04-02,1009.0,1249
3,xgboost,A,v2,True,2020-04-03,802.0,773
3,xgboost,A,v2,True,2020-04-06,1161.0,1246
3,xgboost,A,v2,True,2020-04-07,969.0,1238
3,xgboost,A,v2,True,2020-04-08,1032.0,817
3,xgboost,A,v2,True,2020-04-09,880.0,1223
3,xgboost,A,v2,True,2020-04-10,780.0,798
3,xgboost,A,v2,True,2020-04-13,1145.0,1234
3,xgboost,A,v2,True,2020-04-14,879.0,1024
3,xgboost,A,v2,True,2020-04-16,947.0,1168
3,xgboost,A,v2,True,2020-04-17,759.0,691
3,xgboost,A,v2,True,2020-04-20,1089.0,1234
3,xgboost,A,v2,True,2020-04-21,911.0,1179
3,xgboost,A,v2,True,2020-04-22,945.0,821
3,xgboost,A,v2,True,2020-04-23,880.0,909
3,xgboost,A,v2,True,2020-04-24,639.0,541
3,xgboost,A,v2,True,2020-04-27,1223.0,1202
3,xgboost,A,v2,True,2020-04-28,824.0,1073
3,xgboost,A,v2,True,2020-04-29,680.0,699
3,xgboost,A,v2,True,2020-05-04,504.0,550
3,xgboost,A,v2,True,2020-05-06,1254.0,965
3,xgboost,A,v2,True,2020-05-07,959.0,978
3,xgboost,A,v2,True,2020-05-08,620.0,661
3,xgboost,A,v2,True,2020-05-11,1249.0,1204
3,xgboost,A,v2,True,2020-05-12,968.0,966
3,xgboost,A,v2,True,2020-05-13,844.0,858
3,xgboost,A,v2,True,2020-05-14,793.0,746
3,xgboost,A,v2,True,2020-05-15,614.0,588
3,xgboost,A,v2,True,2020-05-18,1141.0,1061
3,xgboost,A,v2,True,2020-05-19,935.0,993
3,xgboost,A,v2,True,2020-05-20,791.0,858
3,xgboost,B,v2,True,2019-10-14,1140.0,1164
3,xgboost,B,v2,True,2019-10-15,867.0,927
3,xgboost,B,v2,True,2019-10-16,765.0,858
3,xgboost,B,v2,True,2019-10-17,708.0,780
3,xgboost,B,v2,True,2019-10-18,581.0,634
3,xgboost,B,v2,True,2019-10-21,1107.0,1237
3,xgboost,B,v2,True,2019-10-22,1090.0,757
3,xgboost,B,v2,True,2019-10-23,785.0,848
3,xgboost,B,v2,True,2019-10-24,705.0,749
3,xgboost,B,v2,True,2019-10-25,546.0,604
3,xgboost,B,v2,True,2019-10-28,915.0,1112
3,xgboost,B,v2,True,2019-10-29,808.0,805
3,xgboost,B,v2,True,2019-10-30,771.0,840
3,xgboost,B,v2,True,2019-10-31,671.0,773
3,xgboost,B,v2,True,2019-11-01,586.0,643
3,xgboost,B,v2,True,2019-11-04,1058.0,1174
3,xgboost,B,v2,True,2019-11-05,773.0,847
3,xgboost,B,v2,True,2019-11-06,773.0,835
3,xgboost,B,v2,True,2019-11-07,700.0,797
3,xgboost,B,v2,True,2019-11-08,535.0,630
3,xgboost,B,v2,True,2019-11-11,1079.0,1210
3,xgboost,B,v2,True,2019-11-12,769.0,892
3,xgboost,B,v2,True,2019-11-13,733.0,805
3,xgboost,B,v2,True,2019-11-14,677.0,859
3,xgboost,B,v2,True,2019-11-15,543.0,624
3,xgboost,B,v2,True,2019-11-18,1032.0,1227
3,xgboost,B,v2,True,2019-11-19,762.0,891
3,xgboost,B,v2,True,2019-11-20,759.0,797
3,xgboost,B,v2,True,2019-11-21,613.0,813
3,xgboost,B,v2,True,2019-11-22,551.0,601
3,xgboost,B,v2,True,2019-11-25,1097.0,1230
3,xgboost,B,v2,True,2019-11-26,816.0,952
3,xgboost,B,v2,True,2019-11-27,732.0,835
3,xgboost,B,v2,True,2019-11-28,644.0,827
3,xgboost,B,v2,True,2019-11-29,572.0,601
3,xgboost,B,v2,True,2019-12-02,1140.0,1254
3,xgboost,B,v2,True,2019-12-03,873.0,1010
3,xgboost,B,v2,True,2019-12-04,879.0,891
3,xgboost,B,v2,True,2019-12-05,779.0,870
3,xgboost,B,v2,True,2019-12-06,631.0,605
3,xgboost,B,v2,True,2019-12-09,1120.0,1311
3,xgboost,B,v2,True,2019-12-10,742.0,1017
3,xgboost,B,v2,True,2019-12-11,858.0,847
3,xgboost,B,v2,True,2019-12-12,731.0,920
3,xgboost,B,v2,True,2019-12-13,639.0,630
3,xgboost,B,v2,True,2019-12-16,1103.0,1257
3,xgboost,B,v2,True,2019-12-17,739.0,926
3,xgboost,B,v2,True,2019-12-18,683.0,801
3,xgboost,B,v2,True,2019-12-19,862.0,910
3,xgboost,B,v2,True,2019-12-20,481.0,657
3,xgboost,B,v2,True,2019-12-23,741.0,962
3,xgboost,B,v2,True,2019-12-24,462.0,783
3,xgboost,B,v2,True,2019-12-26,594.0,619
3,xgboost,B,v2,True,2019-12-27,387.0,468
3,xgboost,B,v2,True,2019-12-30,652.0,770
3,xgboost,B,v2,True,2019-12-31,349.0,530
3,xgboost,B,v2,True,2020-01-02,985.0,1027
3,xgboost,B,v2,True,2020-01-03,635.0,777
3,xgboost,B,v2,True,2020-01-06,1133.0,1149
3,xgboost,B,v2,True,2020-01-07,904.0,962
3,xgboost,B,v2,True,2020-01-08,740.0,879
3,xgboost,B,v2,True,2020-01-09,773.0,919
3,xgboost,B,v2,True,2020-01-10,573.0,647
3,xgboost,B,v2,True,2020-01-13,945.0,1167
3,xgboost,B,v2,True,2020-01-14,820.0,903
3,xgboost,B,v2,True,2020-01-15,633.0,906
3,xgboost,B,v2,True,2020-01-16,761.0,879
3,xgboost,B,v2,True,2020-01-17,696.0,594
3,xgboost,B,v2,True,2020-01-20,1075.0,1187
3,xgboost,B,v2,True,2020-01-21,868.0,890
3,xgboost,B,v2,True,2020-01-22,782.0,874
3,xgboost,B,v2,True,2020-01-23,685.0,635
3,xgboost,B,v2,True,2020-01-28,1042.0,1032
3,xgboost,B,v2,True,2020-01-29,1197.0,939
3,xgboost,B,v2,True,2020-01-30,736.0,874
3,xgboost,B,v2,True,2020-01-31,623.0,658
3,xgboost,B,v2,True,2020-02-03,1081.0,1151
3,xgboost,B,v2,True,2020-02-04,849.0,913
3,xgboost,B,v2,True,2020-02-05,660.0,907
3,xgboost,B,v2,True,2020-02-06,637.0,845
3,xgboost,B,v2,True,2020-02-07,539.0,626
3,xgboost,B,v2,True,2020-02-10,1233.0,1249
3,xgboost,B,v2,True,2020-02-11,1075.0,966
3,xgboost,B,v2,True,2020-02-12,1173.0,896
3,xgboost,B,v2,True,2020-02-13,834.0,828
3,xgboost,B,v2,True,2020-02-14,776.0,603
3,xgboost,B,v2,True,2020-02-17,1370.0,1222
3,xgboost,B,v2,True,2020-02-18,939.0,938
3,xgboost,B,v2,True,2020-02-19,930.0,876
3,xgboost,B,v2,True,2020-02-20,826.0,791
3,xgboost,B,v2,True,2020-02-21,627.0,576
3,xgboost,B,v2,True,2020-02-24,1282.0,1262
3,xgboost,B,v2,True,2020-02-25,1238.0,1088
3,xgboost,B,v2,True,2020-02-26,1105.0,996
3,xgboost,B,v2,True,2020-02-27,1000.0,959
3,xgboost,B,v2,True,2020-02-28,750.0,649
3,xgboost,B,v2,True,2020-03-02,1362.0,1268
3,xgboost,B,v2,True,2020-03-03,1074.0,1011
3,xgboost,B,v2,True,2020-03-04,999.0,935
3,xgboost,B,v2,True,2020-03-05,989.0,889
3,xgboost,B,v2,True,2020-03-06,642.0,606
3,xgboost,B,v2,True,2020-03-09,1276.0,1321
3,xgboost,B,v2,True,2020-03-10,1019.0,1003
3,xgboost,B,v2,True,2020-03-11,967.0,968
3,xgboost,B,v2,True,2020-03-12,804.0,828
3,xgboost,B,v2,True,2020-03-13,593.0,594
3,xgboost,B,v2,True,2020-03-16,1284.0,1296
3,xgboost,B,v2,True,2020-03-17,914.0,991
3,xgboost,B,v2,True,2020-03-18,831.0,965
3,xgboost,B,v2,True,2020-03-19,829.0,863
3,xgboost,B,v2,True,2020-03-20,627.0,585
3,xgboost,B,v2,True,2020-03-23,1110.0,1192
3,xgboost,B,v2,True,2020-03-24,1083.0,1070
3,xgboost,B,v2,True,2020-03-25,1022.0,982
3,xgboost,B,v2,True,2020-03-26,955.0,1042
3,xgboost,B,v2,True,2020-03-27,839.0,811
3,xgboost,B,v2,True,2020-03-30,1000.0,1224
3,xgboost,B,v2,True,2020-03-31,859.0,1051
3,xgboost,B,v2,True,2020-04-01,939.0,976
3,xgboost,B,v2,True,2020-04-02,1009.0,1042
3,xgboost,B,v2,True,2020-04-03,802.0,753
3,xgboost,B,v2,True,2020-04-06,1161.0,1230
3,xgboost,B,v2,True,2020-04-07,969.0,1032
3,xgboost,B,v2,True,2020-04-08,1032.0,903
3,xgboost,B,v2,True,2020-04-09,880.0,996
3,xgboost,B,v2,True,2020-04-10,780.0,681
3,xgboost,B,v2,True,2020-04-13,1145.0,1218
3,xgboost,B,v2,True,2020-04-14,879.0,922
3,xgboost,B,v2,True,2020-04-16,947.0,987
3,xgboost,B,v2,True,2020-04-17,759.0,647
3,xgboost,B,v2,True,2020-04-20,1089.0,1230
3,xgboost,B,v2,True,2020-04-21,911.0,1022
3,xgboost,B,v2,True,2020-04-22,945.0,874
3,xgboost,B,v2,True,2020-04-23,880.0,828
3,xgboost,B,v2,True,2020-04-24,639.0,526
3,xgboost,B,v2,True,2020-04-27,1223.0,1191
3,xgboost,B,v2,True,2020-04-28,824.0,907
3,xgboost,B,v2,True,2020-04-29,680.0,737
3,xgboost,B,v2,True,2020-05-04,504.0,516
3,xgboost,B,v2,True,2020-05-06,1254.0,994
3,xgboost,B,v2,True,2020-05-07,959.0,857
3,xgboost,B,v2,True,2020-05-08,620.0,618
3,xgboost,B,v2,True,2020-05-11,1249.0,1172
3,xgboost,B,v2,True,2020-05-12,968.0,925
3,xgboost,B,v2,True,2020-05-13,844.0,867
3,xgboost,B,v2,True,2020-05-14,793.0,728
3,xgboost,B,v2,True,2020-05-15,614.0,544
3,xgboost,B,v2,True,2020-05-18,1141.0,1115
3,xgboost,B,v2,True,2020-05-19,935.0,926
3,xgboost,B,v2,True,2020-05-20,791.0,867
3,xgboost,C,v1,True,2019-10-14,1140.0,1176
3,xgboost,C,v1,True,2019-10-15,867.0,923
3,xgboost,C,v1,True,2019-10-16,765.0,850
3,xgboost,C,v1,True,2019-10-17,708.0,785
3,xgboost,C,v1,True,2019-10-18,581.0,597
3,xgboost,C,v1,True,2019-10-21,1107.0,1242
3,xgboost,C,v1,True,2019-10-22,1090.0,745
3,xgboost,C,v1,True,2019-10-23,785.0,841
3,xgboost,C,v1,True,2019-10-24,705.0,755
3,xgboost,C,v1,True,2019-10-25,546.0,609
3,xgboost,C,v1,True,2019-10-28,915.0,1118
3,xgboost,C,v1,True,2019-10-29,808.0,793
3,xgboost,C,v1,True,2019-10-30,771.0,867
3,xgboost,C,v1,True,2019-10-31,671.0,784
3,xgboost,C,v1,True,2019-11-01,586.0,646
3,xgboost,C,v1,True,2019-11-04,1058.0,1183
3,xgboost,C,v1,True,2019-11-05,773.0,843
3,xgboost,C,v1,True,2019-11-06,773.0,848
3,xgboost,C,v1,True,2019-11-07,700.0,811
3,xgboost,C,v1,True,2019-11-08,535.0,660
3,xgboost,C,v1,True,2019-11-11,1079.0,1217
3,xgboost,C,v1,True,2019-11-12,769.0,889
3,xgboost,C,v1,True,2019-11-13,733.0,809
3,xgboost,C,v1,True,2019-11-14,677.0,862
3,xgboost,C,v1,True,2019-11-15,543.0,626
3,xgboost,C,v1,True,2019-11-18,1032.0,1231
3,xgboost,C,v1,True,2019-11-19,762.0,858
3,xgboost,C,v1,True,2019-11-20,759.0,799
3,xgboost,C,v1,True,2019-11-21,613.0,812
3,xgboost,C,v1,True,2019-11-22,551.0,612
3,xgboost,C,v1,True,2019-11-25,1097.0,1236
3,xgboost,C,v1,True,2019-11-26,816.0,952
3,xgboost,C,v1,True,2019-11-27,732.0,869
3,xgboost,C,v1,True,2019-11-28,644.0,831
3,xgboost,C,v1,True,2019-11-29,572.0,615
3,xgboost,C,v1,True,2019-12-02,1140.0,1268
3,xgboost,C,v1,True,2019-12-03,873.0,1010
3,xgboost,C,v1,True,2019-12-04,879.0,924
3,xgboost,C,v1,True,2019-12-05,779.0,858
3,xgboost,C,v1,True,2019-12-06,631.0,595
3,xgboost,C,v1,True,2019-12-09,1120.0,1316
3,xgboost,C,v1,True,2019-12-10,742.0,1023
3,xgboost,C,v1,True,2019-12-11,858.0,859
3,xgboost,C,v1,True,2019-12-12,731.0,931
3,xgboost,C,v1,True,2019-12-13,639.0,623
3,xgboost,C,v1,True,2019-12-16,1103.0,1276
3,xgboost,C,v1,True,2019-12-17,739.0,935
3,xgboost,C,v1,True,2019-12-18,683.0,803
3,xgboost,C,v1,True,2019-12-19,862.0,907
3,xgboost,C,v1,True,2019-12-20,481.0,652
3,xgboost,C,v1,True,2019-12-23,741.0,933
3,xgboost,C,v1,True,2019-12-24,462.0,774
3,xgboost,C,v1,True,2019-12-26,594.0,614
3,xgboost,C,v1,True,2019-12-27,387.0,475
3,xgboost,C,v1,True,2019-12-30,652.0,752
3,xgboost,C,v1,True,2019-12-31,349.0,566
3,xgboost,C,v1,True,2020-01-02,985.0,1024
3,xgboost,C,v1,True,2020-01-03,635.0,749
3,xgboost,C,v1,True,2020-01-06,1133.0,1149
3,xgboost,C,v1,True,2020-01-07,904.0,964
3,xgboost,C,v1,True,2020-01-08,740.0,875
3,xgboost,C,v1,True,2020-01-09,773.0,910
3,xgboost,C,v1,True,2020-01-10,573.0,648
3,xgboost,C,v1,True,2020-01-13,945.0,1162
3,xgboost,C,v1,True,2020-01-14,820.0,926
3,xgboost,C,v1,True,2020-01-15,633.0,896
3,xgboost,C,v1,True,2020-01-16,761.0,877
3,xgboost,C,v1,True,2020-01-17,696.0,624
3,xgboost,C,v1,True,2020-01-20,1075.0,1167
3,xgboost,C,v1,True,2020-01-21,868.0,904
3,xgboost,C,v1,True,2020-01-22,782.0,892
3,xgboost,C,v1,True,2020-01-23,685.0,677
3,xgboost,C,v1,True,2020-01-28,1042.0,1021
3,xgboost,C,v1,True,2020-01-29,1197.0,933
3,xgboost,C,v1,True,2020-01-30,736.0,878
3,xgboost,C,v1,True,2020-01-31,623.0,696
3,xgboost,C,v1,True,2020-02-03,1081.0,1142
3,xgboost,C,v1,True,2020-02-04,849.0,900
3,xgboost,C,v1,True,2020-02-05,660.0,908
3,xgboost,C,v1,True,2020-02-06,637.0,830
3,xgboost,C,v1,True,2020-02-07,539.0,615
3,xgboost,C,v1,True,2020-02-10,1233.0,1264
3,xgboost,C,v1,True,2020-02-11,1075.0,992
3,xgboost,C,v1,True,2020-02-12,1173.0,910
3,xgboost,C,v1,True,2020-02-13,834.0,810
3,xgboost,C,v1,True,2020-02-14,776.0,627
3,xgboost,C,v1,True,2020-02-17,1370.0,1224
3,xgboost,C,v1,True,2020-02-18,939.0,930
3,xgboost,C,v1,True,2020-02-19,930.0,881
3,xgboost,C,v1,True,2020-02-20,826.0,782
3,xgboost,C,v1,True,2020-02-21,627.0,571
3,xgboost,C,v1,True,2020-02-24,1282.0,1266
3,xgboost,C,v1,True,2020-02-25,1238.0,1094
3,xgboost,C,v1,True,2020-02-26,1105.0,963
3,xgboost,C,v1,True,2020-02-27,1000.0,944
3,xgboost,C,v1,True,2020-02-28,750.0,621
3,xgboost,C,v1,True,2020-03-02,1362.0,1268
3,xgboost,C,v1,True,2020-03-03,1074.0,1016
3,xgboost,C,v1,True,2020-03-04,999.0,913
3,xgboost,C,v1,True,2020-03-05,989.0,871
3,xgboost,C,v1,True,2020-03-06,642.0,600
3,xgboost,C,v1,True,2020-03-09,1276.0,1331
3,xgboost,C,v1,True,2020-03-10,1019.0,962
3,xgboost,C,v1,True,2020-03-11,967.0,972
3,xgboost,C,v1,True,2020-03-12,804.0,821
3,xgboost,C,v1,True,2020-03-13,593.0,563
3,xgboost,C,v1,True,2020-03-16,1284.0,1305
3,xgboost,C,v1,True,2020-03-17,914.0,941
3,xgboost,C,v1,True,2020-03-18,831.0,946
3,xgboost,C,v1,True,2020-03-19,829.0,845
3,xgboost,C,v1,True,2020-03-20,627.0,577
3,xgboost,C,v1,True,2020-03-23,1110.0,1179
3,xgboost,C,v1,True,2020-03-24,1083.0,1069
3,xgboost,C,v1,True,2020-03-25,1022.0,971
3,xgboost,C,v1,True,2020-03-26,955.0,1018
3,xgboost,C,v1,True,2020-03-27,839.0,809
3,xgboost,C,v1,True,2020-03-30,1000.0,1211
3,xgboost,C,v1,True,2020-03-31,859.0,1030
3,xgboost,C,v1,True,2020-04-01,939.0,945
3,xgboost,C,v1,True,2020-04-02,1009.0,969
3,xgboost,C,v1,True,2020-04-03,802.0,727
3,xgboost,C,v1,True,2020-04-06,1161.0,1227
3,xgboost,C,v1,True,2020-04-07,969.0,1020
3,xgboost,C,v1,True,2020-04-08,1032.0,893
3,xgboost,C,v1,True,2020-04-09,880.0,965
3,xgboost,C,v1,True,2020-04-10,780.0,632
3,xgboost,C,v1,True,2020-04-13,1145.0,1175
3,xgboost,C,v1,True,2020-04-14,879.0,904
3,xgboost,C,v1,True,2020-04-16,947.0,953
3,xgboost,C,v1,True,2020-04-17,759.0,619
3,xgboost,C,v1,True,2020-04-20,1089.0,1192
3,xgboost,C,v1,True,2020-04-21,911.0,1015
3,xgboost,C,v1,True,2020-04-22,945.0,847
3,xgboost,C,v1,True,2020-04-23,880.0,792
3,xgboost,C,v1,True,2020-04-24,639.0,525
3,xgboost,C,v1,True,2020-04-27,1223.0,1196
3,xgboost,C,v1,True,2020-04-28,824.0,863
3,xgboost,C,v1,True,2020-04-29,680.0,767
3,xgboost,C,v1,True,2020-05-04,504.0,496
3,xgboost,C,v1,True,2020-05-06,1254.0,972
3,xgboost,C,v1,True,2020-05-07,959.0,854
3,xgboost,C,v1,True,2020-05-08,620.0,609
3,xgboost,C,v1,True,2020-05-11,1249.0,1136
3,xgboost,C,v1,True,2020-05-12,968.0,928
3,xgboost,C,v1,True,2020-05-13,844.0,862
3,xgboost,C,v1,True,2020-05-14,793.0,727
3,xgboost,C,v1,True,2020-05-15,614.0,496
3,xgboost,C,v1,True,2020-05-18,1141.0,1106
3,xgboost,C,v1,True,2020-05-19,935.0,918
3,xgboost,C,v1,True,2020-05-20,791.0,862
3,xgboost,C,v2,True,2019-10-14,1140.0,1182
3,xgboost,C,v2,True,2019-10-15,867.0,933
3,xgboost,C,v2,True,2019-10-16,765.0,856
3,xgboost,C,v2,True,2019-10-17,708.0,775
3,xgboost,C,v2,True,2019-10-18,581.0,601
3,xgboost,C,v2,True,2019-10-21,1107.0,1240
3,xgboost,C,v2,True,2019-10-22,1090.0,751
3,xgboost,C,v2,True,2019-10-23,785.0,818
3,xgboost,C,v2,True,2019-10-24,705.0,745
3,xgboost,C,v2,True,2019-10-25,546.0,595
3,xgboost,C,v2,True,2019-10-28,915.0,1124
3,xgboost,C,v2,True,2019-10-29,808.0,790
3,xgboost,C,v2,True,2019-10-30,771.0,859
3,xgboost,C,v2,True,2019-10-31,671.0,770
3,xgboost,C,v2,True,2019-11-01,586.0,642
3,xgboost,C,v2,True,2019-11-04,1058.0,1180
3,xgboost,C,v2,True,2019-11-05,773.0,848
3,xgboost,C,v2,True,2019-11-06,773.0,838
3,xgboost,C,v2,True,2019-11-07,700.0,807
3,xgboost,C,v2,True,2019-11-08,535.0,660
3,xgboost,C,v2,True,2019-11-11,1079.0,1212
3,xgboost,C,v2,True,2019-11-12,769.0,867
3,xgboost,C,v2,True,2019-11-13,733.0,817
3,xgboost,C,v2,True,2019-11-14,677.0,848
3,xgboost,C,v2,True,2019-11-15,543.0,619
3,xgboost,C,v2,True,2019-11-18,1032.0,1230
3,xgboost,C,v2,True,2019-11-19,762.0,852
3,xgboost,C,v2,True,2019-11-20,759.0,799
3,xgboost,C,v2,True,2019-11-21,613.0,783
3,xgboost,C,v2,True,2019-11-22,551.0,617
3,xgboost,C,v2,True,2019-11-25,1097.0,1234
3,xgboost,C,v2,True,2019-11-26,816.0,947
3,xgboost,C,v2,True,2019-11-27,732.0,854
3,xgboost,C,v2,True,2019-11-28,644.0,824
3,xgboost,C,v2,True,2019-11-29,572.0,620
3,xgboost,C,v2,True,2019-12-02,1140.0,1260
3,xgboost,C,v2,True,2019-12-03,873.0,1015
3,xgboost,C,v2,True,2019-12-04,879.0,919
3,xgboost,C,v2,True,2019-12-05,779.0,860
3,xgboost,C,v2,True,2019-12-06,631.0,599
3,xgboost,C,v2,True,2019-12-09,1120.0,1307
3,xgboost,C,v2,True,2019-12-10,742.0,1027
3,xgboost,C,v2,True,2019-12-11,858.0,836
3,xgboost,C,v2,True,2019-12-12,731.0,928
3,xgboost,C,v2,True,2019-12-13,639.0,621
3,xgboost,C,v2,True,2019-12-16,1103.0,1275
3,xgboost,C,v2,True,2019-12-17,739.0,936
3,xgboost,C,v2,True,2019-12-18,683.0,802
3,xgboost,C,v2,True,2019-12-19,862.0,908
3,xgboost,C,v2,True,2019-12-20,481.0,662
3,xgboost,C,v2,True,2019-12-23,741.0,944
3,xgboost,C,v2,True,2019-12-24,462.0,784
3,xgboost,C,v2,True,2019-12-26,594.0,615
3,xgboost,C,v2,True,2019-12-27,387.0,470
3,xgboost,C,v2,True,2019-12-30,652.0,760
3,xgboost,C,v2,True,2019-12-31,349.0,568
3,xgboost,C,v2,True,2020-01-02,985.0,1014
3,xgboost,C,v2,True,2020-01-03,635.0,752
3,xgboost,C,v2,True,2020-01-06,1133.0,1151
3,xgboost,C,v2,True,2020-01-07,904.0,970
3,xgboost,C,v2,True,2020-01-08,740.0,891
3,xgboost,C,v2,True,2020-01-09,773.0,936
3,xgboost,C,v2,True,2020-01-10,573.0,661
3,xgboost,C,v2,True,2020-01-13,945.0,1171
3,xgboost,C,v2,True,2020-01-14,820.0,932
3,xgboost,C,v2,True,2020-01-15,633.0,885
3,xgboost,C,v2,True,2020-01-16,761.0,883
3,xgboost,C,v2,True,2020-01-17,696.0,627
3,xgboost,C,v2,True,2020-01-20,1075.0,1170
3,xgboost,C,v2,True,2020-01-21,868.0,912
3,xgboost,C,v2,True,2020-01-22,782.0,899
3,xgboost,C,v2,True,2020-01-23,685.0,669
3,xgboost,C,v2,True,2020-01-28,1042.0,1001
3,xgboost,C,v2,True,2020-01-29,1197.0,950
3,xgboost,C,v2,True,2020-01-30,736.0,884
3,xgboost,C,v2,True,2020-01-31,623.0,702
3,xgboost,C,v2,True,2020-02-03,1081.0,1149
3,xgboost,C,v2,True,2020-02-04,849.0,908
3,xgboost,C,v2,True,2020-02-05,660.0,946
3,xgboost,C,v2,True,2020-02-06,637.0,831
3,xgboost,C,v2,True,2020-02-07,539.0,624
3,xgboost,C,v2,True,2020-02-10,1233.0,1258
3,xgboost,C,v2,True,2020-02-11,1075.0,980
3,xgboost,C,v2,True,2020-02-12,1173.0,938
3,xgboost,C,v2,True,2020-02-13,834.0,807
3,xgboost,C,v2,True,2020-02-14,776.0,614
3,xgboost,C,v2,True,2020-02-17,1370.0,1237
3,xgboost,C,v2,True,2020-02-18,939.0,908
3,xgboost,C,v2,True,2020-02-19,930.0,882
3,xgboost,C,v2,True,2020-02-20,826.0,789
3,xgboost,C,v2,True,2020-02-21,627.0,575
3,xgboost,C,v2,True,2020-02-24,1282.0,1267
3,xgboost,C,v2,True,2020-02-25,1238.0,1090
3,xgboost,C,v2,True,2020-02-26,1105.0,980
3,xgboost,C,v2,True,2020-02-27,1000.0,952
3,xgboost,C,v2,True,2020-02-28,750.0,629
3,xgboost,C,v2,True,2020-03-02,1362.0,1276
3,xgboost,C,v2,True,2020-03-03,1074.0,1021
3,xgboost,C,v2,True,2020-03-04,999.0,904
3,xgboost,C,v2,True,2020-03-05,989.0,877
3,xgboost,C,v2,True,2020-03-06,642.0,609
3,xgboost,C,v2,True,2020-03-09,1276.0,1345
3,xgboost,C,v2,True,2020-03-10,1019.0,976
3,xgboost,C,v2,True,2020-03-11,967.0,962
3,xgboost,C,v2,True,2020-03-12,804.0,824
3,xgboost,C,v2,True,2020-03-13,593.0,558
3,xgboost,C,v2,True,2020-03-16,1284.0,1311
3,xgboost,C,v2,True,2020-03-17,914.0,950
3,xgboost,C,v2,True,2020-03-18,831.0,946
3,xgboost,C,v2,True,2020-03-19,829.0,849
3,xgboost,C,v2,True,2020-03-20,627.0,586
3,xgboost,C,v2,True,2020-03-23,1110.0,1195
3,xgboost,C,v2,True,2020-03-24,1083.0,1053
3,xgboost,C,v2,True,2020-03-25,1022.0,971
3,xgboost,C,v2,True,2020-03-26,955.0,1019
3,xgboost,C,v2,True,2020-03-27,839.0,812
3,xgboost,C,v2,True,2020-03-30,1000.0,1182
3,xgboost,C,v2,True,2020-03-31,859.0,1013
3,xgboost,C,v2,True,2020-04-01,939.0,943
3,xgboost,C,v2,True,2020-04-02,1009.0,959
3,xgboost,C,v2,True,2020-04-03,802.0,715
3,xgboost,C,v2,True,2020-04-06,1161.0,1219
3,xgboost,C,v2,True,2020-04-07,969.0,985
3,xgboost,C,v2,True,2020-04-08,1032.0,909
3,xgboost,C,v2,True,2020-04-09,880.0,976
3,xgboost,C,v2,True,2020-04-10,780.0,637
3,xgboost,C,v2,True,2020-04-13,1145.0,1162
3,xgboost,C,v2,True,2020-04-14,879.0,896
3,xgboost,C,v2,True,2020-04-16,947.0,943
3,xgboost,C,v2,True,2020-04-17,759.0,637
3,xgboost,C,v2,True,2020-04-20,1089.0,1185
3,xgboost,C,v2,True,2020-04-21,911.0,1025
3,xgboost,C,v2,True,2020-04-22,945.0,864
3,xgboost,C,v2,True,2020-04-23,880.0,802
3,xgboost,C,v2,True,2020-04-24,639.0,521
3,xgboost,C,v2,True,2020-04-27,1223.0,1205
3,xgboost,C,v2,True,2020-04-28,824.0,881
3,xgboost,C,v2,True,2020-04-29,680.0,772
3,xgboost,C,v2,True,2020-05-04,504.0,498
3,xgboost,C,v2,True,2020-05-06,1254.0,994
3,xgboost,C,v2,True,2020-05-07,959.0,840
3,xgboost,C,v2,True,2020-05-08,620.0,597
3,xgboost,C,v2,True,2020-05-11,1249.0,1150
3,xgboost,C,v2,True,2020-05-12,968.0,941
3,xgboost,C,v2,True,2020-05-13,844.0,874
3,xgboost,C,v2,True,2020-05-14,793.0,720
3,xgboost,C,v2,True,2020-05-15,614.0,490
3,xgboost,C,v2,True,2020-05-18,1141.0,1114
3,xgboost,C,v2,True,2020-05-19,935.0,912
3,xgboost,C,v2,True,2020-05-20,791.0,869
3,xgboost,D,v1,True,2019-10-14,1140.0,1155
3,xgboost,D,v1,True,2019-10-15,867.0,918
3,xgboost,D,v1,True,2019-10-16,765.0,849
3,xgboost,D,v1,True,2019-10-17,708.0,803
3,xgboost,D,v1,True,2019-10-18,581.0,585
3,xgboost,D,v1,True,2019-10-21,1107.0,1215
3,xgboost,D,v1,True,2019-10-22,1090.0,735
3,xgboost,D,v1,True,2019-10-23,785.0,840
3,xgboost,D,v1,True,2019-10-24,705.0,728
3,xgboost,D,v1,True,2019-10-25,546.0,577
3,xgboost,D,v1,True,2019-10-28,915.0,1107
3,xgboost,D,v1,True,2019-10-29,808.0,808
3,xgboost,D,v1,True,2019-10-30,771.0,829
3,xgboost,D,v1,True,2019-10-31,671.0,798
3,xgboost,D,v1,True,2019-11-01,586.0,614
3,xgboost,D,v1,True,2019-11-04,1058.0,1156
3,xgboost,D,v1,True,2019-11-05,773.0,840
3,xgboost,D,v1,True,2019-11-06,773.0,820
3,xgboost,D,v1,True,2019-11-07,700.0,832
3,xgboost,D,v1,True,2019-11-08,535.0,619
3,xgboost,D,v1,True,2019-11-11,1079.0,1187
3,xgboost,D,v1,True,2019-11-12,769.0,896
3,xgboost,D,v1,True,2019-11-13,733.0,789
3,xgboost,D,v1,True,2019-11-14,677.0,876
3,xgboost,D,v1,True,2019-11-15,543.0,540
3,xgboost,D,v1,True,2019-11-18,1032.0,1195
3,xgboost,D,v1,True,2019-11-19,762.0,879
3,xgboost,D,v1,True,2019-11-20,759.0,730
3,xgboost,D,v1,True,2019-11-21,613.0,803
3,xgboost,D,v1,True,2019-11-22,551.0,547
3,xgboost,D,v1,True,2019-11-25,1097.0,1218
3,xgboost,D,v1,True,2019-11-26,816.0,934
3,xgboost,D,v1,True,2019-11-27,732.0,825
3,xgboost,D,v1,True,2019-11-28,644.0,833
3,xgboost,D,v1,True,2019-11-29,572.0,522
3,xgboost,D,v1,True,2019-12-02,1140.0,1221
3,xgboost,D,v1,True,2019-12-03,873.0,934
3,xgboost,D,v1,True,2019-12-04,879.0,829
3,xgboost,D,v1,True,2019-12-05,779.0,821
3,xgboost,D,v1,True,2019-12-06,631.0,528
3,xgboost,D,v1,True,2019-12-09,1120.0,1198
3,xgboost,D,v1,True,2019-12-10,742.0,922
3,xgboost,D,v1,True,2019-12-11,858.0,783
3,xgboost,D,v1,True,2019-12-12,731.0,916
3,xgboost,D,v1,True,2019-12-13,639.0,510
3,xgboost,D,v1,True,2019-12-16,1103.0,1215
3,xgboost,D,v1,True,2019-12-17,739.0,887
3,xgboost,D,v1,True,2019-12-18,683.0,749
3,xgboost,D,v1,True,2019-12-19,862.0,895
3,xgboost,D,v1,True,2019-12-20,481.0,529
3,xgboost,D,v1,True,2019-12-23,741.0,897
3,xgboost,D,v1,True,2019-12-24,462.0,718
3,xgboost,D,v1,True,2019-12-26,594.0,554
3,xgboost,D,v1,True,2019-12-27,387.0,394
3,xgboost,D,v1,True,2019-12-30,652.0,638
3,xgboost,D,v1,True,2019-12-31,349.0,482
3,xgboost,D,v1,True,2020-01-02,985.0,1002
3,xgboost,D,v1,True,2020-01-03,635.0,743
3,xgboost,D,v1,True,2020-01-06,1133.0,1134
3,xgboost,D,v1,True,2020-01-07,904.0,962
3,xgboost,D,v1,True,2020-01-08,740.0,932
3,xgboost,D,v1,True,2020-01-09,773.0,911
3,xgboost,D,v1,True,2020-01-10,573.0,595
3,xgboost,D,v1,True,2020-01-13,945.0,1124
3,xgboost,D,v1,True,2020-01-14,820.0,896
3,xgboost,D,v1,True,2020-01-15,633.0,874
3,xgboost,D,v1,True,2020-01-16,761.0,837
3,xgboost,D,v1,True,2020-01-17,696.0,537
3,xgboost,D,v1,True,2020-01-20,1075.0,1142
3,xgboost,D,v1,True,2020-01-21,868.0,864
3,xgboost,D,v1,True,2020-01-22,782.0,862
3,xgboost,D,v1,True,2020-01-23,685.0,609
3,xgboost,D,v1,True,2020-01-28,1042.0,1000
3,xgboost,D,v1,True,2020-01-29,1197.0,945
3,xgboost,D,v1,True,2020-01-30,736.0,868
3,xgboost,D,v1,True,2020-01-31,623.0,646
3,xgboost,D,v1,True,2020-02-03,1081.0,1152
3,xgboost,D,v1,True,2020-02-04,849.0,915
3,xgboost,D,v1,True,2020-02-05,660.0,926
3,xgboost,D,v1,True,2020-02-06,637.0,824
3,xgboost,D,v1,True,2020-02-07,539.0,585
3,xgboost,D,v1,True,2020-02-10,1233.0,1267
3,xgboost,D,v1,True,2020-02-11,1075.0,994
3,xgboost,D,v1,True,2020-02-12,1173.0,964
3,xgboost,D,v1,True,2020-02-13,834.0,906
3,xgboost,D,v1,True,2020-02-14,776.0,675
3,xgboost,D,v1,True,2020-02-17,1370.0,1244
3,xgboost,D,v1,True,2020-02-18,939.0,913
3,xgboost,D,v1,True,2020-02-19,930.0,855
3,xgboost,D,v1,True,2020-02-20,826.0,821
3,xgboost,D,v1,True,2020-02-21,627.0,624
3,xgboost,D,v1,True,2020-02-24,1282.0,1220
3,xgboost,D,v1,True,2020-02-25,1238.0,1090
3,xgboost,D,v1,True,2020-02-26,1105.0,1010
3,xgboost,D,v1,True,2020-02-27,1000.0,1002
3,xgboost,D,v1,True,2020-02-28,750.0,653
3,xgboost,D,v1,True,2020-03-02,1362.0,1276
3,xgboost,D,v1,True,2020-03-03,1074.0,995
3,xgboost,D,v1,True,2020-03-04,999.0,949
3,xgboost,D,v1,True,2020-03-05,989.0,904
3,xgboost,D,v1,True,2020-03-06,642.0,592
3,xgboost,D,v1,True,2020-03-09,1276.0,1332
3,xgboost,D,v1,True,2020-03-10,1019.0,1033
3,xgboost,D,v1,True,2020-03-11,967.0,968
3,xgboost,D,v1,True,2020-03-12,804.0,863
3,xgboost,D,v1,True,2020-03-13,593.0,639
3,xgboost,D,v1,True,2020-03-16,1284.0,1279
3,xgboost,D,v1,True,2020-03-17,914.0,970
3,xgboost,D,v1,True,2020-03-18,831.0,941
3,xgboost,D,v1,True,2020-03-19,829.0,940
3,xgboost,D,v1,True,2020-03-20,627.0,621
3,xgboost,D,v1,True,2020-03-23,1110.0,1237
3,xgboost,D,v1,True,2020-03-24,1083.0,1047
3,xgboost,D,v1,True,2020-03-25,1022.0,1050
3,xgboost,D,v1,True,2020-03-26,955.0,1062
3,xgboost,D,v1,True,2020-03-27,839.0,816
3,xgboost,D,v1,True,2020-03-30,1000.0,1270
3,xgboost,D,v1,True,2020-03-31,859.0,1079
3,xgboost,D,v1,True,2020-04-01,939.0,1008
3,xgboost,D,v1,True,2020-04-02,1009.0,1000
3,xgboost,D,v1,True,2020-04-03,802.0,757
3,xgboost,D,v1,True,2020-04-06,1161.0,1228
3,xgboost,D,v1,True,2020-04-07,969.0,1008
3,xgboost,D,v1,True,2020-04-08,1032.0,961
3,xgboost,D,v1,True,2020-04-09,880.0,1002
3,xgboost,D,v1,True,2020-04-10,780.0,661
3,xgboost,D,v1,True,2020-04-13,1145.0,1238
3,xgboost,D,v1,True,2020-04-14,879.0,974
3,xgboost,D,v1,True,2020-04-16,947.0,1069
3,xgboost,D,v1,True,2020-04-17,759.0,730
3,xgboost,D,v1,True,2020-04-20,1089.0,1278
3,xgboost,D,v1,True,2020-04-21,911.0,1093
3,xgboost,D,v1,True,2020-04-22,945.0,861
3,xgboost,D,v1,True,2020-04-23,880.0,839
3,xgboost,D,v1,True,2020-04-24,639.0,544
3,xgboost,D,v1,True,2020-04-27,1223.0,1185
3,xgboost,D,v1,True,2020-04-28,824.0,926
3,xgboost,D,v1,True,2020-04-29,680.0,820
3,xgboost,D,v1,True,2020-05-04,504.0,611
3,xgboost,D,v1,True,2020-05-06,1254.0,1041
3,xgboost,D,v1,True,2020-05-07,959.0,953
3,xgboost,D,v1,True,2020-05-08,620.0,628
3,xgboost,D,v1,True,2020-05-11,1249.0,1228
3,xgboost,D,v1,True,2020-05-12,968.0,994
3,xgboost,D,v1,True,2020-05-13,844.0,882
3,xgboost,D,v1,True,2020-05-14,793.0,758
3,xgboost,D,v1,True,2020-05-15,614.0,589
3,xgboost,D,v1,True,2020-05-18,1141.0,1205
3,xgboost,D,v1,True,2020-05-19,935.0,1006
3,xgboost,D,v1,True,2020-05-20,791.0,931
3,xgboost,D,v2,True,2019-10-14,1140.0,1162
3,xgboost,D,v2,True,2019-10-15,867.0,931
3,xgboost,D,v2,True,2019-10-16,765.0,841
3,xgboost,D,v2,True,2019-10-17,708.0,797
3,xgboost,D,v2,True,2019-10-18,581.0,601
3,xgboost,D,v2,True,2019-10-21,1107.0,1221
3,xgboost,D,v2,True,2019-10-22,1090.0,738
3,xgboost,D,v2,True,2019-10-23,785.0,824
3,xgboost,D,v2,True,2019-10-24,705.0,729
3,xgboost,D,v2,True,2019-10-25,546.0,591
3,xgboost,D,v2,True,2019-10-28,915.0,1106
3,xgboost,D,v2,True,2019-10-29,808.0,811
3,xgboost,D,v2,True,2019-10-30,771.0,832
3,xgboost,D,v2,True,2019-10-31,671.0,785
3,xgboost,D,v2,True,2019-11-01,586.0,617
3,xgboost,D,v2,True,2019-11-04,1058.0,1168
3,xgboost,D,v2,True,2019-11-05,773.0,841
3,xgboost,D,v2,True,2019-11-06,773.0,812
3,xgboost,D,v2,True,2019-11-07,700.0,825
3,xgboost,D,v2,True,2019-11-08,535.0,627
3,xgboost,D,v2,True,2019-11-11,1079.0,1185
3,xgboost,D,v2,True,2019-11-12,769.0,884
3,xgboost,D,v2,True,2019-11-13,733.0,787
3,xgboost,D,v2,True,2019-11-14,677.0,863
3,xgboost,D,v2,True,2019-11-15,543.0,555
3,xgboost,D,v2,True,2019-11-18,1032.0,1197
3,xgboost,D,v2,True,2019-11-19,762.0,878
3,xgboost,D,v2,True,2019-11-20,759.0,719
3,xgboost,D,v2,True,2019-11-21,613.0,795
3,xgboost,D,v2,True,2019-11-22,551.0,577
3,xgboost,D,v2,True,2019-11-25,1097.0,1222
3,xgboost,D,v2,True,2019-11-26,816.0,944
3,xgboost,D,v2,True,2019-11-27,732.0,834
3,xgboost,D,v2,True,2019-11-28,644.0,814
3,xgboost,D,v2,True,2019-11-29,572.0,541
3,xgboost,D,v2,True,2019-12-02,1140.0,1209
3,xgboost,D,v2,True,2019-12-03,873.0,953
3,xgboost,D,v2,True,2019-12-04,879.0,838
3,xgboost,D,v2,True,2019-12-05,779.0,799
3,xgboost,D,v2,True,2019-12-06,631.0,526
3,xgboost,D,v2,True,2019-12-09,1120.0,1191
3,xgboost,D,v2,True,2019-12-10,742.0,926
3,xgboost,D,v2,True,2019-12-11,858.0,785
3,xgboost,D,v2,True,2019-12-12,731.0,914
3,xgboost,D,v2,True,2019-12-13,639.0,502
3,xgboost,D,v2,True,2019-12-16,1103.0,1215
3,xgboost,D,v2,True,2019-12-17,739.0,899
3,xgboost,D,v2,True,2019-12-18,683.0,758
3,xgboost,D,v2,True,2019-12-19,862.0,896
3,xgboost,D,v2,True,2019-12-20,481.0,528
3,xgboost,D,v2,True,2019-12-23,741.0,894
3,xgboost,D,v2,True,2019-12-24,462.0,720
3,xgboost,D,v2,True,2019-12-26,594.0,559
3,xgboost,D,v2,True,2019-12-27,387.0,391
3,xgboost,D,v2,True,2019-12-30,652.0,633
3,xgboost,D,v2,True,2019-12-31,349.0,484
3,xgboost,D,v2,True,2020-01-02,985.0,993
3,xgboost,D,v2,True,2020-01-03,635.0,742
3,xgboost,D,v2,True,2020-01-06,1133.0,1131
3,xgboost,D,v2,True,2020-01-07,904.0,966
3,xgboost,D,v2,True,2020-01-08,740.0,933
3,xgboost,D,v2,True,2020-01-09,773.0,915
3,xgboost,D,v2,True,2020-01-10,573.0,607
3,xgboost,D,v2,True,2020-01-13,945.0,1125
3,xgboost,D,v2,True,2020-01-14,820.0,886
3,xgboost,D,v2,True,2020-01-15,633.0,869
3,xgboost,D,v2,True,2020-01-16,761.0,837
3,xgboost,D,v2,True,2020-01-17,696.0,534
3,xgboost,D,v2,True,2020-01-20,1075.0,1137
3,xgboost,D,v2,True,2020-01-21,868.0,866
3,xgboost,D,v2,True,2020-01-22,782.0,858
3,xgboost,D,v2,True,2020-01-23,685.0,609
3,xgboost,D,v2,True,2020-01-28,1042.0,995
3,xgboost,D,v2,True,2020-01-29,1197.0,956
3,xgboost,D,v2,True,2020-01-30,736.0,865
3,xgboost,D,v2,True,2020-01-31,623.0,656
3,xgboost,D,v2,True,2020-02-03,1081.0,1156
3,xgboost,D,v2,True,2020-02-04,849.0,916
3,xgboost,D,v2,True,2020-02-05,660.0,941
3,xgboost,D,v2,True,2020-02-06,637.0,818
3,xgboost,D,v2,True,2020-02-07,539.0,594
3,xgboost,D,v2,True,2020-02-10,1233.0,1266
3,xgboost,D,v2,True,2020-02-11,1075.0,985
3,xgboost,D,v2,True,2020-02-12,1173.0,957
3,xgboost,D,v2,True,2020-02-13,834.0,889
3,xgboost,D,v2,True,2020-02-14,776.0,668
3,xgboost,D,v2,True,2020-02-17,1370.0,1235
3,xgboost,D,v2,True,2020-02-18,939.0,917
3,xgboost,D,v2,True,2020-02-19,930.0,865
3,xgboost,D,v2,True,2020-02-20,826.0,808
3,xgboost,D,v2,True,2020-02-21,627.0,634
3,xgboost,D,v2,True,2020-02-24,1282.0,1202
3,xgboost,D,v2,True,2020-02-25,1238.0,1103
3,xgboost,D,v2,True,2020-02-26,1105.0,1007
3,xgboost,D,v2,True,2020-02-27,1000.0,1001
3,xgboost,D,v2,True,2020-02-28,750.0,656
3,xgboost,D,v2,True,2020-03-02,1362.0,1279
3,xgboost,D,v2,True,2020-03-03,1074.0,991
3,xgboost,D,v2,True,2020-03-04,999.0,956
3,xgboost,D,v2,True,2020-03-05,989.0,875
3,xgboost,D,v2,True,2020-03-06,642.0,594
3,xgboost,D,v2,True,2020-03-09,1276.0,1336
3,xgboost,D,v2,True,2020-03-10,1019.0,1019
3,xgboost,D,v2,True,2020-03-11,967.0,961
3,xgboost,D,v2,True,2020-03-12,804.0,851
3,xgboost,D,v2,True,2020-03-13,593.0,637
3,xgboost,D,v2,True,2020-03-16,1284.0,1287
3,xgboost,D,v2,True,2020-03-17,914.0,972
3,xgboost,D,v2,True,2020-03-18,831.0,928
3,xgboost,D,v2,True,2020-03-19,829.0,928
3,xgboost,D,v2,True,2020-03-20,627.0,638
3,xgboost,D,v2,True,2020-03-23,1110.0,1234
3,xgboost,D,v2,True,2020-03-24,1083.0,1076
3,xgboost,D,v2,True,2020-03-25,1022.0,1034
3,xgboost,D,v2,True,2020-03-26,955.0,1057
3,xgboost,D,v2,True,2020-03-27,839.0,819
3,xgboost,D,v2,True,2020-03-30,1000.0,1268
3,xgboost,D,v2,True,2020-03-31,859.0,1083
3,xgboost,D,v2,True,2020-04-01,939.0,1005
3,xgboost,D,v2,True,2020-04-02,1009.0,1014
3,xgboost,D,v2,True,2020-04-03,802.0,758
3,xgboost,D,v2,True,2020-04-06,1161.0,1242
3,xgboost,D,v2,True,2020-04-07,969.0,1029
3,xgboost,D,v2,True,2020-04-08,1032.0,969
3,xgboost,D,v2,True,2020-04-09,880.0,1010
3,xgboost,D,v2,True,2020-04-10,780.0,670
3,xgboost,D,v2,True,2020-04-13,1145.0,1226
3,xgboost,D,v2,True,2020-04-14,879.0,995
3,xgboost,D,v2,True,2020-04-16,947.0,1051
3,xgboost,D,v2,True,2020-04-17,759.0,727
3,xgboost,D,v2,True,2020-04-20,1089.0,1260
3,xgboost,D,v2,True,2020-04-21,911.0,1079
3,xgboost,D,v2,True,2020-04-22,945.0,866
3,xgboost,D,v2,True,2020-04-23,880.0,850
3,xgboost,D,v2,True,2020-04-24,639.0,558
3,xgboost,D,v2,True,2020-04-27,1223.0,1188
3,xgboost,D,v2,True,2020-04-28,824.0,950
3,xgboost,D,v2,True,2020-04-29,680.0,833
3,xgboost,D,v2,True,2020-05-04,504.0,608
3,xgboost,D,v2,True,2020-05-06,1254.0,1038
3,xgboost,D,v2,True,2020-05-07,959.0,945
3,xgboost,D,v2,True,2020-05-08,620.0,638
3,xgboost,D,v2,True,2020-05-11,1249.0,1219
3,xgboost,D,v2,True,2020-05-12,968.0,998
3,xgboost,D,v2,True,2020-05-13,844.0,899
3,xgboost,D,v2,True,2020-05-14,793.0,756
3,xgboost,D,v2,True,2020-05-15,614.0,583
3,xgboost,D,v2,True,2020-05-18,1141.0,1214
3,xgboost,D,v2,True,2020-05-19,935.0,995
3,xgboost,D,v2,True,2020-05-20,791.0,928
3,lightgbm,A,v2,False,2019-10-14,1140.0,967
3,lightgbm,A,v2,False,2019-10-15,867.0,923
3,lightgbm,A,v2,False,2019-10-16,765.0,811
3,lightgbm,A,v2,False,2019-10-17,708.0,677
3,lightgbm,A,v2,False,2019-10-18,581.0,631
3,lightgbm,A,v2,False,2019-10-21,1107.0,1105
3,lightgbm,A,v2,False,2019-10-22,1090.0,747
3,lightgbm,A,v2,False,2019-10-23,785.0,807
3,lightgbm,A,v2,False,2019-10-24,705.0,741
3,lightgbm,A,v2,False,2019-10-25,546.0,631
3,lightgbm,A,v2,False,2019-10-28,915.0,823
3,lightgbm,A,v2,False,2019-10-29,808.0,768
3,lightgbm,A,v2,False,2019-10-30,771.0,757
3,lightgbm,A,v2,False,2019-10-31,671.0,741
3,lightgbm,A,v2,False,2019-11-01,586.0,694
3,lightgbm,A,v2,False,2019-11-04,1058.0,961
3,lightgbm,A,v2,False,2019-11-05,773.0,780
3,lightgbm,A,v2,False,2019-11-06,773.0,774
3,lightgbm,A,v2,False,2019-11-07,700.0,744
3,lightgbm,A,v2,False,2019-11-08,535.0,668
3,lightgbm,A,v2,False,2019-11-11,1079.0,992
3,lightgbm,A,v2,False,2019-11-12,769.0,878
3,lightgbm,A,v2,False,2019-11-13,733.0,695
3,lightgbm,A,v2,False,2019-11-14,677.0,701
3,lightgbm,A,v2,False,2019-11-15,543.0,614
3,lightgbm,A,v2,False,2019-11-18,1032.0,1139
3,lightgbm,A,v2,False,2019-11-19,762.0,722
3,lightgbm,A,v2,False,2019-11-20,759.0,704
3,lightgbm,A,v2,False,2019-11-21,613.0,642
3,lightgbm,A,v2,False,2019-11-22,551.0,631
3,lightgbm,A,v2,False,2019-11-25,1097.0,951
3,lightgbm,A,v2,False,2019-11-26,816.0,890
3,lightgbm,A,v2,False,2019-11-27,732.0,783
3,lightgbm,A,v2,False,2019-11-28,644.0,690
3,lightgbm,A,v2,False,2019-11-29,572.0,656
3,lightgbm,A,v2,False,2019-12-02,1140.0,1275
3,lightgbm,A,v2,False,2019-12-03,873.0,990
3,lightgbm,A,v2,False,2019-12-04,879.0,924
3,lightgbm,A,v2,False,2019-12-05,779.0,768
3,lightgbm,A,v2,False,2019-12-06,631.0,631
3,lightgbm,A,v2,False,2019-12-09,1120.0,1294
3,lightgbm,A,v2,False,2019-12-10,742.0,945
3,lightgbm,A,v2,False,2019-12-11,858.0,850
3,lightgbm,A,v2,False,2019-12-12,731.0,856
3,lightgbm,A,v2,False,2019-12-13,639.0,668
3,lightgbm,A,v2,False,2019-12-16,1103.0,1259
3,lightgbm,A,v2,False,2019-12-17,739.0,853
3,lightgbm,A,v2,False,2019-12-18,683.0,766
3,lightgbm,A,v2,False,2019-12-19,862.0,835
3,lightgbm,A,v2,False,2019-12-20,481.0,751
3,lightgbm,A,v2,False,2019-12-23,741.0,1001
3,lightgbm,A,v2,False,2019-12-24,462.0,815
3,lightgbm,A,v2,False,2019-12-26,594.0,550
3,lightgbm,A,v2,False,2019-12-27,387.0,603
3,lightgbm,A,v2,False,2019-12-30,652.0,668
3,lightgbm,A,v2,False,2019-12-31,349.0,632
3,lightgbm,A,v2,False,2020-01-02,985.0,1216
3,lightgbm,A,v2,False,2020-01-03,635.0,918
3,lightgbm,A,v2,False,2020-01-06,1133.0,1163
3,lightgbm,A,v2,False,2020-01-07,904.0,1189
3,lightgbm,A,v2,False,2020-01-08,740.0,1133
3,lightgbm,A,v2,False,2020-01-09,773.0,993
3,lightgbm,A,v2,False,2020-01-10,573.0,690
3,lightgbm,A,v2,False,2020-01-13,945.0,1166
3,lightgbm,A,v2,False,2020-01-14,820.0,937
3,lightgbm,A,v2,False,2020-01-15,633.0,943
3,lightgbm,A,v2,False,2020-01-16,761.0,1009
3,lightgbm,A,v2,False,2020-01-17,696.0,686
3,lightgbm,A,v2,False,2020-01-20,1075.0,1228
3,lightgbm,A,v2,False,2020-01-21,868.0,924
3,lightgbm,A,v2,False,2020-01-22,782.0,1128
3,lightgbm,A,v2,False,2020-01-23,685.0,854
3,lightgbm,A,v2,False,2020-01-28,1042.0,979
3,lightgbm,A,v2,False,2020-01-29,1197.0,1196
3,lightgbm,A,v2,False,2020-01-30,736.0,884
3,lightgbm,A,v2,False,2020-01-31,623.0,799
3,lightgbm,A,v2,False,2020-02-03,1081.0,1070
3,lightgbm,A,v2,False,2020-02-04,849.0,926
3,lightgbm,A,v2,False,2020-02-05,660.0,967
3,lightgbm,A,v2,False,2020-02-06,637.0,821
3,lightgbm,A,v2,False,2020-02-07,539.0,821
3,lightgbm,A,v2,False,2020-02-10,1233.0,1165
3,lightgbm,A,v2,False,2020-02-11,1075.0,1156
3,lightgbm,A,v2,False,2020-02-12,1173.0,1011
3,lightgbm,A,v2,False,2020-02-13,834.0,823
3,lightgbm,A,v2,False,2020-02-14,776.0,680
3,lightgbm,A,v2,False,2020-02-17,1370.0,1168
3,lightgbm,A,v2,False,2020-02-18,939.0,842
3,lightgbm,A,v2,False,2020-02-19,930.0,861
3,lightgbm,A,v2,False,2020-02-20,826.0,789
3,lightgbm,A,v2,False,2020-02-21,627.0,649
3,lightgbm,A,v2,False,2020-02-24,1282.0,1184
3,lightgbm,A,v2,False,2020-02-25,1238.0,1191
3,lightgbm,A,v2,False,2020-02-26,1105.0,1175
3,lightgbm,A,v2,False,2020-02-27,1000.0,1035
3,lightgbm,A,v2,False,2020-02-28,750.0,725
3,lightgbm,A,v2,False,2020-03-02,1362.0,1188
3,lightgbm,A,v2,False,2020-03-03,1074.0,1175
3,lightgbm,A,v2,False,2020-03-04,999.0,1041
3,lightgbm,A,v2,False,2020-03-05,989.0,922
3,lightgbm,A,v2,False,2020-03-06,642.0,684
3,lightgbm,A,v2,False,2020-03-09,1276.0,1196
3,lightgbm,A,v2,False,2020-03-10,1019.0,1192
3,lightgbm,A,v2,False,2020-03-11,967.0,1166
3,lightgbm,A,v2,False,2020-03-12,804.0,813
3,lightgbm,A,v2,False,2020-03-13,593.0,653
3,lightgbm,A,v2,False,2020-03-16,1284.0,1180
3,lightgbm,A,v2,False,2020-03-17,914.0,1176
3,lightgbm,A,v2,False,2020-03-18,831.0,1020
3,lightgbm,A,v2,False,2020-03-19,829.0,825
3,lightgbm,A,v2,False,2020-03-20,627.0,634
3,lightgbm,A,v2,False,2020-03-23,1110.0,1149
3,lightgbm,A,v2,False,2020-03-24,1083.0,1191
3,lightgbm,A,v2,False,2020-03-25,1022.0,1191
3,lightgbm,A,v2,False,2020-03-26,955.0,1197
3,lightgbm,A,v2,False,2020-03-27,839.0,1128
3,lightgbm,A,v2,False,2020-03-30,1000.0,1139
3,lightgbm,A,v2,False,2020-03-31,859.0,1157
3,lightgbm,A,v2,False,2020-04-01,939.0,1139
3,lightgbm,A,v2,False,2020-04-02,1009.0,1139
3,lightgbm,A,v2,False,2020-04-03,802.0,897
3,lightgbm,A,v2,False,2020-04-06,1161.0,1168
3,lightgbm,A,v2,False,2020-04-07,969.0,1170
3,lightgbm,A,v2,False,2020-04-08,1032.0,1181
3,lightgbm,A,v2,False,2020-04-09,880.0,1148
3,lightgbm,A,v2,False,2020-04-10,780.0,825
3,lightgbm,A,v2,False,2020-04-13,1145.0,1170
3,lightgbm,A,v2,False,2020-04-14,879.0,1168
3,lightgbm,A,v2,False,2020-04-16,947.0,1074
3,lightgbm,A,v2,False,2020-04-17,759.0,795
3,lightgbm,A,v2,False,2020-04-20,1089.0,1174
3,lightgbm,A,v2,False,2020-04-21,911.0,1201
3,lightgbm,A,v2,False,2020-04-22,945.0,1061
3,lightgbm,A,v2,False,2020-04-23,880.0,822
3,lightgbm,A,v2,False,2020-04-24,639.0,593
3,lightgbm,A,v2,False,2020-04-27,1223.0,1169
3,lightgbm,A,v2,False,2020-04-28,824.0,948
3,lightgbm,A,v2,False,2020-04-29,680.0,685
3,lightgbm,A,v2,False,2020-05-04,504.0,522
3,lightgbm,A,v2,False,2020-05-06,1254.0,1199
3,lightgbm,A,v2,False,2020-05-07,959.0,816
3,lightgbm,A,v2,False,2020-05-08,620.0,674
3,lightgbm,A,v2,False,2020-05-11,1249.0,1179
3,lightgbm,A,v2,False,2020-05-12,968.0,853
3,lightgbm,A,v2,False,2020-05-13,844.0,808
3,lightgbm,A,v2,False,2020-05-14,793.0,750
3,lightgbm,A,v2,False,2020-05-15,614.0,562
3,lightgbm,A,v2,False,2020-05-18,1141.0,919
3,lightgbm,A,v2,False,2020-05-19,935.0,823
3,lightgbm,A,v2,False,2020-05-20,791.0,814
3,lightgbm,B,v2,False,2019-10-14,1140.0,1147
3,lightgbm,B,v2,False,2019-10-15,867.0,922
3,lightgbm,B,v2,False,2019-10-16,765.0,867
3,lightgbm,B,v2,False,2019-10-17,708.0,752
3,lightgbm,B,v2,False,2019-10-18,581.0,636
3,lightgbm,B,v2,False,2019-10-21,1107.0,1218
3,lightgbm,B,v2,False,2019-10-22,1090.0,814
3,lightgbm,B,v2,False,2019-10-23,785.0,841
3,lightgbm,B,v2,False,2019-10-24,705.0,777
3,lightgbm,B,v2,False,2019-10-25,546.0,636
3,lightgbm,B,v2,False,2019-10-28,915.0,1142
3,lightgbm,B,v2,False,2019-10-29,808.0,844
3,lightgbm,B,v2,False,2019-10-30,771.0,834
3,lightgbm,B,v2,False,2019-10-31,671.0,777
3,lightgbm,B,v2,False,2019-11-01,586.0,697
3,lightgbm,B,v2,False,2019-11-04,1058.0,1142
3,lightgbm,B,v2,False,2019-11-05,773.0,834
3,lightgbm,B,v2,False,2019-11-06,773.0,840
3,lightgbm,B,v2,False,2019-11-07,700.0,776
3,lightgbm,B,v2,False,2019-11-08,535.0,661
3,lightgbm,B,v2,False,2019-11-11,1079.0,1196
3,lightgbm,B,v2,False,2019-11-12,769.0,905
3,lightgbm,B,v2,False,2019-11-13,733.0,842
3,lightgbm,B,v2,False,2019-11-14,677.0,797
3,lightgbm,B,v2,False,2019-11-15,543.0,631
3,lightgbm,B,v2,False,2019-11-18,1032.0,1232
3,lightgbm,B,v2,False,2019-11-19,762.0,876
3,lightgbm,B,v2,False,2019-11-20,759.0,812
3,lightgbm,B,v2,False,2019-11-21,613.0,745
3,lightgbm,B,v2,False,2019-11-22,551.0,636
3,lightgbm,B,v2,False,2019-11-25,1097.0,1192
3,lightgbm,B,v2,False,2019-11-26,816.0,918
3,lightgbm,B,v2,False,2019-11-27,732.0,852
3,lightgbm,B,v2,False,2019-11-28,644.0,756
3,lightgbm,B,v2,False,2019-11-29,572.0,647
3,lightgbm,B,v2,False,2019-12-02,1140.0,1258
3,lightgbm,B,v2,False,2019-12-03,873.0,956
3,lightgbm,B,v2,False,2019-12-04,879.0,899
3,lightgbm,B,v2,False,2019-12-05,779.0,786
3,lightgbm,B,v2,False,2019-12-06,631.0,636
3,lightgbm,B,v2,False,2019-12-09,1120.0,1324
3,lightgbm,B,v2,False,2019-12-10,742.0,883
3,lightgbm,B,v2,False,2019-12-11,858.0,838
3,lightgbm,B,v2,False,2019-12-12,731.0,826
3,lightgbm,B,v2,False,2019-12-13,639.0,697
3,lightgbm,B,v2,False,2019-12-16,1103.0,1297
3,lightgbm,B,v2,False,2019-12-17,739.0,856
3,lightgbm,B,v2,False,2019-12-18,683.0,829
3,lightgbm,B,v2,False,2019-12-19,862.0,803
3,lightgbm,B,v2,False,2019-12-20,481.0,680
3,lightgbm,B,v2,False,2019-12-23,741.0,1071
3,lightgbm,B,v2,False,2019-12-24,462.0,863
3,lightgbm,B,v2,False,2019-12-26,594.0,598
3,lightgbm,B,v2,False,2019-12-27,387.0,548
3,lightgbm,B,v2,False,2019-12-30,652.0,771
3,lightgbm,B,v2,False,2019-12-31,349.0,624
3,lightgbm,B,v2,False,2020-01-02,985.0,1064
3,lightgbm,B,v2,False,2020-01-03,635.0,744
3,lightgbm,B,v2,False,2020-01-06,1133.0,1136
3,lightgbm,B,v2,False,2020-01-07,904.0,983
3,lightgbm,B,v2,False,2020-01-08,740.0,957
3,lightgbm,B,v2,False,2020-01-09,773.0,847
3,lightgbm,B,v2,False,2020-01-10,573.0,714
3,lightgbm,B,v2,False,2020-01-13,945.0,1163
3,lightgbm,B,v2,False,2020-01-14,820.0,876
3,lightgbm,B,v2,False,2020-01-15,633.0,914
3,lightgbm,B,v2,False,2020-01-16,761.0,867
3,lightgbm,B,v2,False,2020-01-17,696.0,639
3,lightgbm,B,v2,False,2020-01-20,1075.0,1187
3,lightgbm,B,v2,False,2020-01-21,868.0,866
3,lightgbm,B,v2,False,2020-01-22,782.0,966
3,lightgbm,B,v2,False,2020-01-23,685.0,765
3,lightgbm,B,v2,False,2020-01-28,1042.0,989
3,lightgbm,B,v2,False,2020-01-29,1197.0,1008
3,lightgbm,B,v2,False,2020-01-30,736.0,874
3,lightgbm,B,v2,False,2020-01-31,623.0,725
3,lightgbm,B,v2,False,2020-02-03,1081.0,1129
3,lightgbm,B,v2,False,2020-02-04,849.0,898
3,lightgbm,B,v2,False,2020-02-05,660.0,904
3,lightgbm,B,v2,False,2020-02-06,637.0,798
3,lightgbm,B,v2,False,2020-02-07,539.0,668
3,lightgbm,B,v2,False,2020-02-10,1233.0,1263
3,lightgbm,B,v2,False,2020-02-11,1075.0,1002
3,lightgbm,B,v2,False,2020-02-12,1173.0,928
3,lightgbm,B,v2,False,2020-02-13,834.0,823
3,lightgbm,B,v2,False,2020-02-14,776.0,629
3,lightgbm,B,v2,False,2020-02-17,1370.0,1180
3,lightgbm,B,v2,False,2020-02-18,939.0,879
3,lightgbm,B,v2,False,2020-02-19,930.0,856
3,lightgbm,B,v2,False,2020-02-20,826.0,787
3,lightgbm,B,v2,False,2020-02-21,627.0,620
3,lightgbm,B,v2,False,2020-02-24,1282.0,1248
3,lightgbm,B,v2,False,2020-02-25,1238.0,1092
3,lightgbm,B,v2,False,2020-02-26,1105.0,1040
3,lightgbm,B,v2,False,2020-02-27,1000.0,839
3,lightgbm,B,v2,False,2020-02-28,750.0,696
3,lightgbm,B,v2,False,2020-03-02,1362.0,1264
3,lightgbm,B,v2,False,2020-03-03,1074.0,1035
3,lightgbm,B,v2,False,2020-03-04,999.0,953
3,lightgbm,B,v2,False,2020-03-05,989.0,862
3,lightgbm,B,v2,False,2020-03-06,642.0,661
3,lightgbm,B,v2,False,2020-03-09,1276.0,1276
3,lightgbm,B,v2,False,2020-03-10,1019.0,1082
3,lightgbm,B,v2,False,2020-03-11,967.0,1013
3,lightgbm,B,v2,False,2020-03-12,804.0,828
3,lightgbm,B,v2,False,2020-03-13,593.0,648
3,lightgbm,B,v2,False,2020-03-16,1284.0,1286
3,lightgbm,B,v2,False,2020-03-17,914.0,1079
3,lightgbm,B,v2,False,2020-03-18,831.0,973
3,lightgbm,B,v2,False,2020-03-19,829.0,877
3,lightgbm,B,v2,False,2020-03-20,627.0,630
3,lightgbm,B,v2,False,2020-03-23,1110.0,1241
3,lightgbm,B,v2,False,2020-03-24,1083.0,1108
3,lightgbm,B,v2,False,2020-03-25,1022.0,1097
3,lightgbm,B,v2,False,2020-03-26,955.0,995
3,lightgbm,B,v2,False,2020-03-27,839.0,890
3,lightgbm,B,v2,False,2020-03-30,1000.0,1166
3,lightgbm,B,v2,False,2020-03-31,859.0,1048
3,lightgbm,B,v2,False,2020-04-01,939.0,1058
3,lightgbm,B,v2,False,2020-04-02,1009.0,1012
3,lightgbm,B,v2,False,2020-04-03,802.0,730
3,lightgbm,B,v2,False,2020-04-06,1161.0,1276
3,lightgbm,B,v2,False,2020-04-07,969.0,1045
3,lightgbm,B,v2,False,2020-04-08,1032.0,1035
3,lightgbm,B,v2,False,2020-04-09,880.0,950
3,lightgbm,B,v2,False,2020-04-10,780.0,680
3,lightgbm,B,v2,False,2020-04-13,1145.0,1265
3,lightgbm,B,v2,False,2020-04-14,879.0,1054
3,lightgbm,B,v2,False,2020-04-16,947.0,1030
3,lightgbm,B,v2,False,2020-04-17,759.0,670
3,lightgbm,B,v2,False,2020-04-20,1089.0,1264
3,lightgbm,B,v2,False,2020-04-21,911.0,1115
3,lightgbm,B,v2,False,2020-04-22,945.0,968
3,lightgbm,B,v2,False,2020-04-23,880.0,775
3,lightgbm,B,v2,False,2020-04-24,639.0,610
3,lightgbm,B,v2,False,2020-04-27,1223.0,1227
3,lightgbm,B,v2,False,2020-04-28,824.0,901
3,lightgbm,B,v2,False,2020-04-29,680.0,731
3,lightgbm,B,v2,False,2020-05-04,504.0,578
3,lightgbm,B,v2,False,2020-05-06,1254.0,1094
3,lightgbm,B,v2,False,2020-05-07,959.0,867
3,lightgbm,B,v2,False,2020-05-08,620.0,659
3,lightgbm,B,v2,False,2020-05-11,1249.0,1176
3,lightgbm,B,v2,False,2020-05-12,968.0,898
3,lightgbm,B,v2,False,2020-05-13,844.0,867
3,lightgbm,B,v2,False,2020-05-14,793.0,736
3,lightgbm,B,v2,False,2020-05-15,614.0,555
3,lightgbm,B,v2,False,2020-05-18,1141.0,1112
3,lightgbm,B,v2,False,2020-05-19,935.0,887
3,lightgbm,B,v2,False,2020-05-20,791.0,869
3,lightgbm,C,v1,False,2019-10-14,1140.0,1152
3,lightgbm,C,v1,False,2019-10-15,867.0,920
3,lightgbm,C,v1,False,2019-10-16,765.0,864
3,lightgbm,C,v1,False,2019-10-17,708.0,770
3,lightgbm,C,v1,False,2019-10-18,581.0,640
3,lightgbm,C,v1,False,2019-10-21,1107.0,1229
3,lightgbm,C,v1,False,2019-10-22,1090.0,804
3,lightgbm,C,v1,False,2019-10-23,785.0,826
3,lightgbm,C,v1,False,2019-10-24,705.0,794
3,lightgbm,C,v1,False,2019-10-25,546.0,628
3,lightgbm,C,v1,False,2019-10-28,915.0,1145
3,lightgbm,C,v1,False,2019-10-29,808.0,832
3,lightgbm,C,v1,False,2019-10-30,771.0,859
3,lightgbm,C,v1,False,2019-10-31,671.0,795
3,lightgbm,C,v1,False,2019-11-01,586.0,703
3,lightgbm,C,v1,False,2019-11-04,1058.0,1154
3,lightgbm,C,v1,False,2019-11-05,773.0,841
3,lightgbm,C,v1,False,2019-11-06,773.0,840
3,lightgbm,C,v1,False,2019-11-07,700.0,798
3,lightgbm,C,v1,False,2019-11-08,535.0,659
3,lightgbm,C,v1,False,2019-11-11,1079.0,1196
3,lightgbm,C,v1,False,2019-11-12,769.0,899
3,lightgbm,C,v1,False,2019-11-13,733.0,851
3,lightgbm,C,v1,False,2019-11-14,677.0,794
3,lightgbm,C,v1,False,2019-11-15,543.0,627
3,lightgbm,C,v1,False,2019-11-18,1032.0,1235
3,lightgbm,C,v1,False,2019-11-19,762.0,853
3,lightgbm,C,v1,False,2019-11-20,759.0,806
3,lightgbm,C,v1,False,2019-11-21,613.0,748
3,lightgbm,C,v1,False,2019-11-22,551.0,616
3,lightgbm,C,v1,False,2019-11-25,1097.0,1194
3,lightgbm,C,v1,False,2019-11-26,816.0,918
3,lightgbm,C,v1,False,2019-11-27,732.0,868
3,lightgbm,C,v1,False,2019-11-28,644.0,768
3,lightgbm,C,v1,False,2019-11-29,572.0,643
3,lightgbm,C,v1,False,2019-12-02,1140.0,1262
3,lightgbm,C,v1,False,2019-12-03,873.0,953
3,lightgbm,C,v1,False,2019-12-04,879.0,925
3,lightgbm,C,v1,False,2019-12-05,779.0,785
3,lightgbm,C,v1,False,2019-12-06,631.0,640
3,lightgbm,C,v1,False,2019-12-09,1120.0,1328
3,lightgbm,C,v1,False,2019-12-10,742.0,880
3,lightgbm,C,v1,False,2019-12-11,858.0,830
3,lightgbm,C,v1,False,2019-12-12,731.0,837
3,lightgbm,C,v1,False,2019-12-13,639.0,689
3,lightgbm,C,v1,False,2019-12-16,1103.0,1313
3,lightgbm,C,v1,False,2019-12-17,739.0,859
3,lightgbm,C,v1,False,2019-12-18,683.0,803
3,lightgbm,C,v1,False,2019-12-19,862.0,812
3,lightgbm,C,v1,False,2019-12-20,481.0,694
3,lightgbm,C,v1,False,2019-12-23,741.0,1079
3,lightgbm,C,v1,False,2019-12-24,462.0,879
3,lightgbm,C,v1,False,2019-12-26,594.0,580
3,lightgbm,C,v1,False,2019-12-27,387.0,540
3,lightgbm,C,v1,False,2019-12-30,652.0,776
3,lightgbm,C,v1,False,2019-12-31,349.0,628
3,lightgbm,C,v1,False,2020-01-02,985.0,1046
3,lightgbm,C,v1,False,2020-01-03,635.0,733
3,lightgbm,C,v1,False,2020-01-06,1133.0,1133
3,lightgbm,C,v1,False,2020-01-07,904.0,979
3,lightgbm,C,v1,False,2020-01-08,740.0,957
3,lightgbm,C,v1,False,2020-01-09,773.0,824
3,lightgbm,C,v1,False,2020-01-10,573.0,702
3,lightgbm,C,v1,False,2020-01-13,945.0,1165
3,lightgbm,C,v1,False,2020-01-14,820.0,889
3,lightgbm,C,v1,False,2020-01-15,633.0,908
3,lightgbm,C,v1,False,2020-01-16,761.0,857
3,lightgbm,C,v1,False,2020-01-17,696.0,643
3,lightgbm,C,v1,False,2020-01-20,1075.0,1163
3,lightgbm,C,v1,False,2020-01-21,868.0,879
3,lightgbm,C,v1,False,2020-01-22,782.0,963
3,lightgbm,C,v1,False,2020-01-23,685.0,737
3,lightgbm,C,v1,False,2020-01-28,1042.0,984
3,lightgbm,C,v1,False,2020-01-29,1197.0,995
3,lightgbm,C,v1,False,2020-01-30,736.0,849
3,lightgbm,C,v1,False,2020-01-31,623.0,731
3,lightgbm,C,v1,False,2020-02-03,1081.0,1131
3,lightgbm,C,v1,False,2020-02-04,849.0,906
3,lightgbm,C,v1,False,2020-02-05,660.0,919
3,lightgbm,C,v1,False,2020-02-06,637.0,796
3,lightgbm,C,v1,False,2020-02-07,539.0,684
3,lightgbm,C,v1,False,2020-02-10,1233.0,1277
3,lightgbm,C,v1,False,2020-02-11,1075.0,1003
3,lightgbm,C,v1,False,2020-02-12,1173.0,945
3,lightgbm,C,v1,False,2020-02-13,834.0,843
3,lightgbm,C,v1,False,2020-02-14,776.0,635
3,lightgbm,C,v1,False,2020-02-17,1370.0,1182
3,lightgbm,C,v1,False,2020-02-18,939.0,895
3,lightgbm,C,v1,False,2020-02-19,930.0,860
3,lightgbm,C,v1,False,2020-02-20,826.0,790
3,lightgbm,C,v1,False,2020-02-21,627.0,619
3,lightgbm,C,v1,False,2020-02-24,1282.0,1244
3,lightgbm,C,v1,False,2020-02-25,1238.0,1100
3,lightgbm,C,v1,False,2020-02-26,1105.0,1041
3,lightgbm,C,v1,False,2020-02-27,1000.0,843
3,lightgbm,C,v1,False,2020-02-28,750.0,709
3,lightgbm,C,v1,False,2020-03-02,1362.0,1270
3,lightgbm,C,v1,False,2020-03-03,1074.0,1035
3,lightgbm,C,v1,False,2020-03-04,999.0,947
3,lightgbm,C,v1,False,2020-03-05,989.0,858
3,lightgbm,C,v1,False,2020-03-06,642.0,662
3,lightgbm,C,v1,False,2020-03-09,1276.0,1287
3,lightgbm,C,v1,False,2020-03-10,1019.0,1051
3,lightgbm,C,v1,False,2020-03-11,967.0,1016
3,lightgbm,C,v1,False,2020-03-12,804.0,820
3,lightgbm,C,v1,False,2020-03-13,593.0,641
3,lightgbm,C,v1,False,2020-03-16,1284.0,1293
3,lightgbm,C,v1,False,2020-03-17,914.0,1065
3,lightgbm,C,v1,False,2020-03-18,831.0,983
3,lightgbm,C,v1,False,2020-03-19,829.0,872
3,lightgbm,C,v1,False,2020-03-20,627.0,644
3,lightgbm,C,v1,False,2020-03-23,1110.0,1240
3,lightgbm,C,v1,False,2020-03-24,1083.0,1112
3,lightgbm,C,v1,False,2020-03-25,1022.0,1097
3,lightgbm,C,v1,False,2020-03-26,955.0,985
3,lightgbm,C,v1,False,2020-03-27,839.0,898
3,lightgbm,C,v1,False,2020-03-30,1000.0,1154
3,lightgbm,C,v1,False,2020-03-31,859.0,1037
3,lightgbm,C,v1,False,2020-04-01,939.0,1049
3,lightgbm,C,v1,False,2020-04-02,1009.0,983
3,lightgbm,C,v1,False,2020-04-03,802.0,742
3,lightgbm,C,v1,False,2020-04-06,1161.0,1268
3,lightgbm,C,v1,False,2020-04-07,969.0,1038
3,lightgbm,C,v1,False,2020-04-08,1032.0,1028
3,lightgbm,C,v1,False,2020-04-09,880.0,928
3,lightgbm,C,v1,False,2020-04-10,780.0,674
3,lightgbm,C,v1,False,2020-04-13,1145.0,1243
3,lightgbm,C,v1,False,2020-04-14,879.0,1034
3,lightgbm,C,v1,False,2020-04-16,947.0,1009
3,lightgbm,C,v1,False,2020-04-17,759.0,679
3,lightgbm,C,v1,False,2020-04-20,1089.0,1237
3,lightgbm,C,v1,False,2020-04-21,911.0,1104
3,lightgbm,C,v1,False,2020-04-22,945.0,955
3,lightgbm,C,v1,False,2020-04-23,880.0,764
3,lightgbm,C,v1,False,2020-04-24,639.0,608
3,lightgbm,C,v1,False,2020-04-27,1223.0,1237
3,lightgbm,C,v1,False,2020-04-28,824.0,886
3,lightgbm,C,v1,False,2020-04-29,680.0,733
3,lightgbm,C,v1,False,2020-05-04,504.0,590
3,lightgbm,C,v1,False,2020-05-06,1254.0,1095
3,lightgbm,C,v1,False,2020-05-07,959.0,851
3,lightgbm,C,v1,False,2020-05-08,620.0,662
3,lightgbm,C,v1,False,2020-05-11,1249.0,1165
3,lightgbm,C,v1,False,2020-05-12,968.0,892
3,lightgbm,C,v1,False,2020-05-13,844.0,866
3,lightgbm,C,v1,False,2020-05-14,793.0,737
3,lightgbm,C,v1,False,2020-05-15,614.0,536
3,lightgbm,C,v1,False,2020-05-18,1141.0,1117
3,lightgbm,C,v1,False,2020-05-19,935.0,887
3,lightgbm,C,v1,False,2020-05-20,791.0,861
3,lightgbm,C,v2,False,2019-10-14,1140.0,1158
3,lightgbm,C,v2,False,2019-10-15,867.0,927
3,lightgbm,C,v2,False,2019-10-16,765.0,864
3,lightgbm,C,v2,False,2019-10-17,708.0,773
3,lightgbm,C,v2,False,2019-10-18,581.0,641
3,lightgbm,C,v2,False,2019-10-21,1107.0,1233
3,lightgbm,C,v2,False,2019-10-22,1090.0,825
3,lightgbm,C,v2,False,2019-10-23,785.0,808
3,lightgbm,C,v2,False,2019-10-24,705.0,788
3,lightgbm,C,v2,False,2019-10-25,546.0,632
3,lightgbm,C,v2,False,2019-10-28,915.0,1154
3,lightgbm,C,v2,False,2019-10-29,808.0,819
3,lightgbm,C,v2,False,2019-10-30,771.0,861
3,lightgbm,C,v2,False,2019-10-31,671.0,788
3,lightgbm,C,v2,False,2019-11-01,586.0,702
3,lightgbm,C,v2,False,2019-11-04,1058.0,1159
3,lightgbm,C,v2,False,2019-11-05,773.0,849
3,lightgbm,C,v2,False,2019-11-06,773.0,839
3,lightgbm,C,v2,False,2019-11-07,700.0,796
3,lightgbm,C,v2,False,2019-11-08,535.0,674
3,lightgbm,C,v2,False,2019-11-11,1079.0,1195
3,lightgbm,C,v2,False,2019-11-12,769.0,880
3,lightgbm,C,v2,False,2019-11-13,733.0,854
3,lightgbm,C,v2,False,2019-11-14,677.0,782
3,lightgbm,C,v2,False,2019-11-15,543.0,632
3,lightgbm,C,v2,False,2019-11-18,1032.0,1246
3,lightgbm,C,v2,False,2019-11-19,762.0,842
3,lightgbm,C,v2,False,2019-11-20,759.0,810
3,lightgbm,C,v2,False,2019-11-21,613.0,737
3,lightgbm,C,v2,False,2019-11-22,551.0,631
3,lightgbm,C,v2,False,2019-11-25,1097.0,1194
3,lightgbm,C,v2,False,2019-11-26,816.0,897
3,lightgbm,C,v2,False,2019-11-27,732.0,863
3,lightgbm,C,v2,False,2019-11-28,644.0,762
3,lightgbm,C,v2,False,2019-11-29,572.0,660
3,lightgbm,C,v2,False,2019-12-02,1140.0,1253
3,lightgbm,C,v2,False,2019-12-03,873.0,956
3,lightgbm,C,v2,False,2019-12-04,879.0,911
3,lightgbm,C,v2,False,2019-12-05,779.0,796
3,lightgbm,C,v2,False,2019-12-06,631.0,641
3,lightgbm,C,v2,False,2019-12-09,1120.0,1320
3,lightgbm,C,v2,False,2019-12-10,742.0,887
3,lightgbm,C,v2,False,2019-12-11,858.0,819
3,lightgbm,C,v2,False,2019-12-12,731.0,846
3,lightgbm,C,v2,False,2019-12-13,639.0,680
3,lightgbm,C,v2,False,2019-12-16,1103.0,1308
3,lightgbm,C,v2,False,2019-12-17,739.0,866
3,lightgbm,C,v2,False,2019-12-18,683.0,814
3,lightgbm,C,v2,False,2019-12-19,862.0,816
3,lightgbm,C,v2,False,2019-12-20,481.0,694
3,lightgbm,C,v2,False,2019-12-23,741.0,1073
3,lightgbm,C,v2,False,2019-12-24,462.0,873
3,lightgbm,C,v2,False,2019-12-26,594.0,580
3,lightgbm,C,v2,False,2019-12-27,387.0,541
3,lightgbm,C,v2,False,2019-12-30,652.0,765
3,lightgbm,C,v2,False,2019-12-31,349.0,623
3,lightgbm,C,v2,False,2020-01-02,985.0,1060
3,lightgbm,C,v2,False,2020-01-03,635.0,746
3,lightgbm,C,v2,False,2020-01-06,1133.0,1132
3,lightgbm,C,v2,False,2020-01-07,904.0,985
3,lightgbm,C,v2,False,2020-01-08,740.0,953
3,lightgbm,C,v2,False,2020-01-09,773.0,819
3,lightgbm,C,v2,False,2020-01-10,573.0,724
3,lightgbm,C,v2,False,2020-01-13,945.0,1164
3,lightgbm,C,v2,False,2020-01-14,820.0,900
3,lightgbm,C,v2,False,2020-01-15,633.0,889
3,lightgbm,C,v2,False,2020-01-16,761.0,858
3,lightgbm,C,v2,False,2020-01-17,696.0,651
3,lightgbm,C,v2,False,2020-01-20,1075.0,1150
3,lightgbm,C,v2,False,2020-01-21,868.0,894
3,lightgbm,C,v2,False,2020-01-22,782.0,962
3,lightgbm,C,v2,False,2020-01-23,685.0,752
3,lightgbm,C,v2,False,2020-01-28,1042.0,1000
3,lightgbm,C,v2,False,2020-01-29,1197.0,1000
3,lightgbm,C,v2,False,2020-01-30,736.0,846
3,lightgbm,C,v2,False,2020-01-31,623.0,742
3,lightgbm,C,v2,False,2020-02-03,1081.0,1136
3,lightgbm,C,v2,False,2020-02-04,849.0,914
3,lightgbm,C,v2,False,2020-02-05,660.0,937
3,lightgbm,C,v2,False,2020-02-06,637.0,799
3,lightgbm,C,v2,False,2020-02-07,539.0,695
3,lightgbm,C,v2,False,2020-02-10,1233.0,1271
3,lightgbm,C,v2,False,2020-02-11,1075.0,986
3,lightgbm,C,v2,False,2020-02-12,1173.0,956
3,lightgbm,C,v2,False,2020-02-13,834.0,849
3,lightgbm,C,v2,False,2020-02-14,776.0,634
3,lightgbm,C,v2,False,2020-02-17,1370.0,1195
3,lightgbm,C,v2,False,2020-02-18,939.0,880
3,lightgbm,C,v2,False,2020-02-19,930.0,856
3,lightgbm,C,v2,False,2020-02-20,826.0,793
3,lightgbm,C,v2,False,2020-02-21,627.0,630
3,lightgbm,C,v2,False,2020-02-24,1282.0,1251
3,lightgbm,C,v2,False,2020-02-25,1238.0,1096
3,lightgbm,C,v2,False,2020-02-26,1105.0,1043
3,lightgbm,C,v2,False,2020-02-27,1000.0,848
3,lightgbm,C,v2,False,2020-02-28,750.0,699
3,lightgbm,C,v2,False,2020-03-02,1362.0,1268
3,lightgbm,C,v2,False,2020-03-03,1074.0,1039
3,lightgbm,C,v2,False,2020-03-04,999.0,928
3,lightgbm,C,v2,False,2020-03-05,989.0,866
3,lightgbm,C,v2,False,2020-03-06,642.0,669
3,lightgbm,C,v2,False,2020-03-09,1276.0,1287
3,lightgbm,C,v2,False,2020-03-10,1019.0,1041
3,lightgbm,C,v2,False,2020-03-11,967.0,984
3,lightgbm,C,v2,False,2020-03-12,804.0,831
3,lightgbm,C,v2,False,2020-03-13,593.0,641
3,lightgbm,C,v2,False,2020-03-16,1284.0,1293
3,lightgbm,C,v2,False,2020-03-17,914.0,1060
3,lightgbm,C,v2,False,2020-03-18,831.0,959
3,lightgbm,C,v2,False,2020-03-19,829.0,880
3,lightgbm,C,v2,False,2020-03-20,627.0,650
3,lightgbm,C,v2,False,2020-03-23,1110.0,1247
3,lightgbm,C,v2,False,2020-03-24,1083.0,1113
3,lightgbm,C,v2,False,2020-03-25,1022.0,1071
3,lightgbm,C,v2,False,2020-03-26,955.0,999
3,lightgbm,C,v2,False,2020-03-27,839.0,903
3,lightgbm,C,v2,False,2020-03-30,1000.0,1150
3,lightgbm,C,v2,False,2020-03-31,859.0,1043
3,lightgbm,C,v2,False,2020-04-01,939.0,1055
3,lightgbm,C,v2,False,2020-04-02,1009.0,988
3,lightgbm,C,v2,False,2020-04-03,802.0,741
3,lightgbm,C,v2,False,2020-04-06,1161.0,1271
3,lightgbm,C,v2,False,2020-04-07,969.0,1016
3,lightgbm,C,v2,False,2020-04-08,1032.0,1040
3,lightgbm,C,v2,False,2020-04-09,880.0,935
3,lightgbm,C,v2,False,2020-04-10,780.0,670
3,lightgbm,C,v2,False,2020-04-13,1145.0,1248
3,lightgbm,C,v2,False,2020-04-14,879.0,1051
3,lightgbm,C,v2,False,2020-04-16,947.0,994
3,lightgbm,C,v2,False,2020-04-17,759.0,687
3,lightgbm,C,v2,False,2020-04-20,1089.0,1251
3,lightgbm,C,v2,False,2020-04-21,911.0,1077
3,lightgbm,C,v2,False,2020-04-22,945.0,957
3,lightgbm,C,v2,False,2020-04-23,880.0,772
3,lightgbm,C,v2,False,2020-04-24,639.0,602
3,lightgbm,C,v2,False,2020-04-27,1223.0,1223
3,lightgbm,C,v2,False,2020-04-28,824.0,884
3,lightgbm,C,v2,False,2020-04-29,680.0,739
3,lightgbm,C,v2,False,2020-05-04,504.0,587
3,lightgbm,C,v2,False,2020-05-06,1254.0,1101
3,lightgbm,C,v2,False,2020-05-07,959.0,831
3,lightgbm,C,v2,False,2020-05-08,620.0,658
3,lightgbm,C,v2,False,2020-05-11,1249.0,1164
3,lightgbm,C,v2,False,2020-05-12,968.0,909
3,lightgbm,C,v2,False,2020-05-13,844.0,874
3,lightgbm,C,v2,False,2020-05-14,793.0,744
3,lightgbm,C,v2,False,2020-05-15,614.0,535
3,lightgbm,C,v2,False,2020-05-18,1141.0,1123
3,lightgbm,C,v2,False,2020-05-19,935.0,901
3,lightgbm,C,v2,False,2020-05-20,791.0,867
3,lightgbm,D,v1,False,2019-10-14,1140.0,1196
3,lightgbm,D,v1,False,2019-10-15,867.0,947
3,lightgbm,D,v1,False,2019-10-16,765.0,897
3,lightgbm,D,v1,False,2019-10-17,708.0,752
3,lightgbm,D,v1,False,2019-10-18,581.0,594
3,lightgbm,D,v1,False,2019-10-21,1107.0,1266
3,lightgbm,D,v1,False,2019-10-22,1090.0,835
3,lightgbm,D,v1,False,2019-10-23,785.0,868
3,lightgbm,D,v1,False,2019-10-24,705.0,775
3,lightgbm,D,v1,False,2019-10-25,546.0,582
3,lightgbm,D,v1,False,2019-10-28,915.0,1152
3,lightgbm,D,v1,False,2019-10-29,808.0,872
3,lightgbm,D,v1,False,2019-10-30,771.0,880
3,lightgbm,D,v1,False,2019-10-31,671.0,833
3,lightgbm,D,v1,False,2019-11-01,586.0,663
3,lightgbm,D,v1,False,2019-11-04,1058.0,1189
3,lightgbm,D,v1,False,2019-11-05,773.0,872
3,lightgbm,D,v1,False,2019-11-06,773.0,883
3,lightgbm,D,v1,False,2019-11-07,700.0,829
3,lightgbm,D,v1,False,2019-11-08,535.0,622
3,lightgbm,D,v1,False,2019-11-11,1079.0,1241
3,lightgbm,D,v1,False,2019-11-12,769.0,906
3,lightgbm,D,v1,False,2019-11-13,733.0,871
3,lightgbm,D,v1,False,2019-11-14,677.0,798
3,lightgbm,D,v1,False,2019-11-15,543.0,590
3,lightgbm,D,v1,False,2019-11-18,1032.0,1209
3,lightgbm,D,v1,False,2019-11-19,762.0,888
3,lightgbm,D,v1,False,2019-11-20,759.0,777
3,lightgbm,D,v1,False,2019-11-21,613.0,758
3,lightgbm,D,v1,False,2019-11-22,551.0,619
3,lightgbm,D,v1,False,2019-11-25,1097.0,1245
3,lightgbm,D,v1,False,2019-11-26,816.0,891
3,lightgbm,D,v1,False,2019-11-27,732.0,863
3,lightgbm,D,v1,False,2019-11-28,644.0,762
3,lightgbm,D,v1,False,2019-11-29,572.0,616
3,lightgbm,D,v1,False,2019-12-02,1140.0,1258
3,lightgbm,D,v1,False,2019-12-03,873.0,878
3,lightgbm,D,v1,False,2019-12-04,879.0,873
3,lightgbm,D,v1,False,2019-12-05,779.0,748
3,lightgbm,D,v1,False,2019-12-06,631.0,617
3,lightgbm,D,v1,False,2019-12-09,1120.0,1302
3,lightgbm,D,v1,False,2019-12-10,742.0,800
3,lightgbm,D,v1,False,2019-12-11,858.0,820
3,lightgbm,D,v1,False,2019-12-12,731.0,839
3,lightgbm,D,v1,False,2019-12-13,639.0,651
3,lightgbm,D,v1,False,2019-12-16,1103.0,1264
3,lightgbm,D,v1,False,2019-12-17,739.0,837
3,lightgbm,D,v1,False,2019-12-18,683.0,786
3,lightgbm,D,v1,False,2019-12-19,862.0,807
3,lightgbm,D,v1,False,2019-12-20,481.0,613
3,lightgbm,D,v1,False,2019-12-23,741.0,968
3,lightgbm,D,v1,False,2019-12-24,462.0,794
3,lightgbm,D,v1,False,2019-12-26,594.0,565
3,lightgbm,D,v1,False,2019-12-27,387.0,480
3,lightgbm,D,v1,False,2019-12-30,652.0,694
3,lightgbm,D,v1,False,2019-12-31,349.0,603
3,lightgbm,D,v1,False,2020-01-02,985.0,981
3,lightgbm,D,v1,False,2020-01-03,635.0,703
3,lightgbm,D,v1,False,2020-01-06,1133.0,1171
3,lightgbm,D,v1,False,2020-01-07,904.0,1024
3,lightgbm,D,v1,False,2020-01-08,740.0,969
3,lightgbm,D,v1,False,2020-01-09,773.0,821
3,lightgbm,D,v1,False,2020-01-10,573.0,648
3,lightgbm,D,v1,False,2020-01-13,945.0,1199
3,lightgbm,D,v1,False,2020-01-14,820.0,852
3,lightgbm,D,v1,False,2020-01-15,633.0,888
3,lightgbm,D,v1,False,2020-01-16,761.0,837
3,lightgbm,D,v1,False,2020-01-17,696.0,571
3,lightgbm,D,v1,False,2020-01-20,1075.0,1206
3,lightgbm,D,v1,False,2020-01-21,868.0,863
3,lightgbm,D,v1,False,2020-01-22,782.0,812
3,lightgbm,D,v1,False,2020-01-23,685.0,745
3,lightgbm,D,v1,False,2020-01-28,1042.0,1010
3,lightgbm,D,v1,False,2020-01-29,1197.0,970
3,lightgbm,D,v1,False,2020-01-30,736.0,871
3,lightgbm,D,v1,False,2020-01-31,623.0,675
3,lightgbm,D,v1,False,2020-02-03,1081.0,1157
3,lightgbm,D,v1,False,2020-02-04,849.0,948
3,lightgbm,D,v1,False,2020-02-05,660.0,957
3,lightgbm,D,v1,False,2020-02-06,637.0,776
3,lightgbm,D,v1,False,2020-02-07,539.0,680
3,lightgbm,D,v1,False,2020-02-10,1233.0,1301
3,lightgbm,D,v1,False,2020-02-11,1075.0,1036
3,lightgbm,D,v1,False,2020-02-12,1173.0,1012
3,lightgbm,D,v1,False,2020-02-13,834.0,854
3,lightgbm,D,v1,False,2020-02-14,776.0,717
3,lightgbm,D,v1,False,2020-02-17,1370.0,1243
3,lightgbm,D,v1,False,2020-02-18,939.0,860
3,lightgbm,D,v1,False,2020-02-19,930.0,863
3,lightgbm,D,v1,False,2020-02-20,826.0,848
3,lightgbm,D,v1,False,2020-02-21,627.0,669
3,lightgbm,D,v1,False,2020-02-24,1282.0,1272
3,lightgbm,D,v1,False,2020-02-25,1238.0,1143
3,lightgbm,D,v1,False,2020-02-26,1105.0,1071
3,lightgbm,D,v1,False,2020-02-27,1000.0,944
3,lightgbm,D,v1,False,2020-02-28,750.0,686
3,lightgbm,D,v1,False,2020-03-02,1362.0,1264
3,lightgbm,D,v1,False,2020-03-03,1074.0,997
3,lightgbm,D,v1,False,2020-03-04,999.0,991
3,lightgbm,D,v1,False,2020-03-05,989.0,874
3,lightgbm,D,v1,False,2020-03-06,642.0,665
3,lightgbm,D,v1,False,2020-03-09,1276.0,1301
3,lightgbm,D,v1,False,2020-03-10,1019.0,1052
3,lightgbm,D,v1,False,2020-03-11,967.0,1016
3,lightgbm,D,v1,False,2020-03-12,804.0,860
3,lightgbm,D,v1,False,2020-03-13,593.0,760
3,lightgbm,D,v1,False,2020-03-16,1284.0,1276
3,lightgbm,D,v1,False,2020-03-17,914.0,1083
3,lightgbm,D,v1,False,2020-03-18,831.0,951
3,lightgbm,D,v1,False,2020-03-19,829.0,943
3,lightgbm,D,v1,False,2020-03-20,627.0,705
3,lightgbm,D,v1,False,2020-03-23,1110.0,1246
3,lightgbm,D,v1,False,2020-03-24,1083.0,1079
3,lightgbm,D,v1,False,2020-03-25,1022.0,1094
3,lightgbm,D,v1,False,2020-03-26,955.0,1033
3,lightgbm,D,v1,False,2020-03-27,839.0,907
3,lightgbm,D,v1,False,2020-03-30,1000.0,1152
3,lightgbm,D,v1,False,2020-03-31,859.0,1049
3,lightgbm,D,v1,False,2020-04-01,939.0,1056
3,lightgbm,D,v1,False,2020-04-02,1009.0,967
3,lightgbm,D,v1,False,2020-04-03,802.0,738
3,lightgbm,D,v1,False,2020-04-06,1161.0,1258
3,lightgbm,D,v1,False,2020-04-07,969.0,1015
3,lightgbm,D,v1,False,2020-04-08,1032.0,1016
3,lightgbm,D,v1,False,2020-04-09,880.0,950
3,lightgbm,D,v1,False,2020-04-10,780.0,673
3,lightgbm,D,v1,False,2020-04-13,1145.0,1250
3,lightgbm,D,v1,False,2020-04-14,879.0,998
3,lightgbm,D,v1,False,2020-04-16,947.0,989
3,lightgbm,D,v1,False,2020-04-17,759.0,706
3,lightgbm,D,v1,False,2020-04-20,1089.0,1240
3,lightgbm,D,v1,False,2020-04-21,911.0,1120
3,lightgbm,D,v1,False,2020-04-22,945.0,990
3,lightgbm,D,v1,False,2020-04-23,880.0,762
3,lightgbm,D,v1,False,2020-04-24,639.0,631
3,lightgbm,D,v1,False,2020-04-27,1223.0,1206
3,lightgbm,D,v1,False,2020-04-28,824.0,907
3,lightgbm,D,v1,False,2020-04-29,680.0,755
3,lightgbm,D,v1,False,2020-05-04,504.0,606
3,lightgbm,D,v1,False,2020-05-06,1254.0,1137
3,lightgbm,D,v1,False,2020-05-07,959.0,947
3,lightgbm,D,v1,False,2020-05-08,620.0,715
3,lightgbm,D,v1,False,2020-05-11,1249.0,1169
3,lightgbm,D,v1,False,2020-05-12,968.0,933
3,lightgbm,D,v1,False,2020-05-13,844.0,875
3,lightgbm,D,v1,False,2020-05-14,793.0,740
3,lightgbm,D,v1,False,2020-05-15,614.0,582
3,lightgbm,D,v1,False,2020-05-18,1141.0,1161
3,lightgbm,D,v1,False,2020-05-19,935.0,993
3,lightgbm,D,v1,False,2020-05-20,791.0,947
3,lightgbm,D,v2,False,2019-10-14,1140.0,1199
3,lightgbm,D,v2,False,2019-10-15,867.0,958
3,lightgbm,D,v2,False,2019-10-16,765.0,897
3,lightgbm,D,v2,False,2019-10-17,708.0,763
3,lightgbm,D,v2,False,2019-10-18,581.0,605
3,lightgbm,D,v2,False,2019-10-21,1107.0,1271
3,lightgbm,D,v2,False,2019-10-22,1090.0,836
3,lightgbm,D,v2,False,2019-10-23,785.0,858
3,lightgbm,D,v2,False,2019-10-24,705.0,783
3,lightgbm,D,v2,False,2019-10-25,546.0,599
3,lightgbm,D,v2,False,2019-10-28,915.0,1149
3,lightgbm,D,v2,False,2019-10-29,808.0,859
3,lightgbm,D,v2,False,2019-10-30,771.0,882
3,lightgbm,D,v2,False,2019-10-31,671.0,836
3,lightgbm,D,v2,False,2019-11-01,586.0,652
3,lightgbm,D,v2,False,2019-11-04,1058.0,1194
3,lightgbm,D,v2,False,2019-11-05,773.0,871
3,lightgbm,D,v2,False,2019-11-06,773.0,878
3,lightgbm,D,v2,False,2019-11-07,700.0,826
3,lightgbm,D,v2,False,2019-11-08,535.0,615
3,lightgbm,D,v2,False,2019-11-11,1079.0,1241
3,lightgbm,D,v2,False,2019-11-12,769.0,892
3,lightgbm,D,v2,False,2019-11-13,733.0,872
3,lightgbm,D,v2,False,2019-11-14,677.0,777
3,lightgbm,D,v2,False,2019-11-15,543.0,611
3,lightgbm,D,v2,False,2019-11-18,1032.0,1198
3,lightgbm,D,v2,False,2019-11-19,762.0,865
3,lightgbm,D,v2,False,2019-11-20,759.0,779
3,lightgbm,D,v2,False,2019-11-21,613.0,731
3,lightgbm,D,v2,False,2019-11-22,551.0,630
3,lightgbm,D,v2,False,2019-11-25,1097.0,1255
3,lightgbm,D,v2,False,2019-11-26,816.0,879
3,lightgbm,D,v2,False,2019-11-27,732.0,863
3,lightgbm,D,v2,False,2019-11-28,644.0,758
3,lightgbm,D,v2,False,2019-11-29,572.0,622
3,lightgbm,D,v2,False,2019-12-02,1140.0,1255
3,lightgbm,D,v2,False,2019-12-03,873.0,895
3,lightgbm,D,v2,False,2019-12-04,879.0,855
3,lightgbm,D,v2,False,2019-12-05,779.0,746
3,lightgbm,D,v2,False,2019-12-06,631.0,628
3,lightgbm,D,v2,False,2019-12-09,1120.0,1277
3,lightgbm,D,v2,False,2019-12-10,742.0,804
3,lightgbm,D,v2,False,2019-12-11,858.0,799
3,lightgbm,D,v2,False,2019-12-12,731.0,835
3,lightgbm,D,v2,False,2019-12-13,639.0,654
3,lightgbm,D,v2,False,2019-12-16,1103.0,1271
3,lightgbm,D,v2,False,2019-12-17,739.0,828
3,lightgbm,D,v2,False,2019-12-18,683.0,796
3,lightgbm,D,v2,False,2019-12-19,862.0,801
3,lightgbm,D,v2,False,2019-12-20,481.0,601
3,lightgbm,D,v2,False,2019-12-23,741.0,977
3,lightgbm,D,v2,False,2019-12-24,462.0,792
3,lightgbm,D,v2,False,2019-12-26,594.0,569
3,lightgbm,D,v2,False,2019-12-27,387.0,490
3,lightgbm,D,v2,False,2019-12-30,652.0,684
3,lightgbm,D,v2,False,2019-12-31,349.0,594
3,lightgbm,D,v2,False,2020-01-02,985.0,977
3,lightgbm,D,v2,False,2020-01-03,635.0,731
3,lightgbm,D,v2,False,2020-01-06,1133.0,1176
3,lightgbm,D,v2,False,2020-01-07,904.0,1015
3,lightgbm,D,v2,False,2020-01-08,740.0,978
3,lightgbm,D,v2,False,2020-01-09,773.0,832
3,lightgbm,D,v2,False,2020-01-10,573.0,663
3,lightgbm,D,v2,False,2020-01-13,945.0,1185
3,lightgbm,D,v2,False,2020-01-14,820.0,848
3,lightgbm,D,v2,False,2020-01-15,633.0,861
3,lightgbm,D,v2,False,2020-01-16,761.0,836
3,lightgbm,D,v2,False,2020-01-17,696.0,588
3,lightgbm,D,v2,False,2020-01-20,1075.0,1193
3,lightgbm,D,v2,False,2020-01-21,868.0,851
3,lightgbm,D,v2,False,2020-01-22,782.0,824
3,lightgbm,D,v2,False,2020-01-23,685.0,715
3,lightgbm,D,v2,False,2020-01-28,1042.0,998
3,lightgbm,D,v2,False,2020-01-29,1197.0,981
3,lightgbm,D,v2,False,2020-01-30,736.0,870
3,lightgbm,D,v2,False,2020-01-31,623.0,679
3,lightgbm,D,v2,False,2020-02-03,1081.0,1153
3,lightgbm,D,v2,False,2020-02-04,849.0,952
3,lightgbm,D,v2,False,2020-02-05,660.0,976
3,lightgbm,D,v2,False,2020-02-06,637.0,776
3,lightgbm,D,v2,False,2020-02-07,539.0,678
3,lightgbm,D,v2,False,2020-02-10,1233.0,1292
3,lightgbm,D,v2,False,2020-02-11,1075.0,1022
3,lightgbm,D,v2,False,2020-02-12,1173.0,1027
3,lightgbm,D,v2,False,2020-02-13,834.0,857
3,lightgbm,D,v2,False,2020-02-14,776.0,704
3,lightgbm,D,v2,False,2020-02-17,1370.0,1229
3,lightgbm,D,v2,False,2020-02-18,939.0,848
3,lightgbm,D,v2,False,2020-02-19,930.0,871
3,lightgbm,D,v2,False,2020-02-20,826.0,841
3,lightgbm,D,v2,False,2020-02-21,627.0,652
3,lightgbm,D,v2,False,2020-02-24,1282.0,1268
3,lightgbm,D,v2,False,2020-02-25,1238.0,1146
3,lightgbm,D,v2,False,2020-02-26,1105.0,1097
3,lightgbm,D,v2,False,2020-02-27,1000.0,952
3,lightgbm,D,v2,False,2020-02-28,750.0,702
3,lightgbm,D,v2,False,2020-03-02,1362.0,1254
3,lightgbm,D,v2,False,2020-03-03,1074.0,1013
3,lightgbm,D,v2,False,2020-03-04,999.0,976
3,lightgbm,D,v2,False,2020-03-05,989.0,870
3,lightgbm,D,v2,False,2020-03-06,642.0,664
3,lightgbm,D,v2,False,2020-03-09,1276.0,1292
3,lightgbm,D,v2,False,2020-03-10,1019.0,1050
3,lightgbm,D,v2,False,2020-03-11,967.0,1011
3,lightgbm,D,v2,False,2020-03-12,804.0,847
3,lightgbm,D,v2,False,2020-03-13,593.0,736
3,lightgbm,D,v2,False,2020-03-16,1284.0,1274
3,lightgbm,D,v2,False,2020-03-17,914.0,1098
3,lightgbm,D,v2,False,2020-03-18,831.0,946
3,lightgbm,D,v2,False,2020-03-19,829.0,943
3,lightgbm,D,v2,False,2020-03-20,627.0,695
3,lightgbm,D,v2,False,2020-03-23,1110.0,1259
3,lightgbm,D,v2,False,2020-03-24,1083.0,1074
3,lightgbm,D,v2,False,2020-03-25,1022.0,1072
3,lightgbm,D,v2,False,2020-03-26,955.0,1032
3,lightgbm,D,v2,False,2020-03-27,839.0,917
3,lightgbm,D,v2,False,2020-03-30,1000.0,1153
3,lightgbm,D,v2,False,2020-03-31,859.0,1042
3,lightgbm,D,v2,False,2020-04-01,939.0,1057
3,lightgbm,D,v2,False,2020-04-02,1009.0,971
3,lightgbm,D,v2,False,2020-04-03,802.0,729
3,lightgbm,D,v2,False,2020-04-06,1161.0,1273
3,lightgbm,D,v2,False,2020-04-07,969.0,1016
3,lightgbm,D,v2,False,2020-04-08,1032.0,1025
3,lightgbm,D,v2,False,2020-04-09,880.0,955
3,lightgbm,D,v2,False,2020-04-10,780.0,667
3,lightgbm,D,v2,False,2020-04-13,1145.0,1245
3,lightgbm,D,v2,False,2020-04-14,879.0,1013
3,lightgbm,D,v2,False,2020-04-16,947.0,980
3,lightgbm,D,v2,False,2020-04-17,759.0,706
3,lightgbm,D,v2,False,2020-04-20,1089.0,1264
3,lightgbm,D,v2,False,2020-04-21,911.0,1107
3,lightgbm,D,v2,False,2020-04-22,945.0,969
3,lightgbm,D,v2,False,2020-04-23,880.0,750
3,lightgbm,D,v2,False,2020-04-24,639.0,608
3,lightgbm,D,v2,False,2020-04-27,1223.0,1203
3,lightgbm,D,v2,False,2020-04-28,824.0,892
3,lightgbm,D,v2,False,2020-04-29,680.0,749
3,lightgbm,D,v2,False,2020-05-04,504.0,623
3,lightgbm,D,v2,False,2020-05-06,1254.0,1135
3,lightgbm,D,v2,False,2020-05-07,959.0,943
3,lightgbm,D,v2,False,2020-05-08,620.0,704
3,lightgbm,D,v2,False,2020-05-11,1249.0,1168
3,lightgbm,D,v2,False,2020-05-12,968.0,948
3,lightgbm,D,v2,False,2020-05-13,844.0,887
3,lightgbm,D,v2,False,2020-05-14,793.0,746
3,lightgbm,D,v2,False,2020-05-15,614.0,584
3,lightgbm,D,v2,False,2020-05-18,1141.0,1159
3,lightgbm,D,v2,False,2020-05-19,935.0,988
3,lightgbm,D,v2,False,2020-05-20,791.0,943
3,xgboost,A,v2,False,2019-10-14,1140.0,1029
3,xgboost,A,v2,False,2019-10-15,867.0,948
3,xgboost,A,v2,False,2019-10-16,765.0,815
3,xgboost,A,v2,False,2019-10-17,708.0,682
3,xgboost,A,v2,False,2019-10-18,581.0,655
3,xgboost,A,v2,False,2019-10-21,1107.0,1172
3,xgboost,A,v2,False,2019-10-22,1090.0,702
3,xgboost,A,v2,False,2019-10-23,785.0,802
3,xgboost,A,v2,False,2019-10-24,705.0,662
3,xgboost,A,v2,False,2019-10-25,546.0,615
3,xgboost,A,v2,False,2019-10-28,915.0,840
3,xgboost,A,v2,False,2019-10-29,808.0,773
3,xgboost,A,v2,False,2019-10-30,771.0,733
3,xgboost,A,v2,False,2019-10-31,671.0,662
3,xgboost,A,v2,False,2019-11-01,586.0,620
3,xgboost,A,v2,False,2019-11-04,1058.0,984
3,xgboost,A,v2,False,2019-11-05,773.0,777
3,xgboost,A,v2,False,2019-11-06,773.0,722
3,xgboost,A,v2,False,2019-11-07,700.0,714
3,xgboost,A,v2,False,2019-11-08,535.0,590
3,xgboost,A,v2,False,2019-11-11,1079.0,1044
3,xgboost,A,v2,False,2019-11-12,769.0,842
3,xgboost,A,v2,False,2019-11-13,733.0,687
3,xgboost,A,v2,False,2019-11-14,677.0,682
3,xgboost,A,v2,False,2019-11-15,543.0,583
3,xgboost,A,v2,False,2019-11-18,1032.0,1135
3,xgboost,A,v2,False,2019-11-19,762.0,702
3,xgboost,A,v2,False,2019-11-20,759.0,696
3,xgboost,A,v2,False,2019-11-21,613.0,655
3,xgboost,A,v2,False,2019-11-22,551.0,574
3,xgboost,A,v2,False,2019-11-25,1097.0,1040
3,xgboost,A,v2,False,2019-11-26,816.0,851
3,xgboost,A,v2,False,2019-11-27,732.0,757
3,xgboost,A,v2,False,2019-11-28,644.0,681
3,xgboost,A,v2,False,2019-11-29,572.0,579
3,xgboost,A,v2,False,2019-12-02,1140.0,1253
3,xgboost,A,v2,False,2019-12-03,873.0,974
3,xgboost,A,v2,False,2019-12-04,879.0,921
3,xgboost,A,v2,False,2019-12-05,779.0,772
3,xgboost,A,v2,False,2019-12-06,631.0,644
3,xgboost,A,v2,False,2019-12-09,1120.0,1314
3,xgboost,A,v2,False,2019-12-10,742.0,954
3,xgboost,A,v2,False,2019-12-11,858.0,864
3,xgboost,A,v2,False,2019-12-12,731.0,876
3,xgboost,A,v2,False,2019-12-13,639.0,617
3,xgboost,A,v2,False,2019-12-16,1103.0,1259
3,xgboost,A,v2,False,2019-12-17,739.0,862
3,xgboost,A,v2,False,2019-12-18,683.0,785
3,xgboost,A,v2,False,2019-12-19,862.0,832
3,xgboost,A,v2,False,2019-12-20,481.0,745
3,xgboost,A,v2,False,2019-12-23,741.0,1044
3,xgboost,A,v2,False,2019-12-24,462.0,818
3,xgboost,A,v2,False,2019-12-26,594.0,633
3,xgboost,A,v2,False,2019-12-27,387.0,461
3,xgboost,A,v2,False,2019-12-30,652.0,826
3,xgboost,A,v2,False,2019-12-31,349.0,522
3,xgboost,A,v2,False,2020-01-02,985.0,1223
3,xgboost,A,v2,False,2020-01-03,635.0,934
3,xgboost,A,v2,False,2020-01-06,1133.0,1184
3,xgboost,A,v2,False,2020-01-07,904.0,1198
3,xgboost,A,v2,False,2020-01-08,740.0,1141
3,xgboost,A,v2,False,2020-01-09,773.0,999
3,xgboost,A,v2,False,2020-01-10,573.0,670
3,xgboost,A,v2,False,2020-01-13,945.0,1184
3,xgboost,A,v2,False,2020-01-14,820.0,1034
3,xgboost,A,v2,False,2020-01-15,633.0,1063
3,xgboost,A,v2,False,2020-01-16,761.0,987
3,xgboost,A,v2,False,2020-01-17,696.0,671
3,xgboost,A,v2,False,2020-01-20,1075.0,1223
3,xgboost,A,v2,False,2020-01-21,868.0,1013
3,xgboost,A,v2,False,2020-01-22,782.0,1126
3,xgboost,A,v2,False,2020-01-23,685.0,924
3,xgboost,A,v2,False,2020-01-28,1042.0,1000
3,xgboost,A,v2,False,2020-01-29,1197.0,1200
3,xgboost,A,v2,False,2020-01-30,736.0,915
3,xgboost,A,v2,False,2020-01-31,623.0,757
3,xgboost,A,v2,False,2020-02-03,1081.0,1119
3,xgboost,A,v2,False,2020-02-04,849.0,939
3,xgboost,A,v2,False,2020-02-05,660.0,986
3,xgboost,A,v2,False,2020-02-06,637.0,937
3,xgboost,A,v2,False,2020-02-07,539.0,866
3,xgboost,A,v2,False,2020-02-10,1233.0,1233
3,xgboost,A,v2,False,2020-02-11,1075.0,1117
3,xgboost,A,v2,False,2020-02-12,1173.0,1040
3,xgboost,A,v2,False,2020-02-13,834.0,854
3,xgboost,A,v2,False,2020-02-14,776.0,634
3,xgboost,A,v2,False,2020-02-17,1370.0,1268
3,xgboost,A,v2,False,2020-02-18,939.0,875
3,xgboost,A,v2,False,2020-02-19,930.0,924
3,xgboost,A,v2,False,2020-02-20,826.0,813
3,xgboost,A,v2,False,2020-02-21,627.0,630
3,xgboost,A,v2,False,2020-02-24,1282.0,1135
3,xgboost,A,v2,False,2020-02-25,1238.0,1232
3,xgboost,A,v2,False,2020-02-26,1105.0,1232
3,xgboost,A,v2,False,2020-02-27,1000.0,1057
3,xgboost,A,v2,False,2020-02-28,750.0,764
3,xgboost,A,v2,False,2020-03-02,1362.0,1239
3,xgboost,A,v2,False,2020-03-03,1074.0,1246
3,xgboost,A,v2,False,2020-03-04,999.0,1054
3,xgboost,A,v2,False,2020-03-05,989.0,989
3,xgboost,A,v2,False,2020-03-06,642.0,733
3,xgboost,A,v2,False,2020-03-09,1276.0,1246
3,xgboost,A,v2,False,2020-03-10,1019.0,1240
3,xgboost,A,v2,False,2020-03-11,967.0,1189
3,xgboost,A,v2,False,2020-03-12,804.0,837
3,xgboost,A,v2,False,2020-03-13,593.0,653
3,xgboost,A,v2,False,2020-03-16,1284.0,1248
3,xgboost,A,v2,False,2020-03-17,914.0,1202
3,xgboost,A,v2,False,2020-03-18,831.0,1016
3,xgboost,A,v2,False,2020-03-19,829.0,874
3,xgboost,A,v2,False,2020-03-20,627.0,624
3,xgboost,A,v2,False,2020-03-23,1110.0,1197
3,xgboost,A,v2,False,2020-03-24,1083.0,1213
3,xgboost,A,v2,False,2020-03-25,1022.0,1232
3,xgboost,A,v2,False,2020-03-26,955.0,1231
3,xgboost,A,v2,False,2020-03-27,839.0,1082
3,xgboost,A,v2,False,2020-03-30,1000.0,1039
3,xgboost,A,v2,False,2020-03-31,859.0,1101
3,xgboost,A,v2,False,2020-04-01,939.0,1048
3,xgboost,A,v2,False,2020-04-02,1009.0,1039
3,xgboost,A,v2,False,2020-04-03,802.0,861
3,xgboost,A,v2,False,2020-04-06,1161.0,1108
3,xgboost,A,v2,False,2020-04-07,969.0,1106
3,xgboost,A,v2,False,2020-04-08,1032.0,1075
3,xgboost,A,v2,False,2020-04-09,880.0,1106
3,xgboost,A,v2,False,2020-04-10,780.0,788
3,xgboost,A,v2,False,2020-04-13,1145.0,1106
3,xgboost,A,v2,False,2020-04-14,879.0,1071
3,xgboost,A,v2,False,2020-04-16,947.0,981
3,xgboost,A,v2,False,2020-04-17,759.0,774
3,xgboost,A,v2,False,2020-04-20,1089.0,1125
3,xgboost,A,v2,False,2020-04-21,911.0,1170
3,xgboost,A,v2,False,2020-04-22,945.0,1123
3,xgboost,A,v2,False,2020-04-23,880.0,855
3,xgboost,A,v2,False,2020-04-24,639.0,537
3,xgboost,A,v2,False,2020-04-27,1223.0,1207
3,xgboost,A,v2,False,2020-04-28,824.0,1015
3,xgboost,A,v2,False,2020-04-29,680.0,679
3,xgboost,A,v2,False,2020-05-04,504.0,373
3,xgboost,A,v2,False,2020-05-06,1254.0,1200
3,xgboost,A,v2,False,2020-05-07,959.0,870
3,xgboost,A,v2,False,2020-05-08,620.0,679
3,xgboost,A,v2,False,2020-05-11,1249.0,1242
3,xgboost,A,v2,False,2020-05-12,968.0,900
3,xgboost,A,v2,False,2020-05-13,844.0,837
3,xgboost,A,v2,False,2020-05-14,793.0,777
3,xgboost,A,v2,False,2020-05-15,614.0,542
3,xgboost,A,v2,False,2020-05-18,1141.0,1009
3,xgboost,A,v2,False,2020-05-19,935.0,881
3,xgboost,A,v2,False,2020-05-20,791.0,839
3,xgboost,B,v2,False,2019-10-14,1140.0,1210
3,xgboost,B,v2,False,2019-10-15,867.0,938
3,xgboost,B,v2,False,2019-10-16,765.0,873
3,xgboost,B,v2,False,2019-10-17,708.0,748
3,xgboost,B,v2,False,2019-10-18,581.0,614
3,xgboost,B,v2,False,2019-10-21,1107.0,1233
3,xgboost,B,v2,False,2019-10-22,1090.0,758
3,xgboost,B,v2,False,2019-10-23,785.0,857
3,xgboost,B,v2,False,2019-10-24,705.0,719
3,xgboost,B,v2,False,2019-10-25,546.0,568
3,xgboost,B,v2,False,2019-10-28,915.0,1178
3,xgboost,B,v2,False,2019-10-29,808.0,825
3,xgboost,B,v2,False,2019-10-30,771.0,826
3,xgboost,B,v2,False,2019-10-31,671.0,725
3,xgboost,B,v2,False,2019-11-01,586.0,642
3,xgboost,B,v2,False,2019-11-04,1058.0,1184
3,xgboost,B,v2,False,2019-11-05,773.0,820
3,xgboost,B,v2,False,2019-11-06,773.0,819
3,xgboost,B,v2,False,2019-11-07,700.0,753
3,xgboost,B,v2,False,2019-11-08,535.0,621
3,xgboost,B,v2,False,2019-11-11,1079.0,1202
3,xgboost,B,v2,False,2019-11-12,769.0,894
3,xgboost,B,v2,False,2019-11-13,733.0,804
3,xgboost,B,v2,False,2019-11-14,677.0,777
3,xgboost,B,v2,False,2019-11-15,543.0,594
3,xgboost,B,v2,False,2019-11-18,1032.0,1214
3,xgboost,B,v2,False,2019-11-19,762.0,815
3,xgboost,B,v2,False,2019-11-20,759.0,802
3,xgboost,B,v2,False,2019-11-21,613.0,765
3,xgboost,B,v2,False,2019-11-22,551.0,568
3,xgboost,B,v2,False,2019-11-25,1097.0,1208
3,xgboost,B,v2,False,2019-11-26,816.0,891
3,xgboost,B,v2,False,2019-11-27,732.0,836
3,xgboost,B,v2,False,2019-11-28,644.0,762
3,xgboost,B,v2,False,2019-11-29,572.0,584
3,xgboost,B,v2,False,2019-12-02,1140.0,1242
3,xgboost,B,v2,False,2019-12-03,873.0,951
3,xgboost,B,v2,False,2019-12-04,879.0,919
3,xgboost,B,v2,False,2019-12-05,779.0,776
3,xgboost,B,v2,False,2019-12-06,631.0,605
3,xgboost,B,v2,False,2019-12-09,1120.0,1294
3,xgboost,B,v2,False,2019-12-10,742.0,905
3,xgboost,B,v2,False,2019-12-11,858.0,872
3,xgboost,B,v2,False,2019-12-12,731.0,834
3,xgboost,B,v2,False,2019-12-13,639.0,623
3,xgboost,B,v2,False,2019-12-16,1103.0,1245
3,xgboost,B,v2,False,2019-12-17,739.0,870
3,xgboost,B,v2,False,2019-12-18,683.0,814
3,xgboost,B,v2,False,2019-12-19,862.0,796
3,xgboost,B,v2,False,2019-12-20,481.0,690
3,xgboost,B,v2,False,2019-12-23,741.0,1028
3,xgboost,B,v2,False,2019-12-24,462.0,804
3,xgboost,B,v2,False,2019-12-26,594.0,721
3,xgboost,B,v2,False,2019-12-27,387.0,448
3,xgboost,B,v2,False,2019-12-30,652.0,795
3,xgboost,B,v2,False,2019-12-31,349.0,514
3,xgboost,B,v2,False,2020-01-02,985.0,1012
3,xgboost,B,v2,False,2020-01-03,635.0,810
3,xgboost,B,v2,False,2020-01-06,1133.0,1157
3,xgboost,B,v2,False,2020-01-07,904.0,970
3,xgboost,B,v2,False,2020-01-08,740.0,935
3,xgboost,B,v2,False,2020-01-09,773.0,845
3,xgboost,B,v2,False,2020-01-10,573.0,657
3,xgboost,B,v2,False,2020-01-13,945.0,1140
3,xgboost,B,v2,False,2020-01-14,820.0,907
3,xgboost,B,v2,False,2020-01-15,633.0,912
3,xgboost,B,v2,False,2020-01-16,761.0,853
3,xgboost,B,v2,False,2020-01-17,696.0,605
3,xgboost,B,v2,False,2020-01-20,1075.0,1160
3,xgboost,B,v2,False,2020-01-21,868.0,899
3,xgboost,B,v2,False,2020-01-22,782.0,928
3,xgboost,B,v2,False,2020-01-23,685.0,835
3,xgboost,B,v2,False,2020-01-28,1042.0,976
3,xgboost,B,v2,False,2020-01-29,1197.0,959
3,xgboost,B,v2,False,2020-01-30,736.0,873
3,xgboost,B,v2,False,2020-01-31,623.0,672
3,xgboost,B,v2,False,2020-02-03,1081.0,1142
3,xgboost,B,v2,False,2020-02-04,849.0,915
3,xgboost,B,v2,False,2020-02-05,660.0,919
3,xgboost,B,v2,False,2020-02-06,637.0,814
3,xgboost,B,v2,False,2020-02-07,539.0,701
3,xgboost,B,v2,False,2020-02-10,1233.0,1296
3,xgboost,B,v2,False,2020-02-11,1075.0,962
3,xgboost,B,v2,False,2020-02-12,1173.0,914
3,xgboost,B,v2,False,2020-02-13,834.0,836
3,xgboost,B,v2,False,2020-02-14,776.0,658
3,xgboost,B,v2,False,2020-02-17,1370.0,1236
3,xgboost,B,v2,False,2020-02-18,939.0,926
3,xgboost,B,v2,False,2020-02-19,930.0,888
3,xgboost,B,v2,False,2020-02-20,826.0,809
3,xgboost,B,v2,False,2020-02-21,627.0,598
3,xgboost,B,v2,False,2020-02-24,1282.0,1271
3,xgboost,B,v2,False,2020-02-25,1238.0,1053
3,xgboost,B,v2,False,2020-02-26,1105.0,1022
3,xgboost,B,v2,False,2020-02-27,1000.0,870
3,xgboost,B,v2,False,2020-02-28,750.0,716
3,xgboost,B,v2,False,2020-03-02,1362.0,1273
3,xgboost,B,v2,False,2020-03-03,1074.0,1008
3,xgboost,B,v2,False,2020-03-04,999.0,943
3,xgboost,B,v2,False,2020-03-05,989.0,837
3,xgboost,B,v2,False,2020-03-06,642.0,623
3,xgboost,B,v2,False,2020-03-09,1276.0,1351
3,xgboost,B,v2,False,2020-03-10,1019.0,996
3,xgboost,B,v2,False,2020-03-11,967.0,976
3,xgboost,B,v2,False,2020-03-12,804.0,835
3,xgboost,B,v2,False,2020-03-13,593.0,603
3,xgboost,B,v2,False,2020-03-16,1284.0,1321
3,xgboost,B,v2,False,2020-03-17,914.0,994
3,xgboost,B,v2,False,2020-03-18,831.0,973
3,xgboost,B,v2,False,2020-03-19,829.0,858
3,xgboost,B,v2,False,2020-03-20,627.0,610
3,xgboost,B,v2,False,2020-03-23,1110.0,1191
3,xgboost,B,v2,False,2020-03-24,1083.0,1080
3,xgboost,B,v2,False,2020-03-25,1022.0,1078
3,xgboost,B,v2,False,2020-03-26,955.0,1010
3,xgboost,B,v2,False,2020-03-27,839.0,891
3,xgboost,B,v2,False,2020-03-30,1000.0,1213
3,xgboost,B,v2,False,2020-03-31,859.0,1013
3,xgboost,B,v2,False,2020-04-01,939.0,973
3,xgboost,B,v2,False,2020-04-02,1009.0,887
3,xgboost,B,v2,False,2020-04-03,802.0,816
3,xgboost,B,v2,False,2020-04-06,1161.0,1205
3,xgboost,B,v2,False,2020-04-07,969.0,981
3,xgboost,B,v2,False,2020-04-08,1032.0,979
3,xgboost,B,v2,False,2020-04-09,880.0,928
3,xgboost,B,v2,False,2020-04-10,780.0,724
3,xgboost,B,v2,False,2020-04-13,1145.0,1213
3,xgboost,B,v2,False,2020-04-14,879.0,917
3,xgboost,B,v2,False,2020-04-16,947.0,844
3,xgboost,B,v2,False,2020-04-17,759.0,694
3,xgboost,B,v2,False,2020-04-20,1089.0,1271
3,xgboost,B,v2,False,2020-04-21,911.0,1029
3,xgboost,B,v2,False,2020-04-22,945.0,953
3,xgboost,B,v2,False,2020-04-23,880.0,794
3,xgboost,B,v2,False,2020-04-24,639.0,548
3,xgboost,B,v2,False,2020-04-27,1223.0,1197
3,xgboost,B,v2,False,2020-04-28,824.0,912
3,xgboost,B,v2,False,2020-04-29,680.0,722
3,xgboost,B,v2,False,2020-05-04,504.0,493
3,xgboost,B,v2,False,2020-05-06,1254.0,1021
3,xgboost,B,v2,False,2020-05-07,959.0,858
3,xgboost,B,v2,False,2020-05-08,620.0,676
3,xgboost,B,v2,False,2020-05-11,1249.0,1182
3,xgboost,B,v2,False,2020-05-12,968.0,894
3,xgboost,B,v2,False,2020-05-13,844.0,876
3,xgboost,B,v2,False,2020-05-14,793.0,749
3,xgboost,B,v2,False,2020-05-15,614.0,534
3,xgboost,B,v2,False,2020-05-18,1141.0,1110
3,xgboost,B,v2,False,2020-05-19,935.0,910
3,xgboost,B,v2,False,2020-05-20,791.0,876
3,xgboost,C,v1,False,2019-10-14,1140.0,1209
3,xgboost,C,v1,False,2019-10-15,867.0,937
3,xgboost,C,v1,False,2019-10-16,765.0,872
3,xgboost,C,v1,False,2019-10-17,708.0,764
3,xgboost,C,v1,False,2019-10-18,581.0,603
3,xgboost,C,v1,False,2019-10-21,1107.0,1231
3,xgboost,C,v1,False,2019-10-22,1090.0,750
3,xgboost,C,v1,False,2019-10-23,785.0,833
3,xgboost,C,v1,False,2019-10-24,705.0,732
3,xgboost,C,v1,False,2019-10-25,546.0,574
3,xgboost,C,v1,False,2019-10-28,915.0,1170
3,xgboost,C,v1,False,2019-10-29,808.0,822
3,xgboost,C,v1,False,2019-10-30,771.0,861
3,xgboost,C,v1,False,2019-10-31,671.0,732
3,xgboost,C,v1,False,2019-11-01,586.0,633
3,xgboost,C,v1,False,2019-11-04,1058.0,1193
3,xgboost,C,v1,False,2019-11-05,773.0,814
3,xgboost,C,v1,False,2019-11-06,773.0,816
3,xgboost,C,v1,False,2019-11-07,700.0,767
3,xgboost,C,v1,False,2019-11-08,535.0,628
3,xgboost,C,v1,False,2019-11-11,1079.0,1207
3,xgboost,C,v1,False,2019-11-12,769.0,888
3,xgboost,C,v1,False,2019-11-13,733.0,805
3,xgboost,C,v1,False,2019-11-14,677.0,766
3,xgboost,C,v1,False,2019-11-15,543.0,612
3,xgboost,C,v1,False,2019-11-18,1032.0,1214
3,xgboost,C,v1,False,2019-11-19,762.0,781
3,xgboost,C,v1,False,2019-11-20,759.0,801
3,xgboost,C,v1,False,2019-11-21,613.0,752
3,xgboost,C,v1,False,2019-11-22,551.0,575
3,xgboost,C,v1,False,2019-11-25,1097.0,1199
3,xgboost,C,v1,False,2019-11-26,816.0,886
3,xgboost,C,v1,False,2019-11-27,732.0,846
3,xgboost,C,v1,False,2019-11-28,644.0,757
3,xgboost,C,v1,False,2019-11-29,572.0,602
3,xgboost,C,v1,False,2019-12-02,1140.0,1252
3,xgboost,C,v1,False,2019-12-03,873.0,961
3,xgboost,C,v1,False,2019-12-04,879.0,926
3,xgboost,C,v1,False,2019-12-05,779.0,767
3,xgboost,C,v1,False,2019-12-06,631.0,599
3,xgboost,C,v1,False,2019-12-09,1120.0,1301
3,xgboost,C,v1,False,2019-12-10,742.0,910
3,xgboost,C,v1,False,2019-12-11,858.0,860
3,xgboost,C,v1,False,2019-12-12,731.0,840
3,xgboost,C,v1,False,2019-12-13,639.0,625
3,xgboost,C,v1,False,2019-12-16,1103.0,1249
3,xgboost,C,v1,False,2019-12-17,739.0,878
3,xgboost,C,v1,False,2019-12-18,683.0,800
3,xgboost,C,v1,False,2019-12-19,862.0,798
3,xgboost,C,v1,False,2019-12-20,481.0,675
3,xgboost,C,v1,False,2019-12-23,741.0,1034
3,xgboost,C,v1,False,2019-12-24,462.0,809
3,xgboost,C,v1,False,2019-12-26,594.0,701
3,xgboost,C,v1,False,2019-12-27,387.0,455
3,xgboost,C,v1,False,2019-12-30,652.0,782
3,xgboost,C,v1,False,2019-12-31,349.0,512
3,xgboost,C,v1,False,2020-01-02,985.0,1019
3,xgboost,C,v1,False,2020-01-03,635.0,789
3,xgboost,C,v1,False,2020-01-06,1133.0,1157
3,xgboost,C,v1,False,2020-01-07,904.0,968
3,xgboost,C,v1,False,2020-01-08,740.0,932
3,xgboost,C,v1,False,2020-01-09,773.0,830
3,xgboost,C,v1,False,2020-01-10,573.0,644
3,xgboost,C,v1,False,2020-01-13,945.0,1137
3,xgboost,C,v1,False,2020-01-14,820.0,921
3,xgboost,C,v1,False,2020-01-15,633.0,908
3,xgboost,C,v1,False,2020-01-16,761.0,847
3,xgboost,C,v1,False,2020-01-17,696.0,601
3,xgboost,C,v1,False,2020-01-20,1075.0,1153
3,xgboost,C,v1,False,2020-01-21,868.0,898
3,xgboost,C,v1,False,2020-01-22,782.0,927
3,xgboost,C,v1,False,2020-01-23,685.0,831
3,xgboost,C,v1,False,2020-01-28,1042.0,977
3,xgboost,C,v1,False,2020-01-29,1197.0,961
3,xgboost,C,v1,False,2020-01-30,736.0,862
3,xgboost,C,v1,False,2020-01-31,623.0,674
3,xgboost,C,v1,False,2020-02-03,1081.0,1142
3,xgboost,C,v1,False,2020-02-04,849.0,912
3,xgboost,C,v1,False,2020-02-05,660.0,916
3,xgboost,C,v1,False,2020-02-06,637.0,815
3,xgboost,C,v1,False,2020-02-07,539.0,703
3,xgboost,C,v1,False,2020-02-10,1233.0,1304
3,xgboost,C,v1,False,2020-02-11,1075.0,955
3,xgboost,C,v1,False,2020-02-12,1173.0,916
3,xgboost,C,v1,False,2020-02-13,834.0,849
3,xgboost,C,v1,False,2020-02-14,776.0,681
3,xgboost,C,v1,False,2020-02-17,1370.0,1225
3,xgboost,C,v1,False,2020-02-18,939.0,924
3,xgboost,C,v1,False,2020-02-19,930.0,887
3,xgboost,C,v1,False,2020-02-20,826.0,805
3,xgboost,C,v1,False,2020-02-21,627.0,598
3,xgboost,C,v1,False,2020-02-24,1282.0,1285
3,xgboost,C,v1,False,2020-02-25,1238.0,1051
3,xgboost,C,v1,False,2020-02-26,1105.0,1019
3,xgboost,C,v1,False,2020-02-27,1000.0,877
3,xgboost,C,v1,False,2020-02-28,750.0,690
3,xgboost,C,v1,False,2020-03-02,1362.0,1290
3,xgboost,C,v1,False,2020-03-03,1074.0,1009
3,xgboost,C,v1,False,2020-03-04,999.0,909
3,xgboost,C,v1,False,2020-03-05,989.0,837
3,xgboost,C,v1,False,2020-03-06,642.0,622
3,xgboost,C,v1,False,2020-03-09,1276.0,1360
3,xgboost,C,v1,False,2020-03-10,1019.0,962
3,xgboost,C,v1,False,2020-03-11,967.0,957
3,xgboost,C,v1,False,2020-03-12,804.0,835
3,xgboost,C,v1,False,2020-03-13,593.0,574
3,xgboost,C,v1,False,2020-03-16,1284.0,1330
3,xgboost,C,v1,False,2020-03-17,914.0,976
3,xgboost,C,v1,False,2020-03-18,831.0,966
3,xgboost,C,v1,False,2020-03-19,829.0,856
3,xgboost,C,v1,False,2020-03-20,627.0,603
3,xgboost,C,v1,False,2020-03-23,1110.0,1203
3,xgboost,C,v1,False,2020-03-24,1083.0,1080
3,xgboost,C,v1,False,2020-03-25,1022.0,1087
3,xgboost,C,v1,False,2020-03-26,955.0,1015
3,xgboost,C,v1,False,2020-03-27,839.0,899
3,xgboost,C,v1,False,2020-03-30,1000.0,1187
3,xgboost,C,v1,False,2020-03-31,859.0,992
3,xgboost,C,v1,False,2020-04-01,939.0,951
3,xgboost,C,v1,False,2020-04-02,1009.0,865
3,xgboost,C,v1,False,2020-04-03,802.0,811
3,xgboost,C,v1,False,2020-04-06,1161.0,1201
3,xgboost,C,v1,False,2020-04-07,969.0,979
3,xgboost,C,v1,False,2020-04-08,1032.0,979
3,xgboost,C,v1,False,2020-04-09,880.0,931
3,xgboost,C,v1,False,2020-04-10,780.0,727
3,xgboost,C,v1,False,2020-04-13,1145.0,1208
3,xgboost,C,v1,False,2020-04-14,879.0,899
3,xgboost,C,v1,False,2020-04-16,947.0,869
3,xgboost,C,v1,False,2020-04-17,759.0,694
3,xgboost,C,v1,False,2020-04-20,1089.0,1260
3,xgboost,C,v1,False,2020-04-21,911.0,1018
3,xgboost,C,v1,False,2020-04-22,945.0,938
3,xgboost,C,v1,False,2020-04-23,880.0,792
3,xgboost,C,v1,False,2020-04-24,639.0,521
3,xgboost,C,v1,False,2020-04-27,1223.0,1205
3,xgboost,C,v1,False,2020-04-28,824.0,879
3,xgboost,C,v1,False,2020-04-29,680.0,724
3,xgboost,C,v1,False,2020-05-04,504.0,476
3,xgboost,C,v1,False,2020-05-06,1254.0,1026
3,xgboost,C,v1,False,2020-05-07,959.0,861
3,xgboost,C,v1,False,2020-05-08,620.0,677
3,xgboost,C,v1,False,2020-05-11,1249.0,1159
3,xgboost,C,v1,False,2020-05-12,968.0,908
3,xgboost,C,v1,False,2020-05-13,844.0,880
3,xgboost,C,v1,False,2020-05-14,793.0,761
3,xgboost,C,v1,False,2020-05-15,614.0,501
3,xgboost,C,v1,False,2020-05-18,1141.0,1108
3,xgboost,C,v1,False,2020-05-19,935.0,906
3,xgboost,C,v1,False,2020-05-20,791.0,876
3,xgboost,C,v2,False,2019-10-14,1140.0,1201
3,xgboost,C,v2,False,2019-10-15,867.0,934
3,xgboost,C,v2,False,2019-10-16,765.0,863
3,xgboost,C,v2,False,2019-10-17,708.0,751
3,xgboost,C,v2,False,2019-10-18,581.0,619
3,xgboost,C,v2,False,2019-10-21,1107.0,1219
3,xgboost,C,v2,False,2019-10-22,1090.0,763
3,xgboost,C,v2,False,2019-10-23,785.0,815
3,xgboost,C,v2,False,2019-10-24,705.0,722
3,xgboost,C,v2,False,2019-10-25,546.0,580
3,xgboost,C,v2,False,2019-10-28,915.0,1178
3,xgboost,C,v2,False,2019-10-29,808.0,810
3,xgboost,C,v2,False,2019-10-30,771.0,847
3,xgboost,C,v2,False,2019-10-31,671.0,722
3,xgboost,C,v2,False,2019-11-01,586.0,635
3,xgboost,C,v2,False,2019-11-04,1058.0,1187
3,xgboost,C,v2,False,2019-11-05,773.0,819
3,xgboost,C,v2,False,2019-11-06,773.0,812
3,xgboost,C,v2,False,2019-11-07,700.0,760
3,xgboost,C,v2,False,2019-11-08,535.0,651
3,xgboost,C,v2,False,2019-11-11,1079.0,1202
3,xgboost,C,v2,False,2019-11-12,769.0,856
3,xgboost,C,v2,False,2019-11-13,733.0,796
3,xgboost,C,v2,False,2019-11-14,677.0,757
3,xgboost,C,v2,False,2019-11-15,543.0,623
3,xgboost,C,v2,False,2019-11-18,1032.0,1212
3,xgboost,C,v2,False,2019-11-19,762.0,783
3,xgboost,C,v2,False,2019-11-20,759.0,799
3,xgboost,C,v2,False,2019-11-21,613.0,738
3,xgboost,C,v2,False,2019-11-22,551.0,598
3,xgboost,C,v2,False,2019-11-25,1097.0,1204
3,xgboost,C,v2,False,2019-11-26,816.0,872
3,xgboost,C,v2,False,2019-11-27,732.0,837
3,xgboost,C,v2,False,2019-11-28,644.0,751
3,xgboost,C,v2,False,2019-11-29,572.0,625
3,xgboost,C,v2,False,2019-12-02,1140.0,1245
3,xgboost,C,v2,False,2019-12-03,873.0,962
3,xgboost,C,v2,False,2019-12-04,879.0,928
3,xgboost,C,v2,False,2019-12-05,779.0,770
3,xgboost,C,v2,False,2019-12-06,631.0,619
3,xgboost,C,v2,False,2019-12-09,1120.0,1293
3,xgboost,C,v2,False,2019-12-10,742.0,911
3,xgboost,C,v2,False,2019-12-11,858.0,843
3,xgboost,C,v2,False,2019-12-12,731.0,846
3,xgboost,C,v2,False,2019-12-13,639.0,627
3,xgboost,C,v2,False,2019-12-16,1103.0,1251
3,xgboost,C,v2,False,2019-12-17,739.0,884
3,xgboost,C,v2,False,2019-12-18,683.0,812
3,xgboost,C,v2,False,2019-12-19,862.0,806
3,xgboost,C,v2,False,2019-12-20,481.0,699
3,xgboost,C,v2,False,2019-12-23,741.0,1048
3,xgboost,C,v2,False,2019-12-24,462.0,825
3,xgboost,C,v2,False,2019-12-26,594.0,707
3,xgboost,C,v2,False,2019-12-27,387.0,464
3,xgboost,C,v2,False,2019-12-30,652.0,789
3,xgboost,C,v2,False,2019-12-31,349.0,521
3,xgboost,C,v2,False,2020-01-02,985.0,1026
3,xgboost,C,v2,False,2020-01-03,635.0,782
3,xgboost,C,v2,False,2020-01-06,1133.0,1162
3,xgboost,C,v2,False,2020-01-07,904.0,974
3,xgboost,C,v2,False,2020-01-08,740.0,938
3,xgboost,C,v2,False,2020-01-09,773.0,856
3,xgboost,C,v2,False,2020-01-10,573.0,670
3,xgboost,C,v2,False,2020-01-13,945.0,1144
3,xgboost,C,v2,False,2020-01-14,820.0,931
3,xgboost,C,v2,False,2020-01-15,633.0,896
3,xgboost,C,v2,False,2020-01-16,761.0,863
3,xgboost,C,v2,False,2020-01-17,696.0,597
3,xgboost,C,v2,False,2020-01-20,1075.0,1158
3,xgboost,C,v2,False,2020-01-21,868.0,907
3,xgboost,C,v2,False,2020-01-22,782.0,945
3,xgboost,C,v2,False,2020-01-23,685.0,839
3,xgboost,C,v2,False,2020-01-28,1042.0,975
3,xgboost,C,v2,False,2020-01-29,1197.0,967
3,xgboost,C,v2,False,2020-01-30,736.0,877
3,xgboost,C,v2,False,2020-01-31,623.0,677
3,xgboost,C,v2,False,2020-02-03,1081.0,1155
3,xgboost,C,v2,False,2020-02-04,849.0,925
3,xgboost,C,v2,False,2020-02-05,660.0,940
3,xgboost,C,v2,False,2020-02-06,637.0,819
3,xgboost,C,v2,False,2020-02-07,539.0,695
3,xgboost,C,v2,False,2020-02-10,1233.0,1303
3,xgboost,C,v2,False,2020-02-11,1075.0,939
3,xgboost,C,v2,False,2020-02-12,1173.0,926
3,xgboost,C,v2,False,2020-02-13,834.0,833
3,xgboost,C,v2,False,2020-02-14,776.0,658
3,xgboost,C,v2,False,2020-02-17,1370.0,1235
3,xgboost,C,v2,False,2020-02-18,939.0,923
3,xgboost,C,v2,False,2020-02-19,930.0,884
3,xgboost,C,v2,False,2020-02-20,826.0,811
3,xgboost,C,v2,False,2020-02-21,627.0,601
3,xgboost,C,v2,False,2020-02-24,1282.0,1281
3,xgboost,C,v2,False,2020-02-25,1238.0,1058
3,xgboost,C,v2,False,2020-02-26,1105.0,1016
3,xgboost,C,v2,False,2020-02-27,1000.0,885
3,xgboost,C,v2,False,2020-02-28,750.0,693
3,xgboost,C,v2,False,2020-03-02,1362.0,1290
3,xgboost,C,v2,False,2020-03-03,1074.0,1009
3,xgboost,C,v2,False,2020-03-04,999.0,897
3,xgboost,C,v2,False,2020-03-05,989.0,842
3,xgboost,C,v2,False,2020-03-06,642.0,619
3,xgboost,C,v2,False,2020-03-09,1276.0,1368
3,xgboost,C,v2,False,2020-03-10,1019.0,959
3,xgboost,C,v2,False,2020-03-11,967.0,932
3,xgboost,C,v2,False,2020-03-12,804.0,838
3,xgboost,C,v2,False,2020-03-13,593.0,560
3,xgboost,C,v2,False,2020-03-16,1284.0,1327
3,xgboost,C,v2,False,2020-03-17,914.0,980
3,xgboost,C,v2,False,2020-03-18,831.0,957
3,xgboost,C,v2,False,2020-03-19,829.0,860
3,xgboost,C,v2,False,2020-03-20,627.0,594
3,xgboost,C,v2,False,2020-03-23,1110.0,1215
3,xgboost,C,v2,False,2020-03-24,1083.0,1075
3,xgboost,C,v2,False,2020-03-25,1022.0,1055
3,xgboost,C,v2,False,2020-03-26,955.0,997
3,xgboost,C,v2,False,2020-03-27,839.0,876
3,xgboost,C,v2,False,2020-03-30,1000.0,1169
3,xgboost,C,v2,False,2020-03-31,859.0,1001
3,xgboost,C,v2,False,2020-04-01,939.0,961
3,xgboost,C,v2,False,2020-04-02,1009.0,871
3,xgboost,C,v2,False,2020-04-03,802.0,785
3,xgboost,C,v2,False,2020-04-06,1161.0,1207
3,xgboost,C,v2,False,2020-04-07,969.0,938
3,xgboost,C,v2,False,2020-04-08,1032.0,971
3,xgboost,C,v2,False,2020-04-09,880.0,928
3,xgboost,C,v2,False,2020-04-10,780.0,707
3,xgboost,C,v2,False,2020-04-13,1145.0,1210
3,xgboost,C,v2,False,2020-04-14,879.0,910
3,xgboost,C,v2,False,2020-04-16,947.0,834
3,xgboost,C,v2,False,2020-04-17,759.0,707
3,xgboost,C,v2,False,2020-04-20,1089.0,1268
3,xgboost,C,v2,False,2020-04-21,911.0,997
3,xgboost,C,v2,False,2020-04-22,945.0,950
3,xgboost,C,v2,False,2020-04-23,880.0,789
3,xgboost,C,v2,False,2020-04-24,639.0,518
3,xgboost,C,v2,False,2020-04-27,1223.0,1214
3,xgboost,C,v2,False,2020-04-28,824.0,882
3,xgboost,C,v2,False,2020-04-29,680.0,736
3,xgboost,C,v2,False,2020-05-04,504.0,489
3,xgboost,C,v2,False,2020-05-06,1254.0,1031
3,xgboost,C,v2,False,2020-05-07,959.0,842
3,xgboost,C,v2,False,2020-05-08,620.0,644
3,xgboost,C,v2,False,2020-05-11,1249.0,1176
3,xgboost,C,v2,False,2020-05-12,968.0,927
3,xgboost,C,v2,False,2020-05-13,844.0,893
3,xgboost,C,v2,False,2020-05-14,793.0,759
3,xgboost,C,v2,False,2020-05-15,614.0,500
3,xgboost,C,v2,False,2020-05-18,1141.0,1122
3,xgboost,C,v2,False,2020-05-19,935.0,918
3,xgboost,C,v2,False,2020-05-20,791.0,887
3,xgboost,D,v1,False,2019-10-14,1140.0,1183
3,xgboost,D,v1,False,2019-10-15,867.0,923
3,xgboost,D,v1,False,2019-10-16,765.0,900
3,xgboost,D,v1,False,2019-10-17,708.0,777
3,xgboost,D,v1,False,2019-10-18,581.0,599
3,xgboost,D,v1,False,2019-10-21,1107.0,1208
3,xgboost,D,v1,False,2019-10-22,1090.0,778
3,xgboost,D,v1,False,2019-10-23,785.0,874
3,xgboost,D,v1,False,2019-10-24,705.0,743
3,xgboost,D,v1,False,2019-10-25,546.0,555
3,xgboost,D,v1,False,2019-10-28,915.0,1144
3,xgboost,D,v1,False,2019-10-29,808.0,855
3,xgboost,D,v1,False,2019-10-30,771.0,850
3,xgboost,D,v1,False,2019-10-31,671.0,788
3,xgboost,D,v1,False,2019-11-01,586.0,634
3,xgboost,D,v1,False,2019-11-04,1058.0,1154
3,xgboost,D,v1,False,2019-11-05,773.0,831
3,xgboost,D,v1,False,2019-11-06,773.0,811
3,xgboost,D,v1,False,2019-11-07,700.0,812
3,xgboost,D,v1,False,2019-11-08,535.0,626
3,xgboost,D,v1,False,2019-11-11,1079.0,1164
3,xgboost,D,v1,False,2019-11-12,769.0,900
3,xgboost,D,v1,False,2019-11-13,733.0,802
3,xgboost,D,v1,False,2019-11-14,677.0,753
3,xgboost,D,v1,False,2019-11-15,543.0,565
3,xgboost,D,v1,False,2019-11-18,1032.0,1191
3,xgboost,D,v1,False,2019-11-19,762.0,813
3,xgboost,D,v1,False,2019-11-20,759.0,752
3,xgboost,D,v1,False,2019-11-21,613.0,749
3,xgboost,D,v1,False,2019-11-22,551.0,561
3,xgboost,D,v1,False,2019-11-25,1097.0,1172
3,xgboost,D,v1,False,2019-11-26,816.0,877
3,xgboost,D,v1,False,2019-11-27,732.0,829
3,xgboost,D,v1,False,2019-11-28,644.0,752
3,xgboost,D,v1,False,2019-11-29,572.0,549
3,xgboost,D,v1,False,2019-12-02,1140.0,1196
3,xgboost,D,v1,False,2019-12-03,873.0,874
3,xgboost,D,v1,False,2019-12-04,879.0,870
3,xgboost,D,v1,False,2019-12-05,779.0,768
3,xgboost,D,v1,False,2019-12-06,631.0,576
3,xgboost,D,v1,False,2019-12-09,1120.0,1173
3,xgboost,D,v1,False,2019-12-10,742.0,838
3,xgboost,D,v1,False,2019-12-11,858.0,817
3,xgboost,D,v1,False,2019-12-12,731.0,790
3,xgboost,D,v1,False,2019-12-13,639.0,550
3,xgboost,D,v1,False,2019-12-16,1103.0,1196
3,xgboost,D,v1,False,2019-12-17,739.0,836
3,xgboost,D,v1,False,2019-12-18,683.0,794
3,xgboost,D,v1,False,2019-12-19,862.0,788
3,xgboost,D,v1,False,2019-12-20,481.0,590
3,xgboost,D,v1,False,2019-12-23,741.0,968
3,xgboost,D,v1,False,2019-12-24,462.0,775
3,xgboost,D,v1,False,2019-12-26,594.0,657
3,xgboost,D,v1,False,2019-12-27,387.0,382
3,xgboost,D,v1,False,2019-12-30,652.0,638
3,xgboost,D,v1,False,2019-12-31,349.0,462
3,xgboost,D,v1,False,2020-01-02,985.0,970
3,xgboost,D,v1,False,2020-01-03,635.0,796
3,xgboost,D,v1,False,2020-01-06,1133.0,1160
3,xgboost,D,v1,False,2020-01-07,904.0,960
3,xgboost,D,v1,False,2020-01-08,740.0,1034
3,xgboost,D,v1,False,2020-01-09,773.0,855
3,xgboost,D,v1,False,2020-01-10,573.0,624
3,xgboost,D,v1,False,2020-01-13,945.0,1147
3,xgboost,D,v1,False,2020-01-14,820.0,894
3,xgboost,D,v1,False,2020-01-15,633.0,887
3,xgboost,D,v1,False,2020-01-16,761.0,810
3,xgboost,D,v1,False,2020-01-17,696.0,537
3,xgboost,D,v1,False,2020-01-20,1075.0,1156
3,xgboost,D,v1,False,2020-01-21,868.0,878
3,xgboost,D,v1,False,2020-01-22,782.0,893
3,xgboost,D,v1,False,2020-01-23,685.0,759
3,xgboost,D,v1,False,2020-01-28,1042.0,958
3,xgboost,D,v1,False,2020-01-29,1197.0,989
3,xgboost,D,v1,False,2020-01-30,736.0,852
3,xgboost,D,v1,False,2020-01-31,623.0,668
3,xgboost,D,v1,False,2020-02-03,1081.0,1159
3,xgboost,D,v1,False,2020-02-04,849.0,944
3,xgboost,D,v1,False,2020-02-05,660.0,962
3,xgboost,D,v1,False,2020-02-06,637.0,787
3,xgboost,D,v1,False,2020-02-07,539.0,647
3,xgboost,D,v1,False,2020-02-10,1233.0,1308
3,xgboost,D,v1,False,2020-02-11,1075.0,991
3,xgboost,D,v1,False,2020-02-12,1173.0,964
3,xgboost,D,v1,False,2020-02-13,834.0,890
3,xgboost,D,v1,False,2020-02-14,776.0,715
3,xgboost,D,v1,False,2020-02-17,1370.0,1248
3,xgboost,D,v1,False,2020-02-18,939.0,922
3,xgboost,D,v1,False,2020-02-19,930.0,872
3,xgboost,D,v1,False,2020-02-20,826.0,838
3,xgboost,D,v1,False,2020-02-21,627.0,652
3,xgboost,D,v1,False,2020-02-24,1282.0,1244
3,xgboost,D,v1,False,2020-02-25,1238.0,1084
3,xgboost,D,v1,False,2020-02-26,1105.0,1032
3,xgboost,D,v1,False,2020-02-27,1000.0,943
3,xgboost,D,v1,False,2020-02-28,750.0,757
3,xgboost,D,v1,False,2020-03-02,1362.0,1262
3,xgboost,D,v1,False,2020-03-03,1074.0,943
3,xgboost,D,v1,False,2020-03-04,999.0,964
3,xgboost,D,v1,False,2020-03-05,989.0,863
3,xgboost,D,v1,False,2020-03-06,642.0,641
3,xgboost,D,v1,False,2020-03-09,1276.0,1363
3,xgboost,D,v1,False,2020-03-10,1019.0,1026
3,xgboost,D,v1,False,2020-03-11,967.0,991
3,xgboost,D,v1,False,2020-03-12,804.0,868
3,xgboost,D,v1,False,2020-03-13,593.0,666
3,xgboost,D,v1,False,2020-03-16,1284.0,1301
3,xgboost,D,v1,False,2020-03-17,914.0,971
3,xgboost,D,v1,False,2020-03-18,831.0,937
3,xgboost,D,v1,False,2020-03-19,829.0,921
3,xgboost,D,v1,False,2020-03-20,627.0,681
3,xgboost,D,v1,False,2020-03-23,1110.0,1238
3,xgboost,D,v1,False,2020-03-24,1083.0,1070
3,xgboost,D,v1,False,2020-03-25,1022.0,1115
3,xgboost,D,v1,False,2020-03-26,955.0,1060
3,xgboost,D,v1,False,2020-03-27,839.0,907
3,xgboost,D,v1,False,2020-03-30,1000.0,1293
3,xgboost,D,v1,False,2020-03-31,859.0,1093
3,xgboost,D,v1,False,2020-04-01,939.0,1080
3,xgboost,D,v1,False,2020-04-02,1009.0,949
3,xgboost,D,v1,False,2020-04-03,802.0,843
3,xgboost,D,v1,False,2020-04-06,1161.0,1244
3,xgboost,D,v1,False,2020-04-07,969.0,1010
3,xgboost,D,v1,False,2020-04-08,1032.0,1015
3,xgboost,D,v1,False,2020-04-09,880.0,899
3,xgboost,D,v1,False,2020-04-10,780.0,777
3,xgboost,D,v1,False,2020-04-13,1145.0,1258
3,xgboost,D,v1,False,2020-04-14,879.0,961
3,xgboost,D,v1,False,2020-04-16,947.0,1021
3,xgboost,D,v1,False,2020-04-17,759.0,806
3,xgboost,D,v1,False,2020-04-20,1089.0,1306
3,xgboost,D,v1,False,2020-04-21,911.0,1075
3,xgboost,D,v1,False,2020-04-22,945.0,955
3,xgboost,D,v1,False,2020-04-23,880.0,765
3,xgboost,D,v1,False,2020-04-24,639.0,569
3,xgboost,D,v1,False,2020-04-27,1223.0,1195
3,xgboost,D,v1,False,2020-04-28,824.0,938
3,xgboost,D,v1,False,2020-04-29,680.0,807
3,xgboost,D,v1,False,2020-05-04,504.0,637
3,xgboost,D,v1,False,2020-05-06,1254.0,1066
3,xgboost,D,v1,False,2020-05-07,959.0,920
3,xgboost,D,v1,False,2020-05-08,620.0,706
3,xgboost,D,v1,False,2020-05-11,1249.0,1214
3,xgboost,D,v1,False,2020-05-12,968.0,968
3,xgboost,D,v1,False,2020-05-13,844.0,882
3,xgboost,D,v1,False,2020-05-14,793.0,762
3,xgboost,D,v1,False,2020-05-15,614.0,602
3,xgboost,D,v1,False,2020-05-18,1141.0,1179
3,xgboost,D,v1,False,2020-05-19,935.0,969
3,xgboost,D,v1,False,2020-05-20,791.0,944
3,xgboost,D,v2,False,2019-10-14,1140.0,1202
3,xgboost,D,v2,False,2019-10-15,867.0,935
3,xgboost,D,v2,False,2019-10-16,765.0,912
3,xgboost,D,v2,False,2019-10-17,708.0,777
3,xgboost,D,v2,False,2019-10-18,581.0,604
3,xgboost,D,v2,False,2019-10-21,1107.0,1226
3,xgboost,D,v2,False,2019-10-22,1090.0,789
3,xgboost,D,v2,False,2019-10-23,785.0,855
3,xgboost,D,v2,False,2019-10-24,705.0,745
3,xgboost,D,v2,False,2019-10-25,546.0,557
3,xgboost,D,v2,False,2019-10-28,915.0,1150
3,xgboost,D,v2,False,2019-10-29,808.0,841
3,xgboost,D,v2,False,2019-10-30,771.0,853
3,xgboost,D,v2,False,2019-10-31,671.0,772
3,xgboost,D,v2,False,2019-11-01,586.0,622
3,xgboost,D,v2,False,2019-11-04,1058.0,1156
3,xgboost,D,v2,False,2019-11-05,773.0,834
3,xgboost,D,v2,False,2019-11-06,773.0,821
3,xgboost,D,v2,False,2019-11-07,700.0,801
3,xgboost,D,v2,False,2019-11-08,535.0,615
3,xgboost,D,v2,False,2019-11-11,1079.0,1175
3,xgboost,D,v2,False,2019-11-12,769.0,874
3,xgboost,D,v2,False,2019-11-13,733.0,798
3,xgboost,D,v2,False,2019-11-14,677.0,745
3,xgboost,D,v2,False,2019-11-15,543.0,554
3,xgboost,D,v2,False,2019-11-18,1032.0,1199
3,xgboost,D,v2,False,2019-11-19,762.0,791
3,xgboost,D,v2,False,2019-11-20,759.0,760
3,xgboost,D,v2,False,2019-11-21,613.0,741
3,xgboost,D,v2,False,2019-11-22,551.0,559
3,xgboost,D,v2,False,2019-11-25,1097.0,1191
3,xgboost,D,v2,False,2019-11-26,816.0,869
3,xgboost,D,v2,False,2019-11-27,732.0,825
3,xgboost,D,v2,False,2019-11-28,644.0,753
3,xgboost,D,v2,False,2019-11-29,572.0,531
3,xgboost,D,v2,False,2019-12-02,1140.0,1187
3,xgboost,D,v2,False,2019-12-03,873.0,877
3,xgboost,D,v2,False,2019-12-04,879.0,866
3,xgboost,D,v2,False,2019-12-05,779.0,766
3,xgboost,D,v2,False,2019-12-06,631.0,585
3,xgboost,D,v2,False,2019-12-09,1120.0,1172
3,xgboost,D,v2,False,2019-12-10,742.0,827
3,xgboost,D,v2,False,2019-12-11,858.0,806
3,xgboost,D,v2,False,2019-12-12,731.0,798
3,xgboost,D,v2,False,2019-12-13,639.0,554
3,xgboost,D,v2,False,2019-12-16,1103.0,1210
3,xgboost,D,v2,False,2019-12-17,739.0,840
3,xgboost,D,v2,False,2019-12-18,683.0,795
3,xgboost,D,v2,False,2019-12-19,862.0,799
3,xgboost,D,v2,False,2019-12-20,481.0,590
3,xgboost,D,v2,False,2019-12-23,741.0,971
3,xgboost,D,v2,False,2019-12-24,462.0,787
3,xgboost,D,v2,False,2019-12-26,594.0,661
3,xgboost,D,v2,False,2019-12-27,387.0,390
3,xgboost,D,v2,False,2019-12-30,652.0,656
3,xgboost,D,v2,False,2019-12-31,349.0,463
3,xgboost,D,v2,False,2020-01-02,985.0,965
3,xgboost,D,v2,False,2020-01-03,635.0,783
3,xgboost,D,v2,False,2020-01-06,1133.0,1149
3,xgboost,D,v2,False,2020-01-07,904.0,953
3,xgboost,D,v2,False,2020-01-08,740.0,1013
3,xgboost,D,v2,False,2020-01-09,773.0,847
3,xgboost,D,v2,False,2020-01-10,573.0,627
3,xgboost,D,v2,False,2020-01-13,945.0,1142
3,xgboost,D,v2,False,2020-01-14,820.0,886
3,xgboost,D,v2,False,2020-01-15,633.0,869
3,xgboost,D,v2,False,2020-01-16,761.0,801
3,xgboost,D,v2,False,2020-01-17,696.0,529
3,xgboost,D,v2,False,2020-01-20,1075.0,1146
3,xgboost,D,v2,False,2020-01-21,868.0,872
3,xgboost,D,v2,False,2020-01-22,782.0,884
3,xgboost,D,v2,False,2020-01-23,685.0,750
3,xgboost,D,v2,False,2020-01-28,1042.0,940
3,xgboost,D,v2,False,2020-01-29,1197.0,975
3,xgboost,D,v2,False,2020-01-30,736.0,852
3,xgboost,D,v2,False,2020-01-31,623.0,670
3,xgboost,D,v2,False,2020-02-03,1081.0,1158
3,xgboost,D,v2,False,2020-02-04,849.0,938
3,xgboost,D,v2,False,2020-02-05,660.0,958
3,xgboost,D,v2,False,2020-02-06,637.0,794
3,xgboost,D,v2,False,2020-02-07,539.0,655
3,xgboost,D,v2,False,2020-02-10,1233.0,1299
3,xgboost,D,v2,False,2020-02-11,1075.0,983
3,xgboost,D,v2,False,2020-02-12,1173.0,968
3,xgboost,D,v2,False,2020-02-13,834.0,886
3,xgboost,D,v2,False,2020-02-14,776.0,690
3,xgboost,D,v2,False,2020-02-17,1370.0,1243
3,xgboost,D,v2,False,2020-02-18,939.0,907
3,xgboost,D,v2,False,2020-02-19,930.0,854
3,xgboost,D,v2,False,2020-02-20,826.0,839
3,xgboost,D,v2,False,2020-02-21,627.0,670
3,xgboost,D,v2,False,2020-02-24,1282.0,1239
3,xgboost,D,v2,False,2020-02-25,1238.0,1099
3,xgboost,D,v2,False,2020-02-26,1105.0,1036
3,xgboost,D,v2,False,2020-02-27,1000.0,941
3,xgboost,D,v2,False,2020-02-28,750.0,753
3,xgboost,D,v2,False,2020-03-02,1362.0,1269
3,xgboost,D,v2,False,2020-03-03,1074.0,954
3,xgboost,D,v2,False,2020-03-04,999.0,939
3,xgboost,D,v2,False,2020-03-05,989.0,868
3,xgboost,D,v2,False,2020-03-06,642.0,628
3,xgboost,D,v2,False,2020-03-09,1276.0,1368
3,xgboost,D,v2,False,2020-03-10,1019.0,1027
3,xgboost,D,v2,False,2020-03-11,967.0,972
3,xgboost,D,v2,False,2020-03-12,804.0,871
3,xgboost,D,v2,False,2020-03-13,593.0,653
3,xgboost,D,v2,False,2020-03-16,1284.0,1290
3,xgboost,D,v2,False,2020-03-17,914.0,970
3,xgboost,D,v2,False,2020-03-18,831.0,924
3,xgboost,D,v2,False,2020-03-19,829.0,919
3,xgboost,D,v2,False,2020-03-20,627.0,674
3,xgboost,D,v2,False,2020-03-23,1110.0,1245
3,xgboost,D,v2,False,2020-03-24,1083.0,1077
3,xgboost,D,v2,False,2020-03-25,1022.0,1115
3,xgboost,D,v2,False,2020-03-26,955.0,1069
3,xgboost,D,v2,False,2020-03-27,839.0,927
3,xgboost,D,v2,False,2020-03-30,1000.0,1273
3,xgboost,D,v2,False,2020-03-31,859.0,1089
3,xgboost,D,v2,False,2020-04-01,939.0,1073
3,xgboost,D,v2,False,2020-04-02,1009.0,941
3,xgboost,D,v2,False,2020-04-03,802.0,823
3,xgboost,D,v2,False,2020-04-06,1161.0,1238
3,xgboost,D,v2,False,2020-04-07,969.0,1001
3,xgboost,D,v2,False,2020-04-08,1032.0,1015
3,xgboost,D,v2,False,2020-04-09,880.0,897
3,xgboost,D,v2,False,2020-04-10,780.0,760
3,xgboost,D,v2,False,2020-04-13,1145.0,1257
3,xgboost,D,v2,False,2020-04-14,879.0,967
3,xgboost,D,v2,False,2020-04-16,947.0,1005
3,xgboost,D,v2,False,2020-04-17,759.0,804
3,xgboost,D,v2,False,2020-04-20,1089.0,1310
3,xgboost,D,v2,False,2020-04-21,911.0,1062
3,xgboost,D,v2,False,2020-04-22,945.0,938
3,xgboost,D,v2,False,2020-04-23,880.0,767
3,xgboost,D,v2,False,2020-04-24,639.0,579
3,xgboost,D,v2,False,2020-04-27,1223.0,1184
3,xgboost,D,v2,False,2020-04-28,824.0,910
3,xgboost,D,v2,False,2020-04-29,680.0,802
3,xgboost,D,v2,False,2020-05-04,504.0,634
3,xgboost,D,v2,False,2020-05-06,1254.0,1083
3,xgboost,D,v2,False,2020-05-07,959.0,917
3,xgboost,D,v2,False,2020-05-08,620.0,695
3,xgboost,D,v2,False,2020-05-11,1249.0,1212
3,xgboost,D,v2,False,2020-05-12,968.0,965
3,xgboost,D,v2,False,2020-05-13,844.0,864
3,xgboost,D,v2,False,2020-05-14,793.0,738
3,xgboost,D,v2,False,2020-05-15,614.0,589
3,xgboost,D,v2,False,2020-05-18,1141.0,1182
3,xgboost,D,v2,False,2020-05-19,935.0,970
3,xgboost,D,v2,False,2020-05-20,791.0,946
4,train_mean,baseline,n/a,False,2020-05-21,653.0,891
4,train_mean,baseline,n/a,False,2020-05-22,512.0,891
4,train_mean,baseline,n/a,False,2020-05-25,1062.0,891
4,train_mean,baseline,n/a,False,2020-05-26,781.0,891
4,train_mean,baseline,n/a,False,2020-05-27,704.0,891
4,train_mean,baseline,n/a,False,2020-05-28,662.0,891
4,train_mean,baseline,n/a,False,2020-05-29,450.0,891
4,train_mean,baseline,n/a,False,2020-06-01,1114.0,891
4,train_mean,baseline,n/a,False,2020-06-02,761.0,891
4,train_mean,baseline,n/a,False,2020-06-03,693.0,891
4,train_mean,baseline,n/a,False,2020-06-04,657.0,891
4,train_mean,baseline,n/a,False,2020-06-05,505.0,891
4,train_mean,baseline,n/a,False,2020-06-08,1130.0,891
4,train_mean,baseline,n/a,False,2020-06-09,823.0,891
4,train_mean,baseline,n/a,False,2020-06-10,719.0,891
4,train_mean,baseline,n/a,False,2020-06-11,682.0,891
4,train_mean,baseline,n/a,False,2020-06-12,516.0,891
4,train_mean,baseline,n/a,False,2020-07-01,866.0,891
4,train_mean,baseline,n/a,False,2020-07-02,675.0,891
4,train_mean,baseline,n/a,False,2020-07-03,607.0,891
4,train_mean,baseline,n/a,False,2020-07-06,1132.0,891
4,train_mean,baseline,n/a,False,2020-07-07,917.0,891
4,train_mean,baseline,n/a,False,2020-07-08,847.0,891
4,train_mean,baseline,n/a,False,2020-07-09,717.0,891
4,train_mean,baseline,n/a,False,2020-07-10,611.0,891
4,train_mean,baseline,n/a,False,2020-07-13,1260.0,891
4,train_mean,baseline,n/a,False,2020-07-14,814.0,891
4,train_mean,baseline,n/a,False,2020-07-15,842.0,891
4,train_mean,baseline,n/a,False,2020-07-16,971.0,891
4,train_mean,baseline,n/a,False,2020-07-17,656.0,891
4,train_mean,baseline,n/a,False,2020-07-20,1190.0,891
4,train_mean,baseline,n/a,False,2020-07-21,861.0,891
4,train_mean,baseline,n/a,False,2020-07-22,823.0,891
4,train_mean,baseline,n/a,False,2020-07-23,758.0,891
4,train_mean,baseline,n/a,False,2020-07-24,450.0,891
4,train_mean,baseline,n/a,False,2020-07-27,1118.0,891
4,train_mean,baseline,n/a,False,2020-07-28,873.0,891
4,train_mean,baseline,n/a,False,2020-07-29,871.0,891
4,train_mean,baseline,n/a,False,2020-07-30,704.0,891
4,train_mean,baseline,n/a,False,2020-07-31,477.0,891
4,train_mean,baseline,n/a,False,2020-08-03,1033.0,891
4,train_mean,baseline,n/a,False,2020-08-04,776.0,891
4,train_mean,baseline,n/a,False,2020-08-05,720.0,891
4,train_mean,baseline,n/a,False,2020-08-06,763.0,891
4,train_mean,baseline,n/a,False,2020-08-07,476.0,891
4,train_mean,baseline,n/a,False,2020-08-10,1011.0,891
4,train_mean,baseline,n/a,False,2020-08-11,805.0,891
4,train_mean,baseline,n/a,False,2020-08-12,701.0,891
4,train_mean,baseline,n/a,False,2020-08-13,594.0,891
4,train_mean,baseline,n/a,False,2020-08-14,477.0,891
4,train_mean,baseline,n/a,False,2020-08-18,971.0,891
4,train_mean,baseline,n/a,False,2020-08-19,801.0,891
4,train_mean,baseline,n/a,False,2020-08-20,749.0,891
4,train_mean,baseline,n/a,False,2020-08-21,514.0,891
4,train_mean,baseline,n/a,False,2020-08-24,1178.0,891
4,train_mean,baseline,n/a,False,2020-08-25,1046.0,891
4,train_mean,baseline,n/a,False,2020-08-26,897.0,891
4,train_mean,baseline,n/a,False,2020-08-27,963.0,891
4,train_mean,baseline,n/a,False,2020-08-28,784.0,891
4,train_mean,baseline,n/a,False,2020-08-31,1243.0,891
4,train_mean,baseline,n/a,False,2020-09-01,1021.0,891
4,train_mean,baseline,n/a,False,2020-09-02,1006.0,891
4,train_mean,baseline,n/a,False,2020-09-03,924.0,891
4,train_mean,baseline,n/a,False,2020-09-04,746.0,891
4,train_mean,baseline,n/a,False,2020-09-07,1186.0,891
4,train_mean,baseline,n/a,False,2020-09-08,986.0,891
4,train_mean,baseline,n/a,False,2020-09-09,965.0,891
4,train_mean,baseline,n/a,False,2020-09-10,881.0,891
4,train_mean,baseline,n/a,False,2020-09-11,661.0,891
4,train_mean,baseline,n/a,False,2020-09-14,1191.0,891
4,train_mean,baseline,n/a,False,2020-09-15,855.0,891
4,train_mean,baseline,n/a,False,2020-09-16,953.0,891
4,train_mean,baseline,n/a,False,2020-09-17,797.0,891
4,train_mean,baseline,n/a,False,2020-09-18,570.0,891
4,train_mean,baseline,n/a,False,2020-09-21,1176.0,891
4,train_mean,baseline,n/a,False,2020-09-22,908.0,891
4,train_mean,baseline,n/a,False,2020-09-23,970.0,891
4,train_mean,baseline,n/a,False,2020-09-24,739.0,891
4,train_mean,baseline,n/a,False,2020-09-25,540.0,891
4,train_mean,baseline,n/a,False,2020-09-28,358.0,891
4,train_mean,baseline,n/a,False,2020-10-05,1252.0,891
4,train_mean,baseline,n/a,False,2020-10-06,977.0,891
4,train_mean,baseline,n/a,False,2020-10-07,880.0,891
4,train_mean,baseline,n/a,False,2020-10-08,923.0,891
4,train_mean,baseline,n/a,False,2020-10-12,1096.0,891
4,train_mean,baseline,n/a,False,2020-10-13,839.0,891
4,train_mean,baseline,n/a,False,2020-10-14,797.0,891
4,train_mean,baseline,n/a,False,2020-10-15,793.0,891
4,train_mean,baseline,n/a,False,2020-10-16,660.0,891
4,train_mean,baseline,n/a,False,2020-10-19,1035.0,891
4,train_mean,baseline,n/a,False,2020-10-20,851.0,891
4,train_mean,baseline,n/a,False,2020-10-21,887.0,891
4,train_mean,baseline,n/a,False,2020-10-22,799.0,891
4,train_mean,baseline,n/a,False,2020-10-23,648.0,891
4,train_mean,baseline,n/a,False,2020-10-26,1069.0,891
4,train_mean,baseline,n/a,False,2020-10-27,839.0,891
4,train_mean,baseline,n/a,False,2020-10-28,791.0,891
4,train_mean,baseline,n/a,False,2020-10-29,667.0,891
4,train_mean,baseline,n/a,False,2020-10-30,398.0,891
4,train_mean,baseline,n/a,False,2020-11-02,1150.0,891
4,train_mean,baseline,n/a,False,2020-11-03,810.0,891
4,train_mean,baseline,n/a,False,2020-11-04,789.0,891
4,train_mean,baseline,n/a,False,2020-11-05,596.0,891
4,train_mean,baseline,n/a,False,2020-11-06,459.0,891
4,train_mean,baseline,n/a,False,2020-11-09,1076.0,891
4,train_mean,baseline,n/a,False,2020-11-10,784.0,891
4,train_mean,baseline,n/a,False,2020-11-11,747.0,891
4,train_mean,baseline,n/a,False,2020-11-12,678.0,891
4,train_mean,baseline,n/a,False,2020-11-13,529.0,891
4,train_mean,baseline,n/a,False,2020-11-16,1068.0,891
4,train_mean,baseline,n/a,False,2020-11-17,784.0,891
4,train_mean,baseline,n/a,False,2020-11-18,774.0,891
4,train_mean,baseline,n/a,False,2020-11-19,653.0,891
4,train_mean,baseline,n/a,False,2020-11-20,747.0,891
4,train_mean,baseline,n/a,False,2020-11-23,1292.0,891
4,train_mean,baseline,n/a,False,2020-11-24,1156.0,891
4,train_mean,baseline,n/a,False,2020-11-25,1146.0,891
4,train_mean,baseline,n/a,False,2020-11-26,1034.0,891
4,train_mean,baseline,n/a,False,2020-11-27,895.0,891
4,train_mean,baseline,n/a,False,2020-11-30,1273.0,891
4,train_mean,baseline,n/a,False,2020-12-01,1324.0,891
4,train_mean,baseline,n/a,False,2020-12-02,1188.0,891
4,train_mean,baseline,n/a,False,2020-12-03,1059.0,891
4,train_mean,baseline,n/a,False,2020-12-04,858.0,891
4,train_mean,baseline,n/a,False,2020-12-07,1317.0,891
4,train_mean,baseline,n/a,False,2020-12-08,1138.0,891
4,train_mean,baseline,n/a,False,2020-12-09,994.0,891
4,train_mean,baseline,n/a,False,2020-12-10,975.0,891
4,train_mean,baseline,n/a,False,2020-12-11,742.0,891
4,train_mean,baseline,n/a,False,2020-12-14,1329.0,891
4,train_mean,baseline,n/a,False,2020-12-15,1202.0,891
4,train_mean,baseline,n/a,False,2020-12-16,1135.0,891
4,train_mean,baseline,n/a,False,2020-12-17,1096.0,891
4,train_mean,baseline,n/a,False,2020-12-18,917.0,891
4,train_mean,baseline,n/a,False,2020-12-21,1256.0,891
4,train_mean,baseline,n/a,False,2020-12-22,984.0,891
4,train_mean,baseline,n/a,False,2020-12-23,768.0,891
4,train_mean,baseline,n/a,False,2020-12-24,591.0,891
4,train_mean,baseline,n/a,False,2021-01-04,1405.0,891
4,train_mean,baseline,n/a,False,2021-01-05,1128.0,891
4,train_mean,baseline,n/a,False,2021-01-06,1014.0,891
4,train_mean,baseline,n/a,False,2021-01-07,1040.0,891
4,train_mean,baseline,n/a,False,2021-01-08,726.0,891
4,train_mean,baseline,n/a,False,2021-01-11,1257.0,891
4,train_mean,baseline,n/a,False,2021-01-12,963.0,891
4,train_mean,baseline,n/a,False,2021-01-13,913.0,891
4,train_mean,baseline,n/a,False,2021-01-14,1038.0,891
4,train_mean,baseline,n/a,False,2021-01-15,702.0,891
4,train_mean,baseline,n/a,False,2021-01-18,1277.0,891
4,train_mean,baseline,n/a,False,2021-01-19,1038.0,891
4,train_mean,baseline,n/a,False,2021-01-20,1093.0,891
4,train_mean,baseline,n/a,False,2021-01-21,832.0,891
4,train_mean,baseline,n/a,False,2021-01-22,579.0,891
4,train_mean,baseline,n/a,False,2021-01-25,1145.0,891
4,train_mean,baseline,n/a,False,2021-01-26,1015.0,891
4,weekday_mean,baseline,n/a,False,2020-05-21,653.0,827
4,weekday_mean,baseline,n/a,False,2020-05-22,512.0,660
4,weekday_mean,baseline,n/a,False,2020-05-25,1062.0,1145
4,weekday_mean,baseline,n/a,False,2020-05-26,781.0,923
4,weekday_mean,baseline,n/a,False,2020-05-27,704.0,908
4,weekday_mean,baseline,n/a,False,2020-05-28,662.0,827
4,weekday_mean,baseline,n/a,False,2020-05-29,450.0,660
4,weekday_mean,baseline,n/a,False,2020-06-01,1114.0,1145
4,weekday_mean,baseline,n/a,False,2020-06-02,761.0,923
4,weekday_mean,baseline,n/a,False,2020-06-03,693.0,908
4,weekday_mean,baseline,n/a,False,2020-06-04,657.0,827
4,weekday_mean,baseline,n/a,False,2020-06-05,505.0,660
4,weekday_mean,baseline,n/a,False,2020-06-08,1130.0,1145
4,weekday_mean,baseline,n/a,False,2020-06-09,823.0,923
4,weekday_mean,baseline,n/a,False,2020-06-10,719.0,908
4,weekday_mean,baseline,n/a,False,2020-06-11,682.0,827
4,weekday_mean,baseline,n/a,False,2020-06-12,516.0,660
4,weekday_mean,baseline,n/a,False,2020-07-01,866.0,908
4,weekday_mean,baseline,n/a,False,2020-07-02,675.0,827
4,weekday_mean,baseline,n/a,False,2020-07-03,607.0,660
4,weekday_mean,baseline,n/a,False,2020-07-06,1132.0,1145
4,weekday_mean,baseline,n/a,False,2020-07-07,917.0,923
4,weekday_mean,baseline,n/a,False,2020-07-08,847.0,908
4,weekday_mean,baseline,n/a,False,2020-07-09,717.0,827
4,weekday_mean,baseline,n/a,False,2020-07-10,611.0,660
4,weekday_mean,baseline,n/a,False,2020-07-13,1260.0,1145
4,weekday_mean,baseline,n/a,False,2020-07-14,814.0,923
4,weekday_mean,baseline,n/a,False,2020-07-15,842.0,908
4,weekday_mean,baseline,n/a,False,2020-07-16,971.0,827
4,weekday_mean,baseline,n/a,False,2020-07-17,656.0,660
4,weekday_mean,baseline,n/a,False,2020-07-20,1190.0,1145
4,weekday_mean,baseline,n/a,False,2020-07-21,861.0,923
4,weekday_mean,baseline,n/a,False,2020-07-22,823.0,908
4,weekday_mean,baseline,n/a,False,2020-07-23,758.0,827
4,weekday_mean,baseline,n/a,False,2020-07-24,450.0,660
4,weekday_mean,baseline,n/a,False,2020-07-27,1118.0,1145
4,weekday_mean,baseline,n/a,False,2020-07-28,873.0,923
4,weekday_mean,baseline,n/a,False,2020-07-29,871.0,908
4,weekday_mean,baseline,n/a,False,2020-07-30,704.0,827
4,weekday_mean,baseline,n/a,False,2020-07-31,477.0,660
4,weekday_mean,baseline,n/a,False,2020-08-03,1033.0,1145
4,weekday_mean,baseline,n/a,False,2020-08-04,776.0,923
4,weekday_mean,baseline,n/a,False,2020-08-05,720.0,908
4,weekday_mean,baseline,n/a,False,2020-08-06,763.0,827
4,weekday_mean,baseline,n/a,False,2020-08-07,476.0,660
4,weekday_mean,baseline,n/a,False,2020-08-10,1011.0,1145
4,weekday_mean,baseline,n/a,False,2020-08-11,805.0,923
4,weekday_mean,baseline,n/a,False,2020-08-12,701.0,908
4,weekday_mean,baseline,n/a,False,2020-08-13,594.0,827
4,weekday_mean,baseline,n/a,False,2020-08-14,477.0,660
4,weekday_mean,baseline,n/a,False,2020-08-18,971.0,923
4,weekday_mean,baseline,n/a,False,2020-08-19,801.0,908
4,weekday_mean,baseline,n/a,False,2020-08-20,749.0,827
4,weekday_mean,baseline,n/a,False,2020-08-21,514.0,660
4,weekday_mean,baseline,n/a,False,2020-08-24,1178.0,1145
4,weekday_mean,baseline,n/a,False,2020-08-25,1046.0,923
4,weekday_mean,baseline,n/a,False,2020-08-26,897.0,908
4,weekday_mean,baseline,n/a,False,2020-08-27,963.0,827
4,weekday_mean,baseline,n/a,False,2020-08-28,784.0,660
4,weekday_mean,baseline,n/a,False,2020-08-31,1243.0,1145
4,weekday_mean,baseline,n/a,False,2020-09-01,1021.0,923
4,weekday_mean,baseline,n/a,False,2020-09-02,1006.0,908
4,weekday_mean,baseline,n/a,False,2020-09-03,924.0,827
4,weekday_mean,baseline,n/a,False,2020-09-04,746.0,660
4,weekday_mean,baseline,n/a,False,2020-09-07,1186.0,1145
4,weekday_mean,baseline,n/a,False,2020-09-08,986.0,923
4,weekday_mean,baseline,n/a,False,2020-09-09,965.0,908
4,weekday_mean,baseline,n/a,False,2020-09-10,881.0,827
4,weekday_mean,baseline,n/a,False,2020-09-11,661.0,660
4,weekday_mean,baseline,n/a,False,2020-09-14,1191.0,1145
4,weekday_mean,baseline,n/a,False,2020-09-15,855.0,923
4,weekday_mean,baseline,n/a,False,2020-09-16,953.0,908
4,weekday_mean,baseline,n/a,False,2020-09-17,797.0,827
4,weekday_mean,baseline,n/a,False,2020-09-18,570.0,660
4,weekday_mean,baseline,n/a,False,2020-09-21,1176.0,1145
4,weekday_mean,baseline,n/a,False,2020-09-22,908.0,923
4,weekday_mean,baseline,n/a,False,2020-09-23,970.0,908
4,weekday_mean,baseline,n/a,False,2020-09-24,739.0,827
4,weekday_mean,baseline,n/a,False,2020-09-25,540.0,660
4,weekday_mean,baseline,n/a,False,2020-09-28,358.0,1145
4,weekday_mean,baseline,n/a,False,2020-10-05,1252.0,1145
4,weekday_mean,baseline,n/a,False,2020-10-06,977.0,923
4,weekday_mean,baseline,n/a,False,2020-10-07,880.0,908
4,weekday_mean,baseline,n/a,False,2020-10-08,923.0,827
4,weekday_mean,baseline,n/a,False,2020-10-12,1096.0,1145
4,weekday_mean,baseline,n/a,False,2020-10-13,839.0,923
4,weekday_mean,baseline,n/a,False,2020-10-14,797.0,908
4,weekday_mean,baseline,n/a,False,2020-10-15,793.0,827
4,weekday_mean,baseline,n/a,False,2020-10-16,660.0,660
4,weekday_mean,baseline,n/a,False,2020-10-19,1035.0,1145
4,weekday_mean,baseline,n/a,False,2020-10-20,851.0,923
4,weekday_mean,baseline,n/a,False,2020-10-21,887.0,908
4,weekday_mean,baseline,n/a,False,2020-10-22,799.0,827
4,weekday_mean,baseline,n/a,False,2020-10-23,648.0,660
4,weekday_mean,baseline,n/a,False,2020-10-26,1069.0,1145
4,weekday_mean,baseline,n/a,False,2020-10-27,839.0,923
4,weekday_mean,baseline,n/a,False,2020-10-28,791.0,908
4,weekday_mean,baseline,n/a,False,2020-10-29,667.0,827
4,weekday_mean,baseline,n/a,False,2020-10-30,398.0,660
4,weekday_mean,baseline,n/a,False,2020-11-02,1150.0,1145
4,weekday_mean,baseline,n/a,False,2020-11-03,810.0,923
4,weekday_mean,baseline,n/a,False,2020-11-04,789.0,908
4,weekday_mean,baseline,n/a,False,2020-11-05,596.0,827
4,weekday_mean,baseline,n/a,False,2020-11-06,459.0,660
4,weekday_mean,baseline,n/a,False,2020-11-09,1076.0,1145
4,weekday_mean,baseline,n/a,False,2020-11-10,784.0,923
4,weekday_mean,baseline,n/a,False,2020-11-11,747.0,908
4,weekday_mean,baseline,n/a,False,2020-11-12,678.0,827
4,weekday_mean,baseline,n/a,False,2020-11-13,529.0,660
4,weekday_mean,baseline,n/a,False,2020-11-16,1068.0,1145
4,weekday_mean,baseline,n/a,False,2020-11-17,784.0,923
4,weekday_mean,baseline,n/a,False,2020-11-18,774.0,908
4,weekday_mean,baseline,n/a,False,2020-11-19,653.0,827
4,weekday_mean,baseline,n/a,False,2020-11-20,747.0,660
4,weekday_mean,baseline,n/a,False,2020-11-23,1292.0,1145
4,weekday_mean,baseline,n/a,False,2020-11-24,1156.0,923
4,weekday_mean,baseline,n/a,False,2020-11-25,1146.0,908
4,weekday_mean,baseline,n/a,False,2020-11-26,1034.0,827
4,weekday_mean,baseline,n/a,False,2020-11-27,895.0,660
4,weekday_mean,baseline,n/a,False,2020-11-30,1273.0,1145
4,weekday_mean,baseline,n/a,False,2020-12-01,1324.0,923
4,weekday_mean,baseline,n/a,False,2020-12-02,1188.0,908
4,weekday_mean,baseline,n/a,False,2020-12-03,1059.0,827
4,weekday_mean,baseline,n/a,False,2020-12-04,858.0,660
4,weekday_mean,baseline,n/a,False,2020-12-07,1317.0,1145
4,weekday_mean,baseline,n/a,False,2020-12-08,1138.0,923
4,weekday_mean,baseline,n/a,False,2020-12-09,994.0,908
4,weekday_mean,baseline,n/a,False,2020-12-10,975.0,827
4,weekday_mean,baseline,n/a,False,2020-12-11,742.0,660
4,weekday_mean,baseline,n/a,False,2020-12-14,1329.0,1145
4,weekday_mean,baseline,n/a,False,2020-12-15,1202.0,923
4,weekday_mean,baseline,n/a,False,2020-12-16,1135.0,908
4,weekday_mean,baseline,n/a,False,2020-12-17,1096.0,827
4,weekday_mean,baseline,n/a,False,2020-12-18,917.0,660
4,weekday_mean,baseline,n/a,False,2020-12-21,1256.0,1145
4,weekday_mean,baseline,n/a,False,2020-12-22,984.0,923
4,weekday_mean,baseline,n/a,False,2020-12-23,768.0,908
4,weekday_mean,baseline,n/a,False,2020-12-24,591.0,827
4,weekday_mean,baseline,n/a,False,2021-01-04,1405.0,1145
4,weekday_mean,baseline,n/a,False,2021-01-05,1128.0,923
4,weekday_mean,baseline,n/a,False,2021-01-06,1014.0,908
4,weekday_mean,baseline,n/a,False,2021-01-07,1040.0,827
4,weekday_mean,baseline,n/a,False,2021-01-08,726.0,660
4,weekday_mean,baseline,n/a,False,2021-01-11,1257.0,1145
4,weekday_mean,baseline,n/a,False,2021-01-12,963.0,923
4,weekday_mean,baseline,n/a,False,2021-01-13,913.0,908
4,weekday_mean,baseline,n/a,False,2021-01-14,1038.0,827
4,weekday_mean,baseline,n/a,False,2021-01-15,702.0,660
4,weekday_mean,baseline,n/a,False,2021-01-18,1277.0,1145
4,weekday_mean,baseline,n/a,False,2021-01-19,1038.0,923
4,weekday_mean,baseline,n/a,False,2021-01-20,1093.0,908
4,weekday_mean,baseline,n/a,False,2021-01-21,832.0,827
4,weekday_mean,baseline,n/a,False,2021-01-22,579.0,660
4,weekday_mean,baseline,n/a,False,2021-01-25,1145.0,1145
4,weekday_mean,baseline,n/a,False,2021-01-26,1015.0,923
4,available_rate,baseline,n/a,False,2020-05-21,653.0,908
4,available_rate,baseline,n/a,False,2020-05-22,512.0,848
4,available_rate,baseline,n/a,False,2020-05-25,1062.0,914
4,available_rate,baseline,n/a,False,2020-05-26,781.0,930
4,available_rate,baseline,n/a,False,2020-05-27,704.0,914
4,available_rate,baseline,n/a,False,2020-05-28,662.0,908
4,available_rate,baseline,n/a,False,2020-05-29,450.0,843
4,available_rate,baseline,n/a,False,2020-06-01,1114.0,921
4,available_rate,baseline,n/a,False,2020-06-02,761.0,921
4,available_rate,baseline,n/a,False,2020-06-03,693.0,922
4,available_rate,baseline,n/a,False,2020-06-04,657.0,901
4,available_rate,baseline,n/a,False,2020-06-05,505.0,849
4,available_rate,baseline,n/a,False,2020-06-08,1130.0,902
4,available_rate,baseline,n/a,False,2020-06-09,823.0,925
4,available_rate,baseline,n/a,False,2020-06-10,719.0,915
4,available_rate,baseline,n/a,False,2020-06-11,682.0,911
4,available_rate,baseline,n/a,False,2020-06-12,516.0,856
4,available_rate,baseline,n/a,False,2020-07-01,866.0,949
4,available_rate,baseline,n/a,False,2020-07-02,675.0,939
4,available_rate,baseline,n/a,False,2020-07-03,607.0,862
4,available_rate,baseline,n/a,False,2020-07-06,1132.0,933
4,available_rate,baseline,n/a,False,2020-07-07,917.0,951
4,available_rate,baseline,n/a,False,2020-07-08,847.0,945
4,available_rate,baseline,n/a,False,2020-07-09,717.0,922
4,available_rate,baseline,n/a,False,2020-07-10,611.0,880
4,available_rate,baseline,n/a,False,2020-07-13,1260.0,943
4,available_rate,baseline,n/a,False,2020-07-14,814.0,960
4,available_rate,baseline,n/a,False,2020-07-15,842.0,936
4,available_rate,baseline,n/a,False,2020-07-16,971.0,924
4,available_rate,baseline,n/a,False,2020-07-17,656.0,869
4,available_rate,baseline,n/a,False,2020-07-20,1190.0,933
4,available_rate,baseline,n/a,False,2020-07-21,861.0,944
4,available_rate,baseline,n/a,False,2020-07-22,823.0,916
4,available_rate,baseline,n/a,False,2020-07-23,758.0,916
4,available_rate,baseline,n/a,False,2020-07-24,450.0,849
4,available_rate,baseline,n/a,False,2020-07-27,1118.0,912
4,available_rate,baseline,n/a,False,2020-07-28,873.0,896
4,available_rate,baseline,n/a,False,2020-07-29,871.0,887
4,available_rate,baseline,n/a,False,2020-07-30,704.0,858
4,available_rate,baseline,n/a,False,2020-07-31,477.0,796
4,available_rate,baseline,n/a,False,2020-08-03,1033.0,837
4,available_rate,baseline,n/a,False,2020-08-04,776.0,842
4,available_rate,baseline,n/a,False,2020-08-05,720.0,829
4,available_rate,baseline,n/a,False,2020-08-06,763.0,820
4,available_rate,baseline,n/a,False,2020-08-07,476.0,754
4,available_rate,baseline,n/a,False,2020-08-10,1011.0,838
4,available_rate,baseline,n/a,False,2020-08-11,805.0,844
4,available_rate,baseline,n/a,False,2020-08-12,701.0,834
4,available_rate,baseline,n/a,False,2020-08-13,594.0,801
4,available_rate,baseline,n/a,False,2020-08-14,477.0,742
4,available_rate,baseline,n/a,False,2020-08-18,971.0,835
4,available_rate,baseline,n/a,False,2020-08-19,801.0,834
4,available_rate,baseline,n/a,False,2020-08-20,749.0,844
4,available_rate,baseline,n/a,False,2020-08-21,514.0,788
4,available_rate,baseline,n/a,False,2020-08-24,1178.0,848
4,available_rate,baseline,n/a,False,2020-08-25,1046.0,864
4,available_rate,baseline,n/a,False,2020-08-26,897.0,833
4,available_rate,baseline,n/a,False,2020-08-27,963.0,849
4,available_rate,baseline,n/a,False,2020-08-28,784.0,806
4,available_rate,baseline,n/a,False,2020-08-31,1243.0,820
4,available_rate,baseline,n/a,False,2020-09-01,1021.0,911
4,available_rate,baseline,n/a,False,2020-09-02,1006.0,894
4,available_rate,baseline,n/a,False,2020-09-03,924.0,868
4,available_rate,baseline,n/a,False,2020-09-04,746.0,843
4,available_rate,baseline,n/a,False,2020-09-07,1186.0,906
4,available_rate,baseline,n/a,False,2020-09-08,986.0,913
4,available_rate,baseline,n/a,False,2020-09-09,965.0,913
4,available_rate,baseline,n/a,False,2020-09-10,881.0,894
4,available_rate,baseline,n/a,False,2020-09-11,661.0,860
4,available_rate,baseline,n/a,False,2020-09-14,1191.0,931
4,available_rate,baseline,n/a,False,2020-09-15,855.0,911
4,available_rate,baseline,n/a,False,2020-09-16,953.0,929
4,available_rate,baseline,n/a,False,2020-09-17,797.0,916
4,available_rate,baseline,n/a,False,2020-09-18,570.0,866
4,available_rate,baseline,n/a,False,2020-09-21,1176.0,927
4,available_rate,baseline,n/a,False,2020-09-22,908.0,928
4,available_rate,baseline,n/a,False,2020-09-23,970.0,928
4,available_rate,baseline,n/a,False,2020-09-24,739.0,923
4,available_rate,baseline,n/a,False,2020-09-25,540.0,882
4,available_rate,baseline,n/a,False,2020-09-28,358.0,684
4,available_rate,baseline,n/a,False,2020-10-05,1252.0,939
4,available_rate,baseline,n/a,False,2020-10-06,977.0,934
4,available_rate,baseline,n/a,False,2020-10-07,880.0,914
4,available_rate,baseline,n/a,False,2020-10-08,923.0,920
4,available_rate,baseline,n/a,False,2020-10-12,1096.0,928
4,available_rate,baseline,n/a,False,2020-10-13,839.0,941
4,available_rate,baseline,n/a,False,2020-10-14,797.0,942
4,available_rate,baseline,n/a,False,2020-10-15,793.0,928
4,available_rate,baseline,n/a,False,2020-10-16,660.0,895
4,available_rate,baseline,n/a,False,2020-10-19,1035.0,948
4,available_rate,baseline,n/a,False,2020-10-20,851.0,955
4,available_rate,baseline,n/a,False,2020-10-21,887.0,942
4,available_rate,baseline,n/a,False,2020-10-22,799.0,925
4,available_rate,baseline,n/a,False,2020-10-23,648.0,891
4,available_rate,baseline,n/a,False,2020-10-26,1069.0,933
4,available_rate,baseline,n/a,False,2020-10-27,839.0,942
4,available_rate,baseline,n/a,False,2020-10-28,791.0,932
4,available_rate,baseline,n/a,False,2020-10-29,667.0,919
4,available_rate,baseline,n/a,False,2020-10-30,398.0,852
4,available_rate,baseline,n/a,False,2020-11-02,1150.0,946
4,available_rate,baseline,n/a,False,2020-11-03,810.0,957
4,available_rate,baseline,n/a,False,2020-11-04,789.0,942
4,available_rate,baseline,n/a,False,2020-11-05,596.0,935
4,available_rate,baseline,n/a,False,2020-11-06,459.0,877
4,available_rate,baseline,n/a,False,2020-11-09,1076.0,943
4,available_rate,baseline,n/a,False,2020-11-10,784.0,942
4,available_rate,baseline,n/a,False,2020-11-11,747.0,940
4,available_rate,baseline,n/a,False,2020-11-12,678.0,934
4,available_rate,baseline,n/a,False,2020-11-13,529.0,864
4,available_rate,baseline,n/a,False,2020-11-16,1068.0,945
4,available_rate,baseline,n/a,False,2020-11-17,784.0,947
4,available_rate,baseline,n/a,False,2020-11-18,774.0,949
4,available_rate,baseline,n/a,False,2020-11-19,653.0,937
4,available_rate,baseline,n/a,False,2020-11-20,747.0,843
4,available_rate,baseline,n/a,False,2020-11-23,1292.0,886
4,available_rate,baseline,n/a,False,2020-11-24,1156.0,858
4,available_rate,baseline,n/a,False,2020-11-25,1146.0,842
4,available_rate,baseline,n/a,False,2020-11-26,1034.0,821
4,available_rate,baseline,n/a,False,2020-11-27,895.0,782
4,available_rate,baseline,n/a,False,2020-11-30,1273.0,856
4,available_rate,baseline,n/a,False,2020-12-01,1324.0,834
4,available_rate,baseline,n/a,False,2020-12-02,1188.0,832
4,available_rate,baseline,n/a,False,2020-12-03,1059.0,816
4,available_rate,baseline,n/a,False,2020-12-04,858.0,767
4,available_rate,baseline,n/a,False,2020-12-07,1317.0,849
4,available_rate,baseline,n/a,False,2020-12-08,1138.0,850
4,available_rate,baseline,n/a,False,2020-12-09,994.0,821
4,available_rate,baseline,n/a,False,2020-12-10,975.0,832
4,available_rate,baseline,n/a,False,2020-12-11,742.0,780
4,available_rate,baseline,n/a,False,2020-12-14,1329.0,862
4,available_rate,baseline,n/a,False,2020-12-15,1202.0,831
4,available_rate,baseline,n/a,False,2020-12-16,1135.0,846
4,available_rate,baseline,n/a,False,2020-12-17,1096.0,845
4,available_rate,baseline,n/a,False,2020-12-18,917.0,784
4,available_rate,baseline,n/a,False,2020-12-21,1256.0,847
4,available_rate,baseline,n/a,False,2020-12-22,984.0,835
4,available_rate,baseline,n/a,False,2020-12-23,768.0,779
4,available_rate,baseline,n/a,False,2020-12-24,591.0,670
4,available_rate,baseline,n/a,False,2021-01-04,1405.0,926
4,available_rate,baseline,n/a,False,2021-01-05,1128.0,880
4,available_rate,baseline,n/a,False,2021-01-06,1014.0,869
4,available_rate,baseline,n/a,False,2021-01-07,1040.0,859
4,available_rate,baseline,n/a,False,2021-01-08,726.0,804
4,available_rate,baseline,n/a,False,2021-01-11,1257.0,885
4,available_rate,baseline,n/a,False,2021-01-12,963.0,876
4,available_rate,baseline,n/a,False,2021-01-13,913.0,879
4,available_rate,baseline,n/a,False,2021-01-14,1038.0,872
4,available_rate,baseline,n/a,False,2021-01-15,702.0,825
4,available_rate,baseline,n/a,False,2021-01-18,1277.0,902
4,available_rate,baseline,n/a,False,2021-01-19,1038.0,893
4,available_rate,baseline,n/a,False,2021-01-20,1093.0,873
4,available_rate,baseline,n/a,False,2021-01-21,832.0,869
4,available_rate,baseline,n/a,False,2021-01-22,579.0,819
4,available_rate,baseline,n/a,False,2021-01-25,1145.0,902
4,available_rate,baseline,n/a,False,2021-01-26,1015.0,891
4,past_5_actual_mean,baseline,n/a,False,2020-05-21,653.0,855
4,past_5_actual_mean,baseline,n/a,False,2020-05-22,512.0,827
4,past_5_actual_mean,baseline,n/a,False,2020-05-25,1062.0,806
4,past_5_actual_mean,baseline,n/a,False,2020-05-26,781.0,791
4,past_5_actual_mean,baseline,n/a,False,2020-05-27,704.0,760
4,past_5_actual_mean,baseline,n/a,False,2020-05-28,662.0,742
4,past_5_actual_mean,baseline,n/a,False,2020-05-29,450.0,744
4,past_5_actual_mean,baseline,n/a,False,2020-06-01,1114.0,732
4,past_5_actual_mean,baseline,n/a,False,2020-06-02,761.0,742
4,past_5_actual_mean,baseline,n/a,False,2020-06-03,693.0,738
4,past_5_actual_mean,baseline,n/a,False,2020-06-04,657.0,736
4,past_5_actual_mean,baseline,n/a,False,2020-06-05,505.0,735
4,past_5_actual_mean,baseline,n/a,False,2020-06-08,1130.0,746
4,past_5_actual_mean,baseline,n/a,False,2020-06-09,823.0,749
4,past_5_actual_mean,baseline,n/a,False,2020-06-10,719.0,762
4,past_5_actual_mean,baseline,n/a,False,2020-06-11,682.0,767
4,past_5_actual_mean,baseline,n/a,False,2020-06-12,516.0,772
4,past_5_actual_mean,baseline,n/a,False,2020-07-01,866.0,774
4,past_5_actual_mean,baseline,n/a,False,2020-07-02,675.0,721
4,past_5_actual_mean,baseline,n/a,False,2020-07-03,607.0,692
4,past_5_actual_mean,baseline,n/a,False,2020-07-06,1132.0,669
4,past_5_actual_mean,baseline,n/a,False,2020-07-07,917.0,759
4,past_5_actual_mean,baseline,n/a,False,2020-07-08,847.0,839
4,past_5_actual_mean,baseline,n/a,False,2020-07-09,717.0,836
4,past_5_actual_mean,baseline,n/a,False,2020-07-10,611.0,844
4,past_5_actual_mean,baseline,n/a,False,2020-07-13,1260.0,845
4,past_5_actual_mean,baseline,n/a,False,2020-07-14,814.0,870
4,past_5_actual_mean,baseline,n/a,False,2020-07-15,842.0,850
4,past_5_actual_mean,baseline,n/a,False,2020-07-16,971.0,849
4,past_5_actual_mean,baseline,n/a,False,2020-07-17,656.0,900
4,past_5_actual_mean,baseline,n/a,False,2020-07-20,1190.0,909
4,past_5_actual_mean,baseline,n/a,False,2020-07-21,861.0,895
4,past_5_actual_mean,baseline,n/a,False,2020-07-22,823.0,904
4,past_5_actual_mean,baseline,n/a,False,2020-07-23,758.0,900
4,past_5_actual_mean,baseline,n/a,False,2020-07-24,450.0,858
4,past_5_actual_mean,baseline,n/a,False,2020-07-27,1118.0,816
4,past_5_actual_mean,baseline,n/a,False,2020-07-28,873.0,802
4,past_5_actual_mean,baseline,n/a,False,2020-07-29,871.0,804
4,past_5_actual_mean,baseline,n/a,False,2020-07-30,704.0,814
4,past_5_actual_mean,baseline,n/a,False,2020-07-31,477.0,803
4,past_5_actual_mean,baseline,n/a,False,2020-08-03,1033.0,809
4,past_5_actual_mean,baseline,n/a,False,2020-08-04,776.0,792
4,past_5_actual_mean,baseline,n/a,False,2020-08-05,720.0,772
4,past_5_actual_mean,baseline,n/a,False,2020-08-06,763.0,742
4,past_5_actual_mean,baseline,n/a,False,2020-08-07,476.0,754
4,past_5_actual_mean,baseline,n/a,False,2020-08-10,1011.0,754
4,past_5_actual_mean,baseline,n/a,False,2020-08-11,805.0,749
4,past_5_actual_mean,baseline,n/a,False,2020-08-12,701.0,755
4,past_5_actual_mean,baseline,n/a,False,2020-08-13,594.0,751
4,past_5_actual_mean,baseline,n/a,False,2020-08-14,477.0,717
4,past_5_actual_mean,baseline,n/a,False,2020-08-18,971.0,718
4,past_5_actual_mean,baseline,n/a,False,2020-08-19,801.0,710
4,past_5_actual_mean,baseline,n/a,False,2020-08-20,749.0,709
4,past_5_actual_mean,baseline,n/a,False,2020-08-21,514.0,718
4,past_5_actual_mean,baseline,n/a,False,2020-08-24,1178.0,702
4,past_5_actual_mean,baseline,n/a,False,2020-08-25,1046.0,843
4,past_5_actual_mean,baseline,n/a,False,2020-08-26,897.0,858
4,past_5_actual_mean,baseline,n/a,False,2020-08-27,963.0,877
4,past_5_actual_mean,baseline,n/a,False,2020-08-28,784.0,920
4,past_5_actual_mean,baseline,n/a,False,2020-08-31,1243.0,974
4,past_5_actual_mean,baseline,n/a,False,2020-09-01,1021.0,987
4,past_5_actual_mean,baseline,n/a,False,2020-09-02,1006.0,982
4,past_5_actual_mean,baseline,n/a,False,2020-09-03,924.0,1003
4,past_5_actual_mean,baseline,n/a,False,2020-09-04,746.0,996
4,past_5_actual_mean,baseline,n/a,False,2020-09-07,1186.0,988
4,past_5_actual_mean,baseline,n/a,False,2020-09-08,986.0,977
4,past_5_actual_mean,baseline,n/a,False,2020-09-09,965.0,970
4,past_5_actual_mean,baseline,n/a,False,2020-09-10,881.0,961
4,past_5_actual_mean,baseline,n/a,False,2020-09-11,661.0,953
4,past_5_actual_mean,baseline,n/a,False,2020-09-14,1191.0,936
4,past_5_actual_mean,baseline,n/a,False,2020-09-15,855.0,937
4,past_5_actual_mean,baseline,n/a,False,2020-09-16,953.0,911
4,past_5_actual_mean,baseline,n/a,False,2020-09-17,797.0,908
4,past_5_actual_mean,baseline,n/a,False,2020-09-18,570.0,891
4,past_5_actual_mean,baseline,n/a,False,2020-09-21,1176.0,873
4,past_5_actual_mean,baseline,n/a,False,2020-09-22,908.0,870
4,past_5_actual_mean,baseline,n/a,False,2020-09-23,970.0,881
4,past_5_actual_mean,baseline,n/a,False,2020-09-24,739.0,884
4,past_5_actual_mean,baseline,n/a,False,2020-09-25,540.0,873
4,past_5_actual_mean,baseline,n/a,False,2020-09-28,358.0,867
4,past_5_actual_mean,baseline,n/a,False,2020-10-05,1252.0,703
4,past_5_actual_mean,baseline,n/a,False,2020-10-06,977.0,772
4,past_5_actual_mean,baseline,n/a,False,2020-10-07,880.0,773
4,past_5_actual_mean,baseline,n/a,False,2020-10-08,923.0,801
4,past_5_actual_mean,baseline,n/a,False,2020-10-12,1096.0,878
4,past_5_actual_mean,baseline,n/a,False,2020-10-13,839.0,1026
4,past_5_actual_mean,baseline,n/a,False,2020-10-14,797.0,943
4,past_5_actual_mean,baseline,n/a,False,2020-10-15,793.0,907
4,past_5_actual_mean,baseline,n/a,False,2020-10-16,660.0,890
4,past_5_actual_mean,baseline,n/a,False,2020-10-19,1035.0,837
4,past_5_actual_mean,baseline,n/a,False,2020-10-20,851.0,825
4,past_5_actual_mean,baseline,n/a,False,2020-10-21,887.0,827
4,past_5_actual_mean,baseline,n/a,False,2020-10-22,799.0,845
4,past_5_actual_mean,baseline,n/a,False,2020-10-23,648.0,846
4,past_5_actual_mean,baseline,n/a,False,2020-10-26,1069.0,844
4,past_5_actual_mean,baseline,n/a,False,2020-10-27,839.0,851
4,past_5_actual_mean,baseline,n/a,False,2020-10-28,791.0,848
4,past_5_actual_mean,baseline,n/a,False,2020-10-29,667.0,829
4,past_5_actual_mean,baseline,n/a,False,2020-10-30,398.0,803
4,past_5_actual_mean,baseline,n/a,False,2020-11-02,1150.0,753
4,past_5_actual_mean,baseline,n/a,False,2020-11-03,810.0,769
4,past_5_actual_mean,baseline,n/a,False,2020-11-04,789.0,763
4,past_5_actual_mean,baseline,n/a,False,2020-11-05,596.0,763
4,past_5_actual_mean,baseline,n/a,False,2020-11-06,459.0,749
4,past_5_actual_mean,baseline,n/a,False,2020-11-09,1076.0,761
4,past_5_actual_mean,baseline,n/a,False,2020-11-10,784.0,746
4,past_5_actual_mean,baseline,n/a,False,2020-11-11,747.0,741
4,past_5_actual_mean,baseline,n/a,False,2020-11-12,678.0,732
4,past_5_actual_mean,baseline,n/a,False,2020-11-13,529.0,749
4,past_5_actual_mean,baseline,n/a,False,2020-11-16,1068.0,763
4,past_5_actual_mean,baseline,n/a,False,2020-11-17,784.0,761
4,past_5_actual_mean,baseline,n/a,False,2020-11-18,774.0,761
4,past_5_actual_mean,baseline,n/a,False,2020-11-19,653.0,767
4,past_5_actual_mean,baseline,n/a,False,2020-11-20,747.0,762
4,past_5_actual_mean,baseline,n/a,False,2020-11-23,1292.0,805
4,past_5_actual_mean,baseline,n/a,False,2020-11-24,1156.0,850
4,past_5_actual_mean,baseline,n/a,False,2020-11-25,1146.0,924
4,past_5_actual_mean,baseline,n/a,False,2020-11-26,1034.0,999
4,past_5_actual_mean,baseline,n/a,False,2020-11-27,895.0,1075
4,past_5_actual_mean,baseline,n/a,False,2020-11-30,1273.0,1105
4,past_5_actual_mean,baseline,n/a,False,2020-12-01,1324.0,1101
4,past_5_actual_mean,baseline,n/a,False,2020-12-02,1188.0,1134
4,past_5_actual_mean,baseline,n/a,False,2020-12-03,1059.0,1143
4,past_5_actual_mean,baseline,n/a,False,2020-12-04,858.0,1148
4,past_5_actual_mean,baseline,n/a,False,2020-12-07,1317.0,1140
4,past_5_actual_mean,baseline,n/a,False,2020-12-08,1138.0,1149
4,past_5_actual_mean,baseline,n/a,False,2020-12-09,994.0,1112
4,past_5_actual_mean,baseline,n/a,False,2020-12-10,975.0,1073
4,past_5_actual_mean,baseline,n/a,False,2020-12-11,742.0,1056
4,past_5_actual_mean,baseline,n/a,False,2020-12-14,1329.0,1033
4,past_5_actual_mean,baseline,n/a,False,2020-12-15,1202.0,1036
4,past_5_actual_mean,baseline,n/a,False,2020-12-16,1135.0,1048
4,past_5_actual_mean,baseline,n/a,False,2020-12-17,1096.0,1077
4,past_5_actual_mean,baseline,n/a,False,2020-12-18,917.0,1101
4,past_5_actual_mean,baseline,n/a,False,2020-12-21,1256.0,1136
4,past_5_actual_mean,baseline,n/a,False,2020-12-22,984.0,1121
4,past_5_actual_mean,baseline,n/a,False,2020-12-23,768.0,1078
4,past_5_actual_mean,baseline,n/a,False,2020-12-24,591.0,1004
4,past_5_actual_mean,baseline,n/a,False,2021-01-04,1405.0,903
4,past_5_actual_mean,baseline,n/a,False,2021-01-05,1128.0,1001
4,past_5_actual_mean,baseline,n/a,False,2021-01-06,1014.0,975
4,past_5_actual_mean,baseline,n/a,False,2021-01-07,1040.0,981
4,past_5_actual_mean,baseline,n/a,False,2021-01-08,726.0,1036
4,past_5_actual_mean,baseline,n/a,False,2021-01-11,1257.0,1063
4,past_5_actual_mean,baseline,n/a,False,2021-01-12,963.0,1033
4,past_5_actual_mean,baseline,n/a,False,2021-01-13,913.0,1000
4,past_5_actual_mean,baseline,n/a,False,2021-01-14,1038.0,980
4,past_5_actual_mean,baseline,n/a,False,2021-01-15,702.0,979
4,past_5_actual_mean,baseline,n/a,False,2021-01-18,1277.0,975
4,past_5_actual_mean,baseline,n/a,False,2021-01-19,1038.0,979
4,past_5_actual_mean,baseline,n/a,False,2021-01-20,1093.0,994
4,past_5_actual_mean,baseline,n/a,False,2021-01-21,832.0,1030
4,past_5_actual_mean,baseline,n/a,False,2021-01-22,579.0,988
4,past_5_actual_mean,baseline,n/a,False,2021-01-25,1145.0,964
4,past_5_actual_mean,baseline,n/a,False,2021-01-26,1015.0,937
4,lightgbm,A,v2,True,2020-05-21,653.0,800
4,lightgbm,A,v2,True,2020-05-22,512.0,672
4,lightgbm,A,v2,True,2020-05-25,1062.0,1113
4,lightgbm,A,v2,True,2020-05-26,781.0,977
4,lightgbm,A,v2,True,2020-05-27,704.0,800
4,lightgbm,A,v2,True,2020-05-28,662.0,799
4,lightgbm,A,v2,True,2020-05-29,450.0,605
4,lightgbm,A,v2,True,2020-06-01,1114.0,1086
4,lightgbm,A,v2,True,2020-06-02,761.0,904
4,lightgbm,A,v2,True,2020-06-03,693.0,800
4,lightgbm,A,v2,True,2020-06-04,657.0,742
4,lightgbm,A,v2,True,2020-06-05,505.0,594
4,lightgbm,A,v2,True,2020-06-08,1130.0,908
4,lightgbm,A,v2,True,2020-06-09,823.0,779
4,lightgbm,A,v2,True,2020-06-10,719.0,754
4,lightgbm,A,v2,True,2020-06-11,682.0,742
4,lightgbm,A,v2,True,2020-06-12,516.0,545
4,lightgbm,A,v2,True,2020-07-01,866.0,888
4,lightgbm,A,v2,True,2020-07-02,675.0,828
4,lightgbm,A,v2,True,2020-07-03,607.0,621
4,lightgbm,A,v2,True,2020-07-06,1132.0,1114
4,lightgbm,A,v2,True,2020-07-07,917.0,949
4,lightgbm,A,v2,True,2020-07-08,847.0,887
4,lightgbm,A,v2,True,2020-07-09,717.0,756
4,lightgbm,A,v2,True,2020-07-10,611.0,675
4,lightgbm,A,v2,True,2020-07-13,1260.0,1056
4,lightgbm,A,v2,True,2020-07-14,814.0,1083
4,lightgbm,A,v2,True,2020-07-15,842.0,883
4,lightgbm,A,v2,True,2020-07-16,971.0,848
4,lightgbm,A,v2,True,2020-07-17,656.0,618
4,lightgbm,A,v2,True,2020-07-20,1190.0,1089
4,lightgbm,A,v2,True,2020-07-21,861.0,1094
4,lightgbm,A,v2,True,2020-07-22,823.0,764
4,lightgbm,A,v2,True,2020-07-23,758.0,839
4,lightgbm,A,v2,True,2020-07-24,450.0,664
4,lightgbm,A,v2,True,2020-07-27,1118.0,1065
4,lightgbm,A,v2,True,2020-07-28,873.0,1148
4,lightgbm,A,v2,True,2020-07-29,871.0,843
4,lightgbm,A,v2,True,2020-07-30,704.0,845
4,lightgbm,A,v2,True,2020-07-31,477.0,686
4,lightgbm,A,v2,True,2020-08-03,1033.0,864
4,lightgbm,A,v2,True,2020-08-04,776.0,837
4,lightgbm,A,v2,True,2020-08-05,720.0,631
4,lightgbm,A,v2,True,2020-08-06,763.0,778
4,lightgbm,A,v2,True,2020-08-07,476.0,489
4,lightgbm,A,v2,True,2020-08-10,1011.0,849
4,lightgbm,A,v2,True,2020-08-11,805.0,825
4,lightgbm,A,v2,True,2020-08-12,701.0,618
4,lightgbm,A,v2,True,2020-08-13,594.0,776
4,lightgbm,A,v2,True,2020-08-14,477.0,514
4,lightgbm,A,v2,True,2020-08-18,971.0,842
4,lightgbm,A,v2,True,2020-08-19,801.0,649
4,lightgbm,A,v2,True,2020-08-20,749.0,827
4,lightgbm,A,v2,True,2020-08-21,514.0,641
4,lightgbm,A,v2,True,2020-08-24,1178.0,942
4,lightgbm,A,v2,True,2020-08-25,1046.0,1081
4,lightgbm,A,v2,True,2020-08-26,897.0,854
4,lightgbm,A,v2,True,2020-08-27,963.0,1009
4,lightgbm,A,v2,True,2020-08-28,784.0,782
4,lightgbm,A,v2,True,2020-08-31,1243.0,963
4,lightgbm,A,v2,True,2020-09-01,1021.0,1178
4,lightgbm,A,v2,True,2020-09-02,1006.0,1130
4,lightgbm,A,v2,True,2020-09-03,924.0,1166
4,lightgbm,A,v2,True,2020-09-04,746.0,934
4,lightgbm,A,v2,True,2020-09-07,1186.0,1157
4,lightgbm,A,v2,True,2020-09-08,986.0,1181
4,lightgbm,A,v2,True,2020-09-09,965.0,1155
4,lightgbm,A,v2,True,2020-09-10,881.0,1140
4,lightgbm,A,v2,True,2020-09-11,661.0,780
4,lightgbm,A,v2,True,2020-09-14,1191.0,1147
4,lightgbm,A,v2,True,2020-09-15,855.0,1156
4,lightgbm,A,v2,True,2020-09-16,953.0,1046
4,lightgbm,A,v2,True,2020-09-17,797.0,973
4,lightgbm,A,v2,True,2020-09-18,570.0,684
4,lightgbm,A,v2,True,2020-09-21,1176.0,1143
4,lightgbm,A,v2,True,2020-09-22,908.0,1112
4,lightgbm,A,v2,True,2020-09-23,970.0,968
4,lightgbm,A,v2,True,2020-09-24,739.0,917
4,lightgbm,A,v2,True,2020-09-25,540.0,669
4,lightgbm,A,v2,True,2020-09-28,358.0,572
4,lightgbm,A,v2,True,2020-10-05,1252.0,1230
4,lightgbm,A,v2,True,2020-10-06,977.0,1145
4,lightgbm,A,v2,True,2020-10-07,880.0,942
4,lightgbm,A,v2,True,2020-10-08,923.0,1067
4,lightgbm,A,v2,True,2020-10-12,1096.0,1138
4,lightgbm,A,v2,True,2020-10-13,839.0,927
4,lightgbm,A,v2,True,2020-10-14,797.0,847
4,lightgbm,A,v2,True,2020-10-15,793.0,897
4,lightgbm,A,v2,True,2020-10-16,660.0,697
4,lightgbm,A,v2,True,2020-10-19,1035.0,1181
4,lightgbm,A,v2,True,2020-10-20,851.0,926
4,lightgbm,A,v2,True,2020-10-21,887.0,880
4,lightgbm,A,v2,True,2020-10-22,799.0,884
4,lightgbm,A,v2,True,2020-10-23,648.0,673
4,lightgbm,A,v2,True,2020-10-26,1069.0,1133
4,lightgbm,A,v2,True,2020-10-27,839.0,869
4,lightgbm,A,v2,True,2020-10-28,791.0,796
4,lightgbm,A,v2,True,2020-10-29,667.0,708
4,lightgbm,A,v2,True,2020-10-30,398.0,586
4,lightgbm,A,v2,True,2020-11-02,1150.0,1156
4,lightgbm,A,v2,True,2020-11-03,810.0,867
4,lightgbm,A,v2,True,2020-11-04,789.0,812
4,lightgbm,A,v2,True,2020-11-05,596.0,752
4,lightgbm,A,v2,True,2020-11-06,459.0,604
4,lightgbm,A,v2,True,2020-11-09,1076.0,966
4,lightgbm,A,v2,True,2020-11-10,784.0,780
4,lightgbm,A,v2,True,2020-11-11,747.0,779
4,lightgbm,A,v2,True,2020-11-12,678.0,735
4,lightgbm,A,v2,True,2020-11-13,529.0,647
4,lightgbm,A,v2,True,2020-11-16,1068.0,1100
4,lightgbm,A,v2,True,2020-11-17,784.0,865
4,lightgbm,A,v2,True,2020-11-18,774.0,866
4,lightgbm,A,v2,True,2020-11-19,653.0,870
4,lightgbm,A,v2,True,2020-11-20,747.0,647
4,lightgbm,A,v2,True,2020-11-23,1292.0,1074
4,lightgbm,A,v2,True,2020-11-24,1156.0,1048
4,lightgbm,A,v2,True,2020-11-25,1146.0,960
4,lightgbm,A,v2,True,2020-11-26,1034.0,1064
4,lightgbm,A,v2,True,2020-11-27,895.0,767
4,lightgbm,A,v2,True,2020-11-30,1273.0,1159
4,lightgbm,A,v2,True,2020-12-01,1324.0,1098
4,lightgbm,A,v2,True,2020-12-02,1188.0,864
4,lightgbm,A,v2,True,2020-12-03,1059.0,982
4,lightgbm,A,v2,True,2020-12-04,858.0,688
4,lightgbm,A,v2,True,2020-12-07,1317.0,1055
4,lightgbm,A,v2,True,2020-12-08,1138.0,1079
4,lightgbm,A,v2,True,2020-12-09,994.0,870
4,lightgbm,A,v2,True,2020-12-10,975.0,965
4,lightgbm,A,v2,True,2020-12-11,742.0,781
4,lightgbm,A,v2,True,2020-12-14,1329.0,1146
4,lightgbm,A,v2,True,2020-12-15,1202.0,1065
4,lightgbm,A,v2,True,2020-12-16,1135.0,858
4,lightgbm,A,v2,True,2020-12-17,1096.0,990
4,lightgbm,A,v2,True,2020-12-18,917.0,792
4,lightgbm,A,v2,True,2020-12-21,1256.0,1005
4,lightgbm,A,v2,True,2020-12-22,984.0,973
4,lightgbm,A,v2,True,2020-12-23,768.0,766
4,lightgbm,A,v2,True,2020-12-24,591.0,447
4,lightgbm,A,v2,True,2021-01-04,1405.0,1139
4,lightgbm,A,v2,True,2021-01-05,1128.0,1099
4,lightgbm,A,v2,True,2021-01-06,1014.0,1070
4,lightgbm,A,v2,True,2021-01-07,1040.0,1120
4,lightgbm,A,v2,True,2021-01-08,726.0,824
4,lightgbm,A,v2,True,2021-01-11,1257.0,1100
4,lightgbm,A,v2,True,2021-01-12,963.0,1103
4,lightgbm,A,v2,True,2021-01-13,913.0,1081
4,lightgbm,A,v2,True,2021-01-14,1038.0,1028
4,lightgbm,A,v2,True,2021-01-15,702.0,824
4,lightgbm,A,v2,True,2021-01-18,1277.0,1086
4,lightgbm,A,v2,True,2021-01-19,1038.0,1084
4,lightgbm,A,v2,True,2021-01-20,1093.0,1034
4,lightgbm,A,v2,True,2021-01-21,832.0,941
4,lightgbm,A,v2,True,2021-01-22,579.0,653
4,lightgbm,A,v2,True,2021-01-25,1145.0,1121
4,lightgbm,A,v2,True,2021-01-26,1015.0,1114
4,lightgbm,B,v2,True,2020-05-21,653.0,798
4,lightgbm,B,v2,True,2020-05-22,512.0,623
4,lightgbm,B,v2,True,2020-05-25,1062.0,1191
4,lightgbm,B,v2,True,2020-05-26,781.0,927
4,lightgbm,B,v2,True,2020-05-27,704.0,885
4,lightgbm,B,v2,True,2020-05-28,662.0,799
4,lightgbm,B,v2,True,2020-05-29,450.0,604
4,lightgbm,B,v2,True,2020-06-01,1114.0,1155
4,lightgbm,B,v2,True,2020-06-02,761.0,908
4,lightgbm,B,v2,True,2020-06-03,693.0,839
4,lightgbm,B,v2,True,2020-06-04,657.0,748
4,lightgbm,B,v2,True,2020-06-05,505.0,577
4,lightgbm,B,v2,True,2020-06-08,1130.0,1109
4,lightgbm,B,v2,True,2020-06-09,823.0,818
4,lightgbm,B,v2,True,2020-06-10,719.0,830
4,lightgbm,B,v2,True,2020-06-11,682.0,747
4,lightgbm,B,v2,True,2020-06-12,516.0,565
4,lightgbm,B,v2,True,2020-07-01,866.0,923
4,lightgbm,B,v2,True,2020-07-02,675.0,825
4,lightgbm,B,v2,True,2020-07-03,607.0,635
4,lightgbm,B,v2,True,2020-07-06,1132.0,1180
4,lightgbm,B,v2,True,2020-07-07,917.0,924
4,lightgbm,B,v2,True,2020-07-08,847.0,928
4,lightgbm,B,v2,True,2020-07-09,717.0,749
4,lightgbm,B,v2,True,2020-07-10,611.0,639
4,lightgbm,B,v2,True,2020-07-13,1260.0,1163
4,lightgbm,B,v2,True,2020-07-14,814.0,943
4,lightgbm,B,v2,True,2020-07-15,842.0,915
4,lightgbm,B,v2,True,2020-07-16,971.0,819
4,lightgbm,B,v2,True,2020-07-17,656.0,632
4,lightgbm,B,v2,True,2020-07-20,1190.0,1157
4,lightgbm,B,v2,True,2020-07-21,861.0,947
4,lightgbm,B,v2,True,2020-07-22,823.0,807
4,lightgbm,B,v2,True,2020-07-23,758.0,807
4,lightgbm,B,v2,True,2020-07-24,450.0,596
4,lightgbm,B,v2,True,2020-07-27,1118.0,1188
4,lightgbm,B,v2,True,2020-07-28,873.0,1040
4,lightgbm,B,v2,True,2020-07-29,871.0,948
4,lightgbm,B,v2,True,2020-07-30,704.0,830
4,lightgbm,B,v2,True,2020-07-31,477.0,593
4,lightgbm,B,v2,True,2020-08-03,1033.0,919
4,lightgbm,B,v2,True,2020-08-04,776.0,771
4,lightgbm,B,v2,True,2020-08-05,720.0,722
4,lightgbm,B,v2,True,2020-08-06,763.0,776
4,lightgbm,B,v2,True,2020-08-07,476.0,447
4,lightgbm,B,v2,True,2020-08-10,1011.0,900
4,lightgbm,B,v2,True,2020-08-11,805.0,757
4,lightgbm,B,v2,True,2020-08-12,701.0,754
4,lightgbm,B,v2,True,2020-08-13,594.0,778
4,lightgbm,B,v2,True,2020-08-14,477.0,442
4,lightgbm,B,v2,True,2020-08-18,971.0,751
4,lightgbm,B,v2,True,2020-08-19,801.0,761
4,lightgbm,B,v2,True,2020-08-20,749.0,858
4,lightgbm,B,v2,True,2020-08-21,514.0,571
4,lightgbm,B,v2,True,2020-08-24,1178.0,907
4,lightgbm,B,v2,True,2020-08-25,1046.0,960
4,lightgbm,B,v2,True,2020-08-26,897.0,949
4,lightgbm,B,v2,True,2020-08-27,963.0,909
4,lightgbm,B,v2,True,2020-08-28,784.0,717
4,lightgbm,B,v2,True,2020-08-31,1243.0,1146
4,lightgbm,B,v2,True,2020-09-01,1021.0,1075
4,lightgbm,B,v2,True,2020-09-02,1006.0,1134
4,lightgbm,B,v2,True,2020-09-03,924.0,1019
4,lightgbm,B,v2,True,2020-09-04,746.0,825
4,lightgbm,B,v2,True,2020-09-07,1186.0,1228
4,lightgbm,B,v2,True,2020-09-08,986.0,1074
4,lightgbm,B,v2,True,2020-09-09,965.0,1182
4,lightgbm,B,v2,True,2020-09-10,881.0,987
4,lightgbm,B,v2,True,2020-09-11,661.0,725
4,lightgbm,B,v2,True,2020-09-14,1191.0,1218
4,lightgbm,B,v2,True,2020-09-15,855.0,1067
4,lightgbm,B,v2,True,2020-09-16,953.0,1028
4,lightgbm,B,v2,True,2020-09-17,797.0,924
4,lightgbm,B,v2,True,2020-09-18,570.0,657
4,lightgbm,B,v2,True,2020-09-21,1176.0,1214
4,lightgbm,B,v2,True,2020-09-22,908.0,981
4,lightgbm,B,v2,True,2020-09-23,970.0,957
4,lightgbm,B,v2,True,2020-09-24,739.0,876
4,lightgbm,B,v2,True,2020-09-25,540.0,640
4,lightgbm,B,v2,True,2020-09-28,358.0,626
4,lightgbm,B,v2,True,2020-10-05,1252.0,1279
4,lightgbm,B,v2,True,2020-10-06,977.0,1052
4,lightgbm,B,v2,True,2020-10-07,880.0,1002
4,lightgbm,B,v2,True,2020-10-08,923.0,943
4,lightgbm,B,v2,True,2020-10-12,1096.0,1202
4,lightgbm,B,v2,True,2020-10-13,839.0,900
4,lightgbm,B,v2,True,2020-10-14,797.0,886
4,lightgbm,B,v2,True,2020-10-15,793.0,854
4,lightgbm,B,v2,True,2020-10-16,660.0,679
4,lightgbm,B,v2,True,2020-10-19,1035.0,1199
4,lightgbm,B,v2,True,2020-10-20,851.0,893
4,lightgbm,B,v2,True,2020-10-21,887.0,909
4,lightgbm,B,v2,True,2020-10-22,799.0,858
4,lightgbm,B,v2,True,2020-10-23,648.0,631
4,lightgbm,B,v2,True,2020-10-26,1069.0,1163
4,lightgbm,B,v2,True,2020-10-27,839.0,877
4,lightgbm,B,v2,True,2020-10-28,791.0,842
4,lightgbm,B,v2,True,2020-10-29,667.0,752
4,lightgbm,B,v2,True,2020-10-30,398.0,578
4,lightgbm,B,v2,True,2020-11-02,1150.0,1165
4,lightgbm,B,v2,True,2020-11-03,810.0,849
4,lightgbm,B,v2,True,2020-11-04,789.0,846
4,lightgbm,B,v2,True,2020-11-05,596.0,731
4,lightgbm,B,v2,True,2020-11-06,459.0,628
4,lightgbm,B,v2,True,2020-11-09,1076.0,1129
4,lightgbm,B,v2,True,2020-11-10,784.0,815
4,lightgbm,B,v2,True,2020-11-11,747.0,841
4,lightgbm,B,v2,True,2020-11-12,678.0,727
4,lightgbm,B,v2,True,2020-11-13,529.0,593
4,lightgbm,B,v2,True,2020-11-16,1068.0,1147
4,lightgbm,B,v2,True,2020-11-17,784.0,869
4,lightgbm,B,v2,True,2020-11-18,774.0,850
4,lightgbm,B,v2,True,2020-11-19,653.0,780
4,lightgbm,B,v2,True,2020-11-20,747.0,593
4,lightgbm,B,v2,True,2020-11-23,1292.0,1143
4,lightgbm,B,v2,True,2020-11-24,1156.0,956
4,lightgbm,B,v2,True,2020-11-25,1146.0,1043
4,lightgbm,B,v2,True,2020-11-26,1034.0,918
4,lightgbm,B,v2,True,2020-11-27,895.0,708
4,lightgbm,B,v2,True,2020-11-30,1273.0,1235
4,lightgbm,B,v2,True,2020-12-01,1324.0,1002
4,lightgbm,B,v2,True,2020-12-02,1188.0,964
4,lightgbm,B,v2,True,2020-12-03,1059.0,912
4,lightgbm,B,v2,True,2020-12-04,858.0,615
4,lightgbm,B,v2,True,2020-12-07,1317.0,1175
4,lightgbm,B,v2,True,2020-12-08,1138.0,988
4,lightgbm,B,v2,True,2020-12-09,994.0,964
4,lightgbm,B,v2,True,2020-12-10,975.0,881
4,lightgbm,B,v2,True,2020-12-11,742.0,681
4,lightgbm,B,v2,True,2020-12-14,1329.0,1181
4,lightgbm,B,v2,True,2020-12-15,1202.0,975
4,lightgbm,B,v2,True,2020-12-16,1135.0,963
4,lightgbm,B,v2,True,2020-12-17,1096.0,882
4,lightgbm,B,v2,True,2020-12-18,917.0,724
4,lightgbm,B,v2,True,2020-12-21,1256.0,1180
4,lightgbm,B,v2,True,2020-12-22,984.0,975
4,lightgbm,B,v2,True,2020-12-23,768.0,911
4,lightgbm,B,v2,True,2020-12-24,591.0,395
4,lightgbm,B,v2,True,2021-01-04,1405.0,1225
4,lightgbm,B,v2,True,2021-01-05,1128.0,1044
4,lightgbm,B,v2,True,2021-01-06,1014.0,1082
4,lightgbm,B,v2,True,2021-01-07,1040.0,966
4,lightgbm,B,v2,True,2021-01-08,726.0,771
4,lightgbm,B,v2,True,2021-01-11,1257.0,1198
4,lightgbm,B,v2,True,2021-01-12,963.0,1060
4,lightgbm,B,v2,True,2021-01-13,913.0,1077
4,lightgbm,B,v2,True,2021-01-14,1038.0,866
4,lightgbm,B,v2,True,2021-01-15,702.0,721
4,lightgbm,B,v2,True,2021-01-18,1277.0,1223
4,lightgbm,B,v2,True,2021-01-19,1038.0,1011
4,lightgbm,B,v2,True,2021-01-20,1093.0,1048
4,lightgbm,B,v2,True,2021-01-21,832.0,839
4,lightgbm,B,v2,True,2021-01-22,579.0,673
4,lightgbm,B,v2,True,2021-01-25,1145.0,1175
4,lightgbm,B,v2,True,2021-01-26,1015.0,1020
4,lightgbm,C,v1,True,2020-05-21,653.0,794
4,lightgbm,C,v1,True,2020-05-22,512.0,642
4,lightgbm,C,v1,True,2020-05-25,1062.0,1199
4,lightgbm,C,v1,True,2020-05-26,781.0,923
4,lightgbm,C,v1,True,2020-05-27,704.0,824
4,lightgbm,C,v1,True,2020-05-28,662.0,800
4,lightgbm,C,v1,True,2020-05-29,450.0,621
4,lightgbm,C,v1,True,2020-06-01,1114.0,1166
4,lightgbm,C,v1,True,2020-06-02,761.0,920
4,lightgbm,C,v1,True,2020-06-03,693.0,853
4,lightgbm,C,v1,True,2020-06-04,657.0,756
4,lightgbm,C,v1,True,2020-06-05,505.0,600
4,lightgbm,C,v1,True,2020-06-08,1130.0,1104
4,lightgbm,C,v1,True,2020-06-09,823.0,835
4,lightgbm,C,v1,True,2020-06-10,719.0,844
4,lightgbm,C,v1,True,2020-06-11,682.0,759
4,lightgbm,C,v1,True,2020-06-12,516.0,590
4,lightgbm,C,v1,True,2020-07-01,866.0,923
4,lightgbm,C,v1,True,2020-07-02,675.0,849
4,lightgbm,C,v1,True,2020-07-03,607.0,601
4,lightgbm,C,v1,True,2020-07-06,1132.0,1170
4,lightgbm,C,v1,True,2020-07-07,917.0,945
4,lightgbm,C,v1,True,2020-07-08,847.0,916
4,lightgbm,C,v1,True,2020-07-09,717.0,763
4,lightgbm,C,v1,True,2020-07-10,611.0,640
4,lightgbm,C,v1,True,2020-07-13,1260.0,1167
4,lightgbm,C,v1,True,2020-07-14,814.0,963
4,lightgbm,C,v1,True,2020-07-15,842.0,922
4,lightgbm,C,v1,True,2020-07-16,971.0,831
4,lightgbm,C,v1,True,2020-07-17,656.0,641
4,lightgbm,C,v1,True,2020-07-20,1190.0,1147
4,lightgbm,C,v1,True,2020-07-21,861.0,958
4,lightgbm,C,v1,True,2020-07-22,823.0,802
4,lightgbm,C,v1,True,2020-07-23,758.0,810
4,lightgbm,C,v1,True,2020-07-24,450.0,608
4,lightgbm,C,v1,True,2020-07-27,1118.0,1181
4,lightgbm,C,v1,True,2020-07-28,873.0,1012
4,lightgbm,C,v1,True,2020-07-29,871.0,917
4,lightgbm,C,v1,True,2020-07-30,704.0,856
4,lightgbm,C,v1,True,2020-07-31,477.0,602
4,lightgbm,C,v1,True,2020-08-03,1033.0,940
4,lightgbm,C,v1,True,2020-08-04,776.0,799
4,lightgbm,C,v1,True,2020-08-05,720.0,708
4,lightgbm,C,v1,True,2020-08-06,763.0,777
4,lightgbm,C,v1,True,2020-08-07,476.0,466
4,lightgbm,C,v1,True,2020-08-10,1011.0,890
4,lightgbm,C,v1,True,2020-08-11,805.0,782
4,lightgbm,C,v1,True,2020-08-12,701.0,745
4,lightgbm,C,v1,True,2020-08-13,594.0,762
4,lightgbm,C,v1,True,2020-08-14,477.0,485
4,lightgbm,C,v1,True,2020-08-18,971.0,772
4,lightgbm,C,v1,True,2020-08-19,801.0,738
4,lightgbm,C,v1,True,2020-08-20,749.0,869
4,lightgbm,C,v1,True,2020-08-21,514.0,582
4,lightgbm,C,v1,True,2020-08-24,1178.0,904
4,lightgbm,C,v1,True,2020-08-25,1046.0,955
4,lightgbm,C,v1,True,2020-08-26,897.0,972
4,lightgbm,C,v1,True,2020-08-27,963.0,908
4,lightgbm,C,v1,True,2020-08-28,784.0,728
4,lightgbm,C,v1,True,2020-08-31,1243.0,1120
4,lightgbm,C,v1,True,2020-09-01,1021.0,1083
4,lightgbm,C,v1,True,2020-09-02,1006.0,1161
4,lightgbm,C,v1,True,2020-09-03,924.0,1018
4,lightgbm,C,v1,True,2020-09-04,746.0,824
4,lightgbm,C,v1,True,2020-09-07,1186.0,1206
4,lightgbm,C,v1,True,2020-09-08,986.0,1091
4,lightgbm,C,v1,True,2020-09-09,965.0,1132
4,lightgbm,C,v1,True,2020-09-10,881.0,993
4,lightgbm,C,v1,True,2020-09-11,661.0,728
4,lightgbm,C,v1,True,2020-09-14,1191.0,1227
4,lightgbm,C,v1,True,2020-09-15,855.0,1033
4,lightgbm,C,v1,True,2020-09-16,953.0,1012
4,lightgbm,C,v1,True,2020-09-17,797.0,923
4,lightgbm,C,v1,True,2020-09-18,570.0,640
4,lightgbm,C,v1,True,2020-09-21,1176.0,1221
4,lightgbm,C,v1,True,2020-09-22,908.0,1003
4,lightgbm,C,v1,True,2020-09-23,970.0,971
4,lightgbm,C,v1,True,2020-09-24,739.0,856
4,lightgbm,C,v1,True,2020-09-25,540.0,620
4,lightgbm,C,v1,True,2020-09-28,358.0,622
4,lightgbm,C,v1,True,2020-10-05,1252.0,1287
4,lightgbm,C,v1,True,2020-10-06,977.0,1062
4,lightgbm,C,v1,True,2020-10-07,880.0,998
4,lightgbm,C,v1,True,2020-10-08,923.0,947
4,lightgbm,C,v1,True,2020-10-12,1096.0,1213
4,lightgbm,C,v1,True,2020-10-13,839.0,907
4,lightgbm,C,v1,True,2020-10-14,797.0,888
4,lightgbm,C,v1,True,2020-10-15,793.0,863
4,lightgbm,C,v1,True,2020-10-16,660.0,664
4,lightgbm,C,v1,True,2020-10-19,1035.0,1209
4,lightgbm,C,v1,True,2020-10-20,851.0,905
4,lightgbm,C,v1,True,2020-10-21,887.0,863
4,lightgbm,C,v1,True,2020-10-22,799.0,859
4,lightgbm,C,v1,True,2020-10-23,648.0,634
4,lightgbm,C,v1,True,2020-10-26,1069.0,1165
4,lightgbm,C,v1,True,2020-10-27,839.0,896
4,lightgbm,C,v1,True,2020-10-28,791.0,824
4,lightgbm,C,v1,True,2020-10-29,667.0,752
4,lightgbm,C,v1,True,2020-10-30,398.0,597
4,lightgbm,C,v1,True,2020-11-02,1150.0,1152
4,lightgbm,C,v1,True,2020-11-03,810.0,852
4,lightgbm,C,v1,True,2020-11-04,789.0,854
4,lightgbm,C,v1,True,2020-11-05,596.0,739
4,lightgbm,C,v1,True,2020-11-06,459.0,635
4,lightgbm,C,v1,True,2020-11-09,1076.0,1136
4,lightgbm,C,v1,True,2020-11-10,784.0,806
4,lightgbm,C,v1,True,2020-11-11,747.0,829
4,lightgbm,C,v1,True,2020-11-12,678.0,734
4,lightgbm,C,v1,True,2020-11-13,529.0,604
4,lightgbm,C,v1,True,2020-11-16,1068.0,1148
4,lightgbm,C,v1,True,2020-11-17,784.0,864
4,lightgbm,C,v1,True,2020-11-18,774.0,850
4,lightgbm,C,v1,True,2020-11-19,653.0,782
4,lightgbm,C,v1,True,2020-11-20,747.0,600
4,lightgbm,C,v1,True,2020-11-23,1292.0,1140
4,lightgbm,C,v1,True,2020-11-24,1156.0,929
4,lightgbm,C,v1,True,2020-11-25,1146.0,1026
4,lightgbm,C,v1,True,2020-11-26,1034.0,901
4,lightgbm,C,v1,True,2020-11-27,895.0,707
4,lightgbm,C,v1,True,2020-11-30,1273.0,1254
4,lightgbm,C,v1,True,2020-12-01,1324.0,1001
4,lightgbm,C,v1,True,2020-12-02,1188.0,927
4,lightgbm,C,v1,True,2020-12-03,1059.0,893
4,lightgbm,C,v1,True,2020-12-04,858.0,609
4,lightgbm,C,v1,True,2020-12-07,1317.0,1156
4,lightgbm,C,v1,True,2020-12-08,1138.0,983
4,lightgbm,C,v1,True,2020-12-09,994.0,927
4,lightgbm,C,v1,True,2020-12-10,975.0,877
4,lightgbm,C,v1,True,2020-12-11,742.0,696
4,lightgbm,C,v1,True,2020-12-14,1329.0,1145
4,lightgbm,C,v1,True,2020-12-15,1202.0,959
4,lightgbm,C,v1,True,2020-12-16,1135.0,971
4,lightgbm,C,v1,True,2020-12-17,1096.0,887
4,lightgbm,C,v1,True,2020-12-18,917.0,753
4,lightgbm,C,v1,True,2020-12-21,1256.0,1195
4,lightgbm,C,v1,True,2020-12-22,984.0,1001
4,lightgbm,C,v1,True,2020-12-23,768.0,889
4,lightgbm,C,v1,True,2020-12-24,591.0,432
4,lightgbm,C,v1,True,2021-01-04,1405.0,1231
4,lightgbm,C,v1,True,2021-01-05,1128.0,1062
4,lightgbm,C,v1,True,2021-01-06,1014.0,1079
4,lightgbm,C,v1,True,2021-01-07,1040.0,913
4,lightgbm,C,v1,True,2021-01-08,726.0,781
4,lightgbm,C,v1,True,2021-01-11,1257.0,1221
4,lightgbm,C,v1,True,2021-01-12,963.0,1069
4,lightgbm,C,v1,True,2021-01-13,913.0,1093
4,lightgbm,C,v1,True,2021-01-14,1038.0,882
4,lightgbm,C,v1,True,2021-01-15,702.0,697
4,lightgbm,C,v1,True,2021-01-18,1277.0,1245
4,lightgbm,C,v1,True,2021-01-19,1038.0,1023
4,lightgbm,C,v1,True,2021-01-20,1093.0,1070
4,lightgbm,C,v1,True,2021-01-21,832.0,851
4,lightgbm,C,v1,True,2021-01-22,579.0,689
4,lightgbm,C,v1,True,2021-01-25,1145.0,1203
4,lightgbm,C,v1,True,2021-01-26,1015.0,1042
4,lightgbm,C,v2,True,2020-05-21,653.0,795
4,lightgbm,C,v2,True,2020-05-22,512.0,634
4,lightgbm,C,v2,True,2020-05-25,1062.0,1194
4,lightgbm,C,v2,True,2020-05-26,781.0,901
4,lightgbm,C,v2,True,2020-05-27,704.0,858
4,lightgbm,C,v2,True,2020-05-28,662.0,802
4,lightgbm,C,v2,True,2020-05-29,450.0,626
4,lightgbm,C,v2,True,2020-06-01,1114.0,1173
4,lightgbm,C,v2,True,2020-06-02,761.0,918
4,lightgbm,C,v2,True,2020-06-03,693.0,872
4,lightgbm,C,v2,True,2020-06-04,657.0,756
4,lightgbm,C,v2,True,2020-06-05,505.0,601
4,lightgbm,C,v2,True,2020-06-08,1130.0,1124
4,lightgbm,C,v2,True,2020-06-09,823.0,829
4,lightgbm,C,v2,True,2020-06-10,719.0,851
4,lightgbm,C,v2,True,2020-06-11,682.0,763
4,lightgbm,C,v2,True,2020-06-12,516.0,579
4,lightgbm,C,v2,True,2020-07-01,866.0,935
4,lightgbm,C,v2,True,2020-07-02,675.0,841
4,lightgbm,C,v2,True,2020-07-03,607.0,609
4,lightgbm,C,v2,True,2020-07-06,1132.0,1162
4,lightgbm,C,v2,True,2020-07-07,917.0,930
4,lightgbm,C,v2,True,2020-07-08,847.0,904
4,lightgbm,C,v2,True,2020-07-09,717.0,766
4,lightgbm,C,v2,True,2020-07-10,611.0,642
4,lightgbm,C,v2,True,2020-07-13,1260.0,1127
4,lightgbm,C,v2,True,2020-07-14,814.0,949
4,lightgbm,C,v2,True,2020-07-15,842.0,905
4,lightgbm,C,v2,True,2020-07-16,971.0,820
4,lightgbm,C,v2,True,2020-07-17,656.0,643
4,lightgbm,C,v2,True,2020-07-20,1190.0,1141
4,lightgbm,C,v2,True,2020-07-21,861.0,954
4,lightgbm,C,v2,True,2020-07-22,823.0,795
4,lightgbm,C,v2,True,2020-07-23,758.0,818
4,lightgbm,C,v2,True,2020-07-24,450.0,604
4,lightgbm,C,v2,True,2020-07-27,1118.0,1173
4,lightgbm,C,v2,True,2020-07-28,873.0,1012
4,lightgbm,C,v2,True,2020-07-29,871.0,910
4,lightgbm,C,v2,True,2020-07-30,704.0,854
4,lightgbm,C,v2,True,2020-07-31,477.0,602
4,lightgbm,C,v2,True,2020-08-03,1033.0,946
4,lightgbm,C,v2,True,2020-08-04,776.0,810
4,lightgbm,C,v2,True,2020-08-05,720.0,688
4,lightgbm,C,v2,True,2020-08-06,763.0,792
4,lightgbm,C,v2,True,2020-08-07,476.0,468
4,lightgbm,C,v2,True,2020-08-10,1011.0,893
4,lightgbm,C,v2,True,2020-08-11,805.0,789
4,lightgbm,C,v2,True,2020-08-12,701.0,720
4,lightgbm,C,v2,True,2020-08-13,594.0,771
4,lightgbm,C,v2,True,2020-08-14,477.0,467
4,lightgbm,C,v2,True,2020-08-18,971.0,780
4,lightgbm,C,v2,True,2020-08-19,801.0,738
4,lightgbm,C,v2,True,2020-08-20,749.0,883
4,lightgbm,C,v2,True,2020-08-21,514.0,603
4,lightgbm,C,v2,True,2020-08-24,1178.0,887
4,lightgbm,C,v2,True,2020-08-25,1046.0,962
4,lightgbm,C,v2,True,2020-08-26,897.0,957
4,lightgbm,C,v2,True,2020-08-27,963.0,911
4,lightgbm,C,v2,True,2020-08-28,784.0,744
4,lightgbm,C,v2,True,2020-08-31,1243.0,1132
4,lightgbm,C,v2,True,2020-09-01,1021.0,1080
4,lightgbm,C,v2,True,2020-09-02,1006.0,1153
4,lightgbm,C,v2,True,2020-09-03,924.0,1005
4,lightgbm,C,v2,True,2020-09-04,746.0,819
4,lightgbm,C,v2,True,2020-09-07,1186.0,1200
4,lightgbm,C,v2,True,2020-09-08,986.0,1072
4,lightgbm,C,v2,True,2020-09-09,965.0,1100
4,lightgbm,C,v2,True,2020-09-10,881.0,972
4,lightgbm,C,v2,True,2020-09-11,661.0,722
4,lightgbm,C,v2,True,2020-09-14,1191.0,1216
4,lightgbm,C,v2,True,2020-09-15,855.0,1045
4,lightgbm,C,v2,True,2020-09-16,953.0,1018
4,lightgbm,C,v2,True,2020-09-17,797.0,917
4,lightgbm,C,v2,True,2020-09-18,570.0,657
4,lightgbm,C,v2,True,2020-09-21,1176.0,1211
4,lightgbm,C,v2,True,2020-09-22,908.0,982
4,lightgbm,C,v2,True,2020-09-23,970.0,959
4,lightgbm,C,v2,True,2020-09-24,739.0,861
4,lightgbm,C,v2,True,2020-09-25,540.0,626
4,lightgbm,C,v2,True,2020-09-28,358.0,625
4,lightgbm,C,v2,True,2020-10-05,1252.0,1279
4,lightgbm,C,v2,True,2020-10-06,977.0,1049
4,lightgbm,C,v2,True,2020-10-07,880.0,1009
4,lightgbm,C,v2,True,2020-10-08,923.0,937
4,lightgbm,C,v2,True,2020-10-12,1096.0,1191
4,lightgbm,C,v2,True,2020-10-13,839.0,880
4,lightgbm,C,v2,True,2020-10-14,797.0,884
4,lightgbm,C,v2,True,2020-10-15,793.0,865
4,lightgbm,C,v2,True,2020-10-16,660.0,672
4,lightgbm,C,v2,True,2020-10-19,1035.0,1195
4,lightgbm,C,v2,True,2020-10-20,851.0,898
4,lightgbm,C,v2,True,2020-10-21,887.0,849
4,lightgbm,C,v2,True,2020-10-22,799.0,862
4,lightgbm,C,v2,True,2020-10-23,648.0,633
4,lightgbm,C,v2,True,2020-10-26,1069.0,1144
4,lightgbm,C,v2,True,2020-10-27,839.0,883
4,lightgbm,C,v2,True,2020-10-28,791.0,804
4,lightgbm,C,v2,True,2020-10-29,667.0,757
4,lightgbm,C,v2,True,2020-10-30,398.0,596
4,lightgbm,C,v2,True,2020-11-02,1150.0,1149
4,lightgbm,C,v2,True,2020-11-03,810.0,855
4,lightgbm,C,v2,True,2020-11-04,789.0,863
4,lightgbm,C,v2,True,2020-11-05,596.0,744
4,lightgbm,C,v2,True,2020-11-06,459.0,631
4,lightgbm,C,v2,True,2020-11-09,1076.0,1102
4,lightgbm,C,v2,True,2020-11-10,784.0,798
4,lightgbm,C,v2,True,2020-11-11,747.0,809
4,lightgbm,C,v2,True,2020-11-12,678.0,738
4,lightgbm,C,v2,True,2020-11-13,529.0,605
4,lightgbm,C,v2,True,2020-11-16,1068.0,1142
4,lightgbm,C,v2,True,2020-11-17,784.0,857
4,lightgbm,C,v2,True,2020-11-18,774.0,850
4,lightgbm,C,v2,True,2020-11-19,653.0,776
4,lightgbm,C,v2,True,2020-11-20,747.0,601
4,lightgbm,C,v2,True,2020-11-23,1292.0,1141
4,lightgbm,C,v2,True,2020-11-24,1156.0,934
4,lightgbm,C,v2,True,2020-11-25,1146.0,1000
4,lightgbm,C,v2,True,2020-11-26,1034.0,909
4,lightgbm,C,v2,True,2020-11-27,895.0,710
4,lightgbm,C,v2,True,2020-11-30,1273.0,1236
4,lightgbm,C,v2,True,2020-12-01,1324.0,996
4,lightgbm,C,v2,True,2020-12-02,1188.0,941
4,lightgbm,C,v2,True,2020-12-03,1059.0,886
4,lightgbm,C,v2,True,2020-12-04,858.0,642
4,lightgbm,C,v2,True,2020-12-07,1317.0,1161
4,lightgbm,C,v2,True,2020-12-08,1138.0,987
4,lightgbm,C,v2,True,2020-12-09,994.0,954
4,lightgbm,C,v2,True,2020-12-10,975.0,882
4,lightgbm,C,v2,True,2020-12-11,742.0,709
4,lightgbm,C,v2,True,2020-12-14,1329.0,1140
4,lightgbm,C,v2,True,2020-12-15,1202.0,970
4,lightgbm,C,v2,True,2020-12-16,1135.0,956
4,lightgbm,C,v2,True,2020-12-17,1096.0,891
4,lightgbm,C,v2,True,2020-12-18,917.0,748
4,lightgbm,C,v2,True,2020-12-21,1256.0,1188
4,lightgbm,C,v2,True,2020-12-22,984.0,997
4,lightgbm,C,v2,True,2020-12-23,768.0,876
4,lightgbm,C,v2,True,2020-12-24,591.0,418
4,lightgbm,C,v2,True,2021-01-04,1405.0,1232
4,lightgbm,C,v2,True,2021-01-05,1128.0,1059
4,lightgbm,C,v2,True,2021-01-06,1014.0,1089
4,lightgbm,C,v2,True,2021-01-07,1040.0,921
4,lightgbm,C,v2,True,2021-01-08,726.0,784
4,lightgbm,C,v2,True,2021-01-11,1257.0,1213
4,lightgbm,C,v2,True,2021-01-12,963.0,1067
4,lightgbm,C,v2,True,2021-01-13,913.0,1077
4,lightgbm,C,v2,True,2021-01-14,1038.0,883
4,lightgbm,C,v2,True,2021-01-15,702.0,729
4,lightgbm,C,v2,True,2021-01-18,1277.0,1241
4,lightgbm,C,v2,True,2021-01-19,1038.0,1022
4,lightgbm,C,v2,True,2021-01-20,1093.0,1057
4,lightgbm,C,v2,True,2021-01-21,832.0,839
4,lightgbm,C,v2,True,2021-01-22,579.0,701
4,lightgbm,C,v2,True,2021-01-25,1145.0,1199
4,lightgbm,C,v2,True,2021-01-26,1015.0,1035
4,lightgbm,D,v1,True,2020-05-21,653.0,850
4,lightgbm,D,v1,True,2020-05-22,512.0,594
4,lightgbm,D,v1,True,2020-05-25,1062.0,1210
4,lightgbm,D,v1,True,2020-05-26,781.0,1020
4,lightgbm,D,v1,True,2020-05-27,704.0,983
4,lightgbm,D,v1,True,2020-05-28,662.0,834
4,lightgbm,D,v1,True,2020-05-29,450.0,604
4,lightgbm,D,v1,True,2020-06-01,1114.0,1188
4,lightgbm,D,v1,True,2020-06-02,761.0,1023
4,lightgbm,D,v1,True,2020-06-03,693.0,897
4,lightgbm,D,v1,True,2020-06-04,657.0,759
4,lightgbm,D,v1,True,2020-06-05,505.0,593
4,lightgbm,D,v1,True,2020-06-08,1130.0,1116
4,lightgbm,D,v1,True,2020-06-09,823.0,863
4,lightgbm,D,v1,True,2020-06-10,719.0,908
4,lightgbm,D,v1,True,2020-06-11,682.0,761
4,lightgbm,D,v1,True,2020-06-12,516.0,578
4,lightgbm,D,v1,True,2020-07-01,866.0,930
4,lightgbm,D,v1,True,2020-07-02,675.0,831
4,lightgbm,D,v1,True,2020-07-03,607.0,607
4,lightgbm,D,v1,True,2020-07-06,1132.0,1197
4,lightgbm,D,v1,True,2020-07-07,917.0,899
4,lightgbm,D,v1,True,2020-07-08,847.0,856
4,lightgbm,D,v1,True,2020-07-09,717.0,781
4,lightgbm,D,v1,True,2020-07-10,611.0,569
4,lightgbm,D,v1,True,2020-07-13,1260.0,1159
4,lightgbm,D,v1,True,2020-07-14,814.0,969
4,lightgbm,D,v1,True,2020-07-15,842.0,888
4,lightgbm,D,v1,True,2020-07-16,971.0,798
4,lightgbm,D,v1,True,2020-07-17,656.0,601
4,lightgbm,D,v1,True,2020-07-20,1190.0,1170
4,lightgbm,D,v1,True,2020-07-21,861.0,912
4,lightgbm,D,v1,True,2020-07-22,823.0,824
4,lightgbm,D,v1,True,2020-07-23,758.0,815
4,lightgbm,D,v1,True,2020-07-24,450.0,602
4,lightgbm,D,v1,True,2020-07-27,1118.0,1239
4,lightgbm,D,v1,True,2020-07-28,873.0,1046
4,lightgbm,D,v1,True,2020-07-29,871.0,890
4,lightgbm,D,v1,True,2020-07-30,704.0,837
4,lightgbm,D,v1,True,2020-07-31,477.0,580
4,lightgbm,D,v1,True,2020-08-03,1033.0,928
4,lightgbm,D,v1,True,2020-08-04,776.0,772
4,lightgbm,D,v1,True,2020-08-05,720.0,720
4,lightgbm,D,v1,True,2020-08-06,763.0,757
4,lightgbm,D,v1,True,2020-08-07,476.0,425
4,lightgbm,D,v1,True,2020-08-10,1011.0,897
4,lightgbm,D,v1,True,2020-08-11,805.0,767
4,lightgbm,D,v1,True,2020-08-12,701.0,712
4,lightgbm,D,v1,True,2020-08-13,594.0,729
4,lightgbm,D,v1,True,2020-08-14,477.0,483
4,lightgbm,D,v1,True,2020-08-18,971.0,792
4,lightgbm,D,v1,True,2020-08-19,801.0,787
4,lightgbm,D,v1,True,2020-08-20,749.0,889
4,lightgbm,D,v1,True,2020-08-21,514.0,621
4,lightgbm,D,v1,True,2020-08-24,1178.0,944
4,lightgbm,D,v1,True,2020-08-25,1046.0,951
4,lightgbm,D,v1,True,2020-08-26,897.0,967
4,lightgbm,D,v1,True,2020-08-27,963.0,889
4,lightgbm,D,v1,True,2020-08-28,784.0,698
4,lightgbm,D,v1,True,2020-08-31,1243.0,1169
4,lightgbm,D,v1,True,2020-09-01,1021.0,1031
4,lightgbm,D,v1,True,2020-09-02,1006.0,1078
4,lightgbm,D,v1,True,2020-09-03,924.0,937
4,lightgbm,D,v1,True,2020-09-04,746.0,797
4,lightgbm,D,v1,True,2020-09-07,1186.0,1206
4,lightgbm,D,v1,True,2020-09-08,986.0,1100
4,lightgbm,D,v1,True,2020-09-09,965.0,1071
4,lightgbm,D,v1,True,2020-09-10,881.0,1011
4,lightgbm,D,v1,True,2020-09-11,661.0,734
4,lightgbm,D,v1,True,2020-09-14,1191.0,1220
4,lightgbm,D,v1,True,2020-09-15,855.0,1056
4,lightgbm,D,v1,True,2020-09-16,953.0,1013
4,lightgbm,D,v1,True,2020-09-17,797.0,897
4,lightgbm,D,v1,True,2020-09-18,570.0,600
4,lightgbm,D,v1,True,2020-09-21,1176.0,1189
4,lightgbm,D,v1,True,2020-09-22,908.0,1022
4,lightgbm,D,v1,True,2020-09-23,970.0,988
4,lightgbm,D,v1,True,2020-09-24,739.0,828
4,lightgbm,D,v1,True,2020-09-25,540.0,581
4,lightgbm,D,v1,True,2020-09-28,358.0,613
4,lightgbm,D,v1,True,2020-10-05,1252.0,1278
4,lightgbm,D,v1,True,2020-10-06,977.0,1060
4,lightgbm,D,v1,True,2020-10-07,880.0,952
4,lightgbm,D,v1,True,2020-10-08,923.0,1006
4,lightgbm,D,v1,True,2020-10-12,1096.0,1155
4,lightgbm,D,v1,True,2020-10-13,839.0,929
4,lightgbm,D,v1,True,2020-10-14,797.0,881
4,lightgbm,D,v1,True,2020-10-15,793.0,887
4,lightgbm,D,v1,True,2020-10-16,660.0,656
4,lightgbm,D,v1,True,2020-10-19,1035.0,1142
4,lightgbm,D,v1,True,2020-10-20,851.0,883
4,lightgbm,D,v1,True,2020-10-21,887.0,848
4,lightgbm,D,v1,True,2020-10-22,799.0,850
4,lightgbm,D,v1,True,2020-10-23,648.0,603
4,lightgbm,D,v1,True,2020-10-26,1069.0,1095
4,lightgbm,D,v1,True,2020-10-27,839.0,830
4,lightgbm,D,v1,True,2020-10-28,791.0,801
4,lightgbm,D,v1,True,2020-10-29,667.0,716
4,lightgbm,D,v1,True,2020-10-30,398.0,545
4,lightgbm,D,v1,True,2020-11-02,1150.0,1138
4,lightgbm,D,v1,True,2020-11-03,810.0,856
4,lightgbm,D,v1,True,2020-11-04,789.0,824
4,lightgbm,D,v1,True,2020-11-05,596.0,738
4,lightgbm,D,v1,True,2020-11-06,459.0,585
4,lightgbm,D,v1,True,2020-11-09,1076.0,1089
4,lightgbm,D,v1,True,2020-11-10,784.0,781
4,lightgbm,D,v1,True,2020-11-11,747.0,800
4,lightgbm,D,v1,True,2020-11-12,678.0,723
4,lightgbm,D,v1,True,2020-11-13,529.0,561
4,lightgbm,D,v1,True,2020-11-16,1068.0,1159
4,lightgbm,D,v1,True,2020-11-17,784.0,867
4,lightgbm,D,v1,True,2020-11-18,774.0,810
4,lightgbm,D,v1,True,2020-11-19,653.0,828
4,lightgbm,D,v1,True,2020-11-20,747.0,557
4,lightgbm,D,v1,True,2020-11-23,1292.0,1122
4,lightgbm,D,v1,True,2020-11-24,1156.0,944
4,lightgbm,D,v1,True,2020-11-25,1146.0,948
4,lightgbm,D,v1,True,2020-11-26,1034.0,869
4,lightgbm,D,v1,True,2020-11-27,895.0,591
4,lightgbm,D,v1,True,2020-11-30,1273.0,1174
4,lightgbm,D,v1,True,2020-12-01,1324.0,949
4,lightgbm,D,v1,True,2020-12-02,1188.0,908
4,lightgbm,D,v1,True,2020-12-03,1059.0,820
4,lightgbm,D,v1,True,2020-12-04,858.0,538
4,lightgbm,D,v1,True,2020-12-07,1317.0,1131
4,lightgbm,D,v1,True,2020-12-08,1138.0,941
4,lightgbm,D,v1,True,2020-12-09,994.0,905
4,lightgbm,D,v1,True,2020-12-10,975.0,816
4,lightgbm,D,v1,True,2020-12-11,742.0,588
4,lightgbm,D,v1,True,2020-12-14,1329.0,1134
4,lightgbm,D,v1,True,2020-12-15,1202.0,954
4,lightgbm,D,v1,True,2020-12-16,1135.0,892
4,lightgbm,D,v1,True,2020-12-17,1096.0,869
4,lightgbm,D,v1,True,2020-12-18,917.0,638
4,lightgbm,D,v1,True,2020-12-21,1256.0,1103
4,lightgbm,D,v1,True,2020-12-22,984.0,871
4,lightgbm,D,v1,True,2020-12-23,768.0,776
4,lightgbm,D,v1,True,2020-12-24,591.0,429
4,lightgbm,D,v1,True,2021-01-04,1405.0,1183
4,lightgbm,D,v1,True,2021-01-05,1128.0,1006
4,lightgbm,D,v1,True,2021-01-06,1014.0,1005
4,lightgbm,D,v1,True,2021-01-07,1040.0,924
4,lightgbm,D,v1,True,2021-01-08,726.0,675
4,lightgbm,D,v1,True,2021-01-11,1257.0,1189
4,lightgbm,D,v1,True,2021-01-12,963.0,1013
4,lightgbm,D,v1,True,2021-01-13,913.0,1046
4,lightgbm,D,v1,True,2021-01-14,1038.0,892
4,lightgbm,D,v1,True,2021-01-15,702.0,662
4,lightgbm,D,v1,True,2021-01-18,1277.0,1211
4,lightgbm,D,v1,True,2021-01-19,1038.0,1028
4,lightgbm,D,v1,True,2021-01-20,1093.0,1009
4,lightgbm,D,v1,True,2021-01-21,832.0,847
4,lightgbm,D,v1,True,2021-01-22,579.0,665
4,lightgbm,D,v1,True,2021-01-25,1145.0,1183
4,lightgbm,D,v1,True,2021-01-26,1015.0,1032
4,lightgbm,D,v2,True,2020-05-21,653.0,836
4,lightgbm,D,v2,True,2020-05-22,512.0,615
4,lightgbm,D,v2,True,2020-05-25,1062.0,1222
4,lightgbm,D,v2,True,2020-05-26,781.0,1011
4,lightgbm,D,v2,True,2020-05-27,704.0,980
4,lightgbm,D,v2,True,2020-05-28,662.0,830
4,lightgbm,D,v2,True,2020-05-29,450.0,613
4,lightgbm,D,v2,True,2020-06-01,1114.0,1188
4,lightgbm,D,v2,True,2020-06-02,761.0,1022
4,lightgbm,D,v2,True,2020-06-03,693.0,903
4,lightgbm,D,v2,True,2020-06-04,657.0,766
4,lightgbm,D,v2,True,2020-06-05,505.0,597
4,lightgbm,D,v2,True,2020-06-08,1130.0,1118
4,lightgbm,D,v2,True,2020-06-09,823.0,860
4,lightgbm,D,v2,True,2020-06-10,719.0,904
4,lightgbm,D,v2,True,2020-06-11,682.0,761
4,lightgbm,D,v2,True,2020-06-12,516.0,584
4,lightgbm,D,v2,True,2020-07-01,866.0,950
4,lightgbm,D,v2,True,2020-07-02,675.0,838
4,lightgbm,D,v2,True,2020-07-03,607.0,598
4,lightgbm,D,v2,True,2020-07-06,1132.0,1194
4,lightgbm,D,v2,True,2020-07-07,917.0,910
4,lightgbm,D,v2,True,2020-07-08,847.0,855
4,lightgbm,D,v2,True,2020-07-09,717.0,784
4,lightgbm,D,v2,True,2020-07-10,611.0,582
4,lightgbm,D,v2,True,2020-07-13,1260.0,1158
4,lightgbm,D,v2,True,2020-07-14,814.0,976
4,lightgbm,D,v2,True,2020-07-15,842.0,893
4,lightgbm,D,v2,True,2020-07-16,971.0,796
4,lightgbm,D,v2,True,2020-07-17,656.0,620
4,lightgbm,D,v2,True,2020-07-20,1190.0,1175
4,lightgbm,D,v2,True,2020-07-21,861.0,911
4,lightgbm,D,v2,True,2020-07-22,823.0,839
4,lightgbm,D,v2,True,2020-07-23,758.0,814
4,lightgbm,D,v2,True,2020-07-24,450.0,610
4,lightgbm,D,v2,True,2020-07-27,1118.0,1240
4,lightgbm,D,v2,True,2020-07-28,873.0,1017
4,lightgbm,D,v2,True,2020-07-29,871.0,899
4,lightgbm,D,v2,True,2020-07-30,704.0,814
4,lightgbm,D,v2,True,2020-07-31,477.0,565
4,lightgbm,D,v2,True,2020-08-03,1033.0,932
4,lightgbm,D,v2,True,2020-08-04,776.0,769
4,lightgbm,D,v2,True,2020-08-05,720.0,722
4,lightgbm,D,v2,True,2020-08-06,763.0,755
4,lightgbm,D,v2,True,2020-08-07,476.0,426
4,lightgbm,D,v2,True,2020-08-10,1011.0,895
4,lightgbm,D,v2,True,2020-08-11,805.0,756
4,lightgbm,D,v2,True,2020-08-12,701.0,712
4,lightgbm,D,v2,True,2020-08-13,594.0,717
4,lightgbm,D,v2,True,2020-08-14,477.0,487
4,lightgbm,D,v2,True,2020-08-18,971.0,780
4,lightgbm,D,v2,True,2020-08-19,801.0,795
4,lightgbm,D,v2,True,2020-08-20,749.0,880
4,lightgbm,D,v2,True,2020-08-21,514.0,628
4,lightgbm,D,v2,True,2020-08-24,1178.0,930
4,lightgbm,D,v2,True,2020-08-25,1046.0,949
4,lightgbm,D,v2,True,2020-08-26,897.0,940
4,lightgbm,D,v2,True,2020-08-27,963.0,880
4,lightgbm,D,v2,True,2020-08-28,784.0,706
4,lightgbm,D,v2,True,2020-08-31,1243.0,1162
4,lightgbm,D,v2,True,2020-09-01,1021.0,1024
4,lightgbm,D,v2,True,2020-09-02,1006.0,1060
4,lightgbm,D,v2,True,2020-09-03,924.0,932
4,lightgbm,D,v2,True,2020-09-04,746.0,807
4,lightgbm,D,v2,True,2020-09-07,1186.0,1201
4,lightgbm,D,v2,True,2020-09-08,986.0,1096
4,lightgbm,D,v2,True,2020-09-09,965.0,1069
4,lightgbm,D,v2,True,2020-09-10,881.0,1012
4,lightgbm,D,v2,True,2020-09-11,661.0,739
4,lightgbm,D,v2,True,2020-09-14,1191.0,1226
4,lightgbm,D,v2,True,2020-09-15,855.0,1051
4,lightgbm,D,v2,True,2020-09-16,953.0,1016
4,lightgbm,D,v2,True,2020-09-17,797.0,914
4,lightgbm,D,v2,True,2020-09-18,570.0,618
4,lightgbm,D,v2,True,2020-09-21,1176.0,1192
4,lightgbm,D,v2,True,2020-09-22,908.0,1026
4,lightgbm,D,v2,True,2020-09-23,970.0,992
4,lightgbm,D,v2,True,2020-09-24,739.0,840
4,lightgbm,D,v2,True,2020-09-25,540.0,585
4,lightgbm,D,v2,True,2020-09-28,358.0,621
4,lightgbm,D,v2,True,2020-10-05,1252.0,1284
4,lightgbm,D,v2,True,2020-10-06,977.0,1060
4,lightgbm,D,v2,True,2020-10-07,880.0,948
4,lightgbm,D,v2,True,2020-10-08,923.0,1011
4,lightgbm,D,v2,True,2020-10-12,1096.0,1151
4,lightgbm,D,v2,True,2020-10-13,839.0,910
4,lightgbm,D,v2,True,2020-10-14,797.0,864
4,lightgbm,D,v2,True,2020-10-15,793.0,881
4,lightgbm,D,v2,True,2020-10-16,660.0,644
4,lightgbm,D,v2,True,2020-10-19,1035.0,1129
4,lightgbm,D,v2,True,2020-10-20,851.0,875
4,lightgbm,D,v2,True,2020-10-21,887.0,843
4,lightgbm,D,v2,True,2020-10-22,799.0,850
4,lightgbm,D,v2,True,2020-10-23,648.0,608
4,lightgbm,D,v2,True,2020-10-26,1069.0,1082
4,lightgbm,D,v2,True,2020-10-27,839.0,829
4,lightgbm,D,v2,True,2020-10-28,791.0,794
4,lightgbm,D,v2,True,2020-10-29,667.0,705
4,lightgbm,D,v2,True,2020-10-30,398.0,550
4,lightgbm,D,v2,True,2020-11-02,1150.0,1122
4,lightgbm,D,v2,True,2020-11-03,810.0,848
4,lightgbm,D,v2,True,2020-11-04,789.0,838
4,lightgbm,D,v2,True,2020-11-05,596.0,735
4,lightgbm,D,v2,True,2020-11-06,459.0,585
4,lightgbm,D,v2,True,2020-11-09,1076.0,1074
4,lightgbm,D,v2,True,2020-11-10,784.0,781
4,lightgbm,D,v2,True,2020-11-11,747.0,794
4,lightgbm,D,v2,True,2020-11-12,678.0,720
4,lightgbm,D,v2,True,2020-11-13,529.0,559
4,lightgbm,D,v2,True,2020-11-16,1068.0,1156
4,lightgbm,D,v2,True,2020-11-17,784.0,854
4,lightgbm,D,v2,True,2020-11-18,774.0,816
4,lightgbm,D,v2,True,2020-11-19,653.0,820
4,lightgbm,D,v2,True,2020-11-20,747.0,569
4,lightgbm,D,v2,True,2020-11-23,1292.0,1129
4,lightgbm,D,v2,True,2020-11-24,1156.0,937
4,lightgbm,D,v2,True,2020-11-25,1146.0,931
4,lightgbm,D,v2,True,2020-11-26,1034.0,856
4,lightgbm,D,v2,True,2020-11-27,895.0,589
4,lightgbm,D,v2,True,2020-11-30,1273.0,1195
4,lightgbm,D,v2,True,2020-12-01,1324.0,966
4,lightgbm,D,v2,True,2020-12-02,1188.0,898
4,lightgbm,D,v2,True,2020-12-03,1059.0,818
4,lightgbm,D,v2,True,2020-12-04,858.0,557
4,lightgbm,D,v2,True,2020-12-07,1317.0,1129
4,lightgbm,D,v2,True,2020-12-08,1138.0,949
4,lightgbm,D,v2,True,2020-12-09,994.0,918
4,lightgbm,D,v2,True,2020-12-10,975.0,804
4,lightgbm,D,v2,True,2020-12-11,742.0,603
4,lightgbm,D,v2,True,2020-12-14,1329.0,1128
4,lightgbm,D,v2,True,2020-12-15,1202.0,956
4,lightgbm,D,v2,True,2020-12-16,1135.0,884
4,lightgbm,D,v2,True,2020-12-17,1096.0,862
4,lightgbm,D,v2,True,2020-12-18,917.0,639
4,lightgbm,D,v2,True,2020-12-21,1256.0,1111
4,lightgbm,D,v2,True,2020-12-22,984.0,905
4,lightgbm,D,v2,True,2020-12-23,768.0,765
4,lightgbm,D,v2,True,2020-12-24,591.0,422
4,lightgbm,D,v2,True,2021-01-04,1405.0,1198
4,lightgbm,D,v2,True,2021-01-05,1128.0,1022
4,lightgbm,D,v2,True,2021-01-06,1014.0,1024
4,lightgbm,D,v2,True,2021-01-07,1040.0,911
4,lightgbm,D,v2,True,2021-01-08,726.0,666
4,lightgbm,D,v2,True,2021-01-11,1257.0,1196
4,lightgbm,D,v2,True,2021-01-12,963.0,1030
4,lightgbm,D,v2,True,2021-01-13,913.0,1050
4,lightgbm,D,v2,True,2021-01-14,1038.0,901
4,lightgbm,D,v2,True,2021-01-15,702.0,669
4,lightgbm,D,v2,True,2021-01-18,1277.0,1228
4,lightgbm,D,v2,True,2021-01-19,1038.0,1043
4,lightgbm,D,v2,True,2021-01-20,1093.0,1002
4,lightgbm,D,v2,True,2021-01-21,832.0,847
4,lightgbm,D,v2,True,2021-01-22,579.0,661
4,lightgbm,D,v2,True,2021-01-25,1145.0,1192
4,lightgbm,D,v2,True,2021-01-26,1015.0,1023
4,xgboost,A,v2,True,2020-05-21,653.0,828
4,xgboost,A,v2,True,2020-05-22,512.0,631
4,xgboost,A,v2,True,2020-05-25,1062.0,1137
4,xgboost,A,v2,True,2020-05-26,781.0,978
4,xgboost,A,v2,True,2020-05-27,704.0,830
4,xgboost,A,v2,True,2020-05-28,662.0,793
4,xgboost,A,v2,True,2020-05-29,450.0,556
4,xgboost,A,v2,True,2020-06-01,1114.0,1098
4,xgboost,A,v2,True,2020-06-02,761.0,937
4,xgboost,A,v2,True,2020-06-03,693.0,839
4,xgboost,A,v2,True,2020-06-04,657.0,754
4,xgboost,A,v2,True,2020-06-05,505.0,580
4,xgboost,A,v2,True,2020-06-08,1130.0,918
4,xgboost,A,v2,True,2020-06-09,823.0,775
4,xgboost,A,v2,True,2020-06-10,719.0,795
4,xgboost,A,v2,True,2020-06-11,682.0,742
4,xgboost,A,v2,True,2020-06-12,516.0,561
4,xgboost,A,v2,True,2020-07-01,866.0,870
4,xgboost,A,v2,True,2020-07-02,675.0,848
4,xgboost,A,v2,True,2020-07-03,607.0,620
4,xgboost,A,v2,True,2020-07-06,1132.0,1068
4,xgboost,A,v2,True,2020-07-07,917.0,905
4,xgboost,A,v2,True,2020-07-08,847.0,870
4,xgboost,A,v2,True,2020-07-09,717.0,776
4,xgboost,A,v2,True,2020-07-10,611.0,689
4,xgboost,A,v2,True,2020-07-13,1260.0,1048
4,xgboost,A,v2,True,2020-07-14,814.0,1071
4,xgboost,A,v2,True,2020-07-15,842.0,869
4,xgboost,A,v2,True,2020-07-16,971.0,862
4,xgboost,A,v2,True,2020-07-17,656.0,637
4,xgboost,A,v2,True,2020-07-20,1190.0,1077
4,xgboost,A,v2,True,2020-07-21,861.0,1037
4,xgboost,A,v2,True,2020-07-22,823.0,747
4,xgboost,A,v2,True,2020-07-23,758.0,821
4,xgboost,A,v2,True,2020-07-24,450.0,701
4,xgboost,A,v2,True,2020-07-27,1118.0,1101
4,xgboost,A,v2,True,2020-07-28,873.0,1155
4,xgboost,A,v2,True,2020-07-29,871.0,798
4,xgboost,A,v2,True,2020-07-30,704.0,877
4,xgboost,A,v2,True,2020-07-31,477.0,708
4,xgboost,A,v2,True,2020-08-03,1033.0,907
4,xgboost,A,v2,True,2020-08-04,776.0,919
4,xgboost,A,v2,True,2020-08-05,720.0,672
4,xgboost,A,v2,True,2020-08-06,763.0,748
4,xgboost,A,v2,True,2020-08-07,476.0,590
4,xgboost,A,v2,True,2020-08-10,1011.0,895
4,xgboost,A,v2,True,2020-08-11,805.0,873
4,xgboost,A,v2,True,2020-08-12,701.0,643
4,xgboost,A,v2,True,2020-08-13,594.0,748
4,xgboost,A,v2,True,2020-08-14,477.0,488
4,xgboost,A,v2,True,2020-08-18,971.0,844
4,xgboost,A,v2,True,2020-08-19,801.0,655
4,xgboost,A,v2,True,2020-08-20,749.0,880
4,xgboost,A,v2,True,2020-08-21,514.0,651
4,xgboost,A,v2,True,2020-08-24,1178.0,1001
4,xgboost,A,v2,True,2020-08-25,1046.0,1111
4,xgboost,A,v2,True,2020-08-26,897.0,810
4,xgboost,A,v2,True,2020-08-27,963.0,1028
4,xgboost,A,v2,True,2020-08-28,784.0,776
4,xgboost,A,v2,True,2020-08-31,1243.0,1005
4,xgboost,A,v2,True,2020-09-01,1021.0,1153
4,xgboost,A,v2,True,2020-09-02,1006.0,1143
4,xgboost,A,v2,True,2020-09-03,924.0,1134
4,xgboost,A,v2,True,2020-09-04,746.0,906
4,xgboost,A,v2,True,2020-09-07,1186.0,1149
4,xgboost,A,v2,True,2020-09-08,986.0,1148
4,xgboost,A,v2,True,2020-09-09,965.0,1170
4,xgboost,A,v2,True,2020-09-10,881.0,1112
4,xgboost,A,v2,True,2020-09-11,661.0,768
4,xgboost,A,v2,True,2020-09-14,1191.0,1165
4,xgboost,A,v2,True,2020-09-15,855.0,1117
4,xgboost,A,v2,True,2020-09-16,953.0,1079
4,xgboost,A,v2,True,2020-09-17,797.0,954
4,xgboost,A,v2,True,2020-09-18,570.0,651
4,xgboost,A,v2,True,2020-09-21,1176.0,1139
4,xgboost,A,v2,True,2020-09-22,908.0,1088
4,xgboost,A,v2,True,2020-09-23,970.0,968
4,xgboost,A,v2,True,2020-09-24,739.0,897
4,xgboost,A,v2,True,2020-09-25,540.0,645
4,xgboost,A,v2,True,2020-09-28,358.0,489
4,xgboost,A,v2,True,2020-10-05,1252.0,1205
4,xgboost,A,v2,True,2020-10-06,977.0,1170
4,xgboost,A,v2,True,2020-10-07,880.0,920
4,xgboost,A,v2,True,2020-10-08,923.0,1066
4,xgboost,A,v2,True,2020-10-12,1096.0,1120
4,xgboost,A,v2,True,2020-10-13,839.0,878
4,xgboost,A,v2,True,2020-10-14,797.0,855
4,xgboost,A,v2,True,2020-10-15,793.0,850
4,xgboost,A,v2,True,2020-10-16,660.0,663
4,xgboost,A,v2,True,2020-10-19,1035.0,1154
4,xgboost,A,v2,True,2020-10-20,851.0,915
4,xgboost,A,v2,True,2020-10-21,887.0,863
4,xgboost,A,v2,True,2020-10-22,799.0,883
4,xgboost,A,v2,True,2020-10-23,648.0,664
4,xgboost,A,v2,True,2020-10-26,1069.0,1076
4,xgboost,A,v2,True,2020-10-27,839.0,857
4,xgboost,A,v2,True,2020-10-28,791.0,818
4,xgboost,A,v2,True,2020-10-29,667.0,715
4,xgboost,A,v2,True,2020-10-30,398.0,599
4,xgboost,A,v2,True,2020-11-02,1150.0,1105
4,xgboost,A,v2,True,2020-11-03,810.0,834
4,xgboost,A,v2,True,2020-11-04,789.0,774
4,xgboost,A,v2,True,2020-11-05,596.0,756
4,xgboost,A,v2,True,2020-11-06,459.0,613
4,xgboost,A,v2,True,2020-11-09,1076.0,897
4,xgboost,A,v2,True,2020-11-10,784.0,773
4,xgboost,A,v2,True,2020-11-11,747.0,786
4,xgboost,A,v2,True,2020-11-12,678.0,716
4,xgboost,A,v2,True,2020-11-13,529.0,683
4,xgboost,A,v2,True,2020-11-16,1068.0,1081
4,xgboost,A,v2,True,2020-11-17,784.0,838
4,xgboost,A,v2,True,2020-11-18,774.0,873
4,xgboost,A,v2,True,2020-11-19,653.0,829
4,xgboost,A,v2,True,2020-11-20,747.0,695
4,xgboost,A,v2,True,2020-11-23,1292.0,1048
4,xgboost,A,v2,True,2020-11-24,1156.0,1072
4,xgboost,A,v2,True,2020-11-25,1146.0,920
4,xgboost,A,v2,True,2020-11-26,1034.0,1012
4,xgboost,A,v2,True,2020-11-27,895.0,763
4,xgboost,A,v2,True,2020-11-30,1273.0,1138
4,xgboost,A,v2,True,2020-12-01,1324.0,1124
4,xgboost,A,v2,True,2020-12-02,1188.0,839
4,xgboost,A,v2,True,2020-12-03,1059.0,964
4,xgboost,A,v2,True,2020-12-04,858.0,690
4,xgboost,A,v2,True,2020-12-07,1317.0,1091
4,xgboost,A,v2,True,2020-12-08,1138.0,1114
4,xgboost,A,v2,True,2020-12-09,994.0,847
4,xgboost,A,v2,True,2020-12-10,975.0,962
4,xgboost,A,v2,True,2020-12-11,742.0,781
4,xgboost,A,v2,True,2020-12-14,1329.0,1131
4,xgboost,A,v2,True,2020-12-15,1202.0,1083
4,xgboost,A,v2,True,2020-12-16,1135.0,826
4,xgboost,A,v2,True,2020-12-17,1096.0,1037
4,xgboost,A,v2,True,2020-12-18,917.0,788
4,xgboost,A,v2,True,2020-12-21,1256.0,1034
4,xgboost,A,v2,True,2020-12-22,984.0,1016
4,xgboost,A,v2,True,2020-12-23,768.0,771
4,xgboost,A,v2,True,2020-12-24,591.0,407
4,xgboost,A,v2,True,2021-01-04,1405.0,1108
4,xgboost,A,v2,True,2021-01-05,1128.0,1063
4,xgboost,A,v2,True,2021-01-06,1014.0,1066
4,xgboost,A,v2,True,2021-01-07,1040.0,1067
4,xgboost,A,v2,True,2021-01-08,726.0,823
4,xgboost,A,v2,True,2021-01-11,1257.0,1072
4,xgboost,A,v2,True,2021-01-12,963.0,1044
4,xgboost,A,v2,True,2021-01-13,913.0,1063
4,xgboost,A,v2,True,2021-01-14,1038.0,1028
4,xgboost,A,v2,True,2021-01-15,702.0,786
4,xgboost,A,v2,True,2021-01-18,1277.0,1100
4,xgboost,A,v2,True,2021-01-19,1038.0,1085
4,xgboost,A,v2,True,2021-01-20,1093.0,1040
4,xgboost,A,v2,True,2021-01-21,832.0,963
4,xgboost,A,v2,True,2021-01-22,579.0,666
4,xgboost,A,v2,True,2021-01-25,1145.0,1101
4,xgboost,A,v2,True,2021-01-26,1015.0,1100
4,xgboost,B,v2,True,2020-05-21,653.0,797
4,xgboost,B,v2,True,2020-05-22,512.0,588
4,xgboost,B,v2,True,2020-05-25,1062.0,1185
4,xgboost,B,v2,True,2020-05-26,781.0,923
4,xgboost,B,v2,True,2020-05-27,704.0,886
4,xgboost,B,v2,True,2020-05-28,662.0,816
4,xgboost,B,v2,True,2020-05-29,450.0,580
4,xgboost,B,v2,True,2020-06-01,1114.0,1180
4,xgboost,B,v2,True,2020-06-02,761.0,923
4,xgboost,B,v2,True,2020-06-03,693.0,865
4,xgboost,B,v2,True,2020-06-04,657.0,782
4,xgboost,B,v2,True,2020-06-05,505.0,564
4,xgboost,B,v2,True,2020-06-08,1130.0,1112
4,xgboost,B,v2,True,2020-06-09,823.0,852
4,xgboost,B,v2,True,2020-06-10,719.0,868
4,xgboost,B,v2,True,2020-06-11,682.0,790
4,xgboost,B,v2,True,2020-06-12,516.0,582
4,xgboost,B,v2,True,2020-07-01,866.0,917
4,xgboost,B,v2,True,2020-07-02,675.0,864
4,xgboost,B,v2,True,2020-07-03,607.0,648
4,xgboost,B,v2,True,2020-07-06,1132.0,1169
4,xgboost,B,v2,True,2020-07-07,917.0,938
4,xgboost,B,v2,True,2020-07-08,847.0,918
4,xgboost,B,v2,True,2020-07-09,717.0,761
4,xgboost,B,v2,True,2020-07-10,611.0,630
4,xgboost,B,v2,True,2020-07-13,1260.0,1167
4,xgboost,B,v2,True,2020-07-14,814.0,962
4,xgboost,B,v2,True,2020-07-15,842.0,919
4,xgboost,B,v2,True,2020-07-16,971.0,845
4,xgboost,B,v2,True,2020-07-17,656.0,651
4,xgboost,B,v2,True,2020-07-20,1190.0,1160
4,xgboost,B,v2,True,2020-07-21,861.0,932
4,xgboost,B,v2,True,2020-07-22,823.0,824
4,xgboost,B,v2,True,2020-07-23,758.0,850
4,xgboost,B,v2,True,2020-07-24,450.0,654
4,xgboost,B,v2,True,2020-07-27,1118.0,1127
4,xgboost,B,v2,True,2020-07-28,873.0,1075
4,xgboost,B,v2,True,2020-07-29,871.0,949
4,xgboost,B,v2,True,2020-07-30,704.0,874
4,xgboost,B,v2,True,2020-07-31,477.0,630
4,xgboost,B,v2,True,2020-08-03,1033.0,1005
4,xgboost,B,v2,True,2020-08-04,776.0,812
4,xgboost,B,v2,True,2020-08-05,720.0,763
4,xgboost,B,v2,True,2020-08-06,763.0,768
4,xgboost,B,v2,True,2020-08-07,476.0,554
4,xgboost,B,v2,True,2020-08-10,1011.0,965
4,xgboost,B,v2,True,2020-08-11,805.0,782
4,xgboost,B,v2,True,2020-08-12,701.0,728
4,xgboost,B,v2,True,2020-08-13,594.0,764
4,xgboost,B,v2,True,2020-08-14,477.0,476
4,xgboost,B,v2,True,2020-08-18,971.0,756
4,xgboost,B,v2,True,2020-08-19,801.0,821
4,xgboost,B,v2,True,2020-08-20,749.0,886
4,xgboost,B,v2,True,2020-08-21,514.0,591
4,xgboost,B,v2,True,2020-08-24,1178.0,986
4,xgboost,B,v2,True,2020-08-25,1046.0,996
4,xgboost,B,v2,True,2020-08-26,897.0,928
4,xgboost,B,v2,True,2020-08-27,963.0,945
4,xgboost,B,v2,True,2020-08-28,784.0,693
4,xgboost,B,v2,True,2020-08-31,1243.0,1117
4,xgboost,B,v2,True,2020-09-01,1021.0,1014
4,xgboost,B,v2,True,2020-09-02,1006.0,1071
4,xgboost,B,v2,True,2020-09-03,924.0,983
4,xgboost,B,v2,True,2020-09-04,746.0,760
4,xgboost,B,v2,True,2020-09-07,1186.0,1211
4,xgboost,B,v2,True,2020-09-08,986.0,1079
4,xgboost,B,v2,True,2020-09-09,965.0,1137
4,xgboost,B,v2,True,2020-09-10,881.0,945
4,xgboost,B,v2,True,2020-09-11,661.0,706
4,xgboost,B,v2,True,2020-09-14,1191.0,1250
4,xgboost,B,v2,True,2020-09-15,855.0,1027
4,xgboost,B,v2,True,2020-09-16,953.0,1006
4,xgboost,B,v2,True,2020-09-17,797.0,913
4,xgboost,B,v2,True,2020-09-18,570.0,635
4,xgboost,B,v2,True,2020-09-21,1176.0,1225
4,xgboost,B,v2,True,2020-09-22,908.0,987
4,xgboost,B,v2,True,2020-09-23,970.0,946
4,xgboost,B,v2,True,2020-09-24,739.0,867
4,xgboost,B,v2,True,2020-09-25,540.0,611
4,xgboost,B,v2,True,2020-09-28,358.0,492
4,xgboost,B,v2,True,2020-10-05,1252.0,1285
4,xgboost,B,v2,True,2020-10-06,977.0,1065
4,xgboost,B,v2,True,2020-10-07,880.0,973
4,xgboost,B,v2,True,2020-10-08,923.0,915
4,xgboost,B,v2,True,2020-10-12,1096.0,1197
4,xgboost,B,v2,True,2020-10-13,839.0,921
4,xgboost,B,v2,True,2020-10-14,797.0,895
4,xgboost,B,v2,True,2020-10-15,793.0,831
4,xgboost,B,v2,True,2020-10-16,660.0,683
4,xgboost,B,v2,True,2020-10-19,1035.0,1216
4,xgboost,B,v2,True,2020-10-20,851.0,933
4,xgboost,B,v2,True,2020-10-21,887.0,912
4,xgboost,B,v2,True,2020-10-22,799.0,830
4,xgboost,B,v2,True,2020-10-23,648.0,636
4,xgboost,B,v2,True,2020-10-26,1069.0,1155
4,xgboost,B,v2,True,2020-10-27,839.0,880
4,xgboost,B,v2,True,2020-10-28,791.0,838
4,xgboost,B,v2,True,2020-10-29,667.0,721
4,xgboost,B,v2,True,2020-10-30,398.0,621
4,xgboost,B,v2,True,2020-11-02,1150.0,1188
4,xgboost,B,v2,True,2020-11-03,810.0,878
4,xgboost,B,v2,True,2020-11-04,789.0,841
4,xgboost,B,v2,True,2020-11-05,596.0,740
4,xgboost,B,v2,True,2020-11-06,459.0,644
4,xgboost,B,v2,True,2020-11-09,1076.0,1145
4,xgboost,B,v2,True,2020-11-10,784.0,825
4,xgboost,B,v2,True,2020-11-11,747.0,842
4,xgboost,B,v2,True,2020-11-12,678.0,701
4,xgboost,B,v2,True,2020-11-13,529.0,634
4,xgboost,B,v2,True,2020-11-16,1068.0,1173
4,xgboost,B,v2,True,2020-11-17,784.0,886
4,xgboost,B,v2,True,2020-11-18,774.0,855
4,xgboost,B,v2,True,2020-11-19,653.0,832
4,xgboost,B,v2,True,2020-11-20,747.0,634
4,xgboost,B,v2,True,2020-11-23,1292.0,1156
4,xgboost,B,v2,True,2020-11-24,1156.0,1011
4,xgboost,B,v2,True,2020-11-25,1146.0,997
4,xgboost,B,v2,True,2020-11-26,1034.0,911
4,xgboost,B,v2,True,2020-11-27,895.0,695
4,xgboost,B,v2,True,2020-11-30,1273.0,1255
4,xgboost,B,v2,True,2020-12-01,1324.0,1018
4,xgboost,B,v2,True,2020-12-02,1188.0,922
4,xgboost,B,v2,True,2020-12-03,1059.0,887
4,xgboost,B,v2,True,2020-12-04,858.0,649
4,xgboost,B,v2,True,2020-12-07,1317.0,1190
4,xgboost,B,v2,True,2020-12-08,1138.0,1007
4,xgboost,B,v2,True,2020-12-09,994.0,931
4,xgboost,B,v2,True,2020-12-10,975.0,901
4,xgboost,B,v2,True,2020-12-11,742.0,675
4,xgboost,B,v2,True,2020-12-14,1329.0,1163
4,xgboost,B,v2,True,2020-12-15,1202.0,984
4,xgboost,B,v2,True,2020-12-16,1135.0,932
4,xgboost,B,v2,True,2020-12-17,1096.0,947
4,xgboost,B,v2,True,2020-12-18,917.0,732
4,xgboost,B,v2,True,2020-12-21,1256.0,1209
4,xgboost,B,v2,True,2020-12-22,984.0,1046
4,xgboost,B,v2,True,2020-12-23,768.0,911
4,xgboost,B,v2,True,2020-12-24,591.0,386
4,xgboost,B,v2,True,2021-01-04,1405.0,1247
4,xgboost,B,v2,True,2021-01-05,1128.0,1053
4,xgboost,B,v2,True,2021-01-06,1014.0,1063
4,xgboost,B,v2,True,2021-01-07,1040.0,987
4,xgboost,B,v2,True,2021-01-08,726.0,766
4,xgboost,B,v2,True,2021-01-11,1257.0,1201
4,xgboost,B,v2,True,2021-01-12,963.0,1030
4,xgboost,B,v2,True,2021-01-13,913.0,1055
4,xgboost,B,v2,True,2021-01-14,1038.0,972
4,xgboost,B,v2,True,2021-01-15,702.0,674
4,xgboost,B,v2,True,2021-01-18,1277.0,1236
4,xgboost,B,v2,True,2021-01-19,1038.0,995
4,xgboost,B,v2,True,2021-01-20,1093.0,992
4,xgboost,B,v2,True,2021-01-21,832.0,886
4,xgboost,B,v2,True,2021-01-22,579.0,649
4,xgboost,B,v2,True,2021-01-25,1145.0,1204
4,xgboost,B,v2,True,2021-01-26,1015.0,1011
4,xgboost,C,v1,True,2020-05-21,653.0,818
4,xgboost,C,v1,True,2020-05-22,512.0,608
4,xgboost,C,v1,True,2020-05-25,1062.0,1196
4,xgboost,C,v1,True,2020-05-26,781.0,930
4,xgboost,C,v1,True,2020-05-27,704.0,856
4,xgboost,C,v1,True,2020-05-28,662.0,815
4,xgboost,C,v1,True,2020-05-29,450.0,598
4,xgboost,C,v1,True,2020-06-01,1114.0,1195
4,xgboost,C,v1,True,2020-06-02,761.0,923
4,xgboost,C,v1,True,2020-06-03,693.0,882
4,xgboost,C,v1,True,2020-06-04,657.0,786
4,xgboost,C,v1,True,2020-06-05,505.0,583
4,xgboost,C,v1,True,2020-06-08,1130.0,1104
4,xgboost,C,v1,True,2020-06-09,823.0,862
4,xgboost,C,v1,True,2020-06-10,719.0,876
4,xgboost,C,v1,True,2020-06-11,682.0,787
4,xgboost,C,v1,True,2020-06-12,516.0,598
4,xgboost,C,v1,True,2020-07-01,866.0,932
4,xgboost,C,v1,True,2020-07-02,675.0,879
4,xgboost,C,v1,True,2020-07-03,607.0,633
4,xgboost,C,v1,True,2020-07-06,1132.0,1166
4,xgboost,C,v1,True,2020-07-07,917.0,931
4,xgboost,C,v1,True,2020-07-08,847.0,918
4,xgboost,C,v1,True,2020-07-09,717.0,768
4,xgboost,C,v1,True,2020-07-10,611.0,634
4,xgboost,C,v1,True,2020-07-13,1260.0,1170
4,xgboost,C,v1,True,2020-07-14,814.0,962
4,xgboost,C,v1,True,2020-07-15,842.0,935
4,xgboost,C,v1,True,2020-07-16,971.0,867
4,xgboost,C,v1,True,2020-07-17,656.0,661
4,xgboost,C,v1,True,2020-07-20,1190.0,1152
4,xgboost,C,v1,True,2020-07-21,861.0,942
4,xgboost,C,v1,True,2020-07-22,823.0,814
4,xgboost,C,v1,True,2020-07-23,758.0,857
4,xgboost,C,v1,True,2020-07-24,450.0,645
4,xgboost,C,v1,True,2020-07-27,1118.0,1117
4,xgboost,C,v1,True,2020-07-28,873.0,1028
4,xgboost,C,v1,True,2020-07-29,871.0,912
4,xgboost,C,v1,True,2020-07-30,704.0,874
4,xgboost,C,v1,True,2020-07-31,477.0,622
4,xgboost,C,v1,True,2020-08-03,1033.0,989
4,xgboost,C,v1,True,2020-08-04,776.0,792
4,xgboost,C,v1,True,2020-08-05,720.0,766
4,xgboost,C,v1,True,2020-08-06,763.0,762
4,xgboost,C,v1,True,2020-08-07,476.0,534
4,xgboost,C,v1,True,2020-08-10,1011.0,958
4,xgboost,C,v1,True,2020-08-11,805.0,771
4,xgboost,C,v1,True,2020-08-12,701.0,718
4,xgboost,C,v1,True,2020-08-13,594.0,754
4,xgboost,C,v1,True,2020-08-14,477.0,468
4,xgboost,C,v1,True,2020-08-18,971.0,737
4,xgboost,C,v1,True,2020-08-19,801.0,784
4,xgboost,C,v1,True,2020-08-20,749.0,873
4,xgboost,C,v1,True,2020-08-21,514.0,580
4,xgboost,C,v1,True,2020-08-24,1178.0,993
4,xgboost,C,v1,True,2020-08-25,1046.0,999
4,xgboost,C,v1,True,2020-08-26,897.0,941
4,xgboost,C,v1,True,2020-08-27,963.0,948
4,xgboost,C,v1,True,2020-08-28,784.0,675
4,xgboost,C,v1,True,2020-08-31,1243.0,1115
4,xgboost,C,v1,True,2020-09-01,1021.0,1033
4,xgboost,C,v1,True,2020-09-02,1006.0,1081
4,xgboost,C,v1,True,2020-09-03,924.0,998
4,xgboost,C,v1,True,2020-09-04,746.0,741
4,xgboost,C,v1,True,2020-09-07,1186.0,1192
4,xgboost,C,v1,True,2020-09-08,986.0,1046
4,xgboost,C,v1,True,2020-09-09,965.0,1065
4,xgboost,C,v1,True,2020-09-10,881.0,936
4,xgboost,C,v1,True,2020-09-11,661.0,723
4,xgboost,C,v1,True,2020-09-14,1191.0,1249
4,xgboost,C,v1,True,2020-09-15,855.0,998
4,xgboost,C,v1,True,2020-09-16,953.0,1005
4,xgboost,C,v1,True,2020-09-17,797.0,912
4,xgboost,C,v1,True,2020-09-18,570.0,678
4,xgboost,C,v1,True,2020-09-21,1176.0,1230
4,xgboost,C,v1,True,2020-09-22,908.0,989
4,xgboost,C,v1,True,2020-09-23,970.0,935
4,xgboost,C,v1,True,2020-09-24,739.0,870
4,xgboost,C,v1,True,2020-09-25,540.0,626
4,xgboost,C,v1,True,2020-09-28,358.0,493
4,xgboost,C,v1,True,2020-10-05,1252.0,1294
4,xgboost,C,v1,True,2020-10-06,977.0,1051
4,xgboost,C,v1,True,2020-10-07,880.0,975
4,xgboost,C,v1,True,2020-10-08,923.0,911
4,xgboost,C,v1,True,2020-10-12,1096.0,1192
4,xgboost,C,v1,True,2020-10-13,839.0,941
4,xgboost,C,v1,True,2020-10-14,797.0,927
4,xgboost,C,v1,True,2020-10-15,793.0,852
4,xgboost,C,v1,True,2020-10-16,660.0,684
4,xgboost,C,v1,True,2020-10-19,1035.0,1202
4,xgboost,C,v1,True,2020-10-20,851.0,933
4,xgboost,C,v1,True,2020-10-21,887.0,927
4,xgboost,C,v1,True,2020-10-22,799.0,831
4,xgboost,C,v1,True,2020-10-23,648.0,645
4,xgboost,C,v1,True,2020-10-26,1069.0,1129
4,xgboost,C,v1,True,2020-10-27,839.0,883
4,xgboost,C,v1,True,2020-10-28,791.0,860
4,xgboost,C,v1,True,2020-10-29,667.0,751
4,xgboost,C,v1,True,2020-10-30,398.0,610
4,xgboost,C,v1,True,2020-11-02,1150.0,1184
4,xgboost,C,v1,True,2020-11-03,810.0,876
4,xgboost,C,v1,True,2020-11-04,789.0,874
4,xgboost,C,v1,True,2020-11-05,596.0,750
4,xgboost,C,v1,True,2020-11-06,459.0,644
4,xgboost,C,v1,True,2020-11-09,1076.0,1139
4,xgboost,C,v1,True,2020-11-10,784.0,824
4,xgboost,C,v1,True,2020-11-11,747.0,840
4,xgboost,C,v1,True,2020-11-12,678.0,720
4,xgboost,C,v1,True,2020-11-13,529.0,624
4,xgboost,C,v1,True,2020-11-16,1068.0,1157
4,xgboost,C,v1,True,2020-11-17,784.0,897
4,xgboost,C,v1,True,2020-11-18,774.0,859
4,xgboost,C,v1,True,2020-11-19,653.0,838
4,xgboost,C,v1,True,2020-11-20,747.0,624
4,xgboost,C,v1,True,2020-11-23,1292.0,1158
4,xgboost,C,v1,True,2020-11-24,1156.0,995
4,xgboost,C,v1,True,2020-11-25,1146.0,966
4,xgboost,C,v1,True,2020-11-26,1034.0,906
4,xgboost,C,v1,True,2020-11-27,895.0,676
4,xgboost,C,v1,True,2020-11-30,1273.0,1249
4,xgboost,C,v1,True,2020-12-01,1324.0,1014
4,xgboost,C,v1,True,2020-12-02,1188.0,892
4,xgboost,C,v1,True,2020-12-03,1059.0,888
4,xgboost,C,v1,True,2020-12-04,858.0,645
4,xgboost,C,v1,True,2020-12-07,1317.0,1189
4,xgboost,C,v1,True,2020-12-08,1138.0,1000
4,xgboost,C,v1,True,2020-12-09,994.0,894
4,xgboost,C,v1,True,2020-12-10,975.0,896
4,xgboost,C,v1,True,2020-12-11,742.0,670
4,xgboost,C,v1,True,2020-12-14,1329.0,1164
4,xgboost,C,v1,True,2020-12-15,1202.0,971
4,xgboost,C,v1,True,2020-12-16,1135.0,947
4,xgboost,C,v1,True,2020-12-17,1096.0,960
4,xgboost,C,v1,True,2020-12-18,917.0,731
4,xgboost,C,v1,True,2020-12-21,1256.0,1204
4,xgboost,C,v1,True,2020-12-22,984.0,1046
4,xgboost,C,v1,True,2020-12-23,768.0,913
4,xgboost,C,v1,True,2020-12-24,591.0,392
4,xgboost,C,v1,True,2021-01-04,1405.0,1234
4,xgboost,C,v1,True,2021-01-05,1128.0,1059
4,xgboost,C,v1,True,2021-01-06,1014.0,1061
4,xgboost,C,v1,True,2021-01-07,1040.0,973
4,xgboost,C,v1,True,2021-01-08,726.0,751
4,xgboost,C,v1,True,2021-01-11,1257.0,1204
4,xgboost,C,v1,True,2021-01-12,963.0,1037
4,xgboost,C,v1,True,2021-01-13,913.0,1068
4,xgboost,C,v1,True,2021-01-14,1038.0,991
4,xgboost,C,v1,True,2021-01-15,702.0,678
4,xgboost,C,v1,True,2021-01-18,1277.0,1241
4,xgboost,C,v1,True,2021-01-19,1038.0,1005
4,xgboost,C,v1,True,2021-01-20,1093.0,1029
4,xgboost,C,v1,True,2021-01-21,832.0,884
4,xgboost,C,v1,True,2021-01-22,579.0,660
4,xgboost,C,v1,True,2021-01-25,1145.0,1217
4,xgboost,C,v1,True,2021-01-26,1015.0,1031
4,xgboost,C,v2,True,2020-05-21,653.0,808
4,xgboost,C,v2,True,2020-05-22,512.0,613
4,xgboost,C,v2,True,2020-05-25,1062.0,1200
4,xgboost,C,v2,True,2020-05-26,781.0,921
4,xgboost,C,v2,True,2020-05-27,704.0,843
4,xgboost,C,v2,True,2020-05-28,662.0,800
4,xgboost,C,v2,True,2020-05-29,450.0,603
4,xgboost,C,v2,True,2020-06-01,1114.0,1186
4,xgboost,C,v2,True,2020-06-02,761.0,918
4,xgboost,C,v2,True,2020-06-03,693.0,870
4,xgboost,C,v2,True,2020-06-04,657.0,781
4,xgboost,C,v2,True,2020-06-05,505.0,593
4,xgboost,C,v2,True,2020-06-08,1130.0,1108
4,xgboost,C,v2,True,2020-06-09,823.0,861
4,xgboost,C,v2,True,2020-06-10,719.0,880
4,xgboost,C,v2,True,2020-06-11,682.0,783
4,xgboost,C,v2,True,2020-06-12,516.0,597
4,xgboost,C,v2,True,2020-07-01,866.0,931
4,xgboost,C,v2,True,2020-07-02,675.0,876
4,xgboost,C,v2,True,2020-07-03,607.0,630
4,xgboost,C,v2,True,2020-07-06,1132.0,1166
4,xgboost,C,v2,True,2020-07-07,917.0,941
4,xgboost,C,v2,True,2020-07-08,847.0,905
4,xgboost,C,v2,True,2020-07-09,717.0,776
4,xgboost,C,v2,True,2020-07-10,611.0,635
4,xgboost,C,v2,True,2020-07-13,1260.0,1152
4,xgboost,C,v2,True,2020-07-14,814.0,964
4,xgboost,C,v2,True,2020-07-15,842.0,926
4,xgboost,C,v2,True,2020-07-16,971.0,866
4,xgboost,C,v2,True,2020-07-17,656.0,656
4,xgboost,C,v2,True,2020-07-20,1190.0,1161
4,xgboost,C,v2,True,2020-07-21,861.0,946
4,xgboost,C,v2,True,2020-07-22,823.0,809
4,xgboost,C,v2,True,2020-07-23,758.0,859
4,xgboost,C,v2,True,2020-07-24,450.0,644
4,xgboost,C,v2,True,2020-07-27,1118.0,1138
4,xgboost,C,v2,True,2020-07-28,873.0,1025
4,xgboost,C,v2,True,2020-07-29,871.0,897
4,xgboost,C,v2,True,2020-07-30,704.0,886
4,xgboost,C,v2,True,2020-07-31,477.0,617
4,xgboost,C,v2,True,2020-08-03,1033.0,997
4,xgboost,C,v2,True,2020-08-04,776.0,790
4,xgboost,C,v2,True,2020-08-05,720.0,746
4,xgboost,C,v2,True,2020-08-06,763.0,765
4,xgboost,C,v2,True,2020-08-07,476.0,530
4,xgboost,C,v2,True,2020-08-10,1011.0,955
4,xgboost,C,v2,True,2020-08-11,805.0,769
4,xgboost,C,v2,True,2020-08-12,701.0,710
4,xgboost,C,v2,True,2020-08-13,594.0,752
4,xgboost,C,v2,True,2020-08-14,477.0,481
4,xgboost,C,v2,True,2020-08-18,971.0,736
4,xgboost,C,v2,True,2020-08-19,801.0,764
4,xgboost,C,v2,True,2020-08-20,749.0,879
4,xgboost,C,v2,True,2020-08-21,514.0,582
4,xgboost,C,v2,True,2020-08-24,1178.0,984
4,xgboost,C,v2,True,2020-08-25,1046.0,990
4,xgboost,C,v2,True,2020-08-26,897.0,928
4,xgboost,C,v2,True,2020-08-27,963.0,947
4,xgboost,C,v2,True,2020-08-28,784.0,675
4,xgboost,C,v2,True,2020-08-31,1243.0,1116
4,xgboost,C,v2,True,2020-09-01,1021.0,1016
4,xgboost,C,v2,True,2020-09-02,1006.0,1071
4,xgboost,C,v2,True,2020-09-03,924.0,985
4,xgboost,C,v2,True,2020-09-04,746.0,747
4,xgboost,C,v2,True,2020-09-07,1186.0,1185
4,xgboost,C,v2,True,2020-09-08,986.0,1039
4,xgboost,C,v2,True,2020-09-09,965.0,1066
4,xgboost,C,v2,True,2020-09-10,881.0,942
4,xgboost,C,v2,True,2020-09-11,661.0,714
4,xgboost,C,v2,True,2020-09-14,1191.0,1247
4,xgboost,C,v2,True,2020-09-15,855.0,999
4,xgboost,C,v2,True,2020-09-16,953.0,997
4,xgboost,C,v2,True,2020-09-17,797.0,910
4,xgboost,C,v2,True,2020-09-18,570.0,671
4,xgboost,C,v2,True,2020-09-21,1176.0,1226
4,xgboost,C,v2,True,2020-09-22,908.0,986
4,xgboost,C,v2,True,2020-09-23,970.0,931
4,xgboost,C,v2,True,2020-09-24,739.0,870
4,xgboost,C,v2,True,2020-09-25,540.0,625
4,xgboost,C,v2,True,2020-09-28,358.0,509
4,xgboost,C,v2,True,2020-10-05,1252.0,1300
4,xgboost,C,v2,True,2020-10-06,977.0,1061
4,xgboost,C,v2,True,2020-10-07,880.0,957
4,xgboost,C,v2,True,2020-10-08,923.0,929
4,xgboost,C,v2,True,2020-10-12,1096.0,1199
4,xgboost,C,v2,True,2020-10-13,839.0,931
4,xgboost,C,v2,True,2020-10-14,797.0,917
4,xgboost,C,v2,True,2020-10-15,793.0,859
4,xgboost,C,v2,True,2020-10-16,660.0,681
4,xgboost,C,v2,True,2020-10-19,1035.0,1210
4,xgboost,C,v2,True,2020-10-20,851.0,936
4,xgboost,C,v2,True,2020-10-21,887.0,905
4,xgboost,C,v2,True,2020-10-22,799.0,842
4,xgboost,C,v2,True,2020-10-23,648.0,642
4,xgboost,C,v2,True,2020-10-26,1069.0,1143
4,xgboost,C,v2,True,2020-10-27,839.0,884
4,xgboost,C,v2,True,2020-10-28,791.0,843
4,xgboost,C,v2,True,2020-10-29,667.0,748
4,xgboost,C,v2,True,2020-10-30,398.0,607
4,xgboost,C,v2,True,2020-11-02,1150.0,1191
4,xgboost,C,v2,True,2020-11-03,810.0,878
4,xgboost,C,v2,True,2020-11-04,789.0,871
4,xgboost,C,v2,True,2020-11-05,596.0,756
4,xgboost,C,v2,True,2020-11-06,459.0,634
4,xgboost,C,v2,True,2020-11-09,1076.0,1137
4,xgboost,C,v2,True,2020-11-10,784.0,802
4,xgboost,C,v2,True,2020-11-11,747.0,813
4,xgboost,C,v2,True,2020-11-12,678.0,729
4,xgboost,C,v2,True,2020-11-13,529.0,622
4,xgboost,C,v2,True,2020-11-16,1068.0,1175
4,xgboost,C,v2,True,2020-11-17,784.0,883
4,xgboost,C,v2,True,2020-11-18,774.0,862
4,xgboost,C,v2,True,2020-11-19,653.0,840
4,xgboost,C,v2,True,2020-11-20,747.0,625
4,xgboost,C,v2,True,2020-11-23,1292.0,1171
4,xgboost,C,v2,True,2020-11-24,1156.0,996
4,xgboost,C,v2,True,2020-11-25,1146.0,946
4,xgboost,C,v2,True,2020-11-26,1034.0,930
4,xgboost,C,v2,True,2020-11-27,895.0,663
4,xgboost,C,v2,True,2020-11-30,1273.0,1249
4,xgboost,C,v2,True,2020-12-01,1324.0,1008
4,xgboost,C,v2,True,2020-12-02,1188.0,895
4,xgboost,C,v2,True,2020-12-03,1059.0,881
4,xgboost,C,v2,True,2020-12-04,858.0,639
4,xgboost,C,v2,True,2020-12-07,1317.0,1188
4,xgboost,C,v2,True,2020-12-08,1138.0,1008
4,xgboost,C,v2,True,2020-12-09,994.0,924
4,xgboost,C,v2,True,2020-12-10,975.0,901
4,xgboost,C,v2,True,2020-12-11,742.0,658
4,xgboost,C,v2,True,2020-12-14,1329.0,1168
4,xgboost,C,v2,True,2020-12-15,1202.0,973
4,xgboost,C,v2,True,2020-12-16,1135.0,929
4,xgboost,C,v2,True,2020-12-17,1096.0,962
4,xgboost,C,v2,True,2020-12-18,917.0,733
4,xgboost,C,v2,True,2020-12-21,1256.0,1207
4,xgboost,C,v2,True,2020-12-22,984.0,1021
4,xgboost,C,v2,True,2020-12-23,768.0,894
4,xgboost,C,v2,True,2020-12-24,591.0,390
4,xgboost,C,v2,True,2021-01-04,1405.0,1242
4,xgboost,C,v2,True,2021-01-05,1128.0,1059
4,xgboost,C,v2,True,2021-01-06,1014.0,1066
4,xgboost,C,v2,True,2021-01-07,1040.0,992
4,xgboost,C,v2,True,2021-01-08,726.0,743
4,xgboost,C,v2,True,2021-01-11,1257.0,1203
4,xgboost,C,v2,True,2021-01-12,963.0,1046
4,xgboost,C,v2,True,2021-01-13,913.0,1065
4,xgboost,C,v2,True,2021-01-14,1038.0,984
4,xgboost,C,v2,True,2021-01-15,702.0,680
4,xgboost,C,v2,True,2021-01-18,1277.0,1247
4,xgboost,C,v2,True,2021-01-19,1038.0,998
4,xgboost,C,v2,True,2021-01-20,1093.0,1009
4,xgboost,C,v2,True,2021-01-21,832.0,868
4,xgboost,C,v2,True,2021-01-22,579.0,668
4,xgboost,C,v2,True,2021-01-25,1145.0,1214
4,xgboost,C,v2,True,2021-01-26,1015.0,1016
4,xgboost,D,v1,True,2020-05-21,653.0,867
4,xgboost,D,v1,True,2020-05-22,512.0,617
4,xgboost,D,v1,True,2020-05-25,1062.0,1251
4,xgboost,D,v1,True,2020-05-26,781.0,992
4,xgboost,D,v1,True,2020-05-27,704.0,929
4,xgboost,D,v1,True,2020-05-28,662.0,834
4,xgboost,D,v1,True,2020-05-29,450.0,615
4,xgboost,D,v1,True,2020-06-01,1114.0,1228
4,xgboost,D,v1,True,2020-06-02,761.0,998
4,xgboost,D,v1,True,2020-06-03,693.0,914
4,xgboost,D,v1,True,2020-06-04,657.0,801
4,xgboost,D,v1,True,2020-06-05,505.0,613
4,xgboost,D,v1,True,2020-06-08,1130.0,1117
4,xgboost,D,v1,True,2020-06-09,823.0,892
4,xgboost,D,v1,True,2020-06-10,719.0,924
4,xgboost,D,v1,True,2020-06-11,682.0,792
4,xgboost,D,v1,True,2020-06-12,516.0,602
4,xgboost,D,v1,True,2020-07-01,866.0,927
4,xgboost,D,v1,True,2020-07-02,675.0,843
4,xgboost,D,v1,True,2020-07-03,607.0,629
4,xgboost,D,v1,True,2020-07-06,1132.0,1189
4,xgboost,D,v1,True,2020-07-07,917.0,930
4,xgboost,D,v1,True,2020-07-08,847.0,916
4,xgboost,D,v1,True,2020-07-09,717.0,732
4,xgboost,D,v1,True,2020-07-10,611.0,589
4,xgboost,D,v1,True,2020-07-13,1260.0,1196
4,xgboost,D,v1,True,2020-07-14,814.0,963
4,xgboost,D,v1,True,2020-07-15,842.0,923
4,xgboost,D,v1,True,2020-07-16,971.0,843
4,xgboost,D,v1,True,2020-07-17,656.0,655
4,xgboost,D,v1,True,2020-07-20,1190.0,1176
4,xgboost,D,v1,True,2020-07-21,861.0,906
4,xgboost,D,v1,True,2020-07-22,823.0,847
4,xgboost,D,v1,True,2020-07-23,758.0,823
4,xgboost,D,v1,True,2020-07-24,450.0,605
4,xgboost,D,v1,True,2020-07-27,1118.0,1199
4,xgboost,D,v1,True,2020-07-28,873.0,1048
4,xgboost,D,v1,True,2020-07-29,871.0,915
4,xgboost,D,v1,True,2020-07-30,704.0,818
4,xgboost,D,v1,True,2020-07-31,477.0,604
4,xgboost,D,v1,True,2020-08-03,1033.0,1015
4,xgboost,D,v1,True,2020-08-04,776.0,822
4,xgboost,D,v1,True,2020-08-05,720.0,792
4,xgboost,D,v1,True,2020-08-06,763.0,778
4,xgboost,D,v1,True,2020-08-07,476.0,578
4,xgboost,D,v1,True,2020-08-10,1011.0,968
4,xgboost,D,v1,True,2020-08-11,805.0,807
4,xgboost,D,v1,True,2020-08-12,701.0,738
4,xgboost,D,v1,True,2020-08-13,594.0,774
4,xgboost,D,v1,True,2020-08-14,477.0,531
4,xgboost,D,v1,True,2020-08-18,971.0,799
4,xgboost,D,v1,True,2020-08-19,801.0,843
4,xgboost,D,v1,True,2020-08-20,749.0,903
4,xgboost,D,v1,True,2020-08-21,514.0,638
4,xgboost,D,v1,True,2020-08-24,1178.0,1018
4,xgboost,D,v1,True,2020-08-25,1046.0,1050
4,xgboost,D,v1,True,2020-08-26,897.0,992
4,xgboost,D,v1,True,2020-08-27,963.0,952
4,xgboost,D,v1,True,2020-08-28,784.0,658
4,xgboost,D,v1,True,2020-08-31,1243.0,1147
4,xgboost,D,v1,True,2020-09-01,1021.0,1020
4,xgboost,D,v1,True,2020-09-02,1006.0,1078
4,xgboost,D,v1,True,2020-09-03,924.0,976
4,xgboost,D,v1,True,2020-09-04,746.0,783
4,xgboost,D,v1,True,2020-09-07,1186.0,1257
4,xgboost,D,v1,True,2020-09-08,986.0,1121
4,xgboost,D,v1,True,2020-09-09,965.0,1106
4,xgboost,D,v1,True,2020-09-10,881.0,998
4,xgboost,D,v1,True,2020-09-11,661.0,762
4,xgboost,D,v1,True,2020-09-14,1191.0,1290
4,xgboost,D,v1,True,2020-09-15,855.0,1031
4,xgboost,D,v1,True,2020-09-16,953.0,1016
4,xgboost,D,v1,True,2020-09-17,797.0,924
4,xgboost,D,v1,True,2020-09-18,570.0,662
4,xgboost,D,v1,True,2020-09-21,1176.0,1235
4,xgboost,D,v1,True,2020-09-22,908.0,993
4,xgboost,D,v1,True,2020-09-23,970.0,966
4,xgboost,D,v1,True,2020-09-24,739.0,827
4,xgboost,D,v1,True,2020-09-25,540.0,638
4,xgboost,D,v1,True,2020-09-28,358.0,541
4,xgboost,D,v1,True,2020-10-05,1252.0,1312
4,xgboost,D,v1,True,2020-10-06,977.0,1080
4,xgboost,D,v1,True,2020-10-07,880.0,952
4,xgboost,D,v1,True,2020-10-08,923.0,976
4,xgboost,D,v1,True,2020-10-12,1096.0,1194
4,xgboost,D,v1,True,2020-10-13,839.0,943
4,xgboost,D,v1,True,2020-10-14,797.0,899
4,xgboost,D,v1,True,2020-10-15,793.0,863
4,xgboost,D,v1,True,2020-10-16,660.0,662
4,xgboost,D,v1,True,2020-10-19,1035.0,1158
4,xgboost,D,v1,True,2020-10-20,851.0,922
4,xgboost,D,v1,True,2020-10-21,887.0,915
4,xgboost,D,v1,True,2020-10-22,799.0,818
4,xgboost,D,v1,True,2020-10-23,648.0,618
4,xgboost,D,v1,True,2020-10-26,1069.0,1094
4,xgboost,D,v1,True,2020-10-27,839.0,839
4,xgboost,D,v1,True,2020-10-28,791.0,838
4,xgboost,D,v1,True,2020-10-29,667.0,720
4,xgboost,D,v1,True,2020-10-30,398.0,561
4,xgboost,D,v1,True,2020-11-02,1150.0,1149
4,xgboost,D,v1,True,2020-11-03,810.0,822
4,xgboost,D,v1,True,2020-11-04,789.0,814
4,xgboost,D,v1,True,2020-11-05,596.0,703
4,xgboost,D,v1,True,2020-11-06,459.0,586
4,xgboost,D,v1,True,2020-11-09,1076.0,1085
4,xgboost,D,v1,True,2020-11-10,784.0,774
4,xgboost,D,v1,True,2020-11-11,747.0,794
4,xgboost,D,v1,True,2020-11-12,678.0,668
4,xgboost,D,v1,True,2020-11-13,529.0,559
4,xgboost,D,v1,True,2020-11-16,1068.0,1156
4,xgboost,D,v1,True,2020-11-17,784.0,855
4,xgboost,D,v1,True,2020-11-18,774.0,817
4,xgboost,D,v1,True,2020-11-19,653.0,822
4,xgboost,D,v1,True,2020-11-20,747.0,580
4,xgboost,D,v1,True,2020-11-23,1292.0,1158
4,xgboost,D,v1,True,2020-11-24,1156.0,1002
4,xgboost,D,v1,True,2020-11-25,1146.0,941
4,xgboost,D,v1,True,2020-11-26,1034.0,869
4,xgboost,D,v1,True,2020-11-27,895.0,621
4,xgboost,D,v1,True,2020-11-30,1273.0,1170
4,xgboost,D,v1,True,2020-12-01,1324.0,1016
4,xgboost,D,v1,True,2020-12-02,1188.0,950
4,xgboost,D,v1,True,2020-12-03,1059.0,839
4,xgboost,D,v1,True,2020-12-04,858.0,573
4,xgboost,D,v1,True,2020-12-07,1317.0,1133
4,xgboost,D,v1,True,2020-12-08,1138.0,947
4,xgboost,D,v1,True,2020-12-09,994.0,914
4,xgboost,D,v1,True,2020-12-10,975.0,824
4,xgboost,D,v1,True,2020-12-11,742.0,618
4,xgboost,D,v1,True,2020-12-14,1329.0,1133
4,xgboost,D,v1,True,2020-12-15,1202.0,993
4,xgboost,D,v1,True,2020-12-16,1135.0,927
4,xgboost,D,v1,True,2020-12-17,1096.0,952
4,xgboost,D,v1,True,2020-12-18,917.0,680
4,xgboost,D,v1,True,2020-12-21,1256.0,1095
4,xgboost,D,v1,True,2020-12-22,984.0,956
4,xgboost,D,v1,True,2020-12-23,768.0,834
4,xgboost,D,v1,True,2020-12-24,591.0,345
4,xgboost,D,v1,True,2021-01-04,1405.0,1185
4,xgboost,D,v1,True,2021-01-05,1128.0,1016
4,xgboost,D,v1,True,2021-01-06,1014.0,1041
4,xgboost,D,v1,True,2021-01-07,1040.0,938
4,xgboost,D,v1,True,2021-01-08,726.0,704
4,xgboost,D,v1,True,2021-01-11,1257.0,1202
4,xgboost,D,v1,True,2021-01-12,963.0,1041
4,xgboost,D,v1,True,2021-01-13,913.0,1025
4,xgboost,D,v1,True,2021-01-14,1038.0,958
4,xgboost,D,v1,True,2021-01-15,702.0,663
4,xgboost,D,v1,True,2021-01-18,1277.0,1244
4,xgboost,D,v1,True,2021-01-19,1038.0,994
4,xgboost,D,v1,True,2021-01-20,1093.0,970
4,xgboost,D,v1,True,2021-01-21,832.0,796
4,xgboost,D,v1,True,2021-01-22,579.0,666
4,xgboost,D,v1,True,2021-01-25,1145.0,1182
4,xgboost,D,v1,True,2021-01-26,1015.0,1021
4,xgboost,D,v2,True,2020-05-21,653.0,862
4,xgboost,D,v2,True,2020-05-22,512.0,622
4,xgboost,D,v2,True,2020-05-25,1062.0,1252
4,xgboost,D,v2,True,2020-05-26,781.0,981
4,xgboost,D,v2,True,2020-05-27,704.0,921
4,xgboost,D,v2,True,2020-05-28,662.0,825
4,xgboost,D,v2,True,2020-05-29,450.0,621
4,xgboost,D,v2,True,2020-06-01,1114.0,1224
4,xgboost,D,v2,True,2020-06-02,761.0,995
4,xgboost,D,v2,True,2020-06-03,693.0,917
4,xgboost,D,v2,True,2020-06-04,657.0,799
4,xgboost,D,v2,True,2020-06-05,505.0,626
4,xgboost,D,v2,True,2020-06-08,1130.0,1130
4,xgboost,D,v2,True,2020-06-09,823.0,892
4,xgboost,D,v2,True,2020-06-10,719.0,924
4,xgboost,D,v2,True,2020-06-11,682.0,795
4,xgboost,D,v2,True,2020-06-12,516.0,609
4,xgboost,D,v2,True,2020-07-01,866.0,929
4,xgboost,D,v2,True,2020-07-02,675.0,834
4,xgboost,D,v2,True,2020-07-03,607.0,616
4,xgboost,D,v2,True,2020-07-06,1132.0,1198
4,xgboost,D,v2,True,2020-07-07,917.0,937
4,xgboost,D,v2,True,2020-07-08,847.0,902
4,xgboost,D,v2,True,2020-07-09,717.0,736
4,xgboost,D,v2,True,2020-07-10,611.0,599
4,xgboost,D,v2,True,2020-07-13,1260.0,1170
4,xgboost,D,v2,True,2020-07-14,814.0,968
4,xgboost,D,v2,True,2020-07-15,842.0,898
4,xgboost,D,v2,True,2020-07-16,971.0,821
4,xgboost,D,v2,True,2020-07-17,656.0,652
4,xgboost,D,v2,True,2020-07-20,1190.0,1171
4,xgboost,D,v2,True,2020-07-21,861.0,897
4,xgboost,D,v2,True,2020-07-22,823.0,843
4,xgboost,D,v2,True,2020-07-23,758.0,826
4,xgboost,D,v2,True,2020-07-24,450.0,607
4,xgboost,D,v2,True,2020-07-27,1118.0,1183
4,xgboost,D,v2,True,2020-07-28,873.0,1032
4,xgboost,D,v2,True,2020-07-29,871.0,902
4,xgboost,D,v2,True,2020-07-30,704.0,798
4,xgboost,D,v2,True,2020-07-31,477.0,611
4,xgboost,D,v2,True,2020-08-03,1033.0,1006
4,xgboost,D,v2,True,2020-08-04,776.0,813
4,xgboost,D,v2,True,2020-08-05,720.0,800
4,xgboost,D,v2,True,2020-08-06,763.0,776
4,xgboost,D,v2,True,2020-08-07,476.0,569
4,xgboost,D,v2,True,2020-08-10,1011.0,962
4,xgboost,D,v2,True,2020-08-11,805.0,805
4,xgboost,D,v2,True,2020-08-12,701.0,732
4,xgboost,D,v2,True,2020-08-13,594.0,756
4,xgboost,D,v2,True,2020-08-14,477.0,532
4,xgboost,D,v2,True,2020-08-18,971.0,805
4,xgboost,D,v2,True,2020-08-19,801.0,836
4,xgboost,D,v2,True,2020-08-20,749.0,909
4,xgboost,D,v2,True,2020-08-21,514.0,641
4,xgboost,D,v2,True,2020-08-24,1178.0,1022
4,xgboost,D,v2,True,2020-08-25,1046.0,1043
4,xgboost,D,v2,True,2020-08-26,897.0,995
4,xgboost,D,v2,True,2020-08-27,963.0,933
4,xgboost,D,v2,True,2020-08-28,784.0,661
4,xgboost,D,v2,True,2020-08-31,1243.0,1138
4,xgboost,D,v2,True,2020-09-01,1021.0,997
4,xgboost,D,v2,True,2020-09-02,1006.0,1076
4,xgboost,D,v2,True,2020-09-03,924.0,970
4,xgboost,D,v2,True,2020-09-04,746.0,785
4,xgboost,D,v2,True,2020-09-07,1186.0,1231
4,xgboost,D,v2,True,2020-09-08,986.0,1112
4,xgboost,D,v2,True,2020-09-09,965.0,1114
4,xgboost,D,v2,True,2020-09-10,881.0,992
4,xgboost,D,v2,True,2020-09-11,661.0,771
4,xgboost,D,v2,True,2020-09-14,1191.0,1287
4,xgboost,D,v2,True,2020-09-15,855.0,1039
4,xgboost,D,v2,True,2020-09-16,953.0,1036
4,xgboost,D,v2,True,2020-09-17,797.0,923
4,xgboost,D,v2,True,2020-09-18,570.0,679
4,xgboost,D,v2,True,2020-09-21,1176.0,1239
4,xgboost,D,v2,True,2020-09-22,908.0,995
4,xgboost,D,v2,True,2020-09-23,970.0,964
4,xgboost,D,v2,True,2020-09-24,739.0,814
4,xgboost,D,v2,True,2020-09-25,540.0,635
4,xgboost,D,v2,True,2020-09-28,358.0,546
4,xgboost,D,v2,True,2020-10-05,1252.0,1309
4,xgboost,D,v2,True,2020-10-06,977.0,1082
4,xgboost,D,v2,True,2020-10-07,880.0,950
4,xgboost,D,v2,True,2020-10-08,923.0,984
4,xgboost,D,v2,True,2020-10-12,1096.0,1197
4,xgboost,D,v2,True,2020-10-13,839.0,943
4,xgboost,D,v2,True,2020-10-14,797.0,894
4,xgboost,D,v2,True,2020-10-15,793.0,865
4,xgboost,D,v2,True,2020-10-16,660.0,655
4,xgboost,D,v2,True,2020-10-19,1035.0,1151
4,xgboost,D,v2,True,2020-10-20,851.0,917
4,xgboost,D,v2,True,2020-10-21,887.0,913
4,xgboost,D,v2,True,2020-10-22,799.0,821
4,xgboost,D,v2,True,2020-10-23,648.0,617
4,xgboost,D,v2,True,2020-10-26,1069.0,1095
4,xgboost,D,v2,True,2020-10-27,839.0,831
4,xgboost,D,v2,True,2020-10-28,791.0,832
4,xgboost,D,v2,True,2020-10-29,667.0,721
4,xgboost,D,v2,True,2020-10-30,398.0,558
4,xgboost,D,v2,True,2020-11-02,1150.0,1164
4,xgboost,D,v2,True,2020-11-03,810.0,823
4,xgboost,D,v2,True,2020-11-04,789.0,814
4,xgboost,D,v2,True,2020-11-05,596.0,702
4,xgboost,D,v2,True,2020-11-06,459.0,588
4,xgboost,D,v2,True,2020-11-09,1076.0,1090
4,xgboost,D,v2,True,2020-11-10,784.0,776
4,xgboost,D,v2,True,2020-11-11,747.0,785
4,xgboost,D,v2,True,2020-11-12,678.0,677
4,xgboost,D,v2,True,2020-11-13,529.0,561
4,xgboost,D,v2,True,2020-11-16,1068.0,1163
4,xgboost,D,v2,True,2020-11-17,784.0,855
4,xgboost,D,v2,True,2020-11-18,774.0,815
4,xgboost,D,v2,True,2020-11-19,653.0,810
4,xgboost,D,v2,True,2020-11-20,747.0,568
4,xgboost,D,v2,True,2020-11-23,1292.0,1168
4,xgboost,D,v2,True,2020-11-24,1156.0,996
4,xgboost,D,v2,True,2020-11-25,1146.0,935
4,xgboost,D,v2,True,2020-11-26,1034.0,882
4,xgboost,D,v2,True,2020-11-27,895.0,609
4,xgboost,D,v2,True,2020-11-30,1273.0,1179
4,xgboost,D,v2,True,2020-12-01,1324.0,1011
4,xgboost,D,v2,True,2020-12-02,1188.0,952
4,xgboost,D,v2,True,2020-12-03,1059.0,851
4,xgboost,D,v2,True,2020-12-04,858.0,557
4,xgboost,D,v2,True,2020-12-07,1317.0,1140
4,xgboost,D,v2,True,2020-12-08,1138.0,953
4,xgboost,D,v2,True,2020-12-09,994.0,930
4,xgboost,D,v2,True,2020-12-10,975.0,821
4,xgboost,D,v2,True,2020-12-11,742.0,609
4,xgboost,D,v2,True,2020-12-14,1329.0,1151
4,xgboost,D,v2,True,2020-12-15,1202.0,980
4,xgboost,D,v2,True,2020-12-16,1135.0,926
4,xgboost,D,v2,True,2020-12-17,1096.0,961
4,xgboost,D,v2,True,2020-12-18,917.0,682
4,xgboost,D,v2,True,2020-12-21,1256.0,1099
4,xgboost,D,v2,True,2020-12-22,984.0,955
4,xgboost,D,v2,True,2020-12-23,768.0,858
4,xgboost,D,v2,True,2020-12-24,591.0,340
4,xgboost,D,v2,True,2021-01-04,1405.0,1191
4,xgboost,D,v2,True,2021-01-05,1128.0,1023
4,xgboost,D,v2,True,2021-01-06,1014.0,1047
4,xgboost,D,v2,True,2021-01-07,1040.0,965
4,xgboost,D,v2,True,2021-01-08,726.0,696
4,xgboost,D,v2,True,2021-01-11,1257.0,1202
4,xgboost,D,v2,True,2021-01-12,963.0,1046
4,xgboost,D,v2,True,2021-01-13,913.0,1034
4,xgboost,D,v2,True,2021-01-14,1038.0,957
4,xgboost,D,v2,True,2021-01-15,702.0,653
4,xgboost,D,v2,True,2021-01-18,1277.0,1270
4,xgboost,D,v2,True,2021-01-19,1038.0,1002
4,xgboost,D,v2,True,2021-01-20,1093.0,987
4,xgboost,D,v2,True,2021-01-21,832.0,787
4,xgboost,D,v2,True,2021-01-22,579.0,658
4,xgboost,D,v2,True,2021-01-25,1145.0,1188
4,xgboost,D,v2,True,2021-01-26,1015.0,1021
4,lightgbm,A,v2,False,2020-05-21,653.0,833
4,lightgbm,A,v2,False,2020-05-22,512.0,624
4,lightgbm,A,v2,False,2020-05-25,1062.0,1019
4,lightgbm,A,v2,False,2020-05-26,781.0,946
4,lightgbm,A,v2,False,2020-05-27,704.0,848
4,lightgbm,A,v2,False,2020-05-28,662.0,834
4,lightgbm,A,v2,False,2020-05-29,450.0,598
4,lightgbm,A,v2,False,2020-06-01,1114.0,1080
4,lightgbm,A,v2,False,2020-06-02,761.0,896
4,lightgbm,A,v2,False,2020-06-03,693.0,817
4,lightgbm,A,v2,False,2020-06-04,657.0,805
4,lightgbm,A,v2,False,2020-06-05,505.0,572
4,lightgbm,A,v2,False,2020-06-08,1130.0,803
4,lightgbm,A,v2,False,2020-06-09,823.0,836
4,lightgbm,A,v2,False,2020-06-10,719.0,823
4,lightgbm,A,v2,False,2020-06-11,682.0,791
4,lightgbm,A,v2,False,2020-06-12,516.0,560
4,lightgbm,A,v2,False,2020-07-01,866.0,928
4,lightgbm,A,v2,False,2020-07-02,675.0,874
4,lightgbm,A,v2,False,2020-07-03,607.0,681
4,lightgbm,A,v2,False,2020-07-06,1132.0,1112
4,lightgbm,A,v2,False,2020-07-07,917.0,933
4,lightgbm,A,v2,False,2020-07-08,847.0,925
4,lightgbm,A,v2,False,2020-07-09,717.0,808
4,lightgbm,A,v2,False,2020-07-10,611.0,657
4,lightgbm,A,v2,False,2020-07-13,1260.0,1070
4,lightgbm,A,v2,False,2020-07-14,814.0,1086
4,lightgbm,A,v2,False,2020-07-15,842.0,924
4,lightgbm,A,v2,False,2020-07-16,971.0,850
4,lightgbm,A,v2,False,2020-07-17,656.0,672
4,lightgbm,A,v2,False,2020-07-20,1190.0,1113
4,lightgbm,A,v2,False,2020-07-21,861.0,1127
4,lightgbm,A,v2,False,2020-07-22,823.0,851
4,lightgbm,A,v2,False,2020-07-23,758.0,796
4,lightgbm,A,v2,False,2020-07-24,450.0,593
4,lightgbm,A,v2,False,2020-07-27,1118.0,1101
4,lightgbm,A,v2,False,2020-07-28,873.0,1148
4,lightgbm,A,v2,False,2020-07-29,871.0,1048
4,lightgbm,A,v2,False,2020-07-30,704.0,739
4,lightgbm,A,v2,False,2020-07-31,477.0,609
4,lightgbm,A,v2,False,2020-08-03,1033.0,758
4,lightgbm,A,v2,False,2020-08-04,776.0,777
4,lightgbm,A,v2,False,2020-08-05,720.0,725
4,lightgbm,A,v2,False,2020-08-06,763.0,616
4,lightgbm,A,v2,False,2020-08-07,476.0,506
4,lightgbm,A,v2,False,2020-08-10,1011.0,791
4,lightgbm,A,v2,False,2020-08-11,805.0,750
4,lightgbm,A,v2,False,2020-08-12,701.0,681
4,lightgbm,A,v2,False,2020-08-13,594.0,598
4,lightgbm,A,v2,False,2020-08-14,477.0,516
4,lightgbm,A,v2,False,2020-08-18,971.0,790
4,lightgbm,A,v2,False,2020-08-19,801.0,716
4,lightgbm,A,v2,False,2020-08-20,749.0,731
4,lightgbm,A,v2,False,2020-08-21,514.0,562
4,lightgbm,A,v2,False,2020-08-24,1178.0,832
4,lightgbm,A,v2,False,2020-08-25,1046.0,990
4,lightgbm,A,v2,False,2020-08-26,897.0,954
4,lightgbm,A,v2,False,2020-08-27,963.0,903
4,lightgbm,A,v2,False,2020-08-28,784.0,751
4,lightgbm,A,v2,False,2020-08-31,1243.0,996
4,lightgbm,A,v2,False,2020-09-01,1021.0,1196
4,lightgbm,A,v2,False,2020-09-02,1006.0,1211
4,lightgbm,A,v2,False,2020-09-03,924.0,1221
4,lightgbm,A,v2,False,2020-09-04,746.0,1169
4,lightgbm,A,v2,False,2020-09-07,1186.0,1157
4,lightgbm,A,v2,False,2020-09-08,986.0,1182
4,lightgbm,A,v2,False,2020-09-09,965.0,1182
4,lightgbm,A,v2,False,2020-09-10,881.0,1181
4,lightgbm,A,v2,False,2020-09-11,661.0,897
4,lightgbm,A,v2,False,2020-09-14,1191.0,1204
4,lightgbm,A,v2,False,2020-09-15,855.0,1151
4,lightgbm,A,v2,False,2020-09-16,953.0,1094
4,lightgbm,A,v2,False,2020-09-17,797.0,976
4,lightgbm,A,v2,False,2020-09-18,570.0,735
4,lightgbm,A,v2,False,2020-09-21,1176.0,1186
4,lightgbm,A,v2,False,2020-09-22,908.0,1122
4,lightgbm,A,v2,False,2020-09-23,970.0,1025
4,lightgbm,A,v2,False,2020-09-24,739.0,942
4,lightgbm,A,v2,False,2020-09-25,540.0,708
4,lightgbm,A,v2,False,2020-09-28,358.0,619
4,lightgbm,A,v2,False,2020-10-05,1252.0,1183
4,lightgbm,A,v2,False,2020-10-06,977.0,1150
4,lightgbm,A,v2,False,2020-10-07,880.0,1033
4,lightgbm,A,v2,False,2020-10-08,923.0,1060
4,lightgbm,A,v2,False,2020-10-12,1096.0,1145
4,lightgbm,A,v2,False,2020-10-13,839.0,929
4,lightgbm,A,v2,False,2020-10-14,797.0,884
4,lightgbm,A,v2,False,2020-10-15,793.0,858
4,lightgbm,A,v2,False,2020-10-16,660.0,798
4,lightgbm,A,v2,False,2020-10-19,1035.0,1132
4,lightgbm,A,v2,False,2020-10-20,851.0,957
4,lightgbm,A,v2,False,2020-10-21,887.0,1014
4,lightgbm,A,v2,False,2020-10-22,799.0,855
4,lightgbm,A,v2,False,2020-10-23,648.0,723
4,lightgbm,A,v2,False,2020-10-26,1069.0,1112
4,lightgbm,A,v2,False,2020-10-27,839.0,866
4,lightgbm,A,v2,False,2020-10-28,791.0,798
4,lightgbm,A,v2,False,2020-10-29,667.0,702
4,lightgbm,A,v2,False,2020-10-30,398.0,577
4,lightgbm,A,v2,False,2020-11-02,1150.0,1127
4,lightgbm,A,v2,False,2020-11-03,810.0,864
4,lightgbm,A,v2,False,2020-11-04,789.0,808
4,lightgbm,A,v2,False,2020-11-05,596.0,761
4,lightgbm,A,v2,False,2020-11-06,459.0,628
4,lightgbm,A,v2,False,2020-11-09,1076.0,923
4,lightgbm,A,v2,False,2020-11-10,784.0,804
4,lightgbm,A,v2,False,2020-11-11,747.0,773
4,lightgbm,A,v2,False,2020-11-12,678.0,704
4,lightgbm,A,v2,False,2020-11-13,529.0,594
4,lightgbm,A,v2,False,2020-11-16,1068.0,1112
4,lightgbm,A,v2,False,2020-11-17,784.0,845
4,lightgbm,A,v2,False,2020-11-18,774.0,813
4,lightgbm,A,v2,False,2020-11-19,653.0,814
4,lightgbm,A,v2,False,2020-11-20,747.0,577
4,lightgbm,A,v2,False,2020-11-23,1292.0,1096
4,lightgbm,A,v2,False,2020-11-24,1156.0,1096
4,lightgbm,A,v2,False,2020-11-25,1146.0,1189
4,lightgbm,A,v2,False,2020-11-26,1034.0,1128
4,lightgbm,A,v2,False,2020-11-27,895.0,874
4,lightgbm,A,v2,False,2020-11-30,1273.0,1114
4,lightgbm,A,v2,False,2020-12-01,1324.0,1008
4,lightgbm,A,v2,False,2020-12-02,1188.0,1018
4,lightgbm,A,v2,False,2020-12-03,1059.0,890
4,lightgbm,A,v2,False,2020-12-04,858.0,691
4,lightgbm,A,v2,False,2020-12-07,1317.0,950
4,lightgbm,A,v2,False,2020-12-08,1138.0,979
4,lightgbm,A,v2,False,2020-12-09,994.0,981
4,lightgbm,A,v2,False,2020-12-10,975.0,902
4,lightgbm,A,v2,False,2020-12-11,742.0,746
4,lightgbm,A,v2,False,2020-12-14,1329.0,1035
4,lightgbm,A,v2,False,2020-12-15,1202.0,962
4,lightgbm,A,v2,False,2020-12-16,1135.0,935
4,lightgbm,A,v2,False,2020-12-17,1096.0,935
4,lightgbm,A,v2,False,2020-12-18,917.0,869
4,lightgbm,A,v2,False,2020-12-21,1256.0,976
4,lightgbm,A,v2,False,2020-12-22,984.0,927
4,lightgbm,A,v2,False,2020-12-23,768.0,869
4,lightgbm,A,v2,False,2020-12-24,591.0,524
4,lightgbm,A,v2,False,2021-01-04,1405.0,1138
4,lightgbm,A,v2,False,2021-01-05,1128.0,1149
4,lightgbm,A,v2,False,2021-01-06,1014.0,1146
4,lightgbm,A,v2,False,2021-01-07,1040.0,1102
4,lightgbm,A,v2,False,2021-01-08,726.0,896
4,lightgbm,A,v2,False,2021-01-11,1257.0,1149
4,lightgbm,A,v2,False,2021-01-12,963.0,1138
4,lightgbm,A,v2,False,2021-01-13,913.0,1113
4,lightgbm,A,v2,False,2021-01-14,1038.0,1003
4,lightgbm,A,v2,False,2021-01-15,702.0,884
4,lightgbm,A,v2,False,2021-01-18,1277.0,1146
4,lightgbm,A,v2,False,2021-01-19,1038.0,1082
4,lightgbm,A,v2,False,2021-01-20,1093.0,1127
4,lightgbm,A,v2,False,2021-01-21,832.0,949
4,lightgbm,A,v2,False,2021-01-22,579.0,678
4,lightgbm,A,v2,False,2021-01-25,1145.0,1146
4,lightgbm,A,v2,False,2021-01-26,1015.0,1124
4,lightgbm,B,v2,False,2020-05-21,653.0,813
4,lightgbm,B,v2,False,2020-05-22,512.0,617
4,lightgbm,B,v2,False,2020-05-25,1062.0,1160
4,lightgbm,B,v2,False,2020-05-26,781.0,874
4,lightgbm,B,v2,False,2020-05-27,704.0,875
4,lightgbm,B,v2,False,2020-05-28,662.0,821
4,lightgbm,B,v2,False,2020-05-29,450.0,606
4,lightgbm,B,v2,False,2020-06-01,1114.0,1187
4,lightgbm,B,v2,False,2020-06-02,761.0,879
4,lightgbm,B,v2,False,2020-06-03,693.0,843
4,lightgbm,B,v2,False,2020-06-04,657.0,789
4,lightgbm,B,v2,False,2020-06-05,505.0,544
4,lightgbm,B,v2,False,2020-06-08,1130.0,1098
4,lightgbm,B,v2,False,2020-06-09,823.0,862
4,lightgbm,B,v2,False,2020-06-10,719.0,859
4,lightgbm,B,v2,False,2020-06-11,682.0,792
4,lightgbm,B,v2,False,2020-06-12,516.0,556
4,lightgbm,B,v2,False,2020-07-01,866.0,916
4,lightgbm,B,v2,False,2020-07-02,675.0,854
4,lightgbm,B,v2,False,2020-07-03,607.0,680
4,lightgbm,B,v2,False,2020-07-06,1132.0,1180
4,lightgbm,B,v2,False,2020-07-07,917.0,927
4,lightgbm,B,v2,False,2020-07-08,847.0,919
4,lightgbm,B,v2,False,2020-07-09,717.0,773
4,lightgbm,B,v2,False,2020-07-10,611.0,627
4,lightgbm,B,v2,False,2020-07-13,1260.0,1158
4,lightgbm,B,v2,False,2020-07-14,814.0,923
4,lightgbm,B,v2,False,2020-07-15,842.0,916
4,lightgbm,B,v2,False,2020-07-16,971.0,812
4,lightgbm,B,v2,False,2020-07-17,656.0,670
4,lightgbm,B,v2,False,2020-07-20,1190.0,1152
4,lightgbm,B,v2,False,2020-07-21,861.0,934
4,lightgbm,B,v2,False,2020-07-22,823.0,827
4,lightgbm,B,v2,False,2020-07-23,758.0,796
4,lightgbm,B,v2,False,2020-07-24,450.0,633
4,lightgbm,B,v2,False,2020-07-27,1118.0,1272
4,lightgbm,B,v2,False,2020-07-28,873.0,1066
4,lightgbm,B,v2,False,2020-07-29,871.0,1037
4,lightgbm,B,v2,False,2020-07-30,704.0,813
4,lightgbm,B,v2,False,2020-07-31,477.0,641
4,lightgbm,B,v2,False,2020-08-03,1033.0,863
4,lightgbm,B,v2,False,2020-08-04,776.0,741
4,lightgbm,B,v2,False,2020-08-05,720.0,722
4,lightgbm,B,v2,False,2020-08-06,763.0,685
4,lightgbm,B,v2,False,2020-08-07,476.0,489
4,lightgbm,B,v2,False,2020-08-10,1011.0,887
4,lightgbm,B,v2,False,2020-08-11,805.0,770
4,lightgbm,B,v2,False,2020-08-12,701.0,777
4,lightgbm,B,v2,False,2020-08-13,594.0,649
4,lightgbm,B,v2,False,2020-08-14,477.0,467
4,lightgbm,B,v2,False,2020-08-18,971.0,732
4,lightgbm,B,v2,False,2020-08-19,801.0,860
4,lightgbm,B,v2,False,2020-08-20,749.0,901
4,lightgbm,B,v2,False,2020-08-21,514.0,567
4,lightgbm,B,v2,False,2020-08-24,1178.0,918
4,lightgbm,B,v2,False,2020-08-25,1046.0,947
4,lightgbm,B,v2,False,2020-08-26,897.0,949
4,lightgbm,B,v2,False,2020-08-27,963.0,868
4,lightgbm,B,v2,False,2020-08-28,784.0,797
4,lightgbm,B,v2,False,2020-08-31,1243.0,1138
4,lightgbm,B,v2,False,2020-09-01,1021.0,1068
4,lightgbm,B,v2,False,2020-09-02,1006.0,1087
4,lightgbm,B,v2,False,2020-09-03,924.0,1045
4,lightgbm,B,v2,False,2020-09-04,746.0,859
4,lightgbm,B,v2,False,2020-09-07,1186.0,1232
4,lightgbm,B,v2,False,2020-09-08,986.0,1104
4,lightgbm,B,v2,False,2020-09-09,965.0,1132
4,lightgbm,B,v2,False,2020-09-10,881.0,963
4,lightgbm,B,v2,False,2020-09-11,661.0,777
4,lightgbm,B,v2,False,2020-09-14,1191.0,1259
4,lightgbm,B,v2,False,2020-09-15,855.0,1038
4,lightgbm,B,v2,False,2020-09-16,953.0,1002
4,lightgbm,B,v2,False,2020-09-17,797.0,926
4,lightgbm,B,v2,False,2020-09-18,570.0,654
4,lightgbm,B,v2,False,2020-09-21,1176.0,1238
4,lightgbm,B,v2,False,2020-09-22,908.0,959
4,lightgbm,B,v2,False,2020-09-23,970.0,926
4,lightgbm,B,v2,False,2020-09-24,739.0,867
4,lightgbm,B,v2,False,2020-09-25,540.0,629
4,lightgbm,B,v2,False,2020-09-28,358.0,656
4,lightgbm,B,v2,False,2020-10-05,1252.0,1260
4,lightgbm,B,v2,False,2020-10-06,977.0,1063
4,lightgbm,B,v2,False,2020-10-07,880.0,977
4,lightgbm,B,v2,False,2020-10-08,923.0,907
4,lightgbm,B,v2,False,2020-10-12,1096.0,1185
4,lightgbm,B,v2,False,2020-10-13,839.0,927
4,lightgbm,B,v2,False,2020-10-14,797.0,882
4,lightgbm,B,v2,False,2020-10-15,793.0,810
4,lightgbm,B,v2,False,2020-10-16,660.0,711
4,lightgbm,B,v2,False,2020-10-19,1035.0,1186
4,lightgbm,B,v2,False,2020-10-20,851.0,918
4,lightgbm,B,v2,False,2020-10-21,887.0,894
4,lightgbm,B,v2,False,2020-10-22,799.0,813
4,lightgbm,B,v2,False,2020-10-23,648.0,659
4,lightgbm,B,v2,False,2020-10-26,1069.0,1158
4,lightgbm,B,v2,False,2020-10-27,839.0,889
4,lightgbm,B,v2,False,2020-10-28,791.0,825
4,lightgbm,B,v2,False,2020-10-29,667.0,727
4,lightgbm,B,v2,False,2020-10-30,398.0,620
4,lightgbm,B,v2,False,2020-11-02,1150.0,1186
4,lightgbm,B,v2,False,2020-11-03,810.0,873
4,lightgbm,B,v2,False,2020-11-04,789.0,826
4,lightgbm,B,v2,False,2020-11-05,596.0,751
4,lightgbm,B,v2,False,2020-11-06,459.0,659
4,lightgbm,B,v2,False,2020-11-09,1076.0,1139
4,lightgbm,B,v2,False,2020-11-10,784.0,834
4,lightgbm,B,v2,False,2020-11-11,747.0,816
4,lightgbm,B,v2,False,2020-11-12,678.0,729
4,lightgbm,B,v2,False,2020-11-13,529.0,625
4,lightgbm,B,v2,False,2020-11-16,1068.0,1165
4,lightgbm,B,v2,False,2020-11-17,784.0,874
4,lightgbm,B,v2,False,2020-11-18,774.0,822
4,lightgbm,B,v2,False,2020-11-19,653.0,790
4,lightgbm,B,v2,False,2020-11-20,747.0,623
4,lightgbm,B,v2,False,2020-11-23,1292.0,1169
4,lightgbm,B,v2,False,2020-11-24,1156.0,993
4,lightgbm,B,v2,False,2020-11-25,1146.0,1025
4,lightgbm,B,v2,False,2020-11-26,1034.0,960
4,lightgbm,B,v2,False,2020-11-27,895.0,844
4,lightgbm,B,v2,False,2020-11-30,1273.0,1265
4,lightgbm,B,v2,False,2020-12-01,1324.0,923
4,lightgbm,B,v2,False,2020-12-02,1188.0,955
4,lightgbm,B,v2,False,2020-12-03,1059.0,855
4,lightgbm,B,v2,False,2020-12-04,858.0,707
4,lightgbm,B,v2,False,2020-12-07,1317.0,1181
4,lightgbm,B,v2,False,2020-12-08,1138.0,969
4,lightgbm,B,v2,False,2020-12-09,994.0,921
4,lightgbm,B,v2,False,2020-12-10,975.0,891
4,lightgbm,B,v2,False,2020-12-11,742.0,776
4,lightgbm,B,v2,False,2020-12-14,1329.0,1133
4,lightgbm,B,v2,False,2020-12-15,1202.0,928
4,lightgbm,B,v2,False,2020-12-16,1135.0,906
4,lightgbm,B,v2,False,2020-12-17,1096.0,934
4,lightgbm,B,v2,False,2020-12-18,917.0,785
4,lightgbm,B,v2,False,2020-12-21,1256.0,1196
4,lightgbm,B,v2,False,2020-12-22,984.0,959
4,lightgbm,B,v2,False,2020-12-23,768.0,961
4,lightgbm,B,v2,False,2020-12-24,591.0,516
4,lightgbm,B,v2,False,2021-01-04,1405.0,1247
4,lightgbm,B,v2,False,2021-01-05,1128.0,1079
4,lightgbm,B,v2,False,2021-01-06,1014.0,1061
4,lightgbm,B,v2,False,2021-01-07,1040.0,990
4,lightgbm,B,v2,False,2021-01-08,726.0,842
4,lightgbm,B,v2,False,2021-01-11,1257.0,1224
4,lightgbm,B,v2,False,2021-01-12,963.0,1045
4,lightgbm,B,v2,False,2021-01-13,913.0,1056
4,lightgbm,B,v2,False,2021-01-14,1038.0,887
4,lightgbm,B,v2,False,2021-01-15,702.0,742
4,lightgbm,B,v2,False,2021-01-18,1277.0,1239
4,lightgbm,B,v2,False,2021-01-19,1038.0,1045
4,lightgbm,B,v2,False,2021-01-20,1093.0,1049
4,lightgbm,B,v2,False,2021-01-21,832.0,856
4,lightgbm,B,v2,False,2021-01-22,579.0,726
4,lightgbm,B,v2,False,2021-01-25,1145.0,1224
4,lightgbm,B,v2,False,2021-01-26,1015.0,1053
4,lightgbm,C,v1,False,2020-05-21,653.0,817
4,lightgbm,C,v1,False,2020-05-22,512.0,613
4,lightgbm,C,v1,False,2020-05-25,1062.0,1169
4,lightgbm,C,v1,False,2020-05-26,781.0,863
4,lightgbm,C,v1,False,2020-05-27,704.0,842
4,lightgbm,C,v1,False,2020-05-28,662.0,815
4,lightgbm,C,v1,False,2020-05-29,450.0,611
4,lightgbm,C,v1,False,2020-06-01,1114.0,1190
4,lightgbm,C,v1,False,2020-06-02,761.0,879
4,lightgbm,C,v1,False,2020-06-03,693.0,859
4,lightgbm,C,v1,False,2020-06-04,657.0,786
4,lightgbm,C,v1,False,2020-06-05,505.0,569
4,lightgbm,C,v1,False,2020-06-08,1130.0,1088
4,lightgbm,C,v1,False,2020-06-09,823.0,865
4,lightgbm,C,v1,False,2020-06-10,719.0,868
4,lightgbm,C,v1,False,2020-06-11,682.0,788
4,lightgbm,C,v1,False,2020-06-12,516.0,572
4,lightgbm,C,v1,False,2020-07-01,866.0,930
4,lightgbm,C,v1,False,2020-07-02,675.0,855
4,lightgbm,C,v1,False,2020-07-03,607.0,687
4,lightgbm,C,v1,False,2020-07-06,1132.0,1185
4,lightgbm,C,v1,False,2020-07-07,917.0,924
4,lightgbm,C,v1,False,2020-07-08,847.0,915
4,lightgbm,C,v1,False,2020-07-09,717.0,782
4,lightgbm,C,v1,False,2020-07-10,611.0,645
4,lightgbm,C,v1,False,2020-07-13,1260.0,1179
4,lightgbm,C,v1,False,2020-07-14,814.0,937
4,lightgbm,C,v1,False,2020-07-15,842.0,920
4,lightgbm,C,v1,False,2020-07-16,971.0,815
4,lightgbm,C,v1,False,2020-07-17,656.0,686
4,lightgbm,C,v1,False,2020-07-20,1190.0,1160
4,lightgbm,C,v1,False,2020-07-21,861.0,947
4,lightgbm,C,v1,False,2020-07-22,823.0,821
4,lightgbm,C,v1,False,2020-07-23,758.0,789
4,lightgbm,C,v1,False,2020-07-24,450.0,634
4,lightgbm,C,v1,False,2020-07-27,1118.0,1261
4,lightgbm,C,v1,False,2020-07-28,873.0,1025
4,lightgbm,C,v1,False,2020-07-29,871.0,1025
4,lightgbm,C,v1,False,2020-07-30,704.0,802
4,lightgbm,C,v1,False,2020-07-31,477.0,643
4,lightgbm,C,v1,False,2020-08-03,1033.0,866
4,lightgbm,C,v1,False,2020-08-04,776.0,761
4,lightgbm,C,v1,False,2020-08-05,720.0,722
4,lightgbm,C,v1,False,2020-08-06,763.0,674
4,lightgbm,C,v1,False,2020-08-07,476.0,498
4,lightgbm,C,v1,False,2020-08-10,1011.0,887
4,lightgbm,C,v1,False,2020-08-11,805.0,808
4,lightgbm,C,v1,False,2020-08-12,701.0,787
4,lightgbm,C,v1,False,2020-08-13,594.0,654
4,lightgbm,C,v1,False,2020-08-14,477.0,486
4,lightgbm,C,v1,False,2020-08-18,971.0,760
4,lightgbm,C,v1,False,2020-08-19,801.0,850
4,lightgbm,C,v1,False,2020-08-20,749.0,885
4,lightgbm,C,v1,False,2020-08-21,514.0,569
4,lightgbm,C,v1,False,2020-08-24,1178.0,904
4,lightgbm,C,v1,False,2020-08-25,1046.0,957
4,lightgbm,C,v1,False,2020-08-26,897.0,970
4,lightgbm,C,v1,False,2020-08-27,963.0,879
4,lightgbm,C,v1,False,2020-08-28,784.0,781
4,lightgbm,C,v1,False,2020-08-31,1243.0,1132
4,lightgbm,C,v1,False,2020-09-01,1021.0,1092
4,lightgbm,C,v1,False,2020-09-02,1006.0,1118
4,lightgbm,C,v1,False,2020-09-03,924.0,1070
4,lightgbm,C,v1,False,2020-09-04,746.0,857
4,lightgbm,C,v1,False,2020-09-07,1186.0,1235
4,lightgbm,C,v1,False,2020-09-08,986.0,1087
4,lightgbm,C,v1,False,2020-09-09,965.0,1105
4,lightgbm,C,v1,False,2020-09-10,881.0,972
4,lightgbm,C,v1,False,2020-09-11,661.0,786
4,lightgbm,C,v1,False,2020-09-14,1191.0,1277
4,lightgbm,C,v1,False,2020-09-15,855.0,1023
4,lightgbm,C,v1,False,2020-09-16,953.0,1013
4,lightgbm,C,v1,False,2020-09-17,797.0,926
4,lightgbm,C,v1,False,2020-09-18,570.0,662
4,lightgbm,C,v1,False,2020-09-21,1176.0,1255
4,lightgbm,C,v1,False,2020-09-22,908.0,976
4,lightgbm,C,v1,False,2020-09-23,970.0,943
4,lightgbm,C,v1,False,2020-09-24,739.0,868
4,lightgbm,C,v1,False,2020-09-25,540.0,624
4,lightgbm,C,v1,False,2020-09-28,358.0,661
4,lightgbm,C,v1,False,2020-10-05,1252.0,1272
4,lightgbm,C,v1,False,2020-10-06,977.0,1036
4,lightgbm,C,v1,False,2020-10-07,880.0,971
4,lightgbm,C,v1,False,2020-10-08,923.0,912
4,lightgbm,C,v1,False,2020-10-12,1096.0,1194
4,lightgbm,C,v1,False,2020-10-13,839.0,925
4,lightgbm,C,v1,False,2020-10-14,797.0,882
4,lightgbm,C,v1,False,2020-10-15,793.0,811
4,lightgbm,C,v1,False,2020-10-16,660.0,700
4,lightgbm,C,v1,False,2020-10-19,1035.0,1197
4,lightgbm,C,v1,False,2020-10-20,851.0,924
4,lightgbm,C,v1,False,2020-10-21,887.0,900
4,lightgbm,C,v1,False,2020-10-22,799.0,811
4,lightgbm,C,v1,False,2020-10-23,648.0,665
4,lightgbm,C,v1,False,2020-10-26,1069.0,1156
4,lightgbm,C,v1,False,2020-10-27,839.0,893
4,lightgbm,C,v1,False,2020-10-28,791.0,830
4,lightgbm,C,v1,False,2020-10-29,667.0,725
4,lightgbm,C,v1,False,2020-10-30,398.0,618
4,lightgbm,C,v1,False,2020-11-02,1150.0,1224
4,lightgbm,C,v1,False,2020-11-03,810.0,871
4,lightgbm,C,v1,False,2020-11-04,789.0,842
4,lightgbm,C,v1,False,2020-11-05,596.0,747
4,lightgbm,C,v1,False,2020-11-06,459.0,663
4,lightgbm,C,v1,False,2020-11-09,1076.0,1147
4,lightgbm,C,v1,False,2020-11-10,784.0,839
4,lightgbm,C,v1,False,2020-11-11,747.0,816
4,lightgbm,C,v1,False,2020-11-12,678.0,725
4,lightgbm,C,v1,False,2020-11-13,529.0,624
4,lightgbm,C,v1,False,2020-11-16,1068.0,1173
4,lightgbm,C,v1,False,2020-11-17,784.0,893
4,lightgbm,C,v1,False,2020-11-18,774.0,836
4,lightgbm,C,v1,False,2020-11-19,653.0,801
4,lightgbm,C,v1,False,2020-11-20,747.0,618
4,lightgbm,C,v1,False,2020-11-23,1292.0,1175
4,lightgbm,C,v1,False,2020-11-24,1156.0,956
4,lightgbm,C,v1,False,2020-11-25,1146.0,1020
4,lightgbm,C,v1,False,2020-11-26,1034.0,946
4,lightgbm,C,v1,False,2020-11-27,895.0,825
4,lightgbm,C,v1,False,2020-11-30,1273.0,1265
4,lightgbm,C,v1,False,2020-12-01,1324.0,970
4,lightgbm,C,v1,False,2020-12-02,1188.0,942
4,lightgbm,C,v1,False,2020-12-03,1059.0,838
4,lightgbm,C,v1,False,2020-12-04,858.0,689
4,lightgbm,C,v1,False,2020-12-07,1317.0,1183
4,lightgbm,C,v1,False,2020-12-08,1138.0,967
4,lightgbm,C,v1,False,2020-12-09,994.0,901
4,lightgbm,C,v1,False,2020-12-10,975.0,887
4,lightgbm,C,v1,False,2020-12-11,742.0,760
4,lightgbm,C,v1,False,2020-12-14,1329.0,1132
4,lightgbm,C,v1,False,2020-12-15,1202.0,909
4,lightgbm,C,v1,False,2020-12-16,1135.0,914
4,lightgbm,C,v1,False,2020-12-17,1096.0,940
4,lightgbm,C,v1,False,2020-12-18,917.0,785
4,lightgbm,C,v1,False,2020-12-21,1256.0,1207
4,lightgbm,C,v1,False,2020-12-22,984.0,989
4,lightgbm,C,v1,False,2020-12-23,768.0,958
4,lightgbm,C,v1,False,2020-12-24,591.0,541
4,lightgbm,C,v1,False,2021-01-04,1405.0,1241
4,lightgbm,C,v1,False,2021-01-05,1128.0,1097
4,lightgbm,C,v1,False,2021-01-06,1014.0,1076
4,lightgbm,C,v1,False,2021-01-07,1040.0,935
4,lightgbm,C,v1,False,2021-01-08,726.0,846
4,lightgbm,C,v1,False,2021-01-11,1257.0,1233
4,lightgbm,C,v1,False,2021-01-12,963.0,1080
4,lightgbm,C,v1,False,2021-01-13,913.0,1078
4,lightgbm,C,v1,False,2021-01-14,1038.0,897
4,lightgbm,C,v1,False,2021-01-15,702.0,717
4,lightgbm,C,v1,False,2021-01-18,1277.0,1264
4,lightgbm,C,v1,False,2021-01-19,1038.0,1069
4,lightgbm,C,v1,False,2021-01-20,1093.0,1084
4,lightgbm,C,v1,False,2021-01-21,832.0,842
4,lightgbm,C,v1,False,2021-01-22,579.0,717
4,lightgbm,C,v1,False,2021-01-25,1145.0,1231
4,lightgbm,C,v1,False,2021-01-26,1015.0,1082
4,lightgbm,C,v2,False,2020-05-21,653.0,824
4,lightgbm,C,v2,False,2020-05-22,512.0,599
4,lightgbm,C,v2,False,2020-05-25,1062.0,1166
4,lightgbm,C,v2,False,2020-05-26,781.0,869
4,lightgbm,C,v2,False,2020-05-27,704.0,828
4,lightgbm,C,v2,False,2020-05-28,662.0,823
4,lightgbm,C,v2,False,2020-05-29,450.0,597
4,lightgbm,C,v2,False,2020-06-01,1114.0,1193
4,lightgbm,C,v2,False,2020-06-02,761.0,875
4,lightgbm,C,v2,False,2020-06-03,693.0,864
4,lightgbm,C,v2,False,2020-06-04,657.0,788
4,lightgbm,C,v2,False,2020-06-05,505.0,571
4,lightgbm,C,v2,False,2020-06-08,1130.0,1096
4,lightgbm,C,v2,False,2020-06-09,823.0,874
4,lightgbm,C,v2,False,2020-06-10,719.0,874
4,lightgbm,C,v2,False,2020-06-11,682.0,790
4,lightgbm,C,v2,False,2020-06-12,516.0,560
4,lightgbm,C,v2,False,2020-07-01,866.0,928
4,lightgbm,C,v2,False,2020-07-02,675.0,854
4,lightgbm,C,v2,False,2020-07-03,607.0,678
4,lightgbm,C,v2,False,2020-07-06,1132.0,1192
4,lightgbm,C,v2,False,2020-07-07,917.0,922
4,lightgbm,C,v2,False,2020-07-08,847.0,900
4,lightgbm,C,v2,False,2020-07-09,717.0,782
4,lightgbm,C,v2,False,2020-07-10,611.0,628
4,lightgbm,C,v2,False,2020-07-13,1260.0,1167
4,lightgbm,C,v2,False,2020-07-14,814.0,935
4,lightgbm,C,v2,False,2020-07-15,842.0,913
4,lightgbm,C,v2,False,2020-07-16,971.0,806
4,lightgbm,C,v2,False,2020-07-17,656.0,688
4,lightgbm,C,v2,False,2020-07-20,1190.0,1165
4,lightgbm,C,v2,False,2020-07-21,861.0,946
4,lightgbm,C,v2,False,2020-07-22,823.0,809
4,lightgbm,C,v2,False,2020-07-23,758.0,793
4,lightgbm,C,v2,False,2020-07-24,450.0,621
4,lightgbm,C,v2,False,2020-07-27,1118.0,1258
4,lightgbm,C,v2,False,2020-07-28,873.0,1028
4,lightgbm,C,v2,False,2020-07-29,871.0,1038
4,lightgbm,C,v2,False,2020-07-30,704.0,802
4,lightgbm,C,v2,False,2020-07-31,477.0,648
4,lightgbm,C,v2,False,2020-08-03,1033.0,869
4,lightgbm,C,v2,False,2020-08-04,776.0,751
4,lightgbm,C,v2,False,2020-08-05,720.0,717
4,lightgbm,C,v2,False,2020-08-06,763.0,681
4,lightgbm,C,v2,False,2020-08-07,476.0,489
4,lightgbm,C,v2,False,2020-08-10,1011.0,871
4,lightgbm,C,v2,False,2020-08-11,805.0,794
4,lightgbm,C,v2,False,2020-08-12,701.0,774
4,lightgbm,C,v2,False,2020-08-13,594.0,648
4,lightgbm,C,v2,False,2020-08-14,477.0,469
4,lightgbm,C,v2,False,2020-08-18,971.0,743
4,lightgbm,C,v2,False,2020-08-19,801.0,836
4,lightgbm,C,v2,False,2020-08-20,749.0,894
4,lightgbm,C,v2,False,2020-08-21,514.0,563
4,lightgbm,C,v2,False,2020-08-24,1178.0,897
4,lightgbm,C,v2,False,2020-08-25,1046.0,949
4,lightgbm,C,v2,False,2020-08-26,897.0,967
4,lightgbm,C,v2,False,2020-08-27,963.0,889
4,lightgbm,C,v2,False,2020-08-28,784.0,786
4,lightgbm,C,v2,False,2020-08-31,1243.0,1143
4,lightgbm,C,v2,False,2020-09-01,1021.0,1078
4,lightgbm,C,v2,False,2020-09-02,1006.0,1110
4,lightgbm,C,v2,False,2020-09-03,924.0,1066
4,lightgbm,C,v2,False,2020-09-04,746.0,860
4,lightgbm,C,v2,False,2020-09-07,1186.0,1230
4,lightgbm,C,v2,False,2020-09-08,986.0,1088
4,lightgbm,C,v2,False,2020-09-09,965.0,1103
4,lightgbm,C,v2,False,2020-09-10,881.0,959
4,lightgbm,C,v2,False,2020-09-11,661.0,780
4,lightgbm,C,v2,False,2020-09-14,1191.0,1260
4,lightgbm,C,v2,False,2020-09-15,855.0,1024
4,lightgbm,C,v2,False,2020-09-16,953.0,998
4,lightgbm,C,v2,False,2020-09-17,797.0,906
4,lightgbm,C,v2,False,2020-09-18,570.0,656
4,lightgbm,C,v2,False,2020-09-21,1176.0,1236
4,lightgbm,C,v2,False,2020-09-22,908.0,964
4,lightgbm,C,v2,False,2020-09-23,970.0,932
4,lightgbm,C,v2,False,2020-09-24,739.0,860
4,lightgbm,C,v2,False,2020-09-25,540.0,621
4,lightgbm,C,v2,False,2020-09-28,358.0,660
4,lightgbm,C,v2,False,2020-10-05,1252.0,1265
4,lightgbm,C,v2,False,2020-10-06,977.0,1052
4,lightgbm,C,v2,False,2020-10-07,880.0,975
4,lightgbm,C,v2,False,2020-10-08,923.0,910
4,lightgbm,C,v2,False,2020-10-12,1096.0,1190
4,lightgbm,C,v2,False,2020-10-13,839.0,909
4,lightgbm,C,v2,False,2020-10-14,797.0,875
4,lightgbm,C,v2,False,2020-10-15,793.0,818
4,lightgbm,C,v2,False,2020-10-16,660.0,706
4,lightgbm,C,v2,False,2020-10-19,1035.0,1195
4,lightgbm,C,v2,False,2020-10-20,851.0,929
4,lightgbm,C,v2,False,2020-10-21,887.0,878
4,lightgbm,C,v2,False,2020-10-22,799.0,818
4,lightgbm,C,v2,False,2020-10-23,648.0,655
4,lightgbm,C,v2,False,2020-10-26,1069.0,1150
4,lightgbm,C,v2,False,2020-10-27,839.0,904
4,lightgbm,C,v2,False,2020-10-28,791.0,821
4,lightgbm,C,v2,False,2020-10-29,667.0,730
4,lightgbm,C,v2,False,2020-10-30,398.0,608
4,lightgbm,C,v2,False,2020-11-02,1150.0,1213
4,lightgbm,C,v2,False,2020-11-03,810.0,884
4,lightgbm,C,v2,False,2020-11-04,789.0,851
4,lightgbm,C,v2,False,2020-11-05,596.0,758
4,lightgbm,C,v2,False,2020-11-06,459.0,656
4,lightgbm,C,v2,False,2020-11-09,1076.0,1135
4,lightgbm,C,v2,False,2020-11-10,784.0,831
4,lightgbm,C,v2,False,2020-11-11,747.0,812
4,lightgbm,C,v2,False,2020-11-12,678.0,734
4,lightgbm,C,v2,False,2020-11-13,529.0,618
4,lightgbm,C,v2,False,2020-11-16,1068.0,1173
4,lightgbm,C,v2,False,2020-11-17,784.0,886
4,lightgbm,C,v2,False,2020-11-18,774.0,845
4,lightgbm,C,v2,False,2020-11-19,653.0,800
4,lightgbm,C,v2,False,2020-11-20,747.0,604
4,lightgbm,C,v2,False,2020-11-23,1292.0,1173
4,lightgbm,C,v2,False,2020-11-24,1156.0,965
4,lightgbm,C,v2,False,2020-11-25,1146.0,1006
4,lightgbm,C,v2,False,2020-11-26,1034.0,950
4,lightgbm,C,v2,False,2020-11-27,895.0,827
4,lightgbm,C,v2,False,2020-11-30,1273.0,1249
4,lightgbm,C,v2,False,2020-12-01,1324.0,972
4,lightgbm,C,v2,False,2020-12-02,1188.0,951
4,lightgbm,C,v2,False,2020-12-03,1059.0,841
4,lightgbm,C,v2,False,2020-12-04,858.0,673
4,lightgbm,C,v2,False,2020-12-07,1317.0,1181
4,lightgbm,C,v2,False,2020-12-08,1138.0,988
4,lightgbm,C,v2,False,2020-12-09,994.0,931
4,lightgbm,C,v2,False,2020-12-10,975.0,892
4,lightgbm,C,v2,False,2020-12-11,742.0,764
4,lightgbm,C,v2,False,2020-12-14,1329.0,1136
4,lightgbm,C,v2,False,2020-12-15,1202.0,941
4,lightgbm,C,v2,False,2020-12-16,1135.0,913
4,lightgbm,C,v2,False,2020-12-17,1096.0,928
4,lightgbm,C,v2,False,2020-12-18,917.0,782
4,lightgbm,C,v2,False,2020-12-21,1256.0,1202
4,lightgbm,C,v2,False,2020-12-22,984.0,984
4,lightgbm,C,v2,False,2020-12-23,768.0,957
4,lightgbm,C,v2,False,2020-12-24,591.0,530
4,lightgbm,C,v2,False,2021-01-04,1405.0,1247
4,lightgbm,C,v2,False,2021-01-05,1128.0,1106
4,lightgbm,C,v2,False,2021-01-06,1014.0,1091
4,lightgbm,C,v2,False,2021-01-07,1040.0,941
4,lightgbm,C,v2,False,2021-01-08,726.0,841
4,lightgbm,C,v2,False,2021-01-11,1257.0,1233
4,lightgbm,C,v2,False,2021-01-12,963.0,1091
4,lightgbm,C,v2,False,2021-01-13,913.0,1075
4,lightgbm,C,v2,False,2021-01-14,1038.0,905
4,lightgbm,C,v2,False,2021-01-15,702.0,726
4,lightgbm,C,v2,False,2021-01-18,1277.0,1267
4,lightgbm,C,v2,False,2021-01-19,1038.0,1059
4,lightgbm,C,v2,False,2021-01-20,1093.0,1066
4,lightgbm,C,v2,False,2021-01-21,832.0,849
4,lightgbm,C,v2,False,2021-01-22,579.0,718
4,lightgbm,C,v2,False,2021-01-25,1145.0,1233
4,lightgbm,C,v2,False,2021-01-26,1015.0,1073
4,lightgbm,D,v1,False,2020-05-21,653.0,856
4,lightgbm,D,v1,False,2020-05-22,512.0,597
4,lightgbm,D,v1,False,2020-05-25,1062.0,1182
4,lightgbm,D,v1,False,2020-05-26,781.0,1014
4,lightgbm,D,v1,False,2020-05-27,704.0,939
4,lightgbm,D,v1,False,2020-05-28,662.0,836
4,lightgbm,D,v1,False,2020-05-29,450.0,612
4,lightgbm,D,v1,False,2020-06-01,1114.0,1219
4,lightgbm,D,v1,False,2020-06-02,761.0,1020
4,lightgbm,D,v1,False,2020-06-03,693.0,887
4,lightgbm,D,v1,False,2020-06-04,657.0,764
4,lightgbm,D,v1,False,2020-06-05,505.0,584
4,lightgbm,D,v1,False,2020-06-08,1130.0,1092
4,lightgbm,D,v1,False,2020-06-09,823.0,858
4,lightgbm,D,v1,False,2020-06-10,719.0,881
4,lightgbm,D,v1,False,2020-06-11,682.0,758
4,lightgbm,D,v1,False,2020-06-12,516.0,583
4,lightgbm,D,v1,False,2020-07-01,866.0,924
4,lightgbm,D,v1,False,2020-07-02,675.0,823
4,lightgbm,D,v1,False,2020-07-03,607.0,639
4,lightgbm,D,v1,False,2020-07-06,1132.0,1209
4,lightgbm,D,v1,False,2020-07-07,917.0,861
4,lightgbm,D,v1,False,2020-07-08,847.0,865
4,lightgbm,D,v1,False,2020-07-09,717.0,772
4,lightgbm,D,v1,False,2020-07-10,611.0,584
4,lightgbm,D,v1,False,2020-07-13,1260.0,1158
4,lightgbm,D,v1,False,2020-07-14,814.0,990
4,lightgbm,D,v1,False,2020-07-15,842.0,878
4,lightgbm,D,v1,False,2020-07-16,971.0,776
4,lightgbm,D,v1,False,2020-07-17,656.0,640
4,lightgbm,D,v1,False,2020-07-20,1190.0,1174
4,lightgbm,D,v1,False,2020-07-21,861.0,904
4,lightgbm,D,v1,False,2020-07-22,823.0,878
4,lightgbm,D,v1,False,2020-07-23,758.0,818
4,lightgbm,D,v1,False,2020-07-24,450.0,591
4,lightgbm,D,v1,False,2020-07-27,1118.0,1279
4,lightgbm,D,v1,False,2020-07-28,873.0,1038
4,lightgbm,D,v1,False,2020-07-29,871.0,924
4,lightgbm,D,v1,False,2020-07-30,704.0,747
4,lightgbm,D,v1,False,2020-07-31,477.0,578
4,lightgbm,D,v1,False,2020-08-03,1033.0,921
4,lightgbm,D,v1,False,2020-08-04,776.0,712
4,lightgbm,D,v1,False,2020-08-05,720.0,701
4,lightgbm,D,v1,False,2020-08-06,763.0,658
4,lightgbm,D,v1,False,2020-08-07,476.0,464
4,lightgbm,D,v1,False,2020-08-10,1011.0,887
4,lightgbm,D,v1,False,2020-08-11,805.0,722
4,lightgbm,D,v1,False,2020-08-12,701.0,724
4,lightgbm,D,v1,False,2020-08-13,594.0,645
4,lightgbm,D,v1,False,2020-08-14,477.0,503
4,lightgbm,D,v1,False,2020-08-18,971.0,726
4,lightgbm,D,v1,False,2020-08-19,801.0,841
4,lightgbm,D,v1,False,2020-08-20,749.0,887
4,lightgbm,D,v1,False,2020-08-21,514.0,645
4,lightgbm,D,v1,False,2020-08-24,1178.0,937
4,lightgbm,D,v1,False,2020-08-25,1046.0,943
4,lightgbm,D,v1,False,2020-08-26,897.0,969
4,lightgbm,D,v1,False,2020-08-27,963.0,897
4,lightgbm,D,v1,False,2020-08-28,784.0,735
4,lightgbm,D,v1,False,2020-08-31,1243.0,1185
4,lightgbm,D,v1,False,2020-09-01,1021.0,1048
4,lightgbm,D,v1,False,2020-09-02,1006.0,1063
4,lightgbm,D,v1,False,2020-09-03,924.0,975
4,lightgbm,D,v1,False,2020-09-04,746.0,884
4,lightgbm,D,v1,False,2020-09-07,1186.0,1190
4,lightgbm,D,v1,False,2020-09-08,986.0,1103
4,lightgbm,D,v1,False,2020-09-09,965.0,1056
4,lightgbm,D,v1,False,2020-09-10,881.0,1032
4,lightgbm,D,v1,False,2020-09-11,661.0,791
4,lightgbm,D,v1,False,2020-09-14,1191.0,1247
4,lightgbm,D,v1,False,2020-09-15,855.0,1072
4,lightgbm,D,v1,False,2020-09-16,953.0,1023
4,lightgbm,D,v1,False,2020-09-17,797.0,878
4,lightgbm,D,v1,False,2020-09-18,570.0,645
4,lightgbm,D,v1,False,2020-09-21,1176.0,1190
4,lightgbm,D,v1,False,2020-09-22,908.0,1047
4,lightgbm,D,v1,False,2020-09-23,970.0,970
4,lightgbm,D,v1,False,2020-09-24,739.0,793
4,lightgbm,D,v1,False,2020-09-25,540.0,613
4,lightgbm,D,v1,False,2020-09-28,358.0,614
4,lightgbm,D,v1,False,2020-10-05,1252.0,1281
4,lightgbm,D,v1,False,2020-10-06,977.0,1032
4,lightgbm,D,v1,False,2020-10-07,880.0,917
4,lightgbm,D,v1,False,2020-10-08,923.0,982
4,lightgbm,D,v1,False,2020-10-12,1096.0,1169
4,lightgbm,D,v1,False,2020-10-13,839.0,912
4,lightgbm,D,v1,False,2020-10-14,797.0,869
4,lightgbm,D,v1,False,2020-10-15,793.0,825
4,lightgbm,D,v1,False,2020-10-16,660.0,651
4,lightgbm,D,v1,False,2020-10-19,1035.0,1140
4,lightgbm,D,v1,False,2020-10-20,851.0,870
4,lightgbm,D,v1,False,2020-10-21,887.0,866
4,lightgbm,D,v1,False,2020-10-22,799.0,781
4,lightgbm,D,v1,False,2020-10-23,648.0,608
4,lightgbm,D,v1,False,2020-10-26,1069.0,1098
4,lightgbm,D,v1,False,2020-10-27,839.0,833
4,lightgbm,D,v1,False,2020-10-28,791.0,808
4,lightgbm,D,v1,False,2020-10-29,667.0,719
4,lightgbm,D,v1,False,2020-10-30,398.0,548
4,lightgbm,D,v1,False,2020-11-02,1150.0,1130
4,lightgbm,D,v1,False,2020-11-03,810.0,868
4,lightgbm,D,v1,False,2020-11-04,789.0,819
4,lightgbm,D,v1,False,2020-11-05,596.0,759
4,lightgbm,D,v1,False,2020-11-06,459.0,591
4,lightgbm,D,v1,False,2020-11-09,1076.0,1090
4,lightgbm,D,v1,False,2020-11-10,784.0,811
4,lightgbm,D,v1,False,2020-11-11,747.0,802
4,lightgbm,D,v1,False,2020-11-12,678.0,736
4,lightgbm,D,v1,False,2020-11-13,529.0,546
4,lightgbm,D,v1,False,2020-11-16,1068.0,1139
4,lightgbm,D,v1,False,2020-11-17,784.0,836
4,lightgbm,D,v1,False,2020-11-18,774.0,812
4,lightgbm,D,v1,False,2020-11-19,653.0,791
4,lightgbm,D,v1,False,2020-11-20,747.0,596
4,lightgbm,D,v1,False,2020-11-23,1292.0,1093
4,lightgbm,D,v1,False,2020-11-24,1156.0,911
4,lightgbm,D,v1,False,2020-11-25,1146.0,937
4,lightgbm,D,v1,False,2020-11-26,1034.0,891
4,lightgbm,D,v1,False,2020-11-27,895.0,639
4,lightgbm,D,v1,False,2020-11-30,1273.0,1170
4,lightgbm,D,v1,False,2020-12-01,1324.0,952
4,lightgbm,D,v1,False,2020-12-02,1188.0,942
4,lightgbm,D,v1,False,2020-12-03,1059.0,798
4,lightgbm,D,v1,False,2020-12-04,858.0,552
4,lightgbm,D,v1,False,2020-12-07,1317.0,1111
4,lightgbm,D,v1,False,2020-12-08,1138.0,934
4,lightgbm,D,v1,False,2020-12-09,994.0,916
4,lightgbm,D,v1,False,2020-12-10,975.0,833
4,lightgbm,D,v1,False,2020-12-11,742.0,619
4,lightgbm,D,v1,False,2020-12-14,1329.0,1119
4,lightgbm,D,v1,False,2020-12-15,1202.0,901
4,lightgbm,D,v1,False,2020-12-16,1135.0,888
4,lightgbm,D,v1,False,2020-12-17,1096.0,872
4,lightgbm,D,v1,False,2020-12-18,917.0,630
4,lightgbm,D,v1,False,2020-12-21,1256.0,1123
4,lightgbm,D,v1,False,2020-12-22,984.0,882
4,lightgbm,D,v1,False,2020-12-23,768.0,751
4,lightgbm,D,v1,False,2020-12-24,591.0,432
4,lightgbm,D,v1,False,2021-01-04,1405.0,1229
4,lightgbm,D,v1,False,2021-01-05,1128.0,1047
4,lightgbm,D,v1,False,2021-01-06,1014.0,1041
4,lightgbm,D,v1,False,2021-01-07,1040.0,960
4,lightgbm,D,v1,False,2021-01-08,726.0,710
4,lightgbm,D,v1,False,2021-01-11,1257.0,1219
4,lightgbm,D,v1,False,2021-01-12,963.0,1042
4,lightgbm,D,v1,False,2021-01-13,913.0,1033
4,lightgbm,D,v1,False,2021-01-14,1038.0,929
4,lightgbm,D,v1,False,2021-01-15,702.0,711
4,lightgbm,D,v1,False,2021-01-18,1277.0,1263
4,lightgbm,D,v1,False,2021-01-19,1038.0,1061
4,lightgbm,D,v1,False,2021-01-20,1093.0,1043
4,lightgbm,D,v1,False,2021-01-21,832.0,833
4,lightgbm,D,v1,False,2021-01-22,579.0,653
4,lightgbm,D,v1,False,2021-01-25,1145.0,1196
4,lightgbm,D,v1,False,2021-01-26,1015.0,1074
4,lightgbm,D,v2,False,2020-05-21,653.0,841
4,lightgbm,D,v2,False,2020-05-22,512.0,603
4,lightgbm,D,v2,False,2020-05-25,1062.0,1202
4,lightgbm,D,v2,False,2020-05-26,781.0,997
4,lightgbm,D,v2,False,2020-05-27,704.0,925
4,lightgbm,D,v2,False,2020-05-28,662.0,829
4,lightgbm,D,v2,False,2020-05-29,450.0,628
4,lightgbm,D,v2,False,2020-06-01,1114.0,1214
4,lightgbm,D,v2,False,2020-06-02,761.0,1017
4,lightgbm,D,v2,False,2020-06-03,693.0,877
4,lightgbm,D,v2,False,2020-06-04,657.0,767
4,lightgbm,D,v2,False,2020-06-05,505.0,588
4,lightgbm,D,v2,False,2020-06-08,1130.0,1122
4,lightgbm,D,v2,False,2020-06-09,823.0,857
4,lightgbm,D,v2,False,2020-06-10,719.0,891
4,lightgbm,D,v2,False,2020-06-11,682.0,770
4,lightgbm,D,v2,False,2020-06-12,516.0,590
4,lightgbm,D,v2,False,2020-07-01,866.0,923
4,lightgbm,D,v2,False,2020-07-02,675.0,832
4,lightgbm,D,v2,False,2020-07-03,607.0,639
4,lightgbm,D,v2,False,2020-07-06,1132.0,1210
4,lightgbm,D,v2,False,2020-07-07,917.0,872
4,lightgbm,D,v2,False,2020-07-08,847.0,851
4,lightgbm,D,v2,False,2020-07-09,717.0,784
4,lightgbm,D,v2,False,2020-07-10,611.0,597
4,lightgbm,D,v2,False,2020-07-13,1260.0,1151
4,lightgbm,D,v2,False,2020-07-14,814.0,985
4,lightgbm,D,v2,False,2020-07-15,842.0,879
4,lightgbm,D,v2,False,2020-07-16,971.0,772
4,lightgbm,D,v2,False,2020-07-17,656.0,643
4,lightgbm,D,v2,False,2020-07-20,1190.0,1186
4,lightgbm,D,v2,False,2020-07-21,861.0,912
4,lightgbm,D,v2,False,2020-07-22,823.0,871
4,lightgbm,D,v2,False,2020-07-23,758.0,831
4,lightgbm,D,v2,False,2020-07-24,450.0,614
4,lightgbm,D,v2,False,2020-07-27,1118.0,1268
4,lightgbm,D,v2,False,2020-07-28,873.0,1038
4,lightgbm,D,v2,False,2020-07-29,871.0,934
4,lightgbm,D,v2,False,2020-07-30,704.0,760
4,lightgbm,D,v2,False,2020-07-31,477.0,600
4,lightgbm,D,v2,False,2020-08-03,1033.0,928
4,lightgbm,D,v2,False,2020-08-04,776.0,738
4,lightgbm,D,v2,False,2020-08-05,720.0,725
4,lightgbm,D,v2,False,2020-08-06,763.0,700
4,lightgbm,D,v2,False,2020-08-07,476.0,489
4,lightgbm,D,v2,False,2020-08-10,1011.0,904
4,lightgbm,D,v2,False,2020-08-11,805.0,759
4,lightgbm,D,v2,False,2020-08-12,701.0,753
4,lightgbm,D,v2,False,2020-08-13,594.0,667
4,lightgbm,D,v2,False,2020-08-14,477.0,498
4,lightgbm,D,v2,False,2020-08-18,971.0,733
4,lightgbm,D,v2,False,2020-08-19,801.0,843
4,lightgbm,D,v2,False,2020-08-20,749.0,909
4,lightgbm,D,v2,False,2020-08-21,514.0,646
4,lightgbm,D,v2,False,2020-08-24,1178.0,945
4,lightgbm,D,v2,False,2020-08-25,1046.0,951
4,lightgbm,D,v2,False,2020-08-26,897.0,974
4,lightgbm,D,v2,False,2020-08-27,963.0,905
4,lightgbm,D,v2,False,2020-08-28,784.0,762
4,lightgbm,D,v2,False,2020-08-31,1243.0,1202
4,lightgbm,D,v2,False,2020-09-01,1021.0,1031
4,lightgbm,D,v2,False,2020-09-02,1006.0,1052
4,lightgbm,D,v2,False,2020-09-03,924.0,964
4,lightgbm,D,v2,False,2020-09-04,746.0,869
4,lightgbm,D,v2,False,2020-09-07,1186.0,1202
4,lightgbm,D,v2,False,2020-09-08,986.0,1091
4,lightgbm,D,v2,False,2020-09-09,965.0,1049
4,lightgbm,D,v2,False,2020-09-10,881.0,1039
4,lightgbm,D,v2,False,2020-09-11,661.0,768
4,lightgbm,D,v2,False,2020-09-14,1191.0,1254
4,lightgbm,D,v2,False,2020-09-15,855.0,1065
4,lightgbm,D,v2,False,2020-09-16,953.0,1010
4,lightgbm,D,v2,False,2020-09-17,797.0,879
4,lightgbm,D,v2,False,2020-09-18,570.0,657
4,lightgbm,D,v2,False,2020-09-21,1176.0,1187
4,lightgbm,D,v2,False,2020-09-22,908.0,1040
4,lightgbm,D,v2,False,2020-09-23,970.0,966
4,lightgbm,D,v2,False,2020-09-24,739.0,806
4,lightgbm,D,v2,False,2020-09-25,540.0,623
4,lightgbm,D,v2,False,2020-09-28,358.0,598
4,lightgbm,D,v2,False,2020-10-05,1252.0,1282
4,lightgbm,D,v2,False,2020-10-06,977.0,1034
4,lightgbm,D,v2,False,2020-10-07,880.0,939
4,lightgbm,D,v2,False,2020-10-08,923.0,993
4,lightgbm,D,v2,False,2020-10-12,1096.0,1153
4,lightgbm,D,v2,False,2020-10-13,839.0,888
4,lightgbm,D,v2,False,2020-10-14,797.0,860
4,lightgbm,D,v2,False,2020-10-15,793.0,832
4,lightgbm,D,v2,False,2020-10-16,660.0,649
4,lightgbm,D,v2,False,2020-10-19,1035.0,1138
4,lightgbm,D,v2,False,2020-10-20,851.0,865
4,lightgbm,D,v2,False,2020-10-21,887.0,841
4,lightgbm,D,v2,False,2020-10-22,799.0,775
4,lightgbm,D,v2,False,2020-10-23,648.0,598
4,lightgbm,D,v2,False,2020-10-26,1069.0,1101
4,lightgbm,D,v2,False,2020-10-27,839.0,831
4,lightgbm,D,v2,False,2020-10-28,791.0,787
4,lightgbm,D,v2,False,2020-10-29,667.0,691
4,lightgbm,D,v2,False,2020-10-30,398.0,553
4,lightgbm,D,v2,False,2020-11-02,1150.0,1112
4,lightgbm,D,v2,False,2020-11-03,810.0,851
4,lightgbm,D,v2,False,2020-11-04,789.0,829
4,lightgbm,D,v2,False,2020-11-05,596.0,762
4,lightgbm,D,v2,False,2020-11-06,459.0,602
4,lightgbm,D,v2,False,2020-11-09,1076.0,1083
4,lightgbm,D,v2,False,2020-11-10,784.0,797
4,lightgbm,D,v2,False,2020-11-11,747.0,797
4,lightgbm,D,v2,False,2020-11-12,678.0,738
4,lightgbm,D,v2,False,2020-11-13,529.0,549
4,lightgbm,D,v2,False,2020-11-16,1068.0,1139
4,lightgbm,D,v2,False,2020-11-17,784.0,814
4,lightgbm,D,v2,False,2020-11-18,774.0,804
4,lightgbm,D,v2,False,2020-11-19,653.0,789
4,lightgbm,D,v2,False,2020-11-20,747.0,585
4,lightgbm,D,v2,False,2020-11-23,1292.0,1066
4,lightgbm,D,v2,False,2020-11-24,1156.0,910
4,lightgbm,D,v2,False,2020-11-25,1146.0,944
4,lightgbm,D,v2,False,2020-11-26,1034.0,894
4,lightgbm,D,v2,False,2020-11-27,895.0,650
4,lightgbm,D,v2,False,2020-11-30,1273.0,1174
4,lightgbm,D,v2,False,2020-12-01,1324.0,966
4,lightgbm,D,v2,False,2020-12-02,1188.0,936
4,lightgbm,D,v2,False,2020-12-03,1059.0,795
4,lightgbm,D,v2,False,2020-12-04,858.0,578
4,lightgbm,D,v2,False,2020-12-07,1317.0,1107
4,lightgbm,D,v2,False,2020-12-08,1138.0,945
4,lightgbm,D,v2,False,2020-12-09,994.0,934
4,lightgbm,D,v2,False,2020-12-10,975.0,839
4,lightgbm,D,v2,False,2020-12-11,742.0,632
4,lightgbm,D,v2,False,2020-12-14,1329.0,1100
4,lightgbm,D,v2,False,2020-12-15,1202.0,924
4,lightgbm,D,v2,False,2020-12-16,1135.0,911
4,lightgbm,D,v2,False,2020-12-17,1096.0,890
4,lightgbm,D,v2,False,2020-12-18,917.0,672
4,lightgbm,D,v2,False,2020-12-21,1256.0,1128
4,lightgbm,D,v2,False,2020-12-22,984.0,905
4,lightgbm,D,v2,False,2020-12-23,768.0,766
4,lightgbm,D,v2,False,2020-12-24,591.0,425
4,lightgbm,D,v2,False,2021-01-04,1405.0,1245
4,lightgbm,D,v2,False,2021-01-05,1128.0,1051
4,lightgbm,D,v2,False,2021-01-06,1014.0,1057
4,lightgbm,D,v2,False,2021-01-07,1040.0,961
4,lightgbm,D,v2,False,2021-01-08,726.0,717
4,lightgbm,D,v2,False,2021-01-11,1257.0,1228
4,lightgbm,D,v2,False,2021-01-12,963.0,1035
4,lightgbm,D,v2,False,2021-01-13,913.0,1026
4,lightgbm,D,v2,False,2021-01-14,1038.0,929
4,lightgbm,D,v2,False,2021-01-15,702.0,697
4,lightgbm,D,v2,False,2021-01-18,1277.0,1270
4,lightgbm,D,v2,False,2021-01-19,1038.0,1068
4,lightgbm,D,v2,False,2021-01-20,1093.0,1044
4,lightgbm,D,v2,False,2021-01-21,832.0,836
4,lightgbm,D,v2,False,2021-01-22,579.0,663
4,lightgbm,D,v2,False,2021-01-25,1145.0,1188
4,lightgbm,D,v2,False,2021-01-26,1015.0,1057
4,xgboost,A,v2,False,2020-05-21,653.0,803
4,xgboost,A,v2,False,2020-05-22,512.0,645
4,xgboost,A,v2,False,2020-05-25,1062.0,1051
4,xgboost,A,v2,False,2020-05-26,781.0,955
4,xgboost,A,v2,False,2020-05-27,704.0,867
4,xgboost,A,v2,False,2020-05-28,662.0,819
4,xgboost,A,v2,False,2020-05-29,450.0,594
4,xgboost,A,v2,False,2020-06-01,1114.0,1087
4,xgboost,A,v2,False,2020-06-02,761.0,884
4,xgboost,A,v2,False,2020-06-03,693.0,804
4,xgboost,A,v2,False,2020-06-04,657.0,776
4,xgboost,A,v2,False,2020-06-05,505.0,526
4,xgboost,A,v2,False,2020-06-08,1130.0,871
4,xgboost,A,v2,False,2020-06-09,823.0,788
4,xgboost,A,v2,False,2020-06-10,719.0,815
4,xgboost,A,v2,False,2020-06-11,682.0,747
4,xgboost,A,v2,False,2020-06-12,516.0,524
4,xgboost,A,v2,False,2020-07-01,866.0,884
4,xgboost,A,v2,False,2020-07-02,675.0,842
4,xgboost,A,v2,False,2020-07-03,607.0,616
4,xgboost,A,v2,False,2020-07-06,1132.0,1103
4,xgboost,A,v2,False,2020-07-07,917.0,883
4,xgboost,A,v2,False,2020-07-08,847.0,882
4,xgboost,A,v2,False,2020-07-09,717.0,819
4,xgboost,A,v2,False,2020-07-10,611.0,629
4,xgboost,A,v2,False,2020-07-13,1260.0,1089
4,xgboost,A,v2,False,2020-07-14,814.0,1104
4,xgboost,A,v2,False,2020-07-15,842.0,886
4,xgboost,A,v2,False,2020-07-16,971.0,817
4,xgboost,A,v2,False,2020-07-17,656.0,640
4,xgboost,A,v2,False,2020-07-20,1190.0,1125
4,xgboost,A,v2,False,2020-07-21,861.0,1092
4,xgboost,A,v2,False,2020-07-22,823.0,809
4,xgboost,A,v2,False,2020-07-23,758.0,738
4,xgboost,A,v2,False,2020-07-24,450.0,566
4,xgboost,A,v2,False,2020-07-27,1118.0,1067
4,xgboost,A,v2,False,2020-07-28,873.0,1106
4,xgboost,A,v2,False,2020-07-29,871.0,977
4,xgboost,A,v2,False,2020-07-30,704.0,661
4,xgboost,A,v2,False,2020-07-31,477.0,597
4,xgboost,A,v2,False,2020-08-03,1033.0,820
4,xgboost,A,v2,False,2020-08-04,776.0,802
4,xgboost,A,v2,False,2020-08-05,720.0,778
4,xgboost,A,v2,False,2020-08-06,763.0,606
4,xgboost,A,v2,False,2020-08-07,476.0,556
4,xgboost,A,v2,False,2020-08-10,1011.0,753
4,xgboost,A,v2,False,2020-08-11,805.0,712
4,xgboost,A,v2,False,2020-08-12,701.0,641
4,xgboost,A,v2,False,2020-08-13,594.0,519
4,xgboost,A,v2,False,2020-08-14,477.0,469
4,xgboost,A,v2,False,2020-08-18,971.0,721
4,xgboost,A,v2,False,2020-08-19,801.0,705
4,xgboost,A,v2,False,2020-08-20,749.0,682
4,xgboost,A,v2,False,2020-08-21,514.0,540
4,xgboost,A,v2,False,2020-08-24,1178.0,784
4,xgboost,A,v2,False,2020-08-25,1046.0,914
4,xgboost,A,v2,False,2020-08-26,897.0,874
4,xgboost,A,v2,False,2020-08-27,963.0,904
4,xgboost,A,v2,False,2020-08-28,784.0,730
4,xgboost,A,v2,False,2020-08-31,1243.0,964
4,xgboost,A,v2,False,2020-09-01,1021.0,1222
4,xgboost,A,v2,False,2020-09-02,1006.0,1263
4,xgboost,A,v2,False,2020-09-03,924.0,1230
4,xgboost,A,v2,False,2020-09-04,746.0,1148
4,xgboost,A,v2,False,2020-09-07,1186.0,1187
4,xgboost,A,v2,False,2020-09-08,986.0,1214
4,xgboost,A,v2,False,2020-09-09,965.0,1228
4,xgboost,A,v2,False,2020-09-10,881.0,1174
4,xgboost,A,v2,False,2020-09-11,661.0,888
4,xgboost,A,v2,False,2020-09-14,1191.0,1250
4,xgboost,A,v2,False,2020-09-15,855.0,1125
4,xgboost,A,v2,False,2020-09-16,953.0,1093
4,xgboost,A,v2,False,2020-09-17,797.0,955
4,xgboost,A,v2,False,2020-09-18,570.0,754
4,xgboost,A,v2,False,2020-09-21,1176.0,1226
4,xgboost,A,v2,False,2020-09-22,908.0,1167
4,xgboost,A,v2,False,2020-09-23,970.0,1072
4,xgboost,A,v2,False,2020-09-24,739.0,897
4,xgboost,A,v2,False,2020-09-25,540.0,711
4,xgboost,A,v2,False,2020-09-28,358.0,397
4,xgboost,A,v2,False,2020-10-05,1252.0,1238
4,xgboost,A,v2,False,2020-10-06,977.0,1197
4,xgboost,A,v2,False,2020-10-07,880.0,1038
4,xgboost,A,v2,False,2020-10-08,923.0,1125
4,xgboost,A,v2,False,2020-10-12,1096.0,1164
4,xgboost,A,v2,False,2020-10-13,839.0,883
4,xgboost,A,v2,False,2020-10-14,797.0,850
4,xgboost,A,v2,False,2020-10-15,793.0,821
4,xgboost,A,v2,False,2020-10-16,660.0,739
4,xgboost,A,v2,False,2020-10-19,1035.0,1140
4,xgboost,A,v2,False,2020-10-20,851.0,897
4,xgboost,A,v2,False,2020-10-21,887.0,990
4,xgboost,A,v2,False,2020-10-22,799.0,803
4,xgboost,A,v2,False,2020-10-23,648.0,687
4,xgboost,A,v2,False,2020-10-26,1069.0,1103
4,xgboost,A,v2,False,2020-10-27,839.0,820
4,xgboost,A,v2,False,2020-10-28,791.0,809
4,xgboost,A,v2,False,2020-10-29,667.0,698
4,xgboost,A,v2,False,2020-10-30,398.0,550
4,xgboost,A,v2,False,2020-11-02,1150.0,1136
4,xgboost,A,v2,False,2020-11-03,810.0,819
4,xgboost,A,v2,False,2020-11-04,789.0,781
4,xgboost,A,v2,False,2020-11-05,596.0,764
4,xgboost,A,v2,False,2020-11-06,459.0,594
4,xgboost,A,v2,False,2020-11-09,1076.0,851
4,xgboost,A,v2,False,2020-11-10,784.0,797
4,xgboost,A,v2,False,2020-11-11,747.0,790
4,xgboost,A,v2,False,2020-11-12,678.0,670
4,xgboost,A,v2,False,2020-11-13,529.0,550
4,xgboost,A,v2,False,2020-11-16,1068.0,1116
4,xgboost,A,v2,False,2020-11-17,784.0,787
4,xgboost,A,v2,False,2020-11-18,774.0,803
4,xgboost,A,v2,False,2020-11-19,653.0,760
4,xgboost,A,v2,False,2020-11-20,747.0,562
4,xgboost,A,v2,False,2020-11-23,1292.0,1126
4,xgboost,A,v2,False,2020-11-24,1156.0,1146
4,xgboost,A,v2,False,2020-11-25,1146.0,1162
4,xgboost,A,v2,False,2020-11-26,1034.0,1098
4,xgboost,A,v2,False,2020-11-27,895.0,874
4,xgboost,A,v2,False,2020-11-30,1273.0,1139
4,xgboost,A,v2,False,2020-12-01,1324.0,964
4,xgboost,A,v2,False,2020-12-02,1188.0,938
4,xgboost,A,v2,False,2020-12-03,1059.0,852
4,xgboost,A,v2,False,2020-12-04,858.0,686
4,xgboost,A,v2,False,2020-12-07,1317.0,925
4,xgboost,A,v2,False,2020-12-08,1138.0,978
4,xgboost,A,v2,False,2020-12-09,994.0,941
4,xgboost,A,v2,False,2020-12-10,975.0,851
4,xgboost,A,v2,False,2020-12-11,742.0,735
4,xgboost,A,v2,False,2020-12-14,1329.0,944
4,xgboost,A,v2,False,2020-12-15,1202.0,962
4,xgboost,A,v2,False,2020-12-16,1135.0,929
4,xgboost,A,v2,False,2020-12-17,1096.0,925
4,xgboost,A,v2,False,2020-12-18,917.0,838
4,xgboost,A,v2,False,2020-12-21,1256.0,943
4,xgboost,A,v2,False,2020-12-22,984.0,922
4,xgboost,A,v2,False,2020-12-23,768.0,840
4,xgboost,A,v2,False,2020-12-24,591.0,423
4,xgboost,A,v2,False,2021-01-04,1405.0,1137
4,xgboost,A,v2,False,2021-01-05,1128.0,1153
4,xgboost,A,v2,False,2021-01-06,1014.0,1125
4,xgboost,A,v2,False,2021-01-07,1040.0,1092
4,xgboost,A,v2,False,2021-01-08,726.0,905
4,xgboost,A,v2,False,2021-01-11,1257.0,1161
4,xgboost,A,v2,False,2021-01-12,963.0,1130
4,xgboost,A,v2,False,2021-01-13,913.0,1140
4,xgboost,A,v2,False,2021-01-14,1038.0,1071
4,xgboost,A,v2,False,2021-01-15,702.0,887
4,xgboost,A,v2,False,2021-01-18,1277.0,1125
4,xgboost,A,v2,False,2021-01-19,1038.0,1082
4,xgboost,A,v2,False,2021-01-20,1093.0,1122
4,xgboost,A,v2,False,2021-01-21,832.0,994
4,xgboost,A,v2,False,2021-01-22,579.0,671
4,xgboost,A,v2,False,2021-01-25,1145.0,1171
4,xgboost,A,v2,False,2021-01-26,1015.0,1124
4,xgboost,B,v2,False,2020-05-21,653.0,823
4,xgboost,B,v2,False,2020-05-22,512.0,605
4,xgboost,B,v2,False,2020-05-25,1062.0,1155
4,xgboost,B,v2,False,2020-05-26,781.0,909
4,xgboost,B,v2,False,2020-05-27,704.0,878
4,xgboost,B,v2,False,2020-05-28,662.0,818
4,xgboost,B,v2,False,2020-05-29,450.0,594
4,xgboost,B,v2,False,2020-06-01,1114.0,1182
4,xgboost,B,v2,False,2020-06-02,761.0,895
4,xgboost,B,v2,False,2020-06-03,693.0,857
4,xgboost,B,v2,False,2020-06-04,657.0,771
4,xgboost,B,v2,False,2020-06-05,505.0,554
4,xgboost,B,v2,False,2020-06-08,1130.0,1082
4,xgboost,B,v2,False,2020-06-09,823.0,843
4,xgboost,B,v2,False,2020-06-10,719.0,858
4,xgboost,B,v2,False,2020-06-11,682.0,776
4,xgboost,B,v2,False,2020-06-12,516.0,559
4,xgboost,B,v2,False,2020-07-01,866.0,937
4,xgboost,B,v2,False,2020-07-02,675.0,886
4,xgboost,B,v2,False,2020-07-03,607.0,650
4,xgboost,B,v2,False,2020-07-06,1132.0,1181
4,xgboost,B,v2,False,2020-07-07,917.0,940
4,xgboost,B,v2,False,2020-07-08,847.0,937
4,xgboost,B,v2,False,2020-07-09,717.0,804
4,xgboost,B,v2,False,2020-07-10,611.0,637
4,xgboost,B,v2,False,2020-07-13,1260.0,1169
4,xgboost,B,v2,False,2020-07-14,814.0,968
4,xgboost,B,v2,False,2020-07-15,842.0,939
4,xgboost,B,v2,False,2020-07-16,971.0,850
4,xgboost,B,v2,False,2020-07-17,656.0,660
4,xgboost,B,v2,False,2020-07-20,1190.0,1165
4,xgboost,B,v2,False,2020-07-21,861.0,957
4,xgboost,B,v2,False,2020-07-22,823.0,845
4,xgboost,B,v2,False,2020-07-23,758.0,818
4,xgboost,B,v2,False,2020-07-24,450.0,649
4,xgboost,B,v2,False,2020-07-27,1118.0,1167
4,xgboost,B,v2,False,2020-07-28,873.0,1054
4,xgboost,B,v2,False,2020-07-29,871.0,985
4,xgboost,B,v2,False,2020-07-30,704.0,806
4,xgboost,B,v2,False,2020-07-31,477.0,604
4,xgboost,B,v2,False,2020-08-03,1033.0,975
4,xgboost,B,v2,False,2020-08-04,776.0,746
4,xgboost,B,v2,False,2020-08-05,720.0,753
4,xgboost,B,v2,False,2020-08-06,763.0,707
4,xgboost,B,v2,False,2020-08-07,476.0,533
4,xgboost,B,v2,False,2020-08-10,1011.0,930
4,xgboost,B,v2,False,2020-08-11,805.0,758
4,xgboost,B,v2,False,2020-08-12,701.0,752
4,xgboost,B,v2,False,2020-08-13,594.0,659
4,xgboost,B,v2,False,2020-08-14,477.0,451
4,xgboost,B,v2,False,2020-08-18,971.0,712
4,xgboost,B,v2,False,2020-08-19,801.0,808
4,xgboost,B,v2,False,2020-08-20,749.0,852
4,xgboost,B,v2,False,2020-08-21,514.0,550
4,xgboost,B,v2,False,2020-08-24,1178.0,928
4,xgboost,B,v2,False,2020-08-25,1046.0,925
4,xgboost,B,v2,False,2020-08-26,897.0,940
4,xgboost,B,v2,False,2020-08-27,963.0,920
4,xgboost,B,v2,False,2020-08-28,784.0,766
4,xgboost,B,v2,False,2020-08-31,1243.0,1126
4,xgboost,B,v2,False,2020-09-01,1021.0,1071
4,xgboost,B,v2,False,2020-09-02,1006.0,1058
4,xgboost,B,v2,False,2020-09-03,924.0,1025
4,xgboost,B,v2,False,2020-09-04,746.0,913
4,xgboost,B,v2,False,2020-09-07,1186.0,1248
4,xgboost,B,v2,False,2020-09-08,986.0,1111
4,xgboost,B,v2,False,2020-09-09,965.0,1118
4,xgboost,B,v2,False,2020-09-10,881.0,969
4,xgboost,B,v2,False,2020-09-11,661.0,756
4,xgboost,B,v2,False,2020-09-14,1191.0,1264
4,xgboost,B,v2,False,2020-09-15,855.0,1052
4,xgboost,B,v2,False,2020-09-16,953.0,1025
4,xgboost,B,v2,False,2020-09-17,797.0,934
4,xgboost,B,v2,False,2020-09-18,570.0,694
4,xgboost,B,v2,False,2020-09-21,1176.0,1234
4,xgboost,B,v2,False,2020-09-22,908.0,995
4,xgboost,B,v2,False,2020-09-23,970.0,964
4,xgboost,B,v2,False,2020-09-24,739.0,876
4,xgboost,B,v2,False,2020-09-25,540.0,642
4,xgboost,B,v2,False,2020-09-28,358.0,501
4,xgboost,B,v2,False,2020-10-05,1252.0,1320
4,xgboost,B,v2,False,2020-10-06,977.0,1061
4,xgboost,B,v2,False,2020-10-07,880.0,1009
4,xgboost,B,v2,False,2020-10-08,923.0,912
4,xgboost,B,v2,False,2020-10-12,1096.0,1201
4,xgboost,B,v2,False,2020-10-13,839.0,942
4,xgboost,B,v2,False,2020-10-14,797.0,909
4,xgboost,B,v2,False,2020-10-15,793.0,849
4,xgboost,B,v2,False,2020-10-16,660.0,715
4,xgboost,B,v2,False,2020-10-19,1035.0,1202
4,xgboost,B,v2,False,2020-10-20,851.0,940
4,xgboost,B,v2,False,2020-10-21,887.0,935
4,xgboost,B,v2,False,2020-10-22,799.0,843
4,xgboost,B,v2,False,2020-10-23,648.0,674
4,xgboost,B,v2,False,2020-10-26,1069.0,1149
4,xgboost,B,v2,False,2020-10-27,839.0,896
4,xgboost,B,v2,False,2020-10-28,791.0,840
4,xgboost,B,v2,False,2020-10-29,667.0,758
4,xgboost,B,v2,False,2020-10-30,398.0,615
4,xgboost,B,v2,False,2020-11-02,1150.0,1202
4,xgboost,B,v2,False,2020-11-03,810.0,893
4,xgboost,B,v2,False,2020-11-04,789.0,855
4,xgboost,B,v2,False,2020-11-05,596.0,790
4,xgboost,B,v2,False,2020-11-06,459.0,643
4,xgboost,B,v2,False,2020-11-09,1076.0,1142
4,xgboost,B,v2,False,2020-11-10,784.0,860
4,xgboost,B,v2,False,2020-11-11,747.0,846
4,xgboost,B,v2,False,2020-11-12,678.0,755
4,xgboost,B,v2,False,2020-11-13,529.0,615
4,xgboost,B,v2,False,2020-11-16,1068.0,1191
4,xgboost,B,v2,False,2020-11-17,784.0,898
4,xgboost,B,v2,False,2020-11-18,774.0,855
4,xgboost,B,v2,False,2020-11-19,653.0,813
4,xgboost,B,v2,False,2020-11-20,747.0,615
4,xgboost,B,v2,False,2020-11-23,1292.0,1202
4,xgboost,B,v2,False,2020-11-24,1156.0,1025
4,xgboost,B,v2,False,2020-11-25,1146.0,1025
4,xgboost,B,v2,False,2020-11-26,1034.0,933
4,xgboost,B,v2,False,2020-11-27,895.0,724
4,xgboost,B,v2,False,2020-11-30,1273.0,1268
4,xgboost,B,v2,False,2020-12-01,1324.0,950
4,xgboost,B,v2,False,2020-12-02,1188.0,930
4,xgboost,B,v2,False,2020-12-03,1059.0,856
4,xgboost,B,v2,False,2020-12-04,858.0,677
4,xgboost,B,v2,False,2020-12-07,1317.0,1164
4,xgboost,B,v2,False,2020-12-08,1138.0,963
4,xgboost,B,v2,False,2020-12-09,994.0,944
4,xgboost,B,v2,False,2020-12-10,975.0,891
4,xgboost,B,v2,False,2020-12-11,742.0,731
4,xgboost,B,v2,False,2020-12-14,1329.0,1130
4,xgboost,B,v2,False,2020-12-15,1202.0,954
4,xgboost,B,v2,False,2020-12-16,1135.0,946
4,xgboost,B,v2,False,2020-12-17,1096.0,921
4,xgboost,B,v2,False,2020-12-18,917.0,749
4,xgboost,B,v2,False,2020-12-21,1256.0,1198
4,xgboost,B,v2,False,2020-12-22,984.0,1002
4,xgboost,B,v2,False,2020-12-23,768.0,900
4,xgboost,B,v2,False,2020-12-24,591.0,466
4,xgboost,B,v2,False,2021-01-04,1405.0,1282
4,xgboost,B,v2,False,2021-01-05,1128.0,1083
4,xgboost,B,v2,False,2021-01-06,1014.0,1064
4,xgboost,B,v2,False,2021-01-07,1040.0,1016
4,xgboost,B,v2,False,2021-01-08,726.0,859
4,xgboost,B,v2,False,2021-01-11,1257.0,1225
4,xgboost,B,v2,False,2021-01-12,963.0,1047
4,xgboost,B,v2,False,2021-01-13,913.0,1048
4,xgboost,B,v2,False,2021-01-14,1038.0,980
4,xgboost,B,v2,False,2021-01-15,702.0,787
4,xgboost,B,v2,False,2021-01-18,1277.0,1278
4,xgboost,B,v2,False,2021-01-19,1038.0,1024
4,xgboost,B,v2,False,2021-01-20,1093.0,1020
4,xgboost,B,v2,False,2021-01-21,832.0,884
4,xgboost,B,v2,False,2021-01-22,579.0,642
4,xgboost,B,v2,False,2021-01-25,1145.0,1227
4,xgboost,B,v2,False,2021-01-26,1015.0,1035
4,xgboost,C,v1,False,2020-05-21,653.0,826
4,xgboost,C,v1,False,2020-05-22,512.0,604
4,xgboost,C,v1,False,2020-05-25,1062.0,1164
4,xgboost,C,v1,False,2020-05-26,781.0,914
4,xgboost,C,v1,False,2020-05-27,704.0,859
4,xgboost,C,v1,False,2020-05-28,662.0,812
4,xgboost,C,v1,False,2020-05-29,450.0,587
4,xgboost,C,v1,False,2020-06-01,1114.0,1192
4,xgboost,C,v1,False,2020-06-02,761.0,908
4,xgboost,C,v1,False,2020-06-03,693.0,875
4,xgboost,C,v1,False,2020-06-04,657.0,772
4,xgboost,C,v1,False,2020-06-05,505.0,572
4,xgboost,C,v1,False,2020-06-08,1130.0,1088
4,xgboost,C,v1,False,2020-06-09,823.0,858
4,xgboost,C,v1,False,2020-06-10,719.0,880
4,xgboost,C,v1,False,2020-06-11,682.0,779
4,xgboost,C,v1,False,2020-06-12,516.0,582
4,xgboost,C,v1,False,2020-07-01,866.0,924
4,xgboost,C,v1,False,2020-07-02,675.0,888
4,xgboost,C,v1,False,2020-07-03,607.0,636
4,xgboost,C,v1,False,2020-07-06,1132.0,1177
4,xgboost,C,v1,False,2020-07-07,917.0,934
4,xgboost,C,v1,False,2020-07-08,847.0,927
4,xgboost,C,v1,False,2020-07-09,717.0,788
4,xgboost,C,v1,False,2020-07-10,611.0,622
4,xgboost,C,v1,False,2020-07-13,1260.0,1193
4,xgboost,C,v1,False,2020-07-14,814.0,940
4,xgboost,C,v1,False,2020-07-15,842.0,934
4,xgboost,C,v1,False,2020-07-16,971.0,846
4,xgboost,C,v1,False,2020-07-17,656.0,653
4,xgboost,C,v1,False,2020-07-20,1190.0,1156
4,xgboost,C,v1,False,2020-07-21,861.0,954
4,xgboost,C,v1,False,2020-07-22,823.0,830
4,xgboost,C,v1,False,2020-07-23,758.0,805
4,xgboost,C,v1,False,2020-07-24,450.0,651
4,xgboost,C,v1,False,2020-07-27,1118.0,1149
4,xgboost,C,v1,False,2020-07-28,873.0,1020
4,xgboost,C,v1,False,2020-07-29,871.0,971
4,xgboost,C,v1,False,2020-07-30,704.0,795
4,xgboost,C,v1,False,2020-07-31,477.0,603
4,xgboost,C,v1,False,2020-08-03,1033.0,971
4,xgboost,C,v1,False,2020-08-04,776.0,752
4,xgboost,C,v1,False,2020-08-05,720.0,769
4,xgboost,C,v1,False,2020-08-06,763.0,720
4,xgboost,C,v1,False,2020-08-07,476.0,533
4,xgboost,C,v1,False,2020-08-10,1011.0,931
4,xgboost,C,v1,False,2020-08-11,805.0,760
4,xgboost,C,v1,False,2020-08-12,701.0,782
4,xgboost,C,v1,False,2020-08-13,594.0,666
4,xgboost,C,v1,False,2020-08-14,477.0,457
4,xgboost,C,v1,False,2020-08-18,971.0,714
4,xgboost,C,v1,False,2020-08-19,801.0,832
4,xgboost,C,v1,False,2020-08-20,749.0,845
4,xgboost,C,v1,False,2020-08-21,514.0,559
4,xgboost,C,v1,False,2020-08-24,1178.0,931
4,xgboost,C,v1,False,2020-08-25,1046.0,925
4,xgboost,C,v1,False,2020-08-26,897.0,960
4,xgboost,C,v1,False,2020-08-27,963.0,917
4,xgboost,C,v1,False,2020-08-28,784.0,756
4,xgboost,C,v1,False,2020-08-31,1243.0,1116
4,xgboost,C,v1,False,2020-09-01,1021.0,1059
4,xgboost,C,v1,False,2020-09-02,1006.0,1077
4,xgboost,C,v1,False,2020-09-03,924.0,1026
4,xgboost,C,v1,False,2020-09-04,746.0,894
4,xgboost,C,v1,False,2020-09-07,1186.0,1231
4,xgboost,C,v1,False,2020-09-08,986.0,1056
4,xgboost,C,v1,False,2020-09-09,965.0,1040
4,xgboost,C,v1,False,2020-09-10,881.0,952
4,xgboost,C,v1,False,2020-09-11,661.0,762
4,xgboost,C,v1,False,2020-09-14,1191.0,1254
4,xgboost,C,v1,False,2020-09-15,855.0,997
4,xgboost,C,v1,False,2020-09-16,953.0,1002
4,xgboost,C,v1,False,2020-09-17,797.0,922
4,xgboost,C,v1,False,2020-09-18,570.0,686
4,xgboost,C,v1,False,2020-09-21,1176.0,1227
4,xgboost,C,v1,False,2020-09-22,908.0,991
4,xgboost,C,v1,False,2020-09-23,970.0,944
4,xgboost,C,v1,False,2020-09-24,739.0,859
4,xgboost,C,v1,False,2020-09-25,540.0,637
4,xgboost,C,v1,False,2020-09-28,358.0,495
4,xgboost,C,v1,False,2020-10-05,1252.0,1306
4,xgboost,C,v1,False,2020-10-06,977.0,1022
4,xgboost,C,v1,False,2020-10-07,880.0,994
4,xgboost,C,v1,False,2020-10-08,923.0,894
4,xgboost,C,v1,False,2020-10-12,1096.0,1200
4,xgboost,C,v1,False,2020-10-13,839.0,947
4,xgboost,C,v1,False,2020-10-14,797.0,913
4,xgboost,C,v1,False,2020-10-15,793.0,848
4,xgboost,C,v1,False,2020-10-16,660.0,699
4,xgboost,C,v1,False,2020-10-19,1035.0,1190
4,xgboost,C,v1,False,2020-10-20,851.0,937
4,xgboost,C,v1,False,2020-10-21,887.0,924
4,xgboost,C,v1,False,2020-10-22,799.0,830
4,xgboost,C,v1,False,2020-10-23,648.0,660
4,xgboost,C,v1,False,2020-10-26,1069.0,1141
4,xgboost,C,v1,False,2020-10-27,839.0,892
4,xgboost,C,v1,False,2020-10-28,791.0,846
4,xgboost,C,v1,False,2020-10-29,667.0,752
4,xgboost,C,v1,False,2020-10-30,398.0,621
4,xgboost,C,v1,False,2020-11-02,1150.0,1189
4,xgboost,C,v1,False,2020-11-03,810.0,884
4,xgboost,C,v1,False,2020-11-04,789.0,867
4,xgboost,C,v1,False,2020-11-05,596.0,786
4,xgboost,C,v1,False,2020-11-06,459.0,634
4,xgboost,C,v1,False,2020-11-09,1076.0,1137
4,xgboost,C,v1,False,2020-11-10,784.0,848
4,xgboost,C,v1,False,2020-11-11,747.0,845
4,xgboost,C,v1,False,2020-11-12,678.0,736
4,xgboost,C,v1,False,2020-11-13,529.0,621
4,xgboost,C,v1,False,2020-11-16,1068.0,1175
4,xgboost,C,v1,False,2020-11-17,784.0,894
4,xgboost,C,v1,False,2020-11-18,774.0,846
4,xgboost,C,v1,False,2020-11-19,653.0,808
4,xgboost,C,v1,False,2020-11-20,747.0,610
4,xgboost,C,v1,False,2020-11-23,1292.0,1183
4,xgboost,C,v1,False,2020-11-24,1156.0,988
4,xgboost,C,v1,False,2020-11-25,1146.0,976
4,xgboost,C,v1,False,2020-11-26,1034.0,908
4,xgboost,C,v1,False,2020-11-27,895.0,720
4,xgboost,C,v1,False,2020-11-30,1273.0,1254
4,xgboost,C,v1,False,2020-12-01,1324.0,944
4,xgboost,C,v1,False,2020-12-02,1188.0,894
4,xgboost,C,v1,False,2020-12-03,1059.0,833
4,xgboost,C,v1,False,2020-12-04,858.0,685
4,xgboost,C,v1,False,2020-12-07,1317.0,1157
4,xgboost,C,v1,False,2020-12-08,1138.0,960
4,xgboost,C,v1,False,2020-12-09,994.0,907
4,xgboost,C,v1,False,2020-12-10,975.0,881
4,xgboost,C,v1,False,2020-12-11,742.0,725
4,xgboost,C,v1,False,2020-12-14,1329.0,1117
4,xgboost,C,v1,False,2020-12-15,1202.0,933
4,xgboost,C,v1,False,2020-12-16,1135.0,956
4,xgboost,C,v1,False,2020-12-17,1096.0,926
4,xgboost,C,v1,False,2020-12-18,917.0,757
4,xgboost,C,v1,False,2020-12-21,1256.0,1199
4,xgboost,C,v1,False,2020-12-22,984.0,1009
4,xgboost,C,v1,False,2020-12-23,768.0,923
4,xgboost,C,v1,False,2020-12-24,591.0,471
4,xgboost,C,v1,False,2021-01-04,1405.0,1258
4,xgboost,C,v1,False,2021-01-05,1128.0,1078
4,xgboost,C,v1,False,2021-01-06,1014.0,1071
4,xgboost,C,v1,False,2021-01-07,1040.0,964
4,xgboost,C,v1,False,2021-01-08,726.0,854
4,xgboost,C,v1,False,2021-01-11,1257.0,1226
4,xgboost,C,v1,False,2021-01-12,963.0,1040
4,xgboost,C,v1,False,2021-01-13,913.0,1061
4,xgboost,C,v1,False,2021-01-14,1038.0,974
4,xgboost,C,v1,False,2021-01-15,702.0,768
4,xgboost,C,v1,False,2021-01-18,1277.0,1273
4,xgboost,C,v1,False,2021-01-19,1038.0,1029
4,xgboost,C,v1,False,2021-01-20,1093.0,1043
4,xgboost,C,v1,False,2021-01-21,832.0,860
4,xgboost,C,v1,False,2021-01-22,579.0,643
4,xgboost,C,v1,False,2021-01-25,1145.0,1226
4,xgboost,C,v1,False,2021-01-26,1015.0,1034
4,xgboost,C,v2,False,2020-05-21,653.0,827
4,xgboost,C,v2,False,2020-05-22,512.0,598
4,xgboost,C,v2,False,2020-05-25,1062.0,1177
4,xgboost,C,v2,False,2020-05-26,781.0,907
4,xgboost,C,v2,False,2020-05-27,704.0,835
4,xgboost,C,v2,False,2020-05-28,662.0,797
4,xgboost,C,v2,False,2020-05-29,450.0,590
4,xgboost,C,v2,False,2020-06-01,1114.0,1200
4,xgboost,C,v2,False,2020-06-02,761.0,900
4,xgboost,C,v2,False,2020-06-03,693.0,865
4,xgboost,C,v2,False,2020-06-04,657.0,782
4,xgboost,C,v2,False,2020-06-05,505.0,579
4,xgboost,C,v2,False,2020-06-08,1130.0,1100
4,xgboost,C,v2,False,2020-06-09,823.0,876
4,xgboost,C,v2,False,2020-06-10,719.0,886
4,xgboost,C,v2,False,2020-06-11,682.0,779
4,xgboost,C,v2,False,2020-06-12,516.0,585
4,xgboost,C,v2,False,2020-07-01,866.0,939
4,xgboost,C,v2,False,2020-07-02,675.0,874
4,xgboost,C,v2,False,2020-07-03,607.0,632
4,xgboost,C,v2,False,2020-07-06,1132.0,1173
4,xgboost,C,v2,False,2020-07-07,917.0,930
4,xgboost,C,v2,False,2020-07-08,847.0,914
4,xgboost,C,v2,False,2020-07-09,717.0,783
4,xgboost,C,v2,False,2020-07-10,611.0,625
4,xgboost,C,v2,False,2020-07-13,1260.0,1152
4,xgboost,C,v2,False,2020-07-14,814.0,962
4,xgboost,C,v2,False,2020-07-15,842.0,917
4,xgboost,C,v2,False,2020-07-16,971.0,830
4,xgboost,C,v2,False,2020-07-17,656.0,649
4,xgboost,C,v2,False,2020-07-20,1190.0,1151
4,xgboost,C,v2,False,2020-07-21,861.0,938
4,xgboost,C,v2,False,2020-07-22,823.0,823
4,xgboost,C,v2,False,2020-07-23,758.0,793
4,xgboost,C,v2,False,2020-07-24,450.0,644
4,xgboost,C,v2,False,2020-07-27,1118.0,1155
4,xgboost,C,v2,False,2020-07-28,873.0,1039
4,xgboost,C,v2,False,2020-07-29,871.0,966
4,xgboost,C,v2,False,2020-07-30,704.0,792
4,xgboost,C,v2,False,2020-07-31,477.0,602
4,xgboost,C,v2,False,2020-08-03,1033.0,973
4,xgboost,C,v2,False,2020-08-04,776.0,743
4,xgboost,C,v2,False,2020-08-05,720.0,758
4,xgboost,C,v2,False,2020-08-06,763.0,696
4,xgboost,C,v2,False,2020-08-07,476.0,527
4,xgboost,C,v2,False,2020-08-10,1011.0,906
4,xgboost,C,v2,False,2020-08-11,805.0,757
4,xgboost,C,v2,False,2020-08-12,701.0,774
4,xgboost,C,v2,False,2020-08-13,594.0,663
4,xgboost,C,v2,False,2020-08-14,477.0,445
4,xgboost,C,v2,False,2020-08-18,971.0,705
4,xgboost,C,v2,False,2020-08-19,801.0,805
4,xgboost,C,v2,False,2020-08-20,749.0,832
4,xgboost,C,v2,False,2020-08-21,514.0,560
4,xgboost,C,v2,False,2020-08-24,1178.0,904
4,xgboost,C,v2,False,2020-08-25,1046.0,919
4,xgboost,C,v2,False,2020-08-26,897.0,938
4,xgboost,C,v2,False,2020-08-27,963.0,914
4,xgboost,C,v2,False,2020-08-28,784.0,748
4,xgboost,C,v2,False,2020-08-31,1243.0,1114
4,xgboost,C,v2,False,2020-09-01,1021.0,1079
4,xgboost,C,v2,False,2020-09-02,1006.0,1076
4,xgboost,C,v2,False,2020-09-03,924.0,1038
4,xgboost,C,v2,False,2020-09-04,746.0,899
4,xgboost,C,v2,False,2020-09-07,1186.0,1215
4,xgboost,C,v2,False,2020-09-08,986.0,1065
4,xgboost,C,v2,False,2020-09-09,965.0,1060
4,xgboost,C,v2,False,2020-09-10,881.0,969
4,xgboost,C,v2,False,2020-09-11,661.0,765
4,xgboost,C,v2,False,2020-09-14,1191.0,1264
4,xgboost,C,v2,False,2020-09-15,855.0,1023
4,xgboost,C,v2,False,2020-09-16,953.0,1011
4,xgboost,C,v2,False,2020-09-17,797.0,929
4,xgboost,C,v2,False,2020-09-18,570.0,689
4,xgboost,C,v2,False,2020-09-21,1176.0,1234
4,xgboost,C,v2,False,2020-09-22,908.0,1008
4,xgboost,C,v2,False,2020-09-23,970.0,970
4,xgboost,C,v2,False,2020-09-24,739.0,877
4,xgboost,C,v2,False,2020-09-25,540.0,639
4,xgboost,C,v2,False,2020-09-28,358.0,510
4,xgboost,C,v2,False,2020-10-05,1252.0,1313
4,xgboost,C,v2,False,2020-10-06,977.0,1022
4,xgboost,C,v2,False,2020-10-07,880.0,974
4,xgboost,C,v2,False,2020-10-08,923.0,905
4,xgboost,C,v2,False,2020-10-12,1096.0,1186
4,xgboost,C,v2,False,2020-10-13,839.0,940
4,xgboost,C,v2,False,2020-10-14,797.0,911
4,xgboost,C,v2,False,2020-10-15,793.0,839
4,xgboost,C,v2,False,2020-10-16,660.0,700
4,xgboost,C,v2,False,2020-10-19,1035.0,1191
4,xgboost,C,v2,False,2020-10-20,851.0,933
4,xgboost,C,v2,False,2020-10-21,887.0,924
4,xgboost,C,v2,False,2020-10-22,799.0,822
4,xgboost,C,v2,False,2020-10-23,648.0,652
4,xgboost,C,v2,False,2020-10-26,1069.0,1134
4,xgboost,C,v2,False,2020-10-27,839.0,893
4,xgboost,C,v2,False,2020-10-28,791.0,832
4,xgboost,C,v2,False,2020-10-29,667.0,751
4,xgboost,C,v2,False,2020-10-30,398.0,621
4,xgboost,C,v2,False,2020-11-02,1150.0,1202
4,xgboost,C,v2,False,2020-11-03,810.0,884
4,xgboost,C,v2,False,2020-11-04,789.0,852
4,xgboost,C,v2,False,2020-11-05,596.0,770
4,xgboost,C,v2,False,2020-11-06,459.0,627
4,xgboost,C,v2,False,2020-11-09,1076.0,1135
4,xgboost,C,v2,False,2020-11-10,784.0,817
4,xgboost,C,v2,False,2020-11-11,747.0,802
4,xgboost,C,v2,False,2020-11-12,678.0,737
4,xgboost,C,v2,False,2020-11-13,529.0,621
4,xgboost,C,v2,False,2020-11-16,1068.0,1181
4,xgboost,C,v2,False,2020-11-17,784.0,877
4,xgboost,C,v2,False,2020-11-18,774.0,843
4,xgboost,C,v2,False,2020-11-19,653.0,799
4,xgboost,C,v2,False,2020-11-20,747.0,605
4,xgboost,C,v2,False,2020-11-23,1292.0,1190
4,xgboost,C,v2,False,2020-11-24,1156.0,1002
4,xgboost,C,v2,False,2020-11-25,1146.0,979
4,xgboost,C,v2,False,2020-11-26,1034.0,907
4,xgboost,C,v2,False,2020-11-27,895.0,710
4,xgboost,C,v2,False,2020-11-30,1273.0,1253
4,xgboost,C,v2,False,2020-12-01,1324.0,961
4,xgboost,C,v2,False,2020-12-02,1188.0,903
4,xgboost,C,v2,False,2020-12-03,1059.0,826
4,xgboost,C,v2,False,2020-12-04,858.0,687
4,xgboost,C,v2,False,2020-12-07,1317.0,1155
4,xgboost,C,v2,False,2020-12-08,1138.0,953
4,xgboost,C,v2,False,2020-12-09,994.0,946
4,xgboost,C,v2,False,2020-12-10,975.0,867
4,xgboost,C,v2,False,2020-12-11,742.0,716
4,xgboost,C,v2,False,2020-12-14,1329.0,1107
4,xgboost,C,v2,False,2020-12-15,1202.0,948
4,xgboost,C,v2,False,2020-12-16,1135.0,944
4,xgboost,C,v2,False,2020-12-17,1096.0,912
4,xgboost,C,v2,False,2020-12-18,917.0,748
4,xgboost,C,v2,False,2020-12-21,1256.0,1191
4,xgboost,C,v2,False,2020-12-22,984.0,1000
4,xgboost,C,v2,False,2020-12-23,768.0,906
4,xgboost,C,v2,False,2020-12-24,591.0,455
4,xgboost,C,v2,False,2021-01-04,1405.0,1263
4,xgboost,C,v2,False,2021-01-05,1128.0,1078
4,xgboost,C,v2,False,2021-01-06,1014.0,1065
4,xgboost,C,v2,False,2021-01-07,1040.0,983
4,xgboost,C,v2,False,2021-01-08,726.0,848
4,xgboost,C,v2,False,2021-01-11,1257.0,1226
4,xgboost,C,v2,False,2021-01-12,963.0,1060
4,xgboost,C,v2,False,2021-01-13,913.0,1049
4,xgboost,C,v2,False,2021-01-14,1038.0,974
4,xgboost,C,v2,False,2021-01-15,702.0,764
4,xgboost,C,v2,False,2021-01-18,1277.0,1278
4,xgboost,C,v2,False,2021-01-19,1038.0,1022
4,xgboost,C,v2,False,2021-01-20,1093.0,1030
4,xgboost,C,v2,False,2021-01-21,832.0,843
4,xgboost,C,v2,False,2021-01-22,579.0,640
4,xgboost,C,v2,False,2021-01-25,1145.0,1226
4,xgboost,C,v2,False,2021-01-26,1015.0,1034
4,xgboost,D,v1,False,2020-05-21,653.0,865
4,xgboost,D,v1,False,2020-05-22,512.0,623
4,xgboost,D,v1,False,2020-05-25,1062.0,1211
4,xgboost,D,v1,False,2020-05-26,781.0,979
4,xgboost,D,v1,False,2020-05-27,704.0,922
4,xgboost,D,v1,False,2020-05-28,662.0,842
4,xgboost,D,v1,False,2020-05-29,450.0,596
4,xgboost,D,v1,False,2020-06-01,1114.0,1230
4,xgboost,D,v1,False,2020-06-02,761.0,987
4,xgboost,D,v1,False,2020-06-03,693.0,905
4,xgboost,D,v1,False,2020-06-04,657.0,804
4,xgboost,D,v1,False,2020-06-05,505.0,587
4,xgboost,D,v1,False,2020-06-08,1130.0,1115
4,xgboost,D,v1,False,2020-06-09,823.0,859
4,xgboost,D,v1,False,2020-06-10,719.0,897
4,xgboost,D,v1,False,2020-06-11,682.0,790
4,xgboost,D,v1,False,2020-06-12,516.0,567
4,xgboost,D,v1,False,2020-07-01,866.0,929
4,xgboost,D,v1,False,2020-07-02,675.0,862
4,xgboost,D,v1,False,2020-07-03,607.0,656
4,xgboost,D,v1,False,2020-07-06,1132.0,1185
4,xgboost,D,v1,False,2020-07-07,917.0,914
4,xgboost,D,v1,False,2020-07-08,847.0,880
4,xgboost,D,v1,False,2020-07-09,717.0,751
4,xgboost,D,v1,False,2020-07-10,611.0,599
4,xgboost,D,v1,False,2020-07-13,1260.0,1180
4,xgboost,D,v1,False,2020-07-14,814.0,989
4,xgboost,D,v1,False,2020-07-15,842.0,923
4,xgboost,D,v1,False,2020-07-16,971.0,837
4,xgboost,D,v1,False,2020-07-17,656.0,659
4,xgboost,D,v1,False,2020-07-20,1190.0,1153
4,xgboost,D,v1,False,2020-07-21,861.0,904
4,xgboost,D,v1,False,2020-07-22,823.0,848
4,xgboost,D,v1,False,2020-07-23,758.0,785
4,xgboost,D,v1,False,2020-07-24,450.0,593
4,xgboost,D,v1,False,2020-07-27,1118.0,1176
4,xgboost,D,v1,False,2020-07-28,873.0,1025
4,xgboost,D,v1,False,2020-07-29,871.0,934
4,xgboost,D,v1,False,2020-07-30,704.0,738
4,xgboost,D,v1,False,2020-07-31,477.0,584
4,xgboost,D,v1,False,2020-08-03,1033.0,1057
4,xgboost,D,v1,False,2020-08-04,776.0,805
4,xgboost,D,v1,False,2020-08-05,720.0,794
4,xgboost,D,v1,False,2020-08-06,763.0,736
4,xgboost,D,v1,False,2020-08-07,476.0,589
4,xgboost,D,v1,False,2020-08-10,1011.0,954
4,xgboost,D,v1,False,2020-08-11,805.0,806
4,xgboost,D,v1,False,2020-08-12,701.0,768
4,xgboost,D,v1,False,2020-08-13,594.0,703
4,xgboost,D,v1,False,2020-08-14,477.0,546
4,xgboost,D,v1,False,2020-08-18,971.0,786
4,xgboost,D,v1,False,2020-08-19,801.0,825
4,xgboost,D,v1,False,2020-08-20,749.0,863
4,xgboost,D,v1,False,2020-08-21,514.0,627
4,xgboost,D,v1,False,2020-08-24,1178.0,1006
4,xgboost,D,v1,False,2020-08-25,1046.0,994
4,xgboost,D,v1,False,2020-08-26,897.0,1010
4,xgboost,D,v1,False,2020-08-27,963.0,953
4,xgboost,D,v1,False,2020-08-28,784.0,789
4,xgboost,D,v1,False,2020-08-31,1243.0,1164
4,xgboost,D,v1,False,2020-09-01,1021.0,1065
4,xgboost,D,v1,False,2020-09-02,1006.0,1088
4,xgboost,D,v1,False,2020-09-03,924.0,1022
4,xgboost,D,v1,False,2020-09-04,746.0,905
4,xgboost,D,v1,False,2020-09-07,1186.0,1261
4,xgboost,D,v1,False,2020-09-08,986.0,1097
4,xgboost,D,v1,False,2020-09-09,965.0,1086
4,xgboost,D,v1,False,2020-09-10,881.0,975
4,xgboost,D,v1,False,2020-09-11,661.0,791
4,xgboost,D,v1,False,2020-09-14,1191.0,1297
4,xgboost,D,v1,False,2020-09-15,855.0,1055
4,xgboost,D,v1,False,2020-09-16,953.0,1046
4,xgboost,D,v1,False,2020-09-17,797.0,925
4,xgboost,D,v1,False,2020-09-18,570.0,692
4,xgboost,D,v1,False,2020-09-21,1176.0,1196
4,xgboost,D,v1,False,2020-09-22,908.0,982
4,xgboost,D,v1,False,2020-09-23,970.0,949
4,xgboost,D,v1,False,2020-09-24,739.0,828
4,xgboost,D,v1,False,2020-09-25,540.0,649
4,xgboost,D,v1,False,2020-09-28,358.0,490
4,xgboost,D,v1,False,2020-10-05,1252.0,1303
4,xgboost,D,v1,False,2020-10-06,977.0,1022
4,xgboost,D,v1,False,2020-10-07,880.0,947
4,xgboost,D,v1,False,2020-10-08,923.0,900
4,xgboost,D,v1,False,2020-10-12,1096.0,1179
4,xgboost,D,v1,False,2020-10-13,839.0,930
4,xgboost,D,v1,False,2020-10-14,797.0,881
4,xgboost,D,v1,False,2020-10-15,793.0,832
4,xgboost,D,v1,False,2020-10-16,660.0,646
4,xgboost,D,v1,False,2020-10-19,1035.0,1135
4,xgboost,D,v1,False,2020-10-20,851.0,899
4,xgboost,D,v1,False,2020-10-21,887.0,912
4,xgboost,D,v1,False,2020-10-22,799.0,775
4,xgboost,D,v1,False,2020-10-23,648.0,591
4,xgboost,D,v1,False,2020-10-26,1069.0,1079
4,xgboost,D,v1,False,2020-10-27,839.0,835
4,xgboost,D,v1,False,2020-10-28,791.0,815
4,xgboost,D,v1,False,2020-10-29,667.0,721
4,xgboost,D,v1,False,2020-10-30,398.0,518
4,xgboost,D,v1,False,2020-11-02,1150.0,1134
4,xgboost,D,v1,False,2020-11-03,810.0,812
4,xgboost,D,v1,False,2020-11-04,789.0,809
4,xgboost,D,v1,False,2020-11-05,596.0,723
4,xgboost,D,v1,False,2020-11-06,459.0,556
4,xgboost,D,v1,False,2020-11-09,1076.0,1068
4,xgboost,D,v1,False,2020-11-10,784.0,783
4,xgboost,D,v1,False,2020-11-11,747.0,761
4,xgboost,D,v1,False,2020-11-12,678.0,692
4,xgboost,D,v1,False,2020-11-13,529.0,545
4,xgboost,D,v1,False,2020-11-16,1068.0,1102
4,xgboost,D,v1,False,2020-11-17,784.0,850
4,xgboost,D,v1,False,2020-11-18,774.0,814
4,xgboost,D,v1,False,2020-11-19,653.0,789
4,xgboost,D,v1,False,2020-11-20,747.0,580
4,xgboost,D,v1,False,2020-11-23,1292.0,1100
4,xgboost,D,v1,False,2020-11-24,1156.0,930
4,xgboost,D,v1,False,2020-11-25,1146.0,925
4,xgboost,D,v1,False,2020-11-26,1034.0,853
4,xgboost,D,v1,False,2020-11-27,895.0,593
4,xgboost,D,v1,False,2020-11-30,1273.0,1162
4,xgboost,D,v1,False,2020-12-01,1324.0,983
4,xgboost,D,v1,False,2020-12-02,1188.0,943
4,xgboost,D,v1,False,2020-12-03,1059.0,805
4,xgboost,D,v1,False,2020-12-04,858.0,553
4,xgboost,D,v1,False,2020-12-07,1317.0,1117
4,xgboost,D,v1,False,2020-12-08,1138.0,935
4,xgboost,D,v1,False,2020-12-09,994.0,934
4,xgboost,D,v1,False,2020-12-10,975.0,817
4,xgboost,D,v1,False,2020-12-11,742.0,631
4,xgboost,D,v1,False,2020-12-14,1329.0,1116
4,xgboost,D,v1,False,2020-12-15,1202.0,991
4,xgboost,D,v1,False,2020-12-16,1135.0,962
4,xgboost,D,v1,False,2020-12-17,1096.0,920
4,xgboost,D,v1,False,2020-12-18,917.0,641
4,xgboost,D,v1,False,2020-12-21,1256.0,1120
4,xgboost,D,v1,False,2020-12-22,984.0,916
4,xgboost,D,v1,False,2020-12-23,768.0,782
4,xgboost,D,v1,False,2020-12-24,591.0,396
4,xgboost,D,v1,False,2021-01-04,1405.0,1225
4,xgboost,D,v1,False,2021-01-05,1128.0,1049
4,xgboost,D,v1,False,2021-01-06,1014.0,1031
4,xgboost,D,v1,False,2021-01-07,1040.0,967
4,xgboost,D,v1,False,2021-01-08,726.0,803
4,xgboost,D,v1,False,2021-01-11,1257.0,1238
4,xgboost,D,v1,False,2021-01-12,963.0,1082
4,xgboost,D,v1,False,2021-01-13,913.0,1025
4,xgboost,D,v1,False,2021-01-14,1038.0,970
4,xgboost,D,v1,False,2021-01-15,702.0,759
4,xgboost,D,v1,False,2021-01-18,1277.0,1319
4,xgboost,D,v1,False,2021-01-19,1038.0,1017
4,xgboost,D,v1,False,2021-01-20,1093.0,959
4,xgboost,D,v1,False,2021-01-21,832.0,796
4,xgboost,D,v1,False,2021-01-22,579.0,633
4,xgboost,D,v1,False,2021-01-25,1145.0,1214
4,xgboost,D,v1,False,2021-01-26,1015.0,1047
4,xgboost,D,v2,False,2020-05-21,653.0,877
4,xgboost,D,v2,False,2020-05-22,512.0,647
4,xgboost,D,v2,False,2020-05-25,1062.0,1219
4,xgboost,D,v2,False,2020-05-26,781.0,969
4,xgboost,D,v2,False,2020-05-27,704.0,906
4,xgboost,D,v2,False,2020-05-28,662.0,837
4,xgboost,D,v2,False,2020-05-29,450.0,622
4,xgboost,D,v2,False,2020-06-01,1114.0,1233
4,xgboost,D,v2,False,2020-06-02,761.0,986
4,xgboost,D,v2,False,2020-06-03,693.0,901
4,xgboost,D,v2,False,2020-06-04,657.0,804
4,xgboost,D,v2,False,2020-06-05,505.0,593
4,xgboost,D,v2,False,2020-06-08,1130.0,1118
4,xgboost,D,v2,False,2020-06-09,823.0,866
4,xgboost,D,v2,False,2020-06-10,719.0,895
4,xgboost,D,v2,False,2020-06-11,682.0,791
4,xgboost,D,v2,False,2020-06-12,516.0,586
4,xgboost,D,v2,False,2020-07-01,866.0,934
4,xgboost,D,v2,False,2020-07-02,675.0,870
4,xgboost,D,v2,False,2020-07-03,607.0,634
4,xgboost,D,v2,False,2020-07-06,1132.0,1194
4,xgboost,D,v2,False,2020-07-07,917.0,927
4,xgboost,D,v2,False,2020-07-08,847.0,887
4,xgboost,D,v2,False,2020-07-09,717.0,776
4,xgboost,D,v2,False,2020-07-10,611.0,619
4,xgboost,D,v2,False,2020-07-13,1260.0,1187
4,xgboost,D,v2,False,2020-07-14,814.0,989
4,xgboost,D,v2,False,2020-07-15,842.0,924
4,xgboost,D,v2,False,2020-07-16,971.0,839
4,xgboost,D,v2,False,2020-07-17,656.0,662
4,xgboost,D,v2,False,2020-07-20,1190.0,1169
4,xgboost,D,v2,False,2020-07-21,861.0,911
4,xgboost,D,v2,False,2020-07-22,823.0,852
4,xgboost,D,v2,False,2020-07-23,758.0,793
4,xgboost,D,v2,False,2020-07-24,450.0,616
4,xgboost,D,v2,False,2020-07-27,1118.0,1166
4,xgboost,D,v2,False,2020-07-28,873.0,1008
4,xgboost,D,v2,False,2020-07-29,871.0,945
4,xgboost,D,v2,False,2020-07-30,704.0,748
4,xgboost,D,v2,False,2020-07-31,477.0,584
4,xgboost,D,v2,False,2020-08-03,1033.0,1042
4,xgboost,D,v2,False,2020-08-04,776.0,795
4,xgboost,D,v2,False,2020-08-05,720.0,806
4,xgboost,D,v2,False,2020-08-06,763.0,738
4,xgboost,D,v2,False,2020-08-07,476.0,581
4,xgboost,D,v2,False,2020-08-10,1011.0,930
4,xgboost,D,v2,False,2020-08-11,805.0,792
4,xgboost,D,v2,False,2020-08-12,701.0,774
4,xgboost,D,v2,False,2020-08-13,594.0,692
4,xgboost,D,v2,False,2020-08-14,477.0,528
4,xgboost,D,v2,False,2020-08-18,971.0,786
4,xgboost,D,v2,False,2020-08-19,801.0,840
4,xgboost,D,v2,False,2020-08-20,749.0,884
4,xgboost,D,v2,False,2020-08-21,514.0,650
4,xgboost,D,v2,False,2020-08-24,1178.0,985
4,xgboost,D,v2,False,2020-08-25,1046.0,993
4,xgboost,D,v2,False,2020-08-26,897.0,1010
4,xgboost,D,v2,False,2020-08-27,963.0,951
4,xgboost,D,v2,False,2020-08-28,784.0,798
4,xgboost,D,v2,False,2020-08-31,1243.0,1152
4,xgboost,D,v2,False,2020-09-01,1021.0,1059
4,xgboost,D,v2,False,2020-09-02,1006.0,1081
4,xgboost,D,v2,False,2020-09-03,924.0,1009
4,xgboost,D,v2,False,2020-09-04,746.0,915
4,xgboost,D,v2,False,2020-09-07,1186.0,1250
4,xgboost,D,v2,False,2020-09-08,986.0,1097
4,xgboost,D,v2,False,2020-09-09,965.0,1092
4,xgboost,D,v2,False,2020-09-10,881.0,995
4,xgboost,D,v2,False,2020-09-11,661.0,796
4,xgboost,D,v2,False,2020-09-14,1191.0,1307
4,xgboost,D,v2,False,2020-09-15,855.0,1039
4,xgboost,D,v2,False,2020-09-16,953.0,1050
4,xgboost,D,v2,False,2020-09-17,797.0,932
4,xgboost,D,v2,False,2020-09-18,570.0,708
4,xgboost,D,v2,False,2020-09-21,1176.0,1201
4,xgboost,D,v2,False,2020-09-22,908.0,983
4,xgboost,D,v2,False,2020-09-23,970.0,950
4,xgboost,D,v2,False,2020-09-24,739.0,835
4,xgboost,D,v2,False,2020-09-25,540.0,680
4,xgboost,D,v2,False,2020-09-28,358.0,486
4,xgboost,D,v2,False,2020-10-05,1252.0,1311
4,xgboost,D,v2,False,2020-10-06,977.0,1021
4,xgboost,D,v2,False,2020-10-07,880.0,954
4,xgboost,D,v2,False,2020-10-08,923.0,916
4,xgboost,D,v2,False,2020-10-12,1096.0,1179
4,xgboost,D,v2,False,2020-10-13,839.0,930
4,xgboost,D,v2,False,2020-10-14,797.0,879
4,xgboost,D,v2,False,2020-10-15,793.0,852
4,xgboost,D,v2,False,2020-10-16,660.0,644
4,xgboost,D,v2,False,2020-10-19,1035.0,1155
4,xgboost,D,v2,False,2020-10-20,851.0,915
4,xgboost,D,v2,False,2020-10-21,887.0,926
4,xgboost,D,v2,False,2020-10-22,799.0,780
4,xgboost,D,v2,False,2020-10-23,648.0,619
4,xgboost,D,v2,False,2020-10-26,1069.0,1079
4,xgboost,D,v2,False,2020-10-27,839.0,839
4,xgboost,D,v2,False,2020-10-28,791.0,827
4,xgboost,D,v2,False,2020-10-29,667.0,722
4,xgboost,D,v2,False,2020-10-30,398.0,521
4,xgboost,D,v2,False,2020-11-02,1150.0,1129
4,xgboost,D,v2,False,2020-11-03,810.0,813
4,xgboost,D,v2,False,2020-11-04,789.0,819
4,xgboost,D,v2,False,2020-11-05,596.0,720
4,xgboost,D,v2,False,2020-11-06,459.0,562
4,xgboost,D,v2,False,2020-11-09,1076.0,1078
4,xgboost,D,v2,False,2020-11-10,784.0,771
4,xgboost,D,v2,False,2020-11-11,747.0,760
4,xgboost,D,v2,False,2020-11-12,678.0,696
4,xgboost,D,v2,False,2020-11-13,529.0,555
4,xgboost,D,v2,False,2020-11-16,1068.0,1099
4,xgboost,D,v2,False,2020-11-17,784.0,854
4,xgboost,D,v2,False,2020-11-18,774.0,829
4,xgboost,D,v2,False,2020-11-19,653.0,793
4,xgboost,D,v2,False,2020-11-20,747.0,584
4,xgboost,D,v2,False,2020-11-23,1292.0,1098
4,xgboost,D,v2,False,2020-11-24,1156.0,912
4,xgboost,D,v2,False,2020-11-25,1146.0,909
4,xgboost,D,v2,False,2020-11-26,1034.0,859
4,xgboost,D,v2,False,2020-11-27,895.0,586
4,xgboost,D,v2,False,2020-11-30,1273.0,1140
4,xgboost,D,v2,False,2020-12-01,1324.0,961
4,xgboost,D,v2,False,2020-12-02,1188.0,932
4,xgboost,D,v2,False,2020-12-03,1059.0,803
4,xgboost,D,v2,False,2020-12-04,858.0,573
4,xgboost,D,v2,False,2020-12-07,1317.0,1106
4,xgboost,D,v2,False,2020-12-08,1138.0,926
4,xgboost,D,v2,False,2020-12-09,994.0,933
4,xgboost,D,v2,False,2020-12-10,975.0,811
4,xgboost,D,v2,False,2020-12-11,742.0,631
4,xgboost,D,v2,False,2020-12-14,1329.0,1104
4,xgboost,D,v2,False,2020-12-15,1202.0,969
4,xgboost,D,v2,False,2020-12-16,1135.0,929
4,xgboost,D,v2,False,2020-12-17,1096.0,911
4,xgboost,D,v2,False,2020-12-18,917.0,644
4,xgboost,D,v2,False,2020-12-21,1256.0,1111
4,xgboost,D,v2,False,2020-12-22,984.0,921
4,xgboost,D,v2,False,2020-12-23,768.0,786
4,xgboost,D,v2,False,2020-12-24,591.0,381
4,xgboost,D,v2,False,2021-01-04,1405.0,1223
4,xgboost,D,v2,False,2021-01-05,1128.0,1045
4,xgboost,D,v2,False,2021-01-06,1014.0,1034
4,xgboost,D,v2,False,2021-01-07,1040.0,969
4,xgboost,D,v2,False,2021-01-08,726.0,802
4,xgboost,D,v2,False,2021-01-11,1257.0,1240
4,xgboost,D,v2,False,2021-01-12,963.0,1087
4,xgboost,D,v2,False,2021-01-13,913.0,1004
4,xgboost,D,v2,False,2021-01-14,1038.0,956
4,xgboost,D,v2,False,2021-01-15,702.0,758
4,xgboost,D,v2,False,2021-01-18,1277.0,1316
4,xgboost,D,v2,False,2021-01-19,1038.0,1004
4,xgboost,D,v2,False,2021-01-20,1093.0,968
4,xgboost,D,v2,False,2021-01-21,832.0,785
4,xgboost,D,v2,False,2021-01-22,579.0,640
4,xgboost,D,v2,False,2021-01-25,1145.0,1212
4,xgboost,D,v2,False,2021-01-26,1015.0,1038
