date,station,observed_hours,temp_mean,temp_max,temp_min,precipitation,humidity,rain
2016-02-01,192,23,,,,,,
2016-02-02,192,24,-2.3208333333333333,5.8,-8.8,,47.166666666666664,
2016-02-03,192,24,-1.9416666666666664,7.7,-9.1,,56.166666666666664,
2016-02-04,192,24,-0.5499999999999999,7.5,-7.7,,55.333333333333336,
2016-02-05,192,24,1.5083333333333335,9.6,-6.2,,42.708333333333336,
2016-02-06,192,24,-0.31666666666666665,5.7,-6.2,,49.166666666666664,
2016-02-07,192,24,-1.6791666666666665,7.0,-8.8,,49.333333333333336,
2016-02-08,192,24,0.8416666666666668,8.3,-8.5,,50.18333333333334,
2016-02-09,192,24,4.983333333333333,9.1,-0.5,,28.0,
2016-02-10,192,24,1.7208333333333332,11.4,-5.9,,47.125,
2016-02-11,192,24,5.191666666666667,14.2,-3.0,,56.875,
2016-02-12,192,24,8.754166666666665,14.2,5.8,,86.75,1.0
2016-02-13,192,24,11.504166666666668,15.1,9.4,,91.08333333333333,1.0
2016-02-14,192,24,5.416666666666667,14.6,-1.1,,54.875,1.0
2016-02-15,192,24,-1.2375,2.1,-4.0,,36.541666666666664,
2016-02-16,192,24,-0.23333333333333328,4.9,-6.1,,59.75,
2016-02-17,192,24,1.6791666666666665,7.5,-2.4,,50.25,
2016-02-18,192,24,1.8958333333333333,9.7,-5.8,,61.541666666666664,
2016-02-19,192,24,4.754166666666666,12.8,-2.6,,59.208333333333336,
2016-02-20,192,24,6.150000000000001,12.6,1.9,,46.541666666666664,
2016-02-21,192,24,2.470833333333333,8.2,-3.4,,34.0,
2016-02-22,192,24,2.970833333333333,6.7,-1.7,,46.458333333333336,
2016-02-23,192,24,5.529166666666666,11.5,0.5,,42.0,
2016-02-24,192,24,1.5875000000000001,7.0,-3.4,,29.375,
2016-02-25,192,24,0.9333333333333332,6.8,-4.2,,32.333333333333336,
2016-02-26,192,24,1.5291666666666668,7.7,-5.8,,59.541666666666664,
2016-02-27,192,24,7.483333333333333,14.1,0.9,,52.666666666666664,1.0
2016-02-28,192,24,5.9875,13.2,-0.5,,69.20833333333333,1.0
2016-02-29,192,24,0.14999999999999994,3.5,-4.3,,45.5,
2016-03-01,192,24,-1.0499999999999998,6.3,-7.6,,42.25,
2016-03-02,192,24,2.7916666666666665,11.3,-6.6,,50.583333333333336,
2016-03-03,192,24,6.345833333333334,15.6,-3.3,,60.791666666666664,
2016-03-04,192,24,8.083333333333334,9.7,6.7,,87.08333333333333,1.0
2016-03-05,192,24,11.654166666666669,15.6,8.6,,88.0,1.0
2016-03-06,192,24,14.295833333333334,19.2,9.2,,81.29166666666667,1.0
2016-03-07,192,24,10.954166666666666,16.9,7.1,,68.83333333333333,
2016-03-08,192,24,8.354166666666666,11.0,4.2,,63.916666666666664,1.0
2016-03-09,192,24,5.445833333333333,12.3,1.3,,57.5,1.0
2016-03-10,192,24,3.329166666666667,8.0,-0.9,,35.0,
2016-03-11,192,24,2.025,7.9,-3.3,,32.791666666666664,
2016-03-12,192,24,2.3541666666666665,9.9,-5.4,,44.041666666666664,
2016-03-13,192,24,4.754166666666666,8.7,1.1,,50.083333333333336,
2016-03-14,192,24,5.4125000000000005,12.7,-1.4,,51.875,
2016-03-15,192,24,5.3374999999999995,14.1,-3.2,,49.958333333333336,
2016-03-16,192,24,8.608333333333334,16.3,2.8,,51.125,
2016-03-17,192,24,8.7875,17.9,-1.0,,56.041666666666664,
2016-03-18,192,24,9.9375,12.0,7.9,,87.20833333333333,1.0
2016-03-19,192,24,11.549999999999999,18.4,6.2,,73.29166666666667,
2016-03-20,192,24,9.425,13.3,6.4,,69.375,
2016-03-21,192,24,9.633333333333333,16.0,3.6,,61.458333333333336,
2016-03-22,192,24,9.450000000000001,18.0,2.8,,63.916666666666664,
2016-03-23,192,24,10.258333333333333,16.6,3.7,,55.875,
2016-03-24,192,24,8.595833333333333,12.4,5.9,,42.625,
2016-03-25,192,24,6.929166666666666,10.1,4.1,,69.20833333333333,1.0
2016-03-26,192,24,6.645833333333333,12.8,0.2,,59.333333333333336,
2016-03-27,192,24,7.504166666666667,14.3,-0.2,,53.5,
2016-03-28,192,24,8.2875,17.2,-1.3,,49.916666666666664,
2016-03-29,192,24,9.904166666666667,15.7,1.8,,61.125,
2016-03-30,192,24,14.237500000000002,21.3,7.4,,52.5,
2016-03-31,192,24,12.016666666666667,20.5,4.8,,62.541666666666664,
2016-04-01,192,24,13.295833333333334,24.0,4.6,,58.583333333333336,
2016-04-02,192,24,12.795833333333334,19.8,5.4,,69.16666666666667,
2016-04-03,192,24,12.304166666666667,13.4,10.9,,86.08333333333333,1.0
2016-04-04,192,24,11.170833333333334,13.5,9.8,,82.83333333333333,1.0
2016-04-05,192,24,12.6625,19.2,7.4,,65.33333333333333,
2016-04-06,192,24,11.5875,20.3,5.4,,65.04166666666667,1.0
2016-04-07,192,24,12.133333333333333,17.3,8.7,,82.33333333333333,1.0
2016-04-08,192,24,14.941666666666668,22.6,9.2,,61.291666666666664,
2016-04-09,192,24,14.774999999999999,23.7,6.5,,56.458333333333336,
2016-04-10,192,24,14.137500000000001,22.6,7.3,,63.416666666666664,
2016-04-11,192,24,10.966666666666669,12.5,9.4,,68.45833333333333,
2016-04-12,192,24,11.345833333333333,18.1,4.3,,56.375,1.0
2016-04-13,192,24,13.283333333333331,15.4,10.8,,89.875,1.0
2016-04-14,192,24,17.391666666666666,25.5,12.7,,59.541666666666664,
2016-04-15,192,24,13.15,20.8,5.4,,56.791666666666664,
2016-04-16,192,24,12.370833333333332,18.4,5.5,,77.79166666666667,1.0
2016-04-17,192,24,15.820833333333333,19.0,10.7,,47.458333333333336,1.0
2016-04-18,192,24,14.166666666666666,20.1,8.7,,42.041666666666664,
2016-04-19,192,24,13.995833333333332,20.2,6.8,,45.25,
2016-04-20,192,24,13.045833333333334,20.3,5.8,,58.958333333333336,
2016-04-21,192,24,13.862500000000002,17.1,11.2,,87.0,1.0
2016-04-22,192,24,17.075,23.7,12.7,,72.08333333333333,
2016-04-23,192,24,15.483333333333334,20.3,12.0,,57.208333333333336,
2016-04-24,192,24,14.862500000000002,23.0,7.4,,54.583333333333336,
2016-04-25,192,24,15.512500000000001,26.3,7.1,,52.166666666666664,
2016-04-26,192,24,15.774999999999999,25.2,6.2,,61.0,1.0
2016-04-27,192,24,11.675000000000002,14.4,10.8,43.0,84.91666666666667,1.0
2016-04-28,192,24,13.916666666666666,19.0,10.5,,77.0,1.0
2016-04-29,192,24,15.208333333333334,19.8,11.6,,62.875,
2016-04-30,192,24,16.1125,22.3,9.3,,59.833333333333336,
2016-05-01,192,24,16.737499999999997,23.2,8.3,,58.291666666666664,
2016-05-02,192,24,17.1375,22.7,10.4,,76.58333333333333,
2016-05-03,192,24,17.0625,20.1,14.4,,68.20833333333333,1.0
2016-05-04,192,24,18.491666666666667,24.7,12.4,,29.875,
2016-05-05,192,24,15.758333333333333,23.7,6.5,,46.25,
2016-05-06,192,24,17.474999999999998,20.7,15.1,,83.25,1.0
2016-05-07,192,24,18.65833333333333,24.4,10.7,,51.333333333333336,
2016-05-08,192,24,16.587500000000002,23.1,8.4,,51.25,
2016-05-09,192,24,17.375,21.8,13.9,,55.25,
2016-05-10,192,24,14.858333333333333,17.2,12.2,,83.58333333333333,1.0
2016-05-11,192,24,15.783333333333333,21.6,12.4,,72.29166666666667,1.0
2016-05-12,192,24,17.270833333333336,23.5,11.4,,64.20833333333333,
2016-05-13,192,24,16.820833333333333,22.9,11.5,,69.875,
2016-05-14,192,24,16.775000000000002,23.8,10.0,,62.708333333333336,
2016-05-15,192,24,17.304166666666667,21.6,10.8,,79.875,1.0
2016-05-16,192,24,16.05,21.9,9.5,,59.291666666666664,1.0
2016-05-17,192,24,16.145833333333332,27.4,4.9,,54.041666666666664,
2016-05-18,192,24,19.05,30.4,8.8,,56.166666666666664,
2016-05-19,192,24,19.254166666666666,28.8,10.7,,57.583333333333336,
2016-05-20,192,24,19.270833333333332,28.0,10.2,,55.875,
2016-05-21,192,24,19.216666666666665,27.5,11.0,,53.333333333333336,
2016-05-22,192,24,19.4875,28.5,10.7,,52.125,
2016-05-23,192,24,19.42916666666667,27.3,10.4,,56.583333333333336,
2016-05-24,192,24,19.133333333333336,20.3,16.5,,84.33333333333333,1.0
2016-05-25,192,24,19.400000000000002,26.5,12.9,,67.83333333333333,
2016-05-26,192,24,20.3,27.1,13.0,,64.95833333333333,
2016-05-27,192,24,22.520833333333332,28.4,18.0,,58.208333333333336,
2016-05-28,192,24,20.958333333333332,25.9,17.0,,64.29166666666667,
2016-05-29,192,24,19.770833333333332,25.6,15.6,,74.20833333333333,1.0
2016-05-30,192,24,21.620833333333337,30.5,13.0,,58.375,
2016-05-31,192,24,21.070833333333333,29.0,12.8,,61.5,
2016-06-01,192,24,20.90833333333333,25.9,17.0,,57.333333333333336,
2016-06-02,192,24,19.091666666666665,26.4,11.5,,54.333333333333336,
2016-06-03,192,24,20.366666666666667,27.7,12.5,,55.791666666666664,
2016-06-04,192,24,17.741666666666664,22.0,15.5,,77.125,1.0
2016-06-05,192,24,21.075000000000003,26.9,15.8,,62.5,
2016-06-06,192,24,18.470833333333335,19.7,17.5,,78.04166666666667,1.0
2016-06-07,192,24,21.104166666666668,25.9,17.4,,76.875,1.0
2016-06-08,192,24,21.170833333333334,24.2,17.9,,80.125,
2016-06-09,192,24,21.895833333333332,27.1,18.8,,76.0,
2016-06-10,192,24,22.34583333333333,28.0,18.2,,72.33333333333333,
2016-06-11,192,24,22.57916666666667,27.3,18.2,,75.375,
2016-06-12,192,24,22.44583333333333,24.8,20.0,,83.91666666666667,1.0
2016-06-13,192,24,23.291666666666668,28.0,20.7,,74.66666666666667,
2016-06-14,192,24,22.920833333333334,27.0,20.6,,70.75,
2016-06-15,192,24,21.695833333333336,23.8,18.9,,78.54166666666667,
2016-06-16,192,24,24.116666666666664,27.5,18.2,,66.25,
2016-06-17,192,24,22.3125,29.8,14.7,,62.291666666666664,
2016-06-18,192,24,22.383333333333336,28.5,17.0,,69.20833333333333,1.0
2016-06-19,192,24,24.84583333333333,30.5,20.8,,70.04166666666667,1.0
2016-06-20,192,24,23.104166666666668,26.0,21.0,,82.95833333333333,1.0
2016-06-21,192,24,22.6125,25.1,21.4,,86.33333333333333,1.0
2016-06-22,192,24,21.549999999999997,22.5,20.7,,88.29166666666667,1.0
2016-06-23,192,24,23.84166666666667,29.1,20.6,,71.91666666666667,
2016-06-24,192,24,22.40416666666667,27.3,20.0,,82.75,1.0
2016-06-25,192,24,23.175,27.9,18.2,,57.541666666666664,
2016-06-26,192,24,23.491666666666664,29.8,16.5,,60.375,
2016-06-27,192,21,,,,,,1.0
2016-06-28,192,24,21.3,25.2,17.8,,72.33333333333333,
2016-06-29,192,24,21.325,24.9,18.5,,78.70833333333333,1.0
2016-06-30,192,24,23.24166666666667,27.9,19.4,,78.375,
2016-07-01,192,24,23.558333333333334,25.2,22.6,,85.58333333333333,1.0
2016-07-02,192,24,23.924999999999997,25.5,22.1,,83.91666666666667,1.0
2016-07-03,192,24,21.45416666666667,23.7,20.2,,89.83333333333333,1.0
2016-07-04,192,24,23.412499999999998,27.3,20.4,,88.54166666666667,1.0
2016-07-05,192,24,26.4875,29.3,24.6,,80.83333333333333,1.0
2016-07-06,192,24,26.59166666666667,29.6,24.0,,78.70833333333333,1.0
2016-07-07,192,24,25.908333333333335,30.7,22.9,,78.20833333333333,
2016-07-08,192,24,25.295833333333334,30.1,22.2,,75.95833333333333,
2016-07-09,192,24,25.504166666666663,31.8,20.9,,74.25,
2016-07-10,192,24,26.02916666666667,30.7,21.8,,76.33333333333333,
2016-07-11,192,24,24.420833333333334,26.7,22.9,,84.70833333333333,1.0
2016-07-12,192,24,24.287500000000005,26.7,22.7,,86.375,1.0
2016-07-13,192,24,25.650000000000002,29.6,22.1,,80.375,
2016-07-14,192,24,26.537499999999998,32.8,21.9,,69.45833333333333,
2016-07-15,192,24,25.1875,29.6,22.5,,65.375,
2016-07-16,192,24,21.933333333333326,23.5,20.6,,85.58333333333333,1.0
2016-07-17,192,24,24.475000000000005,29.5,19.0,,73.58333333333333,
2016-07-18,192,24,24.354166666666668,29.0,19.5,,72.08333333333333,
2016-07-19,192,24,24.866666666666664,29.8,21.7,,74.04166666666667,
2016-07-20,192,24,24.520833333333332,30.3,19.8,,72.20833333333333,
2016-07-21,192,24,24.400000000000002,29.1,20.4,,71.45833333333333,
2016-07-22,192,24,24.037500000000005,28.4,20.9,,75.29166666666667,
2016-07-23,192,24,25.129166666666663,30.4,20.7,,70.79166666666667,
2016-07-24,192,24,26.67083333333333,31.9,20.8,,74.70833333333333,
2016-07-25,192,24,27.78333333333333,32.2,25.6,,77.29166666666667,1.0
2016-07-26,192,24,27.974999999999998,31.9,23.4,,74.70833333333333,
2016-07-27,192,24,28.4875,32.4,25.3,,71.54166666666667,
2016-07-28,192,24,28.67916666666667,31.9,26.6,,73.625,
2016-07-29,192,24,28.787499999999998,32.5,25.0,,73.91666666666667,
2016-07-30,192,24,29.045833333333334,34.2,24.5,,70.45833333333333,
2016-07-31,192,24,28.495833333333337,35.0,24.0,,67.625,
2016-08-01,192,24,27.3625,33.7,23.3,,71.04166666666667,1.0
2016-08-02,192,24,26.03333333333333,32.6,22.9,,78.125,1.0
2016-08-03,192,24,26.125,30.7,22.5,,77.95833333333333,1.0
2016-08-04,192,24,27.145833333333332,31.0,23.2,,73.5,
2016-08-05,192,24,27.691666666666666,33.3,22.7,,69.33333333333333,
2016-08-06,192,24,28.299999999999997,34.4,23.5,,67.625,
2016-08-07,192,24,28.162500000000005,33.5,23.1,,69.375,
2016-08-08,192,24,27.945833333333336,35.7,23.5,,71.20833333333333,1.0
2016-08-09,192,24,27.358333333333334,32.9,23.6,,73.875,
2016-08-10,192,24,28.783333333333335,34.9,23.8,,68.08333333333333,
2016-08-11,192,24,30.070833333333336,36.8,24.5,,66.08333333333333,
2016-08-12,192,24,30.325,35.9,25.1,,66.66666666666667,
2016-08-13,192,24,29.975000000000005,35.9,24.8,,64.29166666666667,
2016-08-14,192,24,29.675,36.6,23.6,,64.54166666666667,
2016-08-15,192,24,27.941666666666663,33.9,25.3,,75.58333333333333,1.0
2016-08-16,192,24,27.3875,33.2,24.6,,76.20833333333333,
2016-08-17,192,24,26.920833333333334,33.9,23.9,,77.95833333333333,1.0
2016-08-18,192,24,27.170833333333334,33.1,22.5,,72.70833333333333,
2016-08-19,192,24,27.520833333333332,33.5,22.0,,69.125,
2016-08-20,192,24,28.175,34.1,24.2,,64.75,
2016-08-21,192,24,27.849999999999998,34.1,21.1,,63.458333333333336,
2016-08-22,192,24,28.183333333333334,34.8,22.4,,66.5,1.0
2016-08-23,192,24,26.929166666666664,30.5,23.9,,72.79166666666667,1.0
2016-08-24,192,24,27.166666666666668,33.9,21.2,,59.333333333333336,
2016-08-25,192,24,26.287499999999998,33.9,19.0,,67.79166666666667,
2016-08-26,192,24,22.8,28.5,18.6,,80.0,1.0
2016-08-27,192,24,22.704166666666666,27.6,18.4,,59.083333333333336,1.0
2016-08-28,192,24,18.716666666666665,21.5,17.0,,82.45833333333333,1.0
2016-08-29,192,24,21.004166666666666,27.0,15.1,,62.375,1.0
2016-08-30,192,24,21.5,25.1,15.0,,57.875,
2016-08-31,192,24,24.7375,28.6,21.1,,41.291666666666664,
2016-09-01,192,24,25.15833333333333,29.9,21.4,,62.458333333333336,1.0
2016-09-02,192,24,19.370833333333334,21.3,18.3,75.4,88.91666666666667,1.0
2016-09-03,192,24,21.575000000000003,25.5,19.2,,88.125,1.0
2016-09-04,192,24,23.5625,27.7,20.4,,86.20833333333333,1.0
2016-09-05,192,24,24.833333333333332,28.3,22.1,,82.25,1.0
2016-09-06,192,24,24.316666666666663,27.0,22.6,,82.0,
2016-09-07,192,24,23.7,27.0,20.8,,79.0,
2016-09-08,192,24,23.391666666666666,29.5,17.6,,67.66666666666667,
2016-09-09,192,24,23.09583333333333,29.1,18.5,,74.45833333333333,
2016-09-10,192,24,22.59583333333333,26.6,19.8,,80.125,1.0
2016-09-11,192,24,22.225000000000005,26.3,18.4,,79.375,1.0
2016-09-12,192,24,20.670833333333334,24.2,17.9,,84.75,1.0
2016-09-13,192,24,21.633333333333336,28.0,15.9,,74.66666666666667,
2016-09-14,192,24,22.15416666666667,27.0,17.8,,76.58333333333333,
2016-09-15,192,24,23.008333333333336,29.1,18.1,,74.91666666666667,
2016-09-16,192,24,22.212500000000002,24.0,21.0,,86.25,1.0
2016-09-17,192,24,19.329166666666666,21.2,18.4,170.60000000000002,90.08333333333333,1.0
2016-09-18,192,24,19.662499999999998,21.2,17.9,,86.04166666666667,1.0
2016-09-19,192,24,20.479166666666668,24.0,18.1,,65.08333333333333,
2016-09-20,192,24,19.316666666666666,23.8,13.5,,55.541666666666664,
2016-09-21,192,24,17.666666666666668,23.4,11.2,,69.0,
2016-09-22,192,24,19.129166666666666,23.1,16.2,,73.79166666666667,
2016-09-23,192,24,19.55,26.8,13.7,,74.79166666666667,
2016-09-24,192,24,20.645833333333332,27.6,15.4,,73.125,
2016-09-25,192,24,20.679166666666667,27.2,15.5,,75.79166666666667,
2016-09-26,192,24,21.3625,25.8,18.3,,82.16666666666667,1.0
2016-09-27,192,24,23.875,29.0,20.7,,82.375,1.0
2016-09-28,192,24,22.204166666666666,24.5,20.0,,89.29166666666667,1.0
2016-09-29,192,24,18.991666666666667,20.4,16.7,,86.66666666666667,1.0
2016-09-30,192,24,16.9375,18.3,15.9,,88.08333333333333,1.0
2016-10-01,192,24,19.02916666666667,22.1,16.3,,86.20833333333333,1.0
2016-10-02,192,24,21.258333333333336,24.5,19.1,,85.95833333333333,1.0
2016-10-03,192,24,23.65416666666667,27.4,20.3,,84.20833333333333,
2016-10-04,192,24,21.954166666666666,27.8,16.2,,73.04166666666667,1.0
2016-10-05,192,24,20.224999999999998,27.0,16.8,,79.375,1.0
2016-10-06,192,24,18.962500000000002,27.0,13.3,,69.70833333333333,
2016-10-07,192,24,18.154166666666665,22.0,14.4,,78.875,1.0
2016-10-08,192,24,17.470833333333335,19.5,14.4,,87.625,1.0
2016-10-09,192,24,14.5625,20.0,8.8,,49.708333333333336,
2016-10-10,192,24,13.958333333333334,19.9,8.7,,69.83333333333333,
2016-10-11,192,24,14.408333333333331,19.0,11.4,,77.875,
2016-10-12,192,24,15.354166666666666,22.7,9.6,,70.29166666666667,
2016-10-13,192,24,15.216666666666669,19.7,12.2,,78.83333333333333,
2016-10-14,192,24,14.854166666666666,23.6,8.4,,72.41666666666667,
2016-10-15,192,24,15.154166666666663,22.9,8.7,,75.08333333333333,
2016-10-16,192,24,14.629166666666668,16.2,12.2,,90.54166666666667,1.0
2016-10-17,192,24,18.0,24.0,14.3,,84.0,
2016-10-18,192,24,16.72083333333333,21.8,12.4,,79.45833333333333,
2016-10-19,192,24,16.658333333333335,23.2,11.8,,79.16666666666667,
2016-10-20,192,24,15.879166666666665,21.9,10.2,,78.79166666666667,
2016-10-21,192,24,16.533333333333335,18.4,14.8,,71.16666666666667,
2016-10-22,192,24,16.483333333333334,20.6,13.4,,71.95833333333333,
2016-10-23,192,24,15.845833333333337,17.5,13.6,,66.04166666666667,
2016-10-24,192,24,14.770833333333334,19.8,11.6,,62.375,
2016-10-25,192,24,15.004166666666665,20.7,11.6,,81.70833333333333,1.0
2016-10-26,192,24,13.933333333333332,19.9,8.6,,76.91666666666667,
2016-10-27,192,24,13.791666666666666,18.7,7.4,,72.25,
2016-10-28,192,24,14.1625,15.3,12.4,,81.04166666666667,1.0
2016-10-29,192,24,13.200000000000001,15.9,9.1,,66.95833333333333,
2016-10-30,192,24,9.166666666666666,15.9,4.2,,64.91666666666667,
2016-10-31,192,24,7.675,10.3,3.8,,81.0,1.0
2016-11-01,192,24,6.729166666666667,12.2,0.7,,51.041666666666664,
2016-11-02,192,24,5.375,14.0,-1.6,,55.125,
2016-11-03,192,24,7.441666666666667,15.9,1.0,,72.375,
2016-11-04,192,24,9.170833333333333,17.3,1.4,,69.83333333333333,
2016-11-05,192,24,10.829166666666666,20.5,3.7,,76.75,
2016-11-06,192,24,11.2875,16.0,5.7,,76.04166666666667,
2016-11-07,192,24,12.091666666666667,17.6,6.2,,72.79166666666667,
2016-11-08,192,24,11.774999999999999,15.5,6.6,,55.708333333333336,
2016-11-09,192,24,6.033333333333334,12.3,0.9,,44.125,
2016-11-10,192,24,8.9625,14.7,4.2,,63.291666666666664,
2016-11-11,192,24,9.4625,16.8,4.0,,68.70833333333333,
2016-11-12,192,24,8.879166666666666,18.5,1.4,,71.91666666666667,
2016-11-13,192,24,10.887500000000001,15.5,5.6,,80.04166666666667,
2016-11-14,192,24,14.262500000000001,16.0,12.8,,90.08333333333333,1.0
2016-11-15,192,24,12.237500000000002,18.6,3.0,,59.041666666666664,
2016-11-16,192,24,6.566666666666666,16.4,-0.7,,60.916666666666664,
2016-11-17,192,24,8.987499999999999,17.3,3.0,,61.375,
2016-11-18,192,24,9.241666666666667,16.3,2.3,,80.0,1.0
2016-11-19,192,24,13.512500000000001,18.4,11.3,,88.375,1.0
2016-11-20,192,24,13.333333333333334,19.3,7.7,,80.41666666666667,
2016-11-21,192,24,10.545833333333334,15.8,6.2,,82.375,
2016-11-22,192,24,9.174999999999999,13.5,5.6,,63.75,
2016-11-23,192,24,6.633333333333333,11.4,2.4,,33.541666666666664,
2016-11-24,192,24,3.329166666666667,8.5,0.0,,31.625,
2016-11-25,192,24,3.1583333333333337,10.6,-2.7,,49.416666666666664,
2016-11-26,192,24,0.9791666666666665,4.3,-3.2,,74.83333333333333,1.0
2016-11-27,192,24,4.633333333333334,10.5,1.4,,74.875,1.0
2016-11-28,192,24,4.1875,11.3,-0.9,,60.791666666666664,
2016-11-29,192,24,3.125,12.0,-3.5,,57.083333333333336,
2016-11-30,192,24,6.454166666666666,10.4,1.5,,68.75,1.0
2016-12-01,192,24,7.675,12.9,4.5,,63.166666666666664,
2016-12-02,192,24,2.920833333333333,12.4,-3.8,,57.666666666666664,
2016-12-03,192,24,2.7125,13.1,-4.7,,62.916666666666664,
2016-12-04,192,24,3.9499999999999997,10.6,-0.8,,73.95833333333333,
2016-12-05,192,24,5.533333333333334,15.6,-0.5,,80.25,
2016-12-06,192,24,4.3500000000000005,9.8,-3.0,,39.75,
2016-12-07,192,24,0.18749999999999992,8.0,-5.5,,66.20833333333333,
2016-12-08,192,24,2.8208333333333333,10.6,-2.4,,71.75,
2016-12-09,192,24,7.224999999999999,12.0,2.7,,49.583333333333336,
2016-12-10,192,24,1.7625,11.3,-4.8,,45.791666666666664,
2016-12-11,192,24,-0.28333333333333327,8.8,-6.7,,46.375,
2016-12-12,192,24,3.0375,10.3,-3.0,,53.791666666666664,
2016-12-13,192,24,6.0,10.0,0.7,,65.16666666666667,
2016-12-14,192,24,3.483333333333334,8.9,-3.3,,46.625,
2016-12-15,192,24,-0.5916666666666668,5.3,-6.2,,50.541666666666664,
2016-12-16,192,24,-1.2708333333333333,5.4,-7.7,,34.625,
2016-12-17,192,24,-0.1791666666666666,10.5,-7.3,,60.875,
2016-12-18,192,24,1.1833333333333333,10.9,-5.5,,71.75,
2016-12-19,192,24,5.429166666666667,7.3,1.9,,84.75,1.0
2016-12-20,192,24,8.645833333333334,14.5,3.5,,82.16666666666667,1.0
2016-12-21,192,24,6.2749999999999995,9.9,1.3,,87.29166666666667,1.0
2016-12-22,192,24,11.770833333333334,18.3,6.4,,68.33333333333333,1.0
2016-12-23,192,24,4.379166666666666,6.7,2.1,,50.25,
2016-12-24,192,24,1.9166666666666667,6.8,-2.8,,54.291666666666664,
2016-12-25,192,24,2.9749999999999996,10.9,-3.7,,70.95833333333333,
2016-12-26,192,24,5.608333333333334,6.5,4.8,,85.20833333333333,1.0
2016-12-27,192,24,4.3,7.0,-0.3,,50.541666666666664,1.0
2016-12-28,192,24,-0.5791666666666667,7.8,-6.7,,52.833333333333336,
2016-12-29,192,24,-0.2624999999999999,4.9,-4.5,,49.0,
2016-12-30,192,24,-1.8541666666666667,7.1,-8.4,,49.625,
2016-12-31,192,24,0.04583333333333328,9.1,-6.8,,63.541666666666664,
2017-01-01,192,24,1.5416666666666667,10.8,-4.4,,72.25,
2017-01-02,192,24,4.4375,13.3,-1.7,,72.125,
2017-01-03,192,24,2.6374999999999997,11.7,-2.3,,70.5,
2017-01-04,192,24,1.8208333333333335,11.2,-4.2,,72.20833333333333,
2017-01-05,192,24,3.920833333333333,10.1,-2.5,,70.16666666666667,
2017-01-06,192,24,6.170833333333334,11.0,-0.2,,58.833333333333336,
2017-01-07,192,24,3.2458333333333336,9.0,-2.9,,71.83333333333333,
2017-01-08,192,24,7.154166666666666,12.6,4.5,,74.875,1.0
2017-01-09,192,24,5.2875,9.2,-1.3,,57.875,
2017-01-10,192,24,0.6499999999999999,7.5,-5.0,,56.583333333333336,
2017-01-11,192,24,0.06250000000000006,4.9,-3.0,,31.25,
2017-01-12,192,24,1.3333333333333333,8.5,-4.5,,53.75,
2017-01-13,192,24,-0.02499999999999995,5.6,-4.9,,45.833333333333336,
2017-01-14,192,24,-2.6958333333333333,0.9,-6.2,,35.958333333333336,
2017-01-15,192,24,-3.15,5.5,-11.2,,31.916666666666668,
2017-01-16,192,24,-1.8583333333333332,6.7,-9.1,,36.583333333333336,
2017-01-17,192,24,-2.1125000000000003,6.5,-8.6,,49.166666666666664,
2017-01-18,192,24,1.0958333333333334,7.7,-4.7,,49.0,
2017-01-19,192,24,-0.4166666666666667,8.4,-6.0,,58.416666666666664,
2017-01-20,192,24,-0.45,3.4,-4.6,,50.583333333333336,
2017-01-21,192,24,-2.204166666666667,3.2,-9.1,,53.833333333333336,
2017-01-22,192,24,-0.06666666666666665,2.3,-3.4,,42.083333333333336,
2017-01-23,192,24,-3.154166666666667,1.4,-8.0,,38.5,
2017-01-24,192,24,-3.5333333333333337,4.3,-10.5,,44.833333333333336,
2017-01-25,192,24,-3.2125000000000004,7.0,-10.6,,49.125,
2017-01-26,192,24,-1.5041666666666667,7.7,-10.3,,48.708333333333336,
2017-01-27,192,24,5.245833333333334,10.3,-2.0,,33.0,
2017-01-28,192,24,1.4916666666666665,10.9,-7.3,,43.541666666666664,
2017-01-29,192,24,3.358333333333333,4.7,2.2,,79.66666666666667,1.0
2017-01-30,192,24,2.170833333333333,4.8,-4.4,,51.208333333333336,1.0
2017-01-31,192,24,-1.2583333333333333,8.0,-7.8,,50.5,
2017-02-01,192,24,0.7875000000000001,7.2,-5.6,,38.458333333333336,
2017-02-02,192,24,0.2708333333333333,9.9,-9.2,,37.75,
2017-02-03,192,24,0.8791666666666668,9.9,-7.4,,46.916666666666664,
2017-02-04,192,24,5.1875,12.0,-1.5,,47.541666666666664,
2017-02-05,192,24,6.454166666666666,11.7,4.0,,69.83333333333333,1.0
2017-02-06,192,24,2.775,6.5,-3.2,,38.125,
2017-02-07,192,24,0.9833333333333334,9.0,-3.8,,50.166666666666664,
2017-02-08,192,24,2.3708333333333336,8.4,-2.8,,50.166666666666664,
2017-02-09,192,24,0.375,2.8,-3.1,,34.0,
2017-02-10,192,24,-2.3083333333333336,1.2,-6.4,,34.458333333333336,
2017-02-11,192,24,-0.9583333333333334,3.4,-5.4,,35.875,
2017-02-12,192,24,-0.75,7.8,-8.1,,49.083333333333336,
2017-02-13,192,24,1.0,9.6,-7.6,,50.75,
2017-02-14,192,24,2.408333333333333,10.6,-4.2,,48.708333333333336,
2017-02-15,192,24,2.1583333333333337,12.4,-6.3,,48.916666666666664,
2017-02-16,192,24,5.5625,15.0,-5.7,,65.5,1.0
2017-02-17,192,24,10.833333333333334,14.5,3.5,,48.666666666666664,1.0
2017-02-18,192,24,3.2875,6.9,-0.2,,19.125,
2017-02-19,192,24,2.4875000000000003,9.4,-6.3,,48.5,
2017-02-20,192,24,8.258333333333333,13.4,-0.1,,45.833333333333336,1.0
2017-02-21,192,24,1.4708333333333332,9.7,-5.7,,46.458333333333336,
2017-02-22,192,24,2.8083333333333336,5.0,-1.9,,83.0,1.0
2017-02-23,192,24,4.3125,6.9,0.0,,47.625,1.0
2017-02-24,192,24,2.516666666666667,8.1,-2.1,,29.166666666666668,
2017-02-25,192,24,2.5708333333333333,10.8,-4.9,,49.541666666666664,
2017-02-26,192,24,2.7708333333333335,10.8,-4.0,,53.708333333333336,
2017-02-27,192,24,4.820833333333334,13.0,-2.2,,59.5,
2017-02-28,192,24,5.129166666666667,13.9,-2.2,,57.916666666666664,
2017-03-01,192,24,6.0249999999999995,14.0,-0.5,,58.625,1.0
2017-03-02,192,24,5.300000000000001,8.5,-2.1,,52.75,1.0
2017-03-03,192,24,3.4499999999999997,12.6,-5.1,,47.791666666666664,
2017-03-04,192,24,5.599999999999999,14.0,-1.9,,56.291666666666664,
2017-03-05,192,24,6.054166666666667,15.1,-0.8,,60.166666666666664,
2017-03-06,192,24,5.0125,9.1,1.7,,35.625,
2017-03-07,192,24,1.1166666666666665,6.2,-4.5,,34.875,
2017-03-08,192,24,1.1875,7.3,-6.2,,45.541666666666664,
2017-03-09,192,24,5.05,12.4,-4.1,,39.416666666666664,
2017-03-10,192,24,5.5125,15.2,-3.2,,39.541666666666664,
2017-03-11,192,24,6.208333333333333,17.4,-3.3,,43.166666666666664,
2017-03-12,192,24,7.662499999999999,17.1,-2.0,,48.875,
2017-03-13,192,24,9.316666666666668,15.6,0.8,,48.208333333333336,
2017-03-14,192,24,8.695833333333333,14.5,2.6,,45.333333333333336,
2017-03-15,192,24,5.566666666666666,13.9,-2.4,,41.458333333333336,
2017-03-16,192,24,6.233333333333333,13.4,-0.6,,55.875,
2017-03-17,192,24,6.508333333333333,16.6,-2.5,,50.416666666666664,
2017-03-18,192,24,7.008333333333334,16.8,0.1,,50.708333333333336,
2017-03-19,192,24,8.104166666666666,18.3,-1.2,,53.916666666666664,
2017-03-20,192,24,6.8125,12.8,1.2,,75.91666666666667,1.0
2017-03-21,192,24,9.554166666666667,16.0,4.1,,55.75,1.0
2017-03-22,192,24,6.425,13.7,-0.9,,56.333333333333336,
2017-03-23,192,24,9.279166666666667,16.0,4.4,,50.916666666666664,
2017-03-24,192,24,7.766666666666666,12.9,2.3,,59.75,
2017-03-25,192,24,6.4958333333333345,7.2,5.2,,84.625,1.0
2017-03-26,192,24,6.554166666666667,11.6,3.6,,77.83333333333333,1.0
2017-03-27,192,24,5.9624999999999995,11.7,-0.3,,60.916666666666664,
2017-03-28,192,24,6.866666666666667,14.7,-1.9,,54.875,
2017-03-29,192,24,7.091666666666666,8.7,5.6,,85.375,1.0
2017-03-30,192,24,10.5,19.6,4.3,,63.791666666666664,
2017-03-31,192,24,9.775,12.8,7.4,,69.66666666666667,1.0
2017-04-01,192,24,8.3125,12.4,4.0,,77.20833333333333,1.0
2017-04-02,192,24,8.345833333333333,16.1,1.6,,59.541666666666664,
2017-04-03,192,24,10.808333333333332,22.4,-0.4,,46.583333333333336,
2017-04-04,192,24,11.970833333333333,21.1,1.5,,44.75,
2017-04-05,192,24,13.229166666666666,15.4,10.5,,73.375,1.0
2017-04-06,192,24,15.700000000000001,16.7,13.5,,85.95833333333333,1.0
2017-04-07,192,24,15.283333333333331,23.8,10.0,,70.0,
2017-04-08,192,24,15.925000000000002,25.9,7.5,,63.916666666666664,
2017-04-09,192,24,14.954166666666667,20.0,11.3,,60.25,
2017-04-10,192,24,13.629166666666665,20.4,9.2,,42.541666666666664,
2017-04-11,192,24,13.004166666666668,19.4,9.3,,61.833333333333336,1.0
2017-04-12,192,24,14.708333333333334,20.5,8.1,,22.166666666666668,
2017-04-13,192,24,12.870833333333332,21.7,3.1,,43.291666666666664,
2017-04-14,192,24,15.291666666666666,19.6,8.0,,46.375,
2017-04-15,192,24,18.141666666666666,23.6,13.3,,56.583333333333336,
2017-04-16,192,24,16.983333333333334,27.3,9.2,,62.5,
2017-04-17,192,24,14.158333333333333,17.3,11.4,,88.29166666666667,1.0
2017-04-18,192,24,14.537500000000001,20.2,8.2,,65.79166666666667,
2017-04-19,192,24,15.108333333333334,22.1,8.3,,32.0,
2017-04-20,192,24,12.820833333333335,18.7,7.9,,51.333333333333336,1.0
2017-04-21,192,24,14.391666666666666,21.8,7.7,,56.166666666666664,
2017-04-22,192,24,12.570833333333333,19.1,7.2,,66.91666666666667,
2017-04-23,192,24,14.008333333333335,21.8,7.5,,62.958333333333336,
2017-04-24,192,24,14.420833333333334,21.1,7.4,,60.666666666666664,
2017-04-25,192,24,17.066666666666666,22.4,10.1,,67.70833333333333,
2017-04-26,192,24,15.016666666666666,18.7,10.4,,75.91666666666667,1.0
2017-04-27,192,24,14.883333333333333,19.6,9.1,,27.666666666666668,
2017-04-28,192,24,14.841666666666667,24.2,2.6,,40.708333333333336,
2017-04-29,192,24,17.454166666666666,25.8,6.3,,43.166666666666664,
2017-04-30,192,24,19.341666666666665,27.6,8.5,,44.25,
2017-05-01,192,24,17.929166666666664,24.5,10.9,,51.625,
2017-05-02,192,24,15.4375,24.2,6.7,,48.833333333333336,
2017-05-03,192,24,16.691666666666666,26.3,7.0,,52.875,
2017-05-04,192,24,17.525,25.0,8.2,,60.0,1.0
2017-05-05,192,24,17.3125,19.8,15.6,,88.08333333333333,1.0
2017-05-06,192,24,18.395833333333332,23.9,11.1,,45.166666666666664,
2017-05-07,192,24,17.441666666666666,26.9,6.2,,40.958333333333336,
2017-05-08,192,24,16.916666666666668,25.5,7.5,,51.625,
2017-05-09,192,24,14.112499999999999,18.7,13.2,,83.91666666666667,1.0
2017-05-10,192,24,16.554166666666667,22.2,12.5,,74.5,1.0
2017-05-11,192,24,19.095833333333335,28.6,11.3,,64.70833333333333,
2017-05-12,192,24,17.479166666666668,18.9,16.1,,83.41666666666667,1.0
2017-05-13,192,24,18.2375,24.2,12.4,,70.29166666666667,
2017-05-14,192,24,17.241666666666664,25.3,8.2,,46.458333333333336,
2017-05-15,192,24,16.020833333333332,23.4,8.2,,47.125,
2017-05-16,192,24,16.537499999999998,24.1,9.3,,58.708333333333336,
2017-05-17,192,24,17.245833333333334,23.9,9.9,,60.0,
2017-05-18,192,24,18.816666666666666,27.9,10.1,,58.0,
2017-05-19,192,24,20.15416666666667,29.2,10.9,,54.208333333333336,
2017-05-20,192,24,19.5,27.1,11.1,,53.166666666666664,
2017-05-21,192,24,19.6125,25.9,12.3,,57.916666666666664,
2017-05-22,192,24,19.529166666666665,27.7,11.4,,56.666666666666664,
2017-05-23,192,24,18.7,24.4,11.4,,67.625,
2017-05-24,192,24,20.354166666666668,24.5,16.1,,72.70833333333333,1.0
2017-05-25,192,24,21.333333333333332,30.0,14.8,,56.833333333333336,
2017-05-26,192,24,17.733333333333334,24.1,8.8,,40.166666666666664,
2017-05-27,192,24,17.491666666666664,24.7,9.0,,53.083333333333336,
2017-05-28,192,24,18.7625,25.5,10.8,,57.5,
2017-05-29,192,24,23.258333333333336,33.7,13.0,,51.375,
2017-05-30,192,24,23.549999999999997,32.3,14.1,,50.916666666666664,
2017-05-31,192,24,21.362499999999997,27.3,16.5,,66.95833333333333,1.0
2017-06-01,192,24,23.274999999999995,29.0,19.2,,62.291666666666664,
2017-06-02,192,24,20.145833333333332,27.2,12.6,,46.875,
2017-06-03,192,24,21.02916666666667,27.9,15.2,,48.708333333333336,
2017-06-04,192,24,19.995833333333334,28.2,11.0,,46.416666666666664,
2017-06-05,192,24,19.5,28.5,11.8,,50.5,
2017-06-06,192,24,17.066666666666666,21.5,14.4,,66.83333333333333,1.0
2017-06-07,192,24,19.7,23.7,16.0,,73.83333333333333,1.0
2017-06-08,192,24,21.1875,28.7,13.0,,53.75,
2017-06-09,192,24,22.2375,30.2,14.2,,52.875,
2017-06-10,192,24,21.98333333333333,28.3,15.0,,62.333333333333336,
2017-06-11,192,24,20.841666666666665,25.5,16.7,,59.5,1.0
2017-06-12,192,24,19.270833333333332,23.8,15.1,,53.708333333333336,
2017-06-13,192,24,18.912499999999998,27.1,13.3,,63.666666666666664,1.0
2017-06-14,192,24,20.933333333333334,28.5,13.9,,61.583333333333336,
2017-06-15,192,24,23.308333333333334,32.2,13.7,,50.333333333333336,
2017-06-16,192,24,21.72083333333333,27.6,15.2,,58.625,
2017-06-17,192,24,22.15833333333333,30.0,14.7,,54.083333333333336,
2017-06-18,192,24,22.591666666666665,31.5,14.7,,57.166666666666664,
2017-06-19,192,24,23.729166666666668,32.2,15.7,,56.458333333333336,
2017-06-20,192,24,21.445833333333336,25.4,17.7,,70.33333333333333,1.0
2017-06-21,192,24,22.72083333333333,28.7,17.4,,65.29166666666667,1.0
2017-06-22,192,24,23.40833333333333,30.1,17.3,,63.458333333333336,
2017-06-23,192,24,23.983333333333334,30.8,18.3,,62.333333333333336,
2017-06-24,192,24,23.0125,28.7,16.7,,63.791666666666664,
2017-06-25,192,24,23.195833333333336,27.1,18.9,,71.20833333333333,
2017-06-26,192,24,21.67916666666667,24.3,20.3,,84.54166666666667,1.0
2017-06-27,192,24,22.641666666666666,27.1,19.5,,71.0,
2017-06-28,192,24,23.48333333333333,29.7,17.5,,66.33333333333333,
2017-06-29,192,24,21.962500000000002,25.2,19.1,,78.70833333333333,1.0
2017-06-30,192,24,23.850000000000005,27.1,20.5,,76.70833333333333,
2017-07-01,192,24,25.945833333333336,29.9,23.7,,73.16666666666667,
2017-07-02,192,24,25.925,28.4,23.8,,79.125,1.0
2017-07-03,192,24,26.620833333333337,28.7,25.3,,72.29166666666667,1.0
2017-07-04,192,24,26.45,31.0,24.2,,78.83333333333333,1.0
2017-07-05,192,24,25.941666666666663,30.5,22.9,,80.91666666666667,1.0
2017-07-06,192,24,24.77916666666667,27.9,22.9,,89.16666666666667,1.0
2017-07-07,192,24,25.05,28.7,22.7,,90.83333333333333,1.0
2017-07-08,192,24,25.616666666666664,28.3,24.6,,92.16666666666667,1.0
2017-07-09,192,24,26.73333333333333,30.9,23.7,,84.5,
2017-07-10,192,24,26.795833333333334,28.4,25.8,,86.125,
2017-07-11,192,24,26.233333333333334,27.8,23.4,,79.0,
2017-07-12,192,24,27.358333333333334,32.8,23.5,,75.29166666666667,
2017-07-13,192,24,26.770833333333332,33.1,21.3,,78.41666666666667,
2017-07-14,192,24,26.7375,33.1,23.8,,81.33333333333333,
2017-07-15,192,24,26.9875,29.5,24.0,,80.625,
2017-07-16,192,24,28.691666666666663,33.2,25.6,,74.54166666666667,
2017-07-17,192,24,26.92083333333333,31.6,23.2,,81.5,1.0
2017-07-18,192,24,26.6125,30.4,22.9,,83.66666666666667,1.0
2017-07-19,192,24,27.84166666666667,33.5,22.7,,74.375,
2017-07-20,192,24,28.245833333333334,34.4,23.3,,78.33333333333333,
2017-07-21,192,24,30.104166666666668,35.7,24.9,,73.83333333333333,
2017-07-22,192,24,30.145833333333332,35.9,25.5,,72.70833333333333,
2017-07-23,192,24,28.89166666666667,32.6,25.6,,78.625,
2017-07-24,192,24,29.59583333333333,35.0,25.3,,79.375,1.0
2017-07-25,192,24,27.8,33.2,25.0,,85.91666666666667,1.0
2017-07-26,192,24,26.429166666666664,31.6,22.3,,69.375,
2017-07-27,192,24,25.633333333333336,32.6,18.4,,64.33333333333333,
2017-07-28,192,24,26.89166666666667,34.1,20.5,,69.45833333333333,
2017-07-29,192,24,26.083333333333332,28.7,23.9,,78.75,
2017-07-30,192,24,26.71666666666667,31.2,23.5,,78.5,
2017-07-31,192,24,26.3,30.6,23.7,,86.33333333333333,1.0
2017-08-01,192,24,27.166666666666668,33.1,23.3,,82.16666666666667,
2017-08-02,192,24,27.116666666666664,32.1,24.5,,80.95833333333333,
2017-08-03,192,24,27.26666666666667,33.3,22.2,,72.20833333333333,
2017-08-04,192,24,28.979166666666668,34.6,23.9,,70.625,
2017-08-05,192,24,29.65833333333333,35.7,23.7,,68.79166666666667,
2017-08-06,192,24,30.5625,36.6,24.8,,63.791666666666664,
2017-08-07,192,24,30.82916666666667,36.6,25.0,,60.083333333333336,
2017-08-08,192,24,27.945833333333336,32.1,22.6,,70.125,
2017-08-09,192,24,26.837500000000002,29.7,24.8,,84.16666666666667,1.0
2017-08-10,192,24,28.833333333333332,34.1,25.3,,73.45833333333333,
2017-08-11,192,24,26.575,33.4,23.1,,78.875,1.0
2017-08-12,192,24,25.77916666666667,30.4,21.3,,77.66666666666667,
2017-08-13,192,24,24.32916666666667,27.6,21.7,,75.70833333333333,1.0
2017-08-14,192,24,21.962500000000002,23.0,21.3,,96.20833333333333,1.0
2017-08-15,192,24,22.708333333333332,23.7,21.8,,95.54166666666667,1.0
2017-08-16,192,24,26.375,31.5,23.0,,84.70833333333333,1.0
2017-08-17,192,24,26.941666666666666,32.2,23.3,,79.45833333333333,
2017-08-18,192,24,26.6125,31.1,23.2,,79.83333333333333,1.0
2017-08-19,192,24,25.400000000000002,28.9,22.5,,86.16666666666667,1.0
2017-08-20,192,24,24.9875,28.4,23.3,,91.29166666666667,1.0
2017-08-21,192,24,25.441666666666666,29.3,23.1,,90.75,1.0
2017-08-22,192,24,26.245833333333337,29.8,23.2,,88.29166666666667,1.0
2017-08-23,192,24,28.150000000000002,32.5,24.2,,77.70833333333333,1.0
2017-08-24,192,24,29.287499999999998,31.9,27.0,,69.91666666666667,1.0
2017-08-25,192,24,28.041666666666668,32.1,22.4,,65.58333333333333,1.0
2017-08-26,192,24,23.895833333333332,31.3,17.0,,54.708333333333336,
2017-08-27,192,24,22.65833333333333,30.5,15.0,,61.666666666666664,
2017-08-28,192,24,24.362499999999997,29.9,18.3,,71.83333333333333,
2017-08-29,192,24,27.099999999999998,31.5,21.4,,59.25,
2017-08-30,192,24,22.587500000000006,27.2,20.2,,45.5,
2017-08-31,192,24,21.816666666666663,28.8,14.5,,59.0,
2017-09-01,192,24,22.90416666666667,28.2,18.5,,51.416666666666664,
2017-09-02,192,24,20.150000000000002,25.4,13.6,,63.375,
2017-09-03,192,24,21.308333333333334,27.6,13.7,,61.291666666666664,
2017-09-04,192,24,21.762500000000003,26.6,18.3,,68.75,
2017-09-05,192,24,21.433333333333337,23.8,19.0,,75.66666666666667,1.0
2017-09-06,192,24,21.025000000000002,23.7,18.1,,86.91666666666667,1.0
2017-09-07,192,24,20.533333333333335,25.7,18.0,,81.25,1.0
2017-09-08,192,24,22.304166666666664,29.5,16.4,,71.875,
2017-09-09,192,24,22.354166666666668,29.0,17.0,,71.25,
2017-09-10,192,24,22.3,29.1,17.0,,69.66666666666667,
2017-09-11,192,24,21.091666666666665,23.2,19.7,,86.45833333333333,1.0
2017-09-12,192,24,22.99166666666667,29.4,17.8,,70.70833333333333,
2017-09-13,192,24,20.733333333333334,28.6,13.1,,62.75,
2017-09-14,192,24,20.220833333333335,27.5,12.9,,67.04166666666667,
2017-09-15,192,24,19.795833333333334,24.3,14.7,,60.125,
2017-09-16,192,24,21.266666666666666,24.1,18.4,,56.583333333333336,
2017-09-17,192,24,22.474999999999998,25.9,18.4,,63.333333333333336,
2017-09-18,192,24,20.97083333333333,28.0,15.9,,70.95833333333333,
2017-09-19,192,24,21.058333333333334,27.4,14.1,,72.79166666666667,
2017-09-20,192,24,21.429166666666664,25.5,14.3,,63.375,
2017-09-21,192,24,18.045833333333334,26.0,11.1,,70.04166666666667,
2017-09-22,192,24,19.508333333333333,26.9,14.3,,69.45833333333333,
2017-09-23,192,24,19.295833333333334,26.4,14.0,,70.20833333333333,
2017-09-24,192,24,20.158333333333335,28.8,13.2,,70.66666666666667,
2017-09-25,192,24,21.52916666666667,28.9,15.6,,73.04166666666667,
2017-09-26,192,24,22.079166666666666,28.1,17.5,,66.5,
2017-09-27,192,24,19.254166666666666,20.5,17.5,,81.125,1.0
2017-09-28,192,24,20.791666666666664,26.4,13.7,,61.25,
2017-09-29,192,24,16.008333333333336,22.9,10.3,,56.791666666666664,
2017-09-30,192,24,15.783333333333333,25.8,7.5,,60.541666666666664,
2017-10-01,192,24,14.345833333333331,17.8,9.9,,80.875,1.0
2017-10-02,192,24,20.8625,25.1,17.5,,80.5,1.0
2017-10-03,192,24,20.8375,26.8,16.3,,74.83333333333333,1.0
2017-10-04,192,24,18.916666666666668,23.4,16.5,,68.58333333333333,
2017-10-05,192,24,17.166666666666668,19.9,14.7,,67.125,1.0
2017-10-06,192,24,16.020833333333332,19.0,13.8,,86.875,1.0
2017-10-07,192,24,18.720833333333335,24.2,14.1,,82.16666666666667,
2017-10-08,192,24,20.325,26.9,15.3,,75.91666666666667,
2017-10-09,192,24,20.808333333333334,27.4,15.3,,75.33333333333333,
2017-10-10,192,24,21.604166666666668,28.7,17.0,,77.33333333333333,
2017-10-11,192,24,21.279166666666665,24.9,18.5,,73.79166666666667,
2017-10-12,192,24,14.795833333333334,17.9,12.6,,77.375,1.0
2017-10-13,192,24,14.508333333333333,21.5,8.8,,60.791666666666664,
2017-10-14,192,24,15.504166666666668,21.9,11.1,,50.625,
2017-10-15,192,24,14.479166666666666,17.8,12.0,,75.875,1.0
2017-10-16,192,24,15.929166666666667,18.5,12.2,,64.20833333333333,
2017-10-17,192,24,15.033333333333333,20.9,10.6,,74.91666666666667,
2017-10-18,192,24,15.729166666666666,19.0,12.1,,63.625,
2017-10-19,192,24,16.48333333333333,20.9,11.7,,60.375,
2017-10-20,192,24,15.970833333333333,23.0,10.0,,68.79166666666667,
2017-10-21,192,24,15.304166666666667,22.3,9.2,,65.95833333333333,
2017-10-22,192,24,17.729166666666668,22.1,14.6,,46.333333333333336,
2017-10-23,192,24,15.083333333333334,19.2,12.3,,46.666666666666664,
2017-10-24,192,24,11.904166666666669,16.9,7.9,,74.66666666666667,1.0
2017-10-25,192,24,11.283333333333333,20.1,4.5,,73.54166666666667,
2017-10-26,192,24,11.629166666666668,20.2,5.4,,72.83333333333333,
2017-10-27,192,24,13.370833333333332,21.8,7.4,,69.16666666666667,
2017-10-28,192,24,15.291666666666666,20.7,8.8,,72.41666666666667,
2017-10-29,192,24,15.637500000000001,21.8,8.9,,50.958333333333336,
2017-10-30,192,24,9.666666666666666,17.2,3.7,,36.958333333333336,
2017-10-31,192,24,7.625,17.8,-0.9,,58.791666666666664,
2017-11-01,192,24,9.541666666666666,19.7,1.4,,63.0,
2017-11-02,192,24,10.970833333333333,19.4,4.6,,73.04166666666667,
2017-11-03,192,24,12.0,21.2,5.3,,70.20833333333333,
2017-11-04,192,24,9.366666666666667,15.6,3.6,,47.791666666666664,
2017-11-05,192,24,6.641666666666666,16.9,0.0,,66.95833333333333,
2017-11-06,192,24,7.891666666666667,18.3,-0.5,,70.91666666666667,
2017-11-07,192,24,12.066666666666668,18.9,4.4,,75.625,
2017-11-08,192,24,15.633333333333333,22.4,11.4,,59.333333333333336,
2017-11-09,192,24,10.020833333333332,18.9,1.8,,58.5,
2017-11-10,192,24,12.408333333333333,20.3,4.2,,65.625,
2017-11-11,192,24,9.375,15.3,1.2,,34.208333333333336,
2017-11-12,192,24,5.508333333333333,15.0,-1.7,,58.416666666666664,
2017-11-13,192,24,7.633333333333334,16.0,-0.2,,67.66666666666667,
2017-11-14,192,24,10.291666666666666,17.6,4.1,,50.791666666666664,
2017-11-15,192,24,6.370833333333333,13.5,0.0,,47.916666666666664,
2017-11-16,192,24,3.6625,11.4,-2.4,,62.125,
2017-11-17,192,24,5.129166666666666,12.5,-2.2,,62.541666666666664,
2017-11-18,192,24,5.95,9.6,0.4,,33.0,
2017-11-19,192,24,3.2083333333333335,8.4,-0.3,,30.708333333333332,
2017-11-20,192,24,4.7875000000000005,10.9,-0.4,,40.541666666666664,
2017-11-21,192,24,2.7374999999999994,11.1,-4.1,,66.0,
2017-11-22,192,24,5.916666666666667,13.2,-0.6,,64.79166666666667,
2017-11-23,192,24,3.9125,8.9,-0.7,,45.708333333333336,
2017-11-24,192,24,2.3291666666666666,10.2,-4.5,,55.583333333333336,
2017-11-25,192,24,2.566666666666667,10.4,-3.1,,69.45833333333333,
2017-11-26,192,24,7.070833333333333,16.2,0.3,,70.08333333333333,
2017-11-27,192,24,5.304166666666667,13.7,-1.4,,72.625,
2017-11-28,192,24,8.025,17.7,0.6,,78.16666666666667,
2017-11-29,192,24,9.204166666666667,16.2,3.1,,59.375,
2017-11-30,192,24,6.454166666666667,10.3,1.8,,24.041666666666668,
2017-12-01,192,24,1.6333333333333335,7.7,-4.0,,29.375,
2017-12-02,192,24,-0.49999999999999994,8.3,-6.6,,52.083333333333336,
2017-12-03,192,24,2.141666666666666,11.7,-5.6,,67.95833333333333,
2017-12-04,192,24,3.65,9.7,-2.3,,56.041666666666664,
2017-12-05,192,24,-1.0666666666666667,5.0,-5.8,,44.916666666666664,
2017-12-06,192,24,-0.4583333333333333,8.7,-7.8,,60.25,
2017-12-07,192,24,1.6125,10.8,-5.3,,66.29166666666667,
2017-12-08,192,24,1.1041666666666667,4.3,-1.9,,34.875,
2017-12-09,192,24,0.8208333333333333,8.2,-5.9,,54.416666666666664,
2017-12-10,192,24,3.5833333333333335,9.9,-1.6,,70.79166666666667,1.0
2017-12-11,192,24,1.0625,4.3,-2.3,,39.875,
2017-12-12,192,24,-2.5,1.4,-5.4,,32.0,
2017-12-13,192,24,-3.1750000000000007,3.3,-9.2,,35.041666666666664,
2017-12-14,192,24,-3.5833333333333335,5.4,-11.6,,37.291666666666664,
2017-12-15,192,24,-0.30416666666666675,9.1,-7.9,,35.041666666666664,
2017-12-16,192,24,0.029166666666666636,4.3,-3.3,,40.916666666666664,
2017-12-17,192,24,-1.9416666666666667,3.2,-6.4,,39.416666666666664,
2017-12-18,192,24,-0.25,7.3,-8.9,,57.666666666666664,
2017-12-19,192,24,0.5458333333333333,5.3,-5.5,,52.666666666666664,
2017-12-20,192,24,-2.3125,6.2,-9.2,,52.375,
2017-12-21,192,24,-0.8625000000000002,9.1,-7.7,,60.083333333333336,
2017-12-22,192,24,-1.1833333333333333,10.2,-9.3,,59.541666666666664,
2017-12-23,192,24,0.5291666666666667,10.5,-6.3,,71.95833333333333,
2017-12-24,192,24,4.916666666666667,11.7,0.6,,72.29166666666667,1.0
2017-12-25,192,24,2.7208333333333337,6.6,-3.6,,36.458333333333336,
2017-12-26,192,24,0.1708333333333334,7.4,-5.6,,47.708333333333336,
2017-12-27,192,24,-1.2333333333333334,4.1,-7.6,,26.333333333333332,
2017-12-28,192,24,-1.5833333333333333,5.2,-7.4,,52.208333333333336,
2017-12-29,192,24,1.7291666666666667,11.0,-5.4,,64.83333333333333,
2017-12-30,192,24,1.4375,6.0,-3.4,,77.33333333333333,
2017-12-31,192,24,3.5875,7.6,0.8,,48.25,
2018-01-01,192,24,0.8375,7.2,-5.0,,46.541666666666664,
2018-01-02,192,24,0.5458333333333333,8.6,-7.2,,55.916666666666664,
2018-01-03,192,24,1.8291666666666666,6.2,-2.8,,28.916666666666668,
2018-01-04,192,24,1.2916666666666667,5.2,-2.0,,30.375,
2018-01-05,192,24,2.654166666666667,8.0,-1.6,,36.25,
2018-01-06,192,24,-0.0500000000000001,9.5,-6.7,,51.375,
2018-01-07,192,24,-0.9041666666666667,4.9,-6.7,,60.375,
2018-01-08,192,24,2.8166666666666664,5.2,0.0,,86.66666666666667,1.0
2018-01-09,192,24,2.0458333333333334,4.5,0.1,,42.833333333333336,
2018-01-10,192,24,-1.3083333333333333,0.5,-4.6,,57.75,1.0
2018-01-11,192,24,-5.191666666666666,-0.1,-9.6,,45.875,
2018-01-12,192,24,-6.516666666666666,-0.4,-12.8,,47.25,
2018-01-13,192,18,,,,,,
2018-01-14,192,24,-1.4416666666666667,8.1,-8.2,,72.08333333333333,
2018-01-15,192,24,4.066666666666666,14.2,-2.6,,64.75,
2018-01-16,192,24,2.4125,5.8,-2.1,,85.45833333333333,1.0
2018-01-17,192,24,4.8999999999999995,9.3,1.3,,86.58333333333333,1.0
2018-01-18,192,24,2.9708333333333337,10.9,-1.1,,81.41666666666667,
2018-01-19,192,24,1.1749999999999998,10.2,-4.2,,69.08333333333333,
2018-01-20,192,24,0.01249999999999997,9.0,-7.1,,63.791666666666664,
2018-01-21,192,24,0.8666666666666667,8.9,-5.5,,62.0,
2018-01-22,192,24,4.2625,8.9,0.0,,55.625,
2018-01-23,192,24,-2.1166666666666667,5.3,-6.9,,39.333333333333336,
2018-01-24,192,24,-6.516666666666666,-1.9,-9.9,,31.375,
2018-01-25,192,24,-5.933333333333333,-1.1,-11.2,,23.166666666666668,
2018-01-26,192,24,-5.404166666666666,-0.2,-10.6,,21.166666666666668,
2018-01-27,192,24,-5.354166666666667,3.5,-13.0,,37.833333333333336,
2018-01-28,192,24,0.20833333333333326,5.6,-3.4,,37.0,
2018-01-29,192,24,-2.6375,2.3,-7.9,,32.958333333333336,
2018-01-30,192,24,-4.070833333333334,2.1,-10.8,,45.0,
2018-01-31,192,24,-2.058333333333333,4.8,-9.3,,53.958333333333336,
2018-02-01,192,24,-0.8916666666666666,7.4,-7.6,,50.708333333333336,
2018-02-02,192,24,-2.120833333333333,5.9,-8.9,,40.625,
2018-02-03,192,24,-3.775,1.4,-9.2,,42.791666666666664,
2018-02-04,192,24,-4.4750000000000005,-1.1,-7.3,,29.416666666666668,
2018-02-05,192,24,-5.091666666666667,-0.9,-10.9,,34.541666666666664,
2018-02-06,192,24,-5.0249999999999995,-1.5,-9.0,,29.375,
2018-02-07,192,24,-6.116666666666667,2.9,-13.8,,43.291666666666664,
2018-02-08,192,24,-4.2,5.9,-12.6,,43.458333333333336,
2018-02-09,192,24,2.6750000000000003,10.7,-4.8,,46.125,
2018-02-10,192,24,3.658333333333333,9.4,-0.6,,47.5,
2018-02-11,192,24,-1.4749999999999999,2.1,-4.4,,39.75,
2018-02-12,192,24,-1.7750000000000001,2.1,-5.9,,46.0,
2018-02-13,192,24,-0.10000000000000002,6.6,-6.7,,43.208333333333336,
2018-02-14,192,24,4.454166666666667,13.8,-4.4,,59.0,
2018-02-15,192,24,5.416666666666667,11.6,0.6,,50.291666666666664,
2018-02-16,192,24,3.4875000000000003,10.7,-3.0,,31.583333333333332,
2018-02-17,192,24,2.4166666666666665,9.7,-4.7,,23.958333333333332,
2018-02-18,192,24,2.8083333333333336,10.4,-4.0,,25.0,
2018-02-19,192,24,,,,,37.625,
2018-02-20,192,24,,,,,41.791666666666664,
2018-02-21,192,24,3.5291666666666663,6.6,-2.8,,20.375,
2018-02-22,192,24,0.3625,8.5,-7.6,,37.0,
2018-02-23,192,24,2.25,11.5,-6.6,,56.875,
2018-02-24,192,24,5.183333333333334,13.6,-2.9,,60.791666666666664,
2018-02-25,192,24,6.320833333333333,12.7,1.0,,61.541666666666664,
2018-02-26,192,24,,,,,51.916666666666664,
2018-02-27,192,24,5.366666666666667,15.0,-3.0,,61.791666666666664,
2018-02-28,192,24,5.495833333333334,9.2,2.5,,78.83333333333333,1.0
2018-03-01,192,24,6.141666666666667,10.5,1.3,,42.5,1.0
2018-03-02,192,24,2.908333333333333,10.8,-2.8,,39.208333333333336,
2018-03-03,192,24,6.354166666666667,16.2,-1.6,,65.20833333333333,
2018-03-04,192,24,9.016666666666666,13.2,4.3,,85.125,1.0
2018-03-05,192,24,7.554166666666667,11.2,4.7,,83.83333333333333,1.0
2018-03-06,192,24,6.0375000000000005,12.7,-0.2,,58.041666666666664,
2018-03-07,192,24,4.616666666666667,8.0,0.9,,68.75,1.0
2018-03-08,192,24,4.6625000000000005,7.9,2.5,,78.375,1.0
2018-03-09,192,24,5.25,9.2,1.5,,69.25,
2018-03-10,192,24,6.504166666666667,12.9,0.2,,66.04166666666667,
2018-03-11,192,24,,,,,60.958333333333336,
2018-03-12,192,24,7.2,16.2,-1.7,,66.20833333333333,
2018-03-13,192,24,9.75,19.0,0.8,,71.33333333333333,
2018-03-14,192,24,13.416666666666666,20.7,5.5,,71.75,
2018-03-15,192,24,14.0375,16.1,10.7,,91.0,1.0
2018-03-16,192,24,7.7749999999999995,13.8,2.9,,68.58333333333333,1.0
2018-03-17,192,24,4.908333333333334,12.5,-1.7,,58.541666666666664,
2018-03-18,192,24,6.079166666666667,11.5,0.3,,82.83333333333333,1.0
2018-03-19,192,24,9.325,11.9,5.9,,90.83333333333333,1.0
2018-03-20,192,24,5.904166666666666,9.7,1.6,,54.541666666666664,1.0
2018-03-21,192,24,1.7958333333333332,3.3,0.2,,81.83333333333333,1.0
2018-03-22,192,24,5.945833333333333,13.4,1.0,,61.333333333333336,
2018-03-23,192,24,6.204166666666666,15.7,-2.1,,60.791666666666664,
2018-03-24,192,24,8.604166666666666,17.8,0.0,,59.666666666666664,
2018-03-25,192,24,10.691666666666668,20.0,1.8,,62.5,
2018-03-26,192,24,11.4375,21.3,1.7,,59.333333333333336,
2018-03-27,192,24,12.170833333333333,21.2,2.5,,58.916666666666664,
2018-03-28,192,24,13.15,22.4,3.8,,61.333333333333336,
2018-03-29,192,24,14.058333333333332,23.6,6.6,,66.5,
2018-03-30,192,24,12.612499999999999,20.3,7.5,,58.416666666666664,
2018-03-31,192,24,12.370833333333332,20.1,4.1,,52.875,
2018-04-01,192,24,14.366666666666667,21.7,7.0,,65.29166666666667,
2018-04-02,192,24,16.258333333333336,22.8,9.7,,74.54166666666667,
2018-04-03,192,24,17.420833333333334,23.2,12.5,,76.20833333333333,
2018-04-04,192,24,14.558333333333335,18.4,9.1,,85.79166666666667,1.0
2018-04-05,192,24,8.8375,9.7,8.1,,88.54166666666667,1.0
2018-04-06,192,24,10.733333333333334,16.7,6.9,,58.333333333333336,1.0
2018-04-07,192,24,5.929166666666667,9.3,1.9,,38.75,
2018-04-08,192,24,7.854166666666667,12.9,-0.5,,50.375,
2018-04-09,192,24,13.270833333333334,20.4,6.9,,51.166666666666664,
2018-04-10,192,24,12.8125,20.2,3.2,,71.25,
2018-04-11,192,24,19.354166666666668,24.5,15.0,,43.666666666666664,1.0
2018-04-12,192,24,13.7875,20.9,5.1,,37.125,
2018-04-13,192,24,12.220833333333333,17.4,5.8,,40.958333333333336,
2018-04-14,192,24,10.166666666666666,12.4,7.2,,77.16666666666667,1.0
2018-04-15,192,24,13.354166666666666,19.1,9.1,,42.958333333333336,
2018-04-16,192,24,11.520833333333334,17.8,3.5,,55.416666666666664,
2018-04-17,192,24,12.879166666666668,20.4,6.2,,63.208333333333336,
2018-04-18,192,24,13.3375,21.6,5.4,,60.541666666666664,
2018-04-19,192,24,14.195833333333335,24.5,5.1,,58.583333333333336,
2018-04-20,192,24,16.275000000000002,27.8,6.1,,54.0,
2018-04-21,192,24,16.3875,24.9,7.0,,60.458333333333336,
2018-04-22,192,24,15.9125,19.8,13.3,,81.625,1.0
2018-04-23,192,24,11.5,14.8,10.9,,90.70833333333333,1.0
2018-04-24,192,24,12.191666666666668,14.3,10.4,,81.41666666666667,1.0
2018-04-25,192,24,13.929166666666665,21.6,6.2,,51.291666666666664,
2018-04-26,192,24,13.745833333333335,24.0,4.2,,62.0,
2018-04-27,192,24,16.195833333333336,24.6,8.2,,58.666666666666664,
2018-04-28,192,24,15.4375,23.0,7.4,,69.54166666666667,
2018-04-29,192,24,15.762499999999998,22.8,10.2,,67.95833333333333,
2018-04-30,192,24,17.716666666666665,22.8,12.1,,71.0,
2018-05-01,192,24,16.512500000000003,19.9,12.0,,81.54166666666667,
2018-05-02,192,24,16.941666666666666,18.7,12.7,,89.20833333333333,1.0
2018-05-03,192,24,13.791666666666666,18.7,9.5,,44.333333333333336,
2018-05-04,192,24,14.641666666666666,21.5,5.2,,38.375,
2018-05-05,192,24,16.925,24.0,6.1,,46.208333333333336,
2018-05-06,192,24,16.866666666666664,17.9,15.4,,88.375,1.0
2018-05-07,192,24,16.425,19.4,12.4,,89.125,1.0
2018-05-08,192,24,14.766666666666667,18.4,11.5,,68.41666666666667,
2018-05-09,192,24,13.745833333333332,19.3,7.4,,61.125,
2018-05-10,192,24,15.970833333333331,22.6,9.7,,62.25,
2018-05-11,192,24,16.241666666666664,22.4,9.9,,62.791666666666664,
2018-05-12,192,24,16.84166666666667,20.2,13.6,,75.20833333333333,1.0
2018-05-13,192,24,19.97083333333333,26.2,15.5,,73.625,1.0
2018-05-14,192,24,19.0625,26.5,10.6,,64.04166666666667,
2018-05-15,192,24,20.150000000000002,27.9,12.9,,72.04166666666667,
2018-05-16,192,24,20.929166666666664,21.6,20.1,,93.08333333333333,1.0
2018-05-17,192,24,21.645833333333332,24.5,20.8,,91.375,1.0
2018-05-18,192,24,21.691666666666663,26.9,14.7,,83.875,1.0
2018-05-19,192,24,15.691666666666668,19.1,11.3,,66.16666666666667,1.0
2018-05-20,192,24,15.370833333333335,22.1,8.7,,55.166666666666664,
2018-05-21,192,24,17.099999999999998,22.3,12.8,,62.041666666666664,
2018-05-22,192,24,17.566666666666666,23.6,10.9,,69.83333333333333,1.0
2018-05-23,192,24,20.108333333333334,26.9,13.9,,61.0,1.0
2018-05-24,192,24,18.7375,28.3,9.0,,56.166666666666664,
2018-05-25,192,24,19.166666666666668,27.3,10.8,,56.916666666666664,
2018-05-26,192,24,20.029166666666665,27.3,10.9,,56.583333333333336,
2018-05-27,192,24,19.90833333333333,25.9,13.3,,66.95833333333333,
2018-05-28,192,24,19.179166666666667,22.0,17.6,,83.79166666666667,1.0
2018-05-29,192,24,21.599999999999998,26.8,18.0,,77.54166666666667,
2018-05-30,192,24,22.045833333333334,26.5,18.2,,76.66666666666667,
2018-05-31,192,24,20.291666666666668,26.0,14.8,,61.041666666666664,
2018-06-01,192,24,20.875,31.3,11.9,,58.583333333333336,
2018-06-02,192,24,22.816666666666666,31.8,13.8,,57.541666666666664,
2018-06-03,192,24,22.083333333333332,29.1,15.7,,64.08333333333333,
2018-06-04,192,24,21.82916666666667,28.1,15.5,,65.45833333333333,
2018-06-05,192,24,20.22083333333333,23.4,17.8,,78.58333333333333,1.0
2018-06-06,192,24,22.075,30.0,16.1,,69.58333333333333,
2018-06-07,192,24,23.091666666666665,31.1,16.5,,67.83333333333333,
2018-06-08,192,24,23.412500000000005,29.5,17.1,,67.125,
2018-06-09,192,24,22.754166666666666,25.7,19.5,,61.833333333333336,
2018-06-10,192,24,19.716666666666665,22.4,16.4,,67.16666666666667,1.0
2018-06-11,192,24,17.78333333333333,20.7,15.4,,81.20833333333333,1.0
2018-06-12,192,24,18.420833333333334,22.6,16.2,,83.95833333333333,1.0
2018-06-13,192,24,20.058333333333334,24.7,17.5,,73.125,
2018-06-14,192,24,20.5,25.4,16.3,,67.875,
2018-06-15,192,24,19.791666666666668,25.2,15.0,,60.625,
2018-06-16,192,24,19.3625,25.8,14.3,,59.833333333333336,
2018-06-17,192,24,20.320833333333336,26.4,13.0,,67.95833333333333,
2018-06-18,192,24,22.979166666666668,28.8,17.1,,66.45833333333333,
2018-06-19,192,24,21.429166666666664,26.0,19.2,,80.70833333333333,1.0
2018-06-20,192,24,23.266666666666666,29.0,17.3,,69.91666666666667,1.0
2018-06-21,192,24,23.99166666666667,31.2,17.1,,60.333333333333336,
2018-06-22,192,24,22.608333333333334,29.6,16.5,,59.708333333333336,
2018-06-23,192,24,22.54583333333333,28.3,18.9,,67.58333333333333,
2018-06-24,192,24,24.729166666666668,32.4,16.9,,63.541666666666664,
2018-06-25,192,24,24.641666666666666,31.7,18.5,,65.41666666666667,
2018-06-26,192,24,22.754166666666663,26.3,20.1,,84.41666666666667,1.0
2018-06-27,192,24,25.179166666666664,28.5,22.8,,79.20833333333333,1.0
2018-06-28,192,24,22.09583333333333,23.9,20.5,,89.29166666666667,1.0
2018-06-29,192,24,24.099999999999998,27.6,21.7,,81.375,1.0
2018-06-30,192,24,21.45,22.7,19.9,,90.625,1.0
2018-07-01,192,24,23.545833333333334,28.2,19.6,,83.25,1.0
2018-07-02,192,23,,,,,,1.0
2018-07-03,192,24,23.525000000000002,24.3,22.8,,86.0,1.0
2018-07-04,192,24,26.354166666666668,30.9,20.9,,71.29166666666667,
2018-07-05,192,24,23.65833333333333,26.2,22.5,,86.66666666666667,1.0
2018-07-06,192,24,21.40416666666667,22.6,19.9,,85.125,1.0
2018-07-07,192,24,21.370833333333334,24.4,18.6,,64.83333333333333,
2018-07-08,192,24,20.758333333333333,23.8,18.2,,66.41666666666667,
2018-07-09,192,24,19.245833333333334,20.1,18.1,,88.79166666666667,1.0
2018-07-10,192,24,23.820833333333336,28.6,19.9,,81.66666666666667,
2018-07-11,192,24,26.4875,31.1,21.8,,75.91666666666667,
2018-07-12,192,24,27.0625,31.7,22.4,,74.875,
2018-07-13,192,24,27.71666666666667,34.0,23.3,,74.5,
2018-07-14,192,24,28.22083333333333,33.8,23.3,,71.95833333333333,
2018-07-15,192,24,28.270833333333332,34.3,22.8,,69.95833333333333,
2018-07-16,192,24,28.016666666666666,33.1,22.7,,70.08333333333333,
2018-07-17,192,24,27.395833333333332,32.4,22.0,,70.91666666666667,
2018-07-18,192,24,28.041666666666668,34.0,22.8,,68.625,
2018-07-19,192,24,28.091666666666665,34.3,22.2,,67.625,
2018-07-20,192,24,28.654166666666665,35.8,22.7,,66.66666666666667,
2018-07-21,192,24,28.90833333333333,34.5,23.1,,66.70833333333333,
2018-07-22,192,24,28.087500000000002,33.2,24.1,,70.04166666666667,
2018-07-23,192,24,28.583333333333332,33.5,24.1,,69.375,
2018-07-24,192,24,28.670833333333334,33.0,23.6,,71.66666666666667,
2018-07-25,192,24,29.458333333333332,34.9,24.5,,69.04166666666667,
2018-07-26,192,24,30.495833333333337,36.7,24.9,,64.0,
2018-07-27,192,24,30.224999999999998,36.8,25.3,,69.375,1.0
2018-07-28,192,24,28.683333333333337,33.5,26.1,,78.45833333333333,
2018-07-29,192,24,30.2375,35.9,23.6,,57.375,
2018-07-30,192,24,28.616666666666664,33.9,25.1,,67.20833333333333,1.0
2018-07-31,192,24,28.491666666666664,33.9,23.0,,64.79166666666667,
2018-08-01,192,24,29.150000000000002,35.5,22.7,,62.833333333333336,
2018-08-02,192,24,29.34166666666667,35.2,23.4,,61.333333333333336,
2018-08-03,192,24,28.75,33.3,24.2,,67.41666666666667,
2018-08-04,192,24,29.166666666666668,34.0,24.4,,71.70833333333333,
2018-08-05,192,24,30.825,36.7,24.9,,60.833333333333336,
2018-08-06,192,24,29.916666666666668,36.3,24.8,,67.04166666666667,
2018-08-07,192,24,28.45416666666667,34.2,26.0,,74.625,1.0
2018-08-08,192,24,27.8,35.6,23.8,,76.625,1.0
2018-08-09,192,24,28.733333333333334,34.5,25.5,,75.75,
2018-08-10,192,24,27.020833333333332,31.7,25.0,,82.54166666666667,1.0
2018-08-11,192,24,26.7,30.2,24.1,,76.91666666666667,
2018-08-12,192,24,27.1875,31.9,23.3,,74.08333333333333,1.0
2018-08-13,192,24,29.40416666666667,34.5,24.9,,66.20833333333333,
2018-08-14,192,24,29.075,35.6,23.0,,65.58333333333333,
2018-08-15,192,24,28.608333333333334,36.8,23.2,,68.08333333333333,1.0
2018-08-16,192,24,26.008333333333336,30.7,23.5,,81.16666666666667,1.0
2018-08-17,192,24,24.5625,28.9,20.0,,58.916666666666664,
2018-08-18,192,24,23.041666666666668,30.3,16.5,,65.125,
2018-08-19,192,24,24.212499999999995,31.0,18.4,,68.04166666666667,
2018-08-20,192,24,24.745833333333334,30.5,18.9,,68.70833333333333,
2018-08-21,192,24,26.525000000000002,33.3,19.5,,65.625,
2018-08-22,192,24,28.395833333333332,33.8,23.0,,64.83333333333333,
2018-08-23,192,24,26.724999999999998,29.6,24.3,,77.25,1.0
2018-08-24,192,24,27.729166666666668,31.6,24.9,,68.45833333333333,1.0
2018-08-25,192,24,24.620833333333337,26.9,20.6,,78.0,1.0
2018-08-26,192,24,22.433333333333334,24.2,21.2,,90.16666666666667,1.0
2018-08-27,192,24,23.59166666666667,26.3,21.2,,92.45833333333333,1.0
2018-08-28,192,24,25.96666666666667,31.3,22.3,,82.375,1.0
2018-08-29,192,24,26.241666666666664,30.1,22.4,,77.08333333333333,
2018-08-30,192,24,26.67083333333333,29.4,24.6,,79.16666666666667,1.0
2018-08-31,192,24,24.616666666666664,25.8,23.4,,85.16666666666667,1.0
2018-09-01,192,24,22.316666666666663,26.2,20.6,,83.125,1.0
2018-09-02,192,24,21.091666666666665,22.8,19.9,,79.5,1.0
2018-09-03,192,24,22.974999999999998,25.3,20.7,,88.875,1.0
2018-09-04,192,24,24.52916666666667,31.1,18.9,,68.70833333333333,1.0
2018-09-05,192,24,22.3125,29.2,15.4,,68.625,
2018-09-06,192,24,21.5625,25.1,17.4,,78.04166666666667,
2018-09-07,192,24,21.858333333333334,24.9,19.0,,77.95833333333333,1.0
2018-09-08,192,24,18.5,22.5,15.3,,75.79166666666667,
2018-09-09,192,24,20.191666666666666,27.8,13.0,,69.0,
2018-09-10,192,24,20.5625,25.9,15.7,,62.625,
2018-09-11,192,24,19.383333333333336,24.4,13.6,,63.041666666666664,
2018-09-12,192,24,21.5,28.4,15.4,,69.66666666666667,
2018-09-13,192,24,20.70416666666667,22.3,18.9,,84.04166666666667,1.0
2018-09-14,192,24,21.3,23.2,19.7,,88.83333333333333,1.0
2018-09-15,192,24,21.783333333333335,22.8,20.6,,90.20833333333333,1.0
2018-09-16,192,24,24.016666666666666,28.9,20.8,,78.125,
2018-09-17,192,24,23.21666666666667,27.8,20.1,,74.41666666666667,
2018-09-18,192,24,22.758333333333336,28.7,19.4,,74.0,
2018-09-19,192,24,20.425,23.9,16.1,,78.125,
2018-09-20,192,24,20.433333333333334,22.2,19.3,,88.75,1.0
2018-09-21,192,24,19.45,21.1,18.1,,89.41666666666667,1.0
2018-09-22,192,24,20.474999999999998,26.9,16.6,,81.16666666666667,
2018-09-23,192,24,19.254166666666666,27.4,12.6,,72.83333333333333,
2018-09-24,192,24,16.983333333333334,21.4,13.1,,75.83333333333333,
2018-09-25,192,24,16.6375,24.3,8.9,,66.08333333333333,
2018-09-26,192,24,18.066666666666666,22.5,12.5,,62.625,
2018-09-27,192,24,17.35833333333333,24.2,10.3,,64.95833333333333,
2018-09-28,192,24,17.5,23.4,10.6,,69.5,
2018-09-29,192,24,18.508333333333336,20.5,15.9,,71.375,
2018-09-30,192,24,21.104166666666668,27.0,16.7,,50.583333333333336,
2018-10-01,192,24,17.05,21.2,10.8,,52.625,
2018-10-02,192,24,16.354166666666668,23.0,10.4,,66.75,
2018-10-03,192,24,15.316666666666668,24.6,8.4,,68.58333333333333,
2018-10-04,192,24,17.054166666666667,23.9,9.3,,68.95833333333333,1.0
2018-10-05,192,24,17.708333333333332,19.3,15.9,,88.875,1.0
2018-10-06,192,24,20.70416666666667,24.8,16.6,,80.5,1.0
2018-10-07,192,24,18.45,26.5,12.8,,76.0,
2018-10-08,192,24,15.633333333333333,22.7,10.6,,61.208333333333336,
2018-10-09,192,24,14.558333333333332,18.5,10.9,,73.54166666666667,
2018-10-10,192,24,15.237500000000002,18.8,12.0,,63.708333333333336,
2018-10-11,192,24,12.420833333333333,17.7,5.8,,45.791666666666664,
2018-10-12,192,24,10.0875,17.9,3.6,,65.25,
2018-10-13,192,24,11.237499999999999,20.3,4.0,,74.125,
2018-10-14,192,24,13.379166666666668,20.3,7.1,,74.25,
2018-10-15,192,24,14.529166666666669,22.1,8.6,,71.79166666666667,
2018-10-16,192,24,12.141666666666666,16.8,7.9,,78.83333333333333,
2018-10-17,192,24,12.370833333333332,20.4,5.7,,73.375,
2018-10-18,192,24,12.316666666666668,19.7,5.1,,61.0,
2018-10-19,192,19,,,,,,
2018-10-20,192,24,11.1625,20.6,4.5,,70.125,
2018-10-21,192,24,10.775,21.2,3.3,,68.08333333333333,
2018-10-22,192,24,11.9,19.7,5.5,,75.54166666666667,
2018-10-23,192,24,14.100000000000001,21.1,9.4,,77.25,
2018-10-24,192,24,11.904166666666667,21.0,5.2,,71.33333333333333,
2018-10-25,192,24,11.245833333333335,20.1,4.3,,69.375,
2018-10-26,192,24,11.995833333333332,15.3,7.7,,85.83333333333333,1.0
2018-10-27,192,24,10.441666666666666,15.8,5.2,,73.375,
2018-10-28,192,24,10.533333333333333,18.2,2.3,,70.04166666666667,1.0
2018-10-29,192,24,10.966666666666667,18.8,5.9,,74.625,1.0
2018-10-30,192,24,8.070833333333333,15.3,2.7,,65.41666666666667,
2018-10-31,192,24,8.0625,16.6,1.8,,68.625,
2018-11-01,192,20,,,,,,
2018-11-02,192,24,7.512499999999999,18.7,0.2,,64.54166666666667,
2018-11-03,192,24,8.0875,19.5,0.4,,65.625,
2018-11-04,192,24,9.279166666666667,20.5,1.4,,67.375,
2018-11-05,192,24,9.620833333333334,20.1,1.9,,70.04166666666667,
2018-11-06,192,24,10.6,19.9,3.7,,74.58333333333333,
2018-11-07,192,24,12.420833333333333,17.5,8.1,,81.83333333333333,1.0
2018-11-08,192,24,13.841666666666667,17.5,12.2,,89.66666666666667,1.0
2018-11-09,192,24,13.450000000000001,17.4,6.0,,60.875,1.0
2018-11-10,192,24,9.191666666666666,19.0,2.4,,74.45833333333333,
2018-11-11,192,24,9.579166666666666,16.5,3.3,,80.125,1.0
2018-11-12,192,24,10.983333333333334,16.4,5.5,,75.70833333333333,1.0
2018-11-13,192,24,9.1625,16.3,2.7,,76.66666666666667,
2018-11-14,192,24,9.133333333333333,16.6,3.7,,75.54166666666667,
2018-11-15,192,24,8.549999999999999,17.6,1.9,,74.58333333333333,
2018-11-16,192,24,8.608333333333333,11.6,5.1,,86.83333333333333,1.0
2018-11-17,192,24,8.262500000000001,16.7,2.8,,69.33333333333333,
2018-11-18,192,24,5.404166666666666,10.5,1.0,,67.83333333333333,
2018-11-19,192,24,7.149999999999999,14.8,1.3,,62.375,
2018-11-20,192,24,5.858333333333334,14.2,-0.3,,59.791666666666664,
2018-11-21,192,24,5.0375000000000005,10.0,-0.2,,66.16666666666667,
2018-11-22,192,24,6.275000000000001,10.1,0.0,,40.166666666666664,
2018-11-23,192,24,2.804166666666667,10.7,-3.0,,55.416666666666664,
2018-11-24,192,24,2.2583333333333333,5.6,-2.6,,77.95833333333333,1.0
2018-11-25,192,24,5.229166666666667,11.8,2.5,,88.45833333333333,
2018-11-26,192,24,5.208333333333334,15.4,-0.9,,77.25,
2018-11-27,192,24,6.395833333333333,17.6,-0.8,,73.375,
2018-11-28,192,24,6.279166666666666,14.9,-0.1,,60.458333333333336,
2018-11-29,192,24,4.6625,14.0,-2.5,,53.916666666666664,
2018-11-30,192,24,5.858333333333333,14.9,-0.7,,65.875,
2018-12-01,192,24,5.370833333333334,12.1,1.7,,64.375,
2018-12-02,192,24,8.125,16.7,-0.1,,71.95833333333333,
2018-12-03,192,24,12.754166666666668,15.3,11.1,,89.79166666666667,1.0
2018-12-04,192,24,13.512500000000001,16.9,10.0,,74.0,1.0
2018-12-05,192,24,7.5375000000000005,11.9,3.7,,39.25,
2018-12-06,192,24,5.925,8.0,4.3,,68.08333333333333,1.0
2018-12-07,192,24,0.8125,4.5,-2.7,,36.791666666666664,
2018-12-08,192,24,-1.7833333333333332,2.6,-6.2,,38.666666666666664,
2018-12-09,192,24,-1.5208333333333333,3.8,-5.1,,32.833333333333336,
2018-12-10,192,24,-1.95,7.8,-8.2,,41.958333333333336,
2018-12-11,192,24,1.5833333333333333,4.9,-3.8,,74.16666666666667,1.0
2018-12-12,192,24,1.8708333333333333,6.0,-3.8,,52.833333333333336,
2018-12-13,192,24,0.30833333333333335,7.1,-7.1,,57.291666666666664,
2018-12-14,192,24,0.012500000000000048,6.8,-5.3,,44.375,
2018-12-15,192,24,-1.8541666666666667,7.8,-8.4,,49.041666666666664,
2018-12-16,192,24,-0.24999999999999997,3.4,-4.7,,73.08333333333333,1.0
2018-12-17,192,24,2.1833333333333336,9.3,-0.8,,73.20833333333333,
2018-12-18,192,24,1.6291666666666664,10.4,-4.3,,67.91666666666667,
2018-12-19,192,24,3.8541666666666665,13.8,-3.7,,66.04166666666667,
2018-12-20,192,24,4.791666666666667,9.6,0.0,,73.0,
2018-12-21,192,24,4.366666666666667,13.4,-2.0,,78.625,
2018-12-22,192,24,6.8125,15.3,0.3,,73.83333333333333,
2018-12-23,192,24,7.908333333333332,11.8,2.7,,53.5,1.0
2018-12-24,192,24,1.675,8.9,-3.8,,41.541666666666664,
2018-12-25,192,24,0.39166666666666666,6.6,-6.0,,49.0,
2018-12-26,192,24,5.204166666666667,10.2,1.5,,36.333333333333336,
2018-12-27,192,24,0.1333333333333334,3.0,-4.8,,16.083333333333332,
2018-12-28,192,24,-3.6625,1.4,-8.1,,26.5,
2018-12-29,192,24,-2.4166666666666665,1.5,-7.6,,29.541666666666668,
2018-12-30,192,24,-1.6666666666666667,3.8,-5.2,,34.416666666666664,
2018-12-31,192,24,-0.9541666666666666,7.1,-8.1,,35.708333333333336,
2019-01-01,192,24,-1.4791666666666667,5.5,-7.4,,48.541666666666664,
2019-01-02,192,24,-0.7000000000000001,6.4,-6.3,,49.25,
2019-01-03,192,24,-1.7333333333333332,8.2,-8.4,,50.375,
2019-01-04,192,24,-1.0583333333333333,5.7,-8.2,,47.208333333333336,
2019-01-05,192,24,2.85,10.3,-3.5,,47.25,
2019-01-06,192,24,0.03333333333333344,8.9,-4.8,,38.708333333333336,
2019-01-07,192,24,-0.2625,8.7,-7.3,,44.833333333333336,
2019-01-08,192,24,0.8250000000000001,7.9,-4.9,,46.541666666666664,
2019-01-09,192,24,-0.3583333333333334,4.8,-3.7,,36.083333333333336,
2019-01-10,192,24,2.4125,8.6,-2.3,,46.541666666666664,
2019-01-11,192,24,2.2750000000000004,9.2,-3.8,,60.916666666666664,
2019-01-12,192,24,4.1875,9.5,-0.8,,82.16666666666667,1.0
2019-01-13,192,24,1.7458333333333333,11.4,-3.1,,76.875,
2019-01-14,192,24,1.0499999999999998,11.3,-5.3,,67.66666666666667,
2019-01-15,192,24,2.191666666666667,9.4,-2.5,,58.208333333333336,
2019-01-16,192,24,-0.6791666666666667,5.7,-6.3,,30.041666666666668,
2019-01-17,192,24,-0.1208333333333333,6.3,-8.0,,49.458333333333336,
2019-01-18,192,24,0.6166666666666667,10.4,-6.5,,56.333333333333336,
2019-01-19,192,24,3.2166666666666663,10.8,-2.9,,60.375,
2019-01-20,192,24,4.0375000000000005,8.5,-0.8,,54.25,
2019-01-21,192,24,-0.325,8.4,-6.9,,51.833333333333336,
2019-01-22,192,24,0.4125000000000001,10.3,-7.0,,62.291666666666664,
2019-01-23,192,24,1.8958333333333333,11.5,-6.6,,55.208333333333336,
2019-01-24,192,24,0.8666666666666666,10.7,-5.7,,51.083333333333336,
2019-01-25,192,24,0.16666666666666682,7.4,-5.7,,47.708333333333336,
2019-01-26,192,24,-0.2041666666666667,5.3,-6.4,,28.375,
2019-01-27,192,24,-1.5499999999999998,8.3,-10.0,,46.791666666666664,
2019-01-28,192,24,1.4000000000000001,9.8,-5.5,,47.375,
2019-01-29,192,24,0.40833333333333327,9.9,-6.9,,47.708333333333336,
2019-01-30,192,24,3.058333333333333,11.2,-4.3,,48.25,
2019-01-31,192,24,1.866666666666667,6.7,-2.9,,67.83333333333333,1.0
2019-02-01,192,24,-1.125,5.8,-5.8,,58.958333333333336,
2019-02-02,192,24,0.6666666666666666,8.1,-7.6,,66.5,
2019-02-03,192,24,6.45,12.0,3.4,,84.25,1.0
2019-02-04,192,24,5.474999999999999,10.0,-0.8,,32.541666666666664,
2019-02-05,192,24,2.233333333333333,11.9,-5.3,,48.75,
2019-02-06,192,24,4.704166666666667,14.3,-3.4,,55.958333333333336,
2019-02-07,192,24,5.454166666666667,10.3,1.9,,51.541666666666664,
2019-02-08,192,24,1.6833333333333336,7.3,-1.2,,22.25,
2019-02-09,192,24,1.2791666666666666,4.5,-0.7,,28.0,
2019-02-10,192,24,1.8375000000000001,6.9,-2.8,,34.916666666666664,
2019-02-11,192,24,1.5958333333333332,6.6,-2.7,,32.708333333333336,
2019-02-12,192,24,0.32083333333333336,8.0,-6.7,,48.25,
2019-02-13,192,24,3.0625,8.5,-2.4,,36.75,
2019-02-14,192,24,2.766666666666666,9.1,-1.4,,33.416666666666664,
2019-02-15,192,24,3.9333333333333336,11.5,-1.9,,52.0,
2019-02-16,192,24,2.2083333333333335,5.7,-0.8,,43.875,
2019-02-17,192,24,0.8958333333333334,8.5,-4.1,,40.541666666666664,
2019-02-18,192,24,1.9375,7.2,-4.0,,43.166666666666664,
2019-02-19,192,24,4.429166666666666,8.3,1.5,,84.41666666666667,1.0
2019-02-20,192,24,4.445833333333333,10.3,-0.6,,61.416666666666664,
2019-02-21,192,24,3.945833333333333,11.6,-2.5,,57.125,
2019-02-22,192,24,4.333333333333333,12.2,-1.3,,62.541666666666664,
2019-02-23,192,24,5.079166666666667,13.5,-2.9,,62.0,
2019-02-24,192,24,5.925,15.5,-1.8,,65.375,
2019-02-25,192,24,6.679166666666667,17.1,-1.5,,57.5,
2019-02-26,192,24,6.220833333333332,15.0,-1.9,,51.708333333333336,
2019-02-27,192,24,7.8625,13.2,4.4,,63.833333333333336,1.0
2019-02-28,192,24,8.762500000000001,14.7,3.2,,65.20833333333333,1.0
2019-03-01,192,24,6.754166666666667,15.2,-0.7,,59.083333333333336,
2019-03-02,192,24,7.170833333333334,15.0,-0.7,,62.125,
2019-03-03,192,24,10.145833333333334,14.5,6.1,,60.833333333333336,
2019-03-04,192,24,10.558333333333332,17.2,5.5,,63.0,
2019-03-05,192,24,8.191666666666668,15.1,-0.3,,67.54166666666667,
2019-03-06,192,24,9.5625,13.8,6.6,,78.125,1.0
2019-03-07,192,24,7.850000000000001,14.7,0.9,,62.583333333333336,
2019-03-08,192,24,6.533333333333334,15.8,-1.8,,66.04166666666667,
2019-03-09,192,24,7.445833333333334,16.0,-1.8,,69.08333333333333,
2019-03-10,192,24,7.570833333333333,9.3,3.5,,91.79166666666667,1.0
2019-03-11,192,24,6.550000000000001,14.1,1.0,,81.04166666666667,
2019-03-12,192,24,6.933333333333334,13.8,0.8,,69.66666666666667,
2019-03-13,192,24,4.800000000000001,10.3,-1.4,,37.541666666666664,
2019-03-14,192,24,4.858333333333333,12.9,-3.6,,52.25,
2019-03-15,192,24,5.1375,12.7,-1.3,,67.75,
2019-03-16,192,24,5.9875,12.5,-1.6,,63.666666666666664,
2019-03-17,192,24,7.125,15.5,-1.0,,62.291666666666664,
2019-03-18,192,24,7.670833333333334,14.6,-0.6,,64.125,
2019-03-19,192,24,11.558333333333332,21.6,1.1,,59.916666666666664,
2019-03-20,192,24,10.383333333333335,17.1,4.8,,79.58333333333333,1.0
2019-03-21,192,24,15.204166666666666,19.3,8.8,,63.916666666666664,1.0
2019-03-22,192,24,9.345833333333333,15.1,5.1,,41.125,
2019-03-23,192,24,6.5125,11.9,3.0,,40.916666666666664,
2019-03-24,192,24,5.0375,12.0,-2.7,,52.916666666666664,
2019-03-25,192,24,5.658333333333332,12.6,-1.5,,65.25,
2019-03-26,192,24,9.420833333333333,21.1,-0.5,,61.291666666666664,
2019-03-27,192,24,11.674999999999999,20.1,1.5,,55.5,
2019-03-28,192,24,12.958333333333334,18.8,7.6,,66.375,
2019-03-29,192,23,,,,,,
2019-03-30,192,24,11.379166666666668,17.2,5.8,,58.875,
2019-03-31,192,24,7.0,11.6,3.2,,39.333333333333336,
2019-04-01,192,24,6.179166666666666,12.9,-1.5,,40.625,
2019-04-02,192,24,7.691666666666667,15.0,-1.3,,46.875,
2019-04-03,192,24,8.549999999999999,15.1,0.2,,34.666666666666664,
2019-04-04,192,24,10.0875,19.7,-1.3,,41.5,
2019-04-05,192,24,13.258333333333333,21.6,3.0,,46.291666666666664,
2019-04-06,192,24,12.333333333333334,20.4,2.2,,45.125,
2019-04-07,192,24,11.450000000000001,18.2,6.5,,78.66666666666667,
2019-04-08,192,24,14.395833333333334,21.2,9.0,,70.95833333333333,
2019-04-09,192,24,10.566666666666668,16.4,6.6,,65.25,1.0
2019-04-10,192,24,8.35,11.5,5.9,,80.08333333333333,1.0
2019-04-11,192,24,8.916666666666666,14.0,2.4,,76.83333333333333,
2019-04-12,192,24,11.270833333333334,19.1,4.4,,63.875,
2019-04-13,192,24,10.941666666666668,18.5,3.0,,60.583333333333336,
2019-04-14,192,24,12.254166666666668,16.1,7.9,,57.375,
2019-04-15,192,24,11.745833333333332,20.9,1.1,,47.75,
2019-04-16,192,24,12.679166666666665,22.5,1.9,,57.125,
2019-04-17,192,24,15.204166666666666,21.5,9.3,,61.0,
2019-04-18,192,24,14.9,23.0,6.0,,70.66666666666667,
2019-04-19,192,24,12.800000000000002,16.6,9.5,,82.91666666666667,
2019-04-20,192,24,13.916666666666666,21.7,5.9,,71.625,
2019-04-21,192,24,16.09166666666667,24.3,8.3,,74.5,
2019-04-22,192,24,17.670833333333334,25.3,10.5,,73.5,
2019-04-23,192,24,14.483333333333334,18.1,10.7,,89.91666666666667,1.0
2019-04-24,192,24,17.554166666666664,21.2,14.6,,92.91666666666667,1.0
2019-04-25,192,24,15.529166666666669,17.2,13.3,,95.70833333333333,1.0
2019-04-26,192,24,12.558333333333332,14.5,9.1,,81.41666666666667,1.0
2019-04-27,192,24,11.979166666666666,18.2,5.9,,70.16666666666667,
2019-04-28,192,24,12.091666666666669,18.6,7.9,,76.16666666666667,1.0
2019-04-29,192,24,10.924999999999999,11.6,9.3,,93.0,1.0
2019-04-30,192,24,15.737500000000002,20.6,11.7,,85.45833333333333,1.0
2019-05-01,192,24,16.837500000000002,23.5,11.8,,73.70833333333333,
2019-05-02,192,24,16.35,24.8,6.4,,57.25,
2019-05-03,192,24,16.2,27.2,5.9,,56.125,
2019-05-04,192,24,16.575,27.8,6.3,,60.875,
2019-05-05,192,24,17.954166666666666,27.6,9.0,,60.208333333333336,
2019-05-06,192,24,15.541666666666666,23.8,8.1,,65.91666666666667,
2019-05-07,192,24,15.025,21.5,7.5,,56.708333333333336,
2019-05-08,192,24,14.358333333333334,22.5,5.0,,60.875,
2019-05-09,192,24,16.558333333333334,24.3,8.3,,54.875,
2019-05-10,192,24,16.7625,27.3,7.7,,56.625,
2019-05-11,192,24,17.866666666666667,27.8,8.5,,55.125,
2019-05-12,192,24,18.504166666666666,28.4,10.0,,53.833333333333336,
2019-05-13,192,24,17.3,25.3,8.6,,65.54166666666667,
2019-05-14,192,24,20.904166666666665,26.2,16.7,,71.25,
2019-05-15,192,24,20.545833333333334,28.7,14.6,,70.0,
2019-05-16,192,24,20.941666666666666,29.3,13.6,,64.625,
2019-05-17,192,24,20.425,28.1,12.8,,67.875,1.0
2019-05-18,192,24,17.25,17.9,16.2,,93.79166666666667,1.0
2019-05-19,192,24,18.4,20.1,16.7,,94.83333333333333,1.0
2019-05-20,192,24,18.441666666666666,22.9,12.5,,68.25,1.0
2019-05-21,192,24,17.087500000000002,26.0,6.6,,49.041666666666664,
2019-05-22,192,24,19.170833333333334,27.2,8.6,,52.458333333333336,
2019-05-23,192,24,20.95,31.7,11.8,,61.791666666666664,
2019-05-24,192,24,21.370833333333334,30.2,11.7,,64.25,
2019-05-25,192,24,22.320833333333336,31.8,14.1,,63.541666666666664,
2019-05-26,192,24,21.8875,28.0,16.0,,66.66666666666667,
2019-05-27,192,24,20.087500000000002,21.1,18.7,,89.08333333333333,1.0
2019-05-28,192,24,18.95,26.0,12.6,,52.291666666666664,
2019-05-29,192,24,19.575,30.2,10.1,,55.666666666666664,
2019-05-30,192,24,20.270833333333332,28.5,9.7,,52.291666666666664,
2019-05-31,192,24,17.491666666666667,22.3,14.0,,75.66666666666667,1.0
2019-06-01,192,24,18.90833333333333,26.3,12.1,,66.83333333333333,
2019-06-02,192,24,20.225,27.9,13.5,,65.33333333333333,
2019-06-03,192,24,21.504166666666666,30.2,12.8,,64.66666666666667,
2019-06-04,192,24,22.40416666666667,30.2,14.1,,69.70833333333333,
2019-06-05,192,24,23.9375,32.5,17.3,,66.66666666666667,
2019-06-06,192,24,21.420833333333334,27.6,16.6,,80.625,1.0
2019-06-07,192,24,18.8125,22.2,16.7,,89.91666666666667,1.0
2019-06-08,192,24,20.495833333333334,25.2,16.2,,79.5,1.0
2019-06-09,192,24,20.587500000000002,26.1,16.6,,72.79166666666667,
2019-06-10,192,24,19.195833333333333,22.7,15.8,,72.58333333333333,1.0
2019-06-11,192,24,18.858333333333334,24.3,15.5,,76.875,1.0
2019-06-12,192,24,20.675,26.6,15.5,,71.66666666666667,
2019-06-13,192,24,21.3875,28.1,16.8,,70.25,
2019-06-14,192,24,18.941666666666666,22.5,16.1,,82.70833333333333,1.0
2019-06-15,192,24,21.71666666666667,28.8,15.6,,70.58333333333333,1.0
2019-06-16,192,24,20.825,26.8,14.2,,69.58333333333333,
2019-06-17,192,24,21.90416666666667,26.1,18.6,,72.95833333333333,
2019-06-18,192,24,22.09583333333333,27.2,17.2,,76.83333333333333,
2019-06-19,192,24,22.974999999999998,29.5,17.6,,76.41666666666667,
2019-06-20,192,24,23.9875,29.6,18.5,,73.83333333333333,
2019-06-21,192,24,24.195833333333336,29.2,19.2,,70.75,
2019-06-22,192,24,22.45,27.6,20.2,,74.5,1.0
2019-06-23,192,24,21.912499999999998,28.2,17.7,,71.58333333333333,1.0
2019-06-24,192,24,21.75,26.8,17.2,,76.5,
2019-06-25,192,24,23.412499999999998,29.3,17.6,,71.95833333333333,
2019-06-26,192,24,18.254166666666666,19.7,16.5,,92.58333333333333,1.0
2019-06-27,192,24,23.554166666666664,28.7,19.7,,89.16666666666667,1.0
2019-06-28,192,24,24.3125,28.2,21.4,,81.375,
2019-06-29,192,24,20.679166666666667,21.5,20.2,,94.20833333333333,1.0
2019-06-30,192,24,23.920833333333334,29.1,19.9,,85.45833333333333,
2019-07-01,192,24,23.775000000000002,26.2,20.8,,86.58333333333333,1.0
2019-07-02,192,24,24.195833333333336,29.2,19.1,,77.625,
2019-07-03,192,24,23.225000000000005,27.7,18.7,,81.0,
2019-07-04,192,24,24.675,31.4,19.0,,72.70833333333333,
2019-07-05,192,24,24.774999999999995,31.2,19.1,,74.33333333333333,
2019-07-06,192,24,24.7375,31.7,17.5,,66.0,
2019-07-07,192,24,23.179166666666664,28.0,18.3,,68.125,
2019-07-08,192,24,23.15416666666667,27.6,17.8,,65.70833333333333,
2019-07-09,192,24,23.041666666666668,25.6,19.9,,67.20833333333333,
2019-07-10,192,24,20.791666666666668,21.8,19.3,,85.08333333333333,1.0
2019-07-11,192,24,24.03333333333333,28.5,20.3,,80.58333333333333,1.0
2019-07-12,192,24,24.383333333333336,29.5,19.0,,72.58333333333333,
2019-07-13,192,24,22.26666666666667,24.5,20.0,,87.58333333333333,1.0
2019-07-14,192,24,23.600000000000005,29.0,19.2,,80.41666666666667,
2019-07-15,192,24,24.0625,28.7,20.8,,79.33333333333333,1.0
2019-07-16,192,24,23.637500000000003,29.2,19.3,,81.70833333333333,1.0
2019-07-17,192,24,24.308333333333337,28.6,19.4,,77.875,1.0
2019-07-18,192,24,22.366666666666664,24.2,20.7,,91.41666666666667,1.0
2019-07-19,192,24,23.416666666666668,24.5,22.5,,94.58333333333333,1.0
2019-07-20,192,24,24.07916666666667,25.7,23.2,112.6,93.54166666666667,1.0
2019-07-21,192,24,25.32083333333333,28.2,23.2,,86.95833333333333,1.0
2019-07-22,192,24,26.64166666666667,31.2,23.1,,84.95833333333333,
2019-07-23,192,24,27.458333333333332,32.0,24.1,,82.125,
2019-07-24,192,24,26.304166666666664,28.2,24.7,,85.79166666666667,
2019-07-25,192,24,26.583333333333332,29.4,25.0,,88.45833333333333,
2019-07-26,192,24,27.008333333333336,29.4,25.3,,87.375,
2019-07-27,192,24,26.599999999999998,28.0,25.3,,90.58333333333333,1.0
2019-07-28,192,24,27.799999999999997,30.6,25.8,,82.04166666666667,
2019-07-29,192,24,27.6875,32.0,23.7,,81.75,
2019-07-30,192,24,28.362499999999997,32.1,25.7,,80.58333333333333,
2019-07-31,192,24,28.8875,32.5,26.2,,79.125,
2019-08-01,192,24,28.52916666666667,33.3,24.0,,78.04166666666667,
2019-08-02,192,24,28.958333333333332,34.6,24.2,,77.41666666666667,
2019-08-03,192,24,28.670833333333334,33.9,24.0,,78.08333333333333,
2019-08-04,192,24,29.037500000000005,34.7,23.7,,73.70833333333333,
2019-08-05,192,24,28.9875,35.6,23.6,,75.16666666666667,
2019-08-06,192,24,26.641666666666666,29.7,23.6,,78.45833333333333,1.0
2019-08-07,192,24,27.77916666666667,32.9,24.1,,80.04166666666667,1.0
2019-08-08,192,24,28.34166666666667,33.5,24.0,,78.04166666666667,
2019-08-09,192,24,28.34583333333333,33.5,23.7,,77.125,
2019-08-10,192,24,28.079166666666666,33.2,23.8,,75.70833333333333,
2019-08-11,192,24,27.762500000000003,32.4,23.5,,75.79166666666667,
2019-08-12,192,24,28.2375,30.8,25.2,,79.20833333333333,1.0
2019-08-13,192,24,28.55,34.7,24.6,,81.08333333333333,1.0
2019-08-14,192,24,29.412500000000005,34.2,24.9,,71.70833333333333,1.0
2019-08-15,192,24,28.433333333333337,32.3,25.3,,75.54166666666667,1.0
2019-08-16,192,24,28.179166666666664,33.0,23.5,,70.04166666666667,
2019-08-17,192,24,26.462499999999995,32.4,20.5,,74.41666666666667,
2019-08-18,192,24,27.59583333333333,33.0,22.2,,68.91666666666667,
2019-08-19,192,24,25.59583333333333,31.4,19.7,,74.25,
2019-08-20,192,24,26.55,30.6,22.1,,75.04166666666667,1.0
2019-08-21,192,24,25.65416666666667,28.5,24.5,,81.33333333333333,1.0
2019-08-22,192,24,26.837499999999995,31.4,24.2,,87.08333333333333,1.0
2019-08-23,192,24,24.695833333333336,28.9,22.1,,81.95833333333333,
2019-08-24,192,24,23.3125,28.7,17.2,,74.29166666666667,
2019-08-25,192,24,21.995833333333337,25.6,18.8,,84.5,1.0
2019-08-26,192,24,23.71666666666667,29.9,18.3,,78.25,
2019-08-27,192,24,22.587500000000002,24.1,21.2,,91.79166666666667,1.0
2019-08-28,192,24,23.899999999999995,27.1,22.3,,88.875,1.0
2019-08-29,192,24,22.44583333333333,23.7,20.0,,89.625,1.0
2019-08-30,192,24,22.724999999999998,29.8,18.2,,75.625,
2019-08-31,192,24,22.212500000000002,29.1,16.2,,77.125,
2019-09-01,192,24,21.474999999999998,24.7,18.9,,87.83333333333333,1.0
2019-09-02,192,24,20.216666666666665,21.3,19.3,,94.125,1.0
2019-09-03,192,24,21.791666666666668,24.5,20.2,,94.29166666666667,1.0
2019-09-04,192,24,23.5,25.2,22.2,,94.625,1.0
2019-09-05,192,24,25.204166666666666,29.4,22.7,,88.95833333333333,1.0
2019-09-06,192,24,25.899999999999995,29.7,22.0,,85.16666666666667,1.0
2019-09-07,192,24,25.554166666666664,27.4,23.4,,86.33333333333333,1.0
2019-09-08,192,24,25.0,28.7,21.6,,85.625,1.0
2019-09-09,192,24,26.099999999999998,31.3,23.3,,86.79166666666667,1.0
2019-09-10,192,24,26.504166666666663,29.5,23.7,,81.04166666666667,1.0
2019-09-11,192,24,25.804166666666664,29.8,22.6,,83.66666666666667,1.0
2019-09-12,192,24,20.5625,22.0,18.7,,88.08333333333333,1.0
2019-09-13,192,24,21.849999999999998,27.5,18.0,,75.20833333333333,
2019-09-14,192,24,22.09166666666667,29.9,15.0,,78.20833333333333,
2019-09-15,192,24,24.770833333333332,30.4,20.3,,78.75,
2019-09-16,192,24,23.974999999999998,28.8,20.2,,70.58333333333333,
2019-09-17,192,24,21.150000000000002,28.1,14.1,,69.04166666666667,
2019-09-18,192,24,20.908333333333335,30.2,14.6,,68.625,
2019-09-19,192,24,19.412499999999998,25.8,14.1,,72.54166666666667,
2019-09-20,192,24,19.016666666666666,24.4,13.4,,72.875,
2019-09-21,192,24,17.724999999999998,19.1,16.7,,91.91666666666667,1.0
2019-09-22,192,24,17.441666666666666,19.3,16.6,,90.54166666666667,1.0
2019-09-23,192,24,18.474999999999998,20.3,16.7,,84.54166666666667,1.0
2019-09-24,192,24,18.779166666666665,25.3,14.1,,78.29166666666667,
2019-09-25,192,24,17.575,24.8,11.6,,80.0,
2019-09-26,192,24,20.254166666666666,26.5,14.5,,81.83333333333333,
2019-09-27,192,24,21.491666666666664,25.5,17.8,,84.75,1.0
2019-09-28,192,24,22.79583333333333,26.1,20.8,,91.20833333333333,1.0
2019-09-29,192,24,24.254166666666674,29.6,20.7,,85.58333333333333,
2019-09-30,192,24,23.433333333333334,27.1,21.1,,85.0,
2019-10-01,192,24,21.670833333333334,23.3,20.4,,95.41666666666667,1.0
2019-10-02,192,24,21.2,24.2,19.9,140.1,95.54166666666667,1.0
2019-10-03,192,24,23.825,27.4,19.3,,79.625,1.0
2019-10-04,192,24,21.425,26.8,16.7,,82.25,
2019-10-05,192,24,21.804166666666664,25.5,18.8,,80.91666666666667,
2019-10-06,192,24,18.695833333333333,22.2,14.6,,69.45833333333333,
2019-10-07,192,24,15.708333333333334,17.2,14.6,,89.625,1.0
2019-10-08,192,24,17.791666666666668,23.3,11.6,,71.41666666666667,
2019-10-09,192,24,12.929166666666667,22.2,5.5,,68.70833333333333,
2019-10-10,192,24,14.545833333333334,23.6,7.0,,73.29166666666667,
2019-10-11,192,24,18.595833333333335,26.0,11.7,,66.08333333333333,
2019-10-12,192,24,20.15833333333333,24.7,16.4,,54.416666666666664,
2019-10-13,192,24,16.962500000000002,22.9,11.2,,59.875,
2019-10-14,192,24,15.070833333333333,24.1,8.8,,76.58333333333333,
2019-10-15,192,24,14.950000000000001,18.3,11.6,,75.0,
2019-10-16,192,24,13.495833333333332,20.6,8.5,,76.95833333333333,
2019-10-17,192,24,13.329166666666666,19.0,9.1,,80.91666666666667,
2019-10-18,192,24,14.637500000000001,16.6,10.5,,87.33333333333333,1.0
2019-10-19,192,24,17.720833333333335,23.9,14.1,,80.83333333333333,
2019-10-20,192,24,15.904166666666669,23.5,10.6,,79.29166666666667,
2019-10-21,192,24,14.925000000000002,23.0,8.3,,78.375,
2019-10-22,192,24,15.629166666666668,23.2,9.6,,79.66666666666667,
2019-10-23,192,24,16.0,20.2,12.0,,81.08333333333333,
2019-10-24,192,24,17.875,21.2,13.1,,70.29166666666667,
2019-10-25,192,24,17.6375,24.0,12.3,,77.25,
2019-10-26,192,24,14.941666666666668,19.7,8.8,,64.83333333333333,
2019-10-27,192,24,10.025,18.0,4.0,,73.41666666666667,
2019-10-28,192,24,10.554166666666667,18.7,2.4,,73.25,
2019-10-29,192,24,11.987499999999999,20.2,6.0,,73.08333333333333,
2019-10-30,192,24,10.466666666666667,19.2,4.0,,76.20833333333333,
2019-10-31,192,24,10.695833333333333,21.2,3.2,,76.25,
2019-11-01,192,24,12.383333333333335,23.1,4.8,,78.95833333333333,
2019-11-02,192,24,12.825000000000001,19.9,7.2,,83.75,
2019-11-03,192,24,13.637500000000001,21.2,9.3,,80.04166666666667,
2019-11-04,192,24,12.691666666666668,18.3,7.9,,80.5,
2019-11-05,192,24,12.220833333333331,20.0,7.0,,79.125,
2019-11-06,192,24,10.579166666666666,20.1,4.1,,75.29166666666667,
2019-11-07,192,24,11.141666666666666,19.4,5.5,,72.66666666666667,
2019-11-08,192,24,8.625,17.6,2.5,,71.54166666666667,
2019-11-09,192,24,7.670833333333333,19.1,-0.3,,68.70833333333333,
2019-11-10,192,24,8.466666666666667,17.1,0.8,,77.0,1.0
2019-11-11,192,24,12.970833333333331,19.4,7.0,,68.08333333333333,1.0
2019-11-12,192,24,9.454166666666667,17.3,2.6,,77.25,
2019-11-13,192,24,9.741666666666667,15.6,2.7,,74.04166666666667,
2019-11-14,192,24,7.283333333333334,12.8,-0.9,,45.083333333333336,
2019-11-15,192,24,6.529166666666666,15.9,-3.1,,67.04166666666667,
2019-11-16,192,24,11.324999999999998,19.7,3.6,,78.33333333333333,
2019-11-17,192,24,10.658333333333333,13.1,6.7,,93.70833333333333,1.0
2019-11-18,192,24,12.704166666666666,19.1,6.4,,66.91666666666667,1.0
2019-11-19,192,24,5.1625000000000005,9.5,0.8,,61.083333333333336,
2019-11-20,192,24,4.391666666666667,11.2,-1.0,,54.791666666666664,
2019-11-21,192,24,4.758333333333334,14.2,-3.3,,59.041666666666664,
2019-11-22,192,24,8.391666666666666,18.0,1.2,,70.79166666666667,
2019-11-23,192,24,10.095833333333333,19.2,3.2,,80.875,
2019-11-24,192,24,13.383333333333333,19.8,10.1,,87.54166666666667,1.0
2019-11-25,192,24,10.3375,14.7,8.3,,56.166666666666664,
2019-11-26,192,24,9.770833333333334,15.0,6.0,,68.33333333333333,
2019-11-27,192,24,8.345833333333333,12.0,5.5,,67.08333333333333,
2019-11-28,192,24,6.829166666666667,12.0,1.9,,66.45833333333333,
2019-11-29,192,24,4.154166666666667,13.9,-1.3,,62.791666666666664,
2019-11-30,192,24,5.320833333333334,15.0,-3.0,,58.333333333333336,
2019-12-01,192,24,6.945833333333333,8.2,5.4,,89.95833333333333,1.0
2019-12-02,192,24,6.129166666666666,9.1,2.9,,59.416666666666664,1.0
2019-12-03,192,24,2.2291666666666665,8.0,-2.8,,72.33333333333333,
2019-12-04,192,24,2.8083333333333336,11.6,-2.8,,71.625,
2019-12-05,192,24,2.341666666666667,8.6,-2.3,,58.791666666666664,
2019-12-06,192,24,-1.5333333333333332,5.0,-5.9,,43.208333333333336,
2019-12-07,192,24,-0.9166666666666666,9.6,-9.5,,59.166666666666664,
2019-12-08,192,24,0.6791666666666667,9.8,-4.3,,73.29166666666667,
2019-12-09,192,24,1.0333333333333332,10.6,-6.1,,71.0,
2019-12-10,192,24,4.795833333333333,15.5,-2.1,,79.41666666666667,
2019-12-11,192,24,7.129166666666666,16.6,1.2,,71.875,
2019-12-12,192,24,3.5500000000000003,8.8,-2.3,,44.5,
2019-12-13,192,24,0.36666666666666664,9.0,-5.7,,62.333333333333336,
2019-12-14,192,24,3.1875,11.7,-2.7,,60.666666666666664,
2019-12-15,192,24,4.191666666666666,13.5,-2.6,,67.08333333333333,
2019-12-16,192,24,5.245833333333334,14.0,-0.7,,80.33333333333333,
2019-12-17,192,24,7.0874999999999995,13.0,0.6,,82.79166666666667,
2019-12-18,192,24,7.841666666666666,14.0,2.8,,57.916666666666664,
2019-12-19,192,24,4.458333333333333,11.4,-1.3,,48.958333333333336,
2019-12-20,192,24,2.0,8.6,-3.3,,56.708333333333336,
2019-12-21,192,24,-0.5916666666666666,4.4,-4.1,,70.625,
2019-12-22,192,24,1.6666666666666667,9.3,-3.5,,71.33333333333333,
2019-12-23,192,24,2.3958333333333335,12.0,-3.5,,73.75,
2019-12-24,192,24,2.2916666666666665,11.2,-2.3,,70.08333333333333,
2019-12-25,192,24,3.616666666666667,13.7,-4.4,,63.416666666666664,
2019-12-26,192,24,4.679166666666666,6.6,1.8,,72.70833333333333,1.0
2019-12-27,192,24,2.8958333333333335,7.6,-3.0,,42.541666666666664,
2019-12-28,192,24,-0.6416666666666667,8.0,-6.9,,63.916666666666664,
2019-12-29,192,24,0.8166666666666669,5.2,-4.6,,77.125,1.0
2019-12-30,192,24,6.075,10.8,3.2,,86.75,1.0
2019-12-31,192,24,-0.34583333333333327,3.2,-4.6,,35.625,
2020-01-01,192,24,-1.7708333333333333,6.9,-7.9,,52.958333333333336,
2020-01-02,192,24,-0.2874999999999999,8.6,-6.1,,73.375,
2020-01-03,192,24,0.65,10.6,-5.6,,71.625,
2020-01-04,192,24,0.9208333333333334,10.3,-5.5,,68.29166666666667,
2020-01-05,192,24,1.008333333333333,10.7,-6.2,,61.916666666666664,
2020-01-06,192,24,2.5083333333333333,4.6,-2.1,,83.625,1.0
2020-01-07,192,24,9.15,16.8,4.5,,94.75,1.0
2020-01-08,192,24,8.358333333333333,14.3,3.5,,65.75,1.0
2020-01-09,192,24,3.4166666666666665,9.6,-1.8,,63.416666666666664,
2020-01-10,192,24,0.7166666666666667,9.4,-5.0,,68.75,
2020-01-11,192,24,2.5124999999999997,10.0,-3.9,,66.20833333333333,
2020-01-12,192,24,3.0083333333333333,8.1,-2.3,,57.333333333333336,
2020-01-13,192,24,-0.21250000000000002,6.8,-4.9,,69.45833333333333,
2020-01-14,192,24,0.8166666666666668,6.1,-3.1,,57.166666666666664,
2020-01-15,192,24,-0.4166666666666667,7.1,-6.5,,63.583333333333336,
2020-01-16,192,24,0.4874999999999999,7.3,-4.5,,53.083333333333336,
2020-01-17,192,24,2.2,9.5,-2.7,,48.75,
2020-01-18,192,24,1.7,11.6,-4.9,,51.541666666666664,
2020-01-19,192,24,1.0291666666666666,9.6,-4.4,,64.41666666666667,
2020-01-20,192,24,0.7916666666666666,9.1,-5.4,,67.625,
2020-01-21,192,24,0.40416666666666673,9.1,-6.5,,53.833333333333336,
2020-01-22,192,24,3.045833333333333,4.8,0.1,,73.0,1.0
2020-01-23,192,24,6.633333333333333,10.6,4.4,,93.125,1.0
2020-01-24,192,24,5.845833333333334,13.1,0.7,,78.91666666666667,
2020-01-25,192,24,5.866666666666667,10.1,2.5,,82.08333333333333,
2020-01-26,192,24,7.087500000000001,11.3,1.6,,73.75,
2020-01-27,192,24,6.158333333333334,8.5,4.5,,87.75,1.0
2020-01-28,192,24,8.179166666666667,11.1,5.6,,69.83333333333333,1.0
2020-01-29,192,24,6.724999999999999,9.5,4.8,,82.29166666666667,1.0
2020-01-30,192,24,5.6125,10.0,0.5,,71.91666666666667,1.0
2020-01-31,192,24,2.5916666666666663,9.9,-2.5,,73.16666666666667,
2020-02-01,192,24,1.808333333333333,9.6,-4.5,,70.33333333333333,
2020-02-02,192,24,2.295833333333334,10.5,-3.3,,75.08333333333333,
2020-02-03,192,24,1.9041666666666668,9.3,-3.7,,65.75,
2020-02-04,192,24,0.1708333333333334,9.0,-6.6,,60.958333333333336,
2020-02-05,192,24,0.16666666666666674,4.5,-2.8,,37.416666666666664,
2020-02-06,192,24,-1.7583333333333335,4.8,-7.1,,30.833333333333332,
2020-02-07,192,24,2.0416666666666665,9.6,-4.7,,40.333333333333336,
2020-02-08,192,24,2.8083333333333336,8.5,-3.2,,49.708333333333336,
2020-02-09,192,24,1.0958333333333332,8.3,-6.4,,47.083333333333336,
2020-02-10,192,24,2.4250000000000003,12.6,-4.7,,63.833333333333336,
2020-02-11,192,24,4.6625000000000005,13.8,-4.3,,63.666666666666664,
2020-02-12,192,24,8.341666666666667,11.3,6.2,,93.29166666666667,1.0
2020-02-13,192,24,8.558333333333332,15.1,3.7,,84.33333333333333,
2020-02-14,192,24,9.254166666666668,18.8,4.0,,74.20833333333333,
2020-02-15,192,24,9.333333333333334,16.3,2.4,,76.04166666666667,
2020-02-16,192,24,5.820833333333334,10.3,-0.5,,67.375,1.0
2020-02-17,192,24,-0.004166666666666615,1.9,-2.3,,51.541666666666664,
2020-02-18,192,24,0.2958333333333334,8.1,-6.3,,47.083333333333336,
2020-02-19,192,24,2.504166666666667,12.0,-5.5,,54.75,
2020-02-20,192,24,5.420833333333334,14.4,-1.9,,57.666666666666664,
2020-02-21,192,24,6.3875,15.1,-2.4,,67.83333333333333,1.0
2020-02-22,192,24,8.529166666666667,12.8,1.4,,56.25,1.0
2020-02-23,192,24,3.579166666666667,10.6,-3.6,,56.458333333333336,
2020-02-24,192,24,6.020833333333333,15.1,-3.5,,64.29166666666667,
2020-02-25,192,24,8.158333333333333,9.0,7.6,,94.70833333333333,1.0
2020-02-26,192,24,9.700000000000001,14.8,5.3,,78.875,
2020-02-27,192,24,7.2749999999999995,10.7,4.3,,68.83333333333333,
2020-02-28,192,24,5.191666666666666,6.8,3.7,,83.91666666666667,1.0
2020-02-29,192,24,6.754166666666666,12.1,3.2,,83.0,
2020-03-01,192,24,8.525,14.3,2.0,,75.54166666666667,
2020-03-02,192,24,8.145833333333334,13.6,2.7,,43.333333333333336,
2020-03-03,192,24,6.516666666666667,12.5,1.2,,66.625,
2020-03-04,192,24,6.4750000000000005,11.5,2.0,,55.791666666666664,
2020-03-05,192,24,3.4,11.3,-3.1,,46.208333333333336,
2020-03-06,192,24,3.841666666666667,12.9,-4.5,,56.791666666666664,
2020-03-07,192,24,4.504166666666666,9.4,0.3,,84.70833333333333,1.0
2020-03-08,192,24,7.2,16.9,-0.6,,75.08333333333333,
2020-03-09,192,24,7.529166666666666,13.6,0.9,,84.79166666666667,1.0
2020-03-10,192,24,9.429166666666667,10.8,5.9,,81.79166666666667,1.0
2020-03-11,192,24,5.204166666666667,12.1,-2.0,,54.458333333333336,
2020-03-12,192,24,5.629166666666666,15.2,-3.5,,56.416666666666664,
2020-03-13,192,24,8.879166666666666,16.9,1.0,,56.583333333333336,
2020-03-14,192,24,7.441666666666666,11.6,3.0,,24.166666666666668,
2020-03-15,192,24,6.129166666666666,12.5,-1.5,,47.791666666666664,
2020-03-16,192,24,5.329166666666667,11.2,-2.2,,41.625,
2020-03-17,192,24,9.1875,18.7,-1.3,,53.041666666666664,
2020-03-18,192,24,9.262500000000001,17.8,0.1,,58.041666666666664,
2020-03-19,192,24,11.791666666666666,18.1,6.0,,53.0,
2020-03-20,192,24,10.441666666666666,16.1,3.0,,36.541666666666664,
2020-03-21,192,24,12.066666666666665,20.3,1.8,,58.75,
2020-03-22,192,24,14.320833333333335,21.6,8.5,,72.83333333333333,
2020-03-23,192,24,11.529166666666669,19.9,1.5,,50.458333333333336,
2020-03-24,192,24,9.858333333333333,18.3,1.7,,54.291666666666664,
2020-03-25,192,24,10.591666666666667,19.0,2.0,,60.958333333333336,
2020-03-26,192,24,10.549999999999999,12.5,8.3,,86.08333333333333,1.0
2020-03-27,192,24,14.804166666666665,22.1,10.6,,82.08333333333333,1.0
2020-03-28,192,24,9.141666666666667,12.1,5.9,,57.125,
2020-03-29,192,24,8.504166666666666,15.9,0.8,,67.25,
2020-03-30,192,24,11.641666666666666,17.8,7.0,,62.958333333333336,
2020-03-31,192,24,11.183333333333335,20.2,3.2,,66.16666666666667,
2020-04-01,192,24,13.654166666666667,20.8,8.8,,50.0,1.0
2020-04-02,192,24,9.995833333333334,17.3,1.4,,41.833333333333336,
2020-04-03,192,24,10.799999999999999,19.7,1.3,,48.666666666666664,
2020-04-04,192,24,10.949999999999998,21.5,1.0,,43.75,
2020-04-05,192,24,7.974999999999999,15.8,-0.5,,39.5,
2020-04-06,192,24,8.75,17.6,-1.2,,51.708333333333336,
2020-04-07,192,24,12.616666666666667,21.5,4.2,,50.5,
2020-04-08,192,24,12.225,19.7,3.9,,40.625,
2020-04-09,192,24,9.883333333333333,17.9,1.0,,40.958333333333336,
2020-04-10,192,24,9.625,11.4,8.1,,63.625,
2020-04-11,192,24,9.237499999999999,12.9,6.8,,78.375,1.0
2020-04-12,192,24,9.158333333333333,12.7,6.6,,76.125,1.0
2020-04-13,192,24,10.1625,16.5,4.7,,49.208333333333336,
2020-04-14,192,24,11.345833333333333,22.3,0.0,,55.958333333333336,
2020-04-15,192,24,11.558333333333332,20.2,4.0,,54.125,
2020-04-16,192,24,11.179166666666667,19.4,2.3,,67.45833333333333,
2020-04-17,192,24,10.504166666666668,11.8,8.7,,89.79166666666667,1.0
2020-04-18,192,24,14.066666666666668,21.2,7.6,,72.08333333333333,
2020-04-19,192,24,10.7875,13.8,9.0,,89.79166666666667,1.0
2020-04-20,192,24,13.470833333333333,19.9,7.3,,72.45833333333333,1.0
2020-04-21,192,24,11.725000000000001,17.7,6.4,,38.875,
2020-04-22,192,24,8.416666666666666,14.4,1.6,,37.958333333333336,
2020-04-23,192,24,8.125,15.6,-0.3,,51.5,
2020-04-24,192,24,9.904166666666667,17.6,-0.5,,42.416666666666664,
2020-04-25,192,24,14.408333333333333,20.6,4.1,,56.041666666666664,
2020-04-26,192,24,13.641666666666666,20.2,4.8,,53.041666666666664,
2020-04-27,192,24,13.108333333333334,19.7,4.1,,51.916666666666664,
2020-04-28,192,24,12.408333333333337,21.2,2.8,,52.25,
2020-04-29,192,24,14.241666666666665,23.9,3.8,,54.666666666666664,
2020-04-30,192,24,15.854166666666666,23.2,4.7,,65.45833333333333,
2020-05-01,192,24,20.71666666666667,25.0,17.1,,73.79166666666667,
2020-05-02,192,24,19.150000000000002,25.2,13.8,,81.45833333333333,1.0
2020-05-03,192,24,16.775000000000002,18.1,15.3,,94.625,1.0
2020-05-04,192,24,20.89166666666667,27.8,15.3,,80.875,
2020-05-05,192,24,17.854166666666668,20.2,15.8,,81.58333333333333,
2020-05-06,192,24,19.150000000000002,28.3,12.3,,66.75,
2020-05-07,192,24,16.554166666666664,24.3,8.6,,53.125,
2020-05-08,192,24,15.141666666666666,21.7,5.6,,65.95833333333333,
2020-05-09,192,24,17.058333333333334,19.1,15.8,,92.75,1.0
2020-05-10,192,24,18.416666666666668,25.3,13.5,,71.70833333333333,
2020-05-11,192,24,19.070833333333333,28.7,9.5,,61.708333333333336,
2020-05-12,192,24,19.895833333333332,24.7,15.1,,45.208333333333336,
2020-05-13,192,24,17.245833333333334,25.1,7.3,,50.125,
2020-05-14,192,24,17.2875,25.5,9.2,,54.541666666666664,
2020-05-15,192,24,15.120833333333332,16.7,14.1,,89.54166666666667,1.0
2020-05-16,192,24,19.2625,25.8,15.1,,84.83333333333333,1.0
2020-05-17,192,24,19.35833333333333,23.6,16.0,,83.25,
2020-05-18,192,24,17.96666666666667,21.1,15.4,,89.08333333333333,1.0
2020-05-19,192,24,14.645833333333334,18.3,10.4,,74.95833333333333,1.0
2020-05-20,192,24,15.408333333333333,22.5,8.3,,74.29166666666667,
2020-05-21,192,24,16.2625,20.7,13.0,,75.25,
2020-05-22,192,24,16.587500000000002,22.6,10.8,,71.95833333333333,
2020-05-23,192,24,17.275000000000002,24.5,9.9,,72.58333333333333,
2020-05-24,192,24,19.366666666666667,24.9,13.1,,80.16666666666667,
2020-05-25,192,24,19.479166666666668,24.5,14.5,,74.33333333333333,
2020-05-26,192,24,19.150000000000002,24.7,15.1,,77.66666666666667,
2020-05-27,192,24,19.904166666666665,26.7,13.6,,64.45833333333333,
2020-05-28,192,24,19.395833333333332,25.6,11.6,,66.66666666666667,
2020-05-29,192,24,19.870833333333334,27.9,12.3,,67.08333333333333,
2020-05-30,192,24,19.783333333333335,25.1,14.6,,62.916666666666664,
2020-05-31,192,24,19.420833333333334,24.9,14.8,,73.5,1.0
2020-06-01,192,24,22.512500000000003,28.5,16.7,,62.458333333333336,
2020-06-02,192,24,20.166666666666668,28.2,11.9,,54.958333333333336,
2020-06-03,192,24,21.145833333333332,27.8,15.4,,76.41666666666667,
2020-06-04,192,24,24.48333333333333,30.5,19.9,,75.66666666666667,
2020-06-05,192,24,23.958333333333332,30.7,17.7,,73.79166666666667,
2020-06-06,192,24,22.645833333333332,29.5,19.7,,76.83333333333333,1.0
2020-06-07,192,24,22.75,28.2,18.3,,71.58333333333333,
2020-06-08,192,24,23.09583333333333,31.9,14.1,,62.916666666666664,
2020-06-09,192,24,24.058333333333337,32.2,14.3,,66.95833333333333,
2020-06-10,192,24,24.9375,32.7,18.7,,73.70833333333333,
2020-06-11,192,24,24.65416666666667,30.7,20.7,,86.16666666666667,1.0
2020-06-12,192,24,24.7,30.1,22.1,,86.79166666666667,
2020-06-13,192,24,23.058333333333337,26.7,21.0,,92.45833333333333,1.0
2020-06-14,192,24,24.64166666666667,28.8,20.5,,90.25,1.0
2020-06-15,192,24,23.649999999999995,30.0,18.0,,74.66666666666667,
2020-06-16,192,24,23.7625,31.7,17.1,,67.33333333333333,
2020-06-17,192,24,21.5125,26.5,16.3,,75.79166666666667,1.0
2020-06-18,192,24,18.279166666666665,20.3,16.7,,95.66666666666667,1.0
2020-06-19,192,24,22.066666666666663,29.0,17.7,,77.91666666666667,1.0
2020-06-20,192,24,22.45,27.6,19.3,,80.41666666666667,
2020-06-21,192,24,22.429166666666664,28.7,17.7,,78.58333333333333,
2020-06-22,192,24,22.575,29.6,15.8,,77.41666666666667,
2020-06-23,192,24,23.337500000000002,29.7,16.7,,74.5,
2020-06-24,192,24,21.7375,24.5,19.3,,91.625,1.0
2020-06-25,192,24,23.066666666666663,24.8,21.7,,95.04166666666667,1.0
2020-06-26,192,24,24.366666666666664,30.5,19.4,,76.83333333333333,
2020-06-27,192,24,24.3,30.2,19.2,,81.5,
2020-06-28,192,24,25.52916666666667,31.1,20.2,,77.91666666666667,
2020-06-29,192,24,21.65416666666667,24.8,19.7,,92.25,1.0
2020-06-30,192,24,22.916666666666668,26.6,19.7,,78.375,1.0
2020-07-01,192,24,22.50833333333333,27.0,18.7,,75.66666666666667,
2020-07-02,192,24,21.766666666666666,26.3,16.7,,81.625,
2020-07-03,192,24,19.675,21.3,18.2,,90.20833333333333,1.0
2020-07-04,192,24,21.008333333333336,24.7,17.2,,84.625,
2020-07-05,192,24,22.233333333333334,26.7,19.5,,83.625,
2020-07-06,192,24,21.79583333333333,23.8,19.0,,92.16666666666667,
2020-07-07,192,24,24.575,29.1,22.0,,85.79166666666667,
2020-07-08,192,24,24.84166666666667,29.5,21.0,,80.5,
2020-07-09,192,24,22.608333333333334,27.2,19.0,,89.95833333333333,1.0
2020-07-10,192,24,23.84583333333333,28.7,21.7,,91.54166666666667,1.0
2020-07-11,192,24,24.820833333333336,29.0,21.8,,87.45833333333333,
2020-07-12,192,24,21.129166666666666,22.0,19.7,,94.75,1.0
2020-07-13,192,24,19.2875,20.1,18.5,131.3,98.83333333333333,1.0
2020-07-14,192,24,20.27916666666667,23.1,18.9,,96.0,1.0
2020-07-15,192,24,19.416666666666668,21.6,18.7,,98.20833333333333,1.0
2020-07-16,192,24,21.904166666666665,28.1,18.5,,83.625,
2020-07-17,192,24,22.625,28.3,18.8,,82.70833333333333,
2020-07-18,192,24,21.995833333333337,24.9,18.8,,84.91666666666667,
2020-07-19,192,24,22.820833333333336,26.1,20.7,,94.625,1.0
2020-07-20,192,24,26.5,29.7,24.7,,87.75,1.0
2020-07-21,192,24,25.370833333333334,29.1,22.2,,84.33333333333333,1.0
2020-07-22,192,24,23.375,24.8,22.2,,94.70833333333333,1.0
2020-07-23,192,24,22.5,23.6,21.7,,96.75,1.0
2020-07-24,192,24,21.216666666666665,22.6,20.1,,92.5,1.0
2020-07-25,192,24,21.629166666666666,24.3,19.8,,94.70833333333333,1.0
2020-07-26,192,24,23.85833333333333,28.7,20.7,,80.625,
2020-07-27,192,24,21.98333333333333,25.2,20.0,,94.33333333333333,1.0
2020-07-28,192,24,24.212499999999995,28.9,22.1,,95.0,1.0
2020-07-29,192,24,24.291666666666668,26.9,23.3,,96.25,1.0
2020-07-30,192,24,24.34166666666667,29.2,22.1,,94.375,1.0
2020-07-31,192,24,25.950000000000003,31.0,22.5,,88.70833333333333,
2020-08-01,192,24,26.599999999999998,31.1,23.6,,85.625,
2020-08-02,192,24,27.40416666666667,30.9,24.7,,84.29166666666667,
2020-08-03,192,24,27.308333333333334,30.3,25.8,,84.83333333333333,
2020-08-04,192,24,27.25,30.8,23.2,,86.125,
2020-08-05,192,24,27.020833333333332,29.2,24.5,,90.5,1.0
2020-08-06,192,24,26.79583333333333,27.8,26.2,,89.375,1.0
2020-08-07,192,24,25.375,27.2,23.6,,94.20833333333333,1.0
2020-08-08,192,24,25.3125,26.2,23.7,,94.625,1.0
2020-08-09,192,24,27.42083333333333,30.2,24.8,,84.75,1.0
2020-08-10,192,24,25.84166666666667,27.7,25.1,,94.45833333333333,1.0
2020-08-11,192,24,26.508333333333336,29.4,25.6,,90.0,1.0
2020-08-12,192,24,27.524999999999995,29.8,25.8,,89.66666666666667,1.0
2020-08-13,192,24,27.95,32.2,24.2,,85.04166666666667,
2020-08-14,192,24,28.71666666666667,32.1,26.3,,82.33333333333333,
2020-08-15,192,24,29.304166666666664,34.2,25.3,,79.08333333333333,
2020-08-16,192,24,28.233333333333334,32.9,23.2,,81.41666666666667,
2020-08-17,192,24,28.45416666666667,34.5,24.6,,80.16666666666667,
2020-08-18,192,24,28.59583333333333,34.5,23.7,,79.41666666666667,
2020-08-19,192,24,28.391666666666666,34.6,23.0,,78.25,
2020-08-20,192,24,28.325,35.3,22.7,,77.91666666666667,
2020-08-21,192,24,27.337499999999995,32.6,23.4,,80.83333333333333,
2020-08-22,192,24,26.8625,30.0,24.1,,79.08333333333333,
2020-08-23,192,24,26.629166666666663,32.2,22.8,,79.625,
2020-08-24,192,24,27.191666666666666,32.9,22.9,,78.79166666666667,
2020-08-25,192,24,27.975000000000005,33.7,22.3,,76.33333333333333,
2020-08-26,192,24,27.349999999999998,32.3,25.1,,85.41666666666667,1.0
2020-08-27,192,24,27.46666666666667,30.5,25.7,,88.33333333333333,1.0
2020-08-28,192,24,26.520833333333332,30.3,24.3,,91.04166666666667,1.0
2020-08-29,192,24,27.195833333333336,31.6,24.0,,86.75,1.0
2020-08-30,192,24,27.787499999999998,33.5,24.5,,83.70833333333333,
2020-08-31,192,24,26.71666666666667,29.7,23.8,,82.41666666666667,1.0
2020-09-01,192,24,25.858333333333334,29.8,22.8,,78.95833333333333,
2020-09-02,192,24,25.19583333333333,27.1,23.9,,90.66666666666667,1.0
2020-09-03,192,24,26.3875,30.1,21.9,,66.125,1.0
2020-09-04,192,24,22.429166666666664,29.2,16.8,,81.75,
2020-09-05,192,24,20.191666666666666,22.5,18.2,,92.95833333333333,1.0
2020-09-06,192,24,20.254166666666666,22.2,18.0,,89.125,1.0
2020-09-07,192,24,21.820833333333336,24.8,19.6,,82.25,1.0
2020-09-08,192,24,24.424999999999997,28.5,21.7,,78.04166666666667,1.0
2020-09-09,192,24,22.520833333333332,26.1,18.6,,85.20833333333333,1.0
2020-09-10,192,24,22.9375,28.2,19.8,,83.95833333333333,1.0
2020-09-11,192,24,22.0125,26.3,19.8,,87.54166666666667,1.0
2020-09-12,192,24,21.212500000000002,24.3,18.8,,83.33333333333333,1.0
2020-09-13,192,24,20.441666666666666,23.2,18.5,,86.29166666666667,1.0
2020-09-14,192,24,22.104166666666668,27.1,19.2,,82.125,
2020-09-15,192,24,22.625,28.1,18.3,,80.54166666666667,
2020-09-16,192,24,21.354166666666668,22.8,20.0,,91.41666666666667,1.0
2020-09-17,192,24,20.770833333333332,23.3,18.2,,92.91666666666667,1.0
2020-09-18,192,24,19.212500000000002,22.7,15.6,,88.29166666666667,1.0
2020-09-19,192,24,18.483333333333334,26.1,11.3,,75.79166666666667,
2020-09-20,192,24,18.2375,26.6,10.8,,72.04166666666667,
2020-09-21,192,24,17.266666666666666,24.3,11.3,,73.08333333333333,
2020-09-22,192,24,17.691666666666666,23.0,13.9,,75.79166666666667,
2020-09-23,192,24,18.675,22.3,13.6,,71.5,
2020-09-24,192,24,20.375,24.4,15.9,,69.29166666666667,
2020-09-25,192,24,19.345833333333335,25.5,13.3,,77.91666666666667,
2020-09-26,192,24,19.241666666666664,25.3,13.8,,71.625,
2020-09-27,192,24,18.391666666666666,24.5,13.7,,76.125,
2020-09-28,192,24,17.020833333333332,24.7,10.5,,76.5,
2020-09-29,192,24,16.858333333333334,25.1,10.5,,77.79166666666667,
2020-09-30,192,24,18.558333333333334,25.7,12.8,,73.5,
2020-10-01,192,24,19.433333333333334,25.3,13.9,,75.33333333333333,
2020-10-02,192,24,19.4625,25.0,14.3,,81.91666666666667,
2020-10-03,192,24,20.733333333333334,26.0,17.6,,76.625,
2020-10-04,192,24,19.829166666666666,24.7,16.2,,82.5,1.0
2020-10-05,192,24,16.1125,21.1,10.8,,51.583333333333336,
2020-10-06,192,24,15.295833333333334,22.6,8.3,,61.25,
2020-10-07,192,24,16.729166666666668,22.7,10.8,,61.958333333333336,
2020-10-08,192,24,18.34166666666667,22.7,15.5,,57.208333333333336,
2020-10-09,192,24,18.412499999999998,22.8,14.7,,53.791666666666664,
2020-10-10,192,24,18.474999999999998,23.6,13.9,,62.458333333333336,
2020-10-11,192,24,16.55,22.4,11.1,,71.83333333333333,
2020-10-12,192,24,17.216666666666665,24.8,12.1,,73.16666666666667,
2020-10-13,192,24,14.666666666666666,22.1,9.1,,63.75,
2020-10-14,192,24,13.174999999999999,21.9,6.7,,62.291666666666664,
2020-10-15,192,24,14.029166666666669,22.3,8.6,,52.625,
2020-10-16,192,24,12.020833333333334,16.8,6.1,,71.5,
2020-10-17,192,24,14.016666666666666,21.5,6.2,,71.54166666666667,
2020-10-18,192,24,13.841666666666669,21.7,7.5,,72.20833333333333,
2020-10-19,192,24,12.85,21.8,5.5,,68.29166666666667,
2020-10-20,192,24,12.8125,23.0,5.2,,68.79166666666667,
2020-10-21,192,24,12.929166666666667,17.8,8.6,,85.41666666666667,1.0
2020-10-22,192,24,14.787500000000001,18.4,12.1,,82.54166666666667,1.0
2020-10-23,192,24,11.733333333333334,17.7,6.1,,50.583333333333336,
2020-10-24,192,24,9.241666666666667,18.3,2.5,,64.04166666666667,
2020-10-25,192,24,10.608333333333333,20.9,2.5,,72.29166666666667,
2020-10-26,192,24,11.208333333333334,21.0,3.9,,74.375,
2020-10-27,192,24,11.479166666666666,21.5,5.1,,74.875,
2020-10-28,192,24,12.9375,20.2,9.1,,79.54166666666667,
2020-10-29,192,24,10.595833333333333,19.6,2.8,,65.75,
2020-10-30,192,24,10.737499999999999,19.6,3.2,,68.70833333333333,
2020-10-31,192,24,9.966666666666667,18.5,3.7,,75.04166666666667,
2020-11-01,192,24,11.158333333333331,14.1,6.6,,83.5,1.0
2020-11-02,192,24,12.491666666666667,18.4,5.3,,79.08333333333333,1.0
2020-11-03,192,24,7.3125,13.0,2.4,,59.25,
2020-11-04,192,24,5.433333333333334,15.0,-1.3,,63.041666666666664,
2020-11-05,192,24,6.641666666666667,15.8,-2.1,,64.04166666666667,
2020-11-06,192,24,10.820833333333333,14.3,6.5,,73.54166666666667,
2020-11-07,192,24,13.054166666666667,21.8,7.0,,77.70833333333333,
2020-11-08,192,24,10.1625,19.2,2.4,,55.833333333333336,
2020-11-09,192,24,8.541666666666666,14.3,3.5,,39.25,
2020-11-10,192,24,8.041666666666666,16.5,1.7,,56.75,
2020-11-11,192,24,6.341666666666666,16.2,-1.1,,62.75,
2020-11-12,192,24,7.308333333333334,18.5,0.2,,72.0,
2020-11-13,192,24,8.470833333333333,19.7,0.6,,74.16666666666667,
2020-11-14,192,24,9.645833333333334,19.2,2.2,,81.25,
2020-11-15,192,24,10.225,19.1,3.2,,79.54166666666667,
2020-11-16,192,24,10.762500000000001,21.3,3.5,,73.95833333333333,
2020-11-17,192,24,14.808333333333332,18.8,11.3,,76.33333333333333,
2020-11-18,192,24,17.583333333333332,23.2,13.3,,88.08333333333333,1.0
2020-11-19,192,24,19.866666666666667,23.3,14.1,,85.04166666666667,1.0
2020-11-20,192,24,10.304166666666667,13.8,5.5,,70.95833333333333,
2020-11-21,192,24,8.258333333333335,15.1,1.5,,71.79166666666667,
2020-11-22,192,24,9.679166666666667,12.0,7.0,,82.125,1.0
2020-11-23,192,24,6.608333333333334,12.2,1.3,,57.166666666666664,
2020-11-24,192,24,5.633333333333333,13.3,0.5,,58.583333333333336,
2020-11-25,192,24,6.8125,15.5,0.6,,59.583333333333336,
2020-11-26,192,24,7.2375,13.6,3.0,,63.25,
2020-11-27,192,24,7.479166666666667,13.5,3.5,,62.5,
2020-11-28,192,24,3.8333333333333335,8.5,-1.1,,52.5,
2020-11-29,192,24,3.2458333333333336,10.4,-2.6,,60.208333333333336,
2020-11-30,192,24,4.0,10.3,-1.7,,56.166666666666664,
2020-12-01,192,24,2.220833333333333,10.6,-4.4,,54.541666666666664,
2020-12-02,192,24,2.85,10.5,-2.0,,51.25,
2020-12-03,192,24,3.554166666666667,10.3,-2.3,,55.291666666666664,
2020-12-04,192,24,2.4250000000000003,9.5,-3.0,,46.75,
2020-12-05,192,24,2.0416666666666665,11.1,-4.2,,65.54166666666667,
2020-12-06,192,24,2.5083333333333333,11.5,-3.8,,72.20833333333333,
2020-12-07,192,24,2.6666666666666665,10.6,-3.3,,78.25,
2020-12-08,192,24,2.379166666666667,8.7,-2.5,,63.083333333333336,
2020-12-09,192,24,0.6666666666666666,10.6,-5.6,,63.625,
2020-12-10,192,24,3.275,10.1,-1.8,,60.0,
2020-12-11,192,24,4.4375,12.6,-2.3,,73.0,
2020-12-12,192,24,5.0249999999999995,11.0,-1.3,,57.375,
2020-12-13,192,24,3.241666666666667,11.6,-3.1,,59.791666666666664,
2020-12-14,192,24,-0.7625000000000001,1.9,-3.6,,33.375,
2020-12-15,192,24,-2.55,1.9,-5.7,,39.125,
2020-12-16,192,24,-2.975,2.9,-8.5,,51.25,
2020-12-17,192,24,-2.283333333333333,5.5,-9.0,,57.541666666666664,
2020-12-18,192,24,-0.020833333333333332,8.4,-6.8,,61.25,
2020-12-19,192,24,0.6291666666666668,4.6,-2.8,,28.0,
2020-12-20,192,24,0.004166666666666707,7.3,-5.8,,46.541666666666664,
2020-12-21,192,24,-1.2208333333333334,7.5,-7.0,,66.375,
2020-12-22,192,24,-0.7999999999999999,8.6,-7.0,,75.875,
2020-12-23,192,24,0.1583333333333333,9.0,-6.5,,79.0,
2020-12-24,192,24,3.9125,12.6,-1.4,,61.875,
2020-12-25,192,24,2.1624999999999996,7.5,-3.2,,52.541666666666664,
2020-12-26,192,24,0.7541666666666668,9.6,-5.1,,65.70833333333333,
2020-12-27,192,24,3.0958333333333337,7.0,-0.4,,80.33333333333333,1.0
2020-12-28,192,24,3.1041666666666665,11.0,0.1,,94.5,
2020-12-29,192,24,3.995833333333333,11.5,-0.7,,87.45833333333333,1.0
2020-12-30,192,24,-2.6125000000000003,1.1,-6.0,,53.166666666666664,1.0
2020-12-31,192,24,-2.8083333333333336,3.1,-7.4,,48.916666666666664,
2021-01-01,192,24,-1.7999999999999998,4.5,-8.2,,65.125,
2021-01-02,192,24,-0.39999999999999986,5.4,-4.2,,58.791666666666664,
2021-01-03,192,24,-0.11666666666666665,5.4,-4.7,,41.458333333333336,
2021-01-04,192,24,-1.3625,7.0,-7.5,,58.833333333333336,
2021-01-05,192,24,-0.2374999999999999,6.1,-5.1,,53.916666666666664,
2021-01-06,192,24,-2.558333333333333,2.1,-8.0,,45.666666666666664,
2021-01-07,192,24,-5.720833333333334,-1.4,-10.8,,42.541666666666664,
2021-01-08,192,24,-9.079166666666667,-1.9,-14.7,,46.833333333333336,
2021-01-09,192,24,-7.441666666666666,0.4,-14.7,,53.541666666666664,
2021-01-10,192,24,-5.416666666666667,1.8,-12.6,,63.291666666666664,
2021-01-11,192,24,-3.4041666666666663,1.2,-7.4,,69.33333333333333,
2021-01-12,192,24,-2.4666666666666663,5.0,-9.9,,67.875,
2021-01-13,192,24,3.4708333333333337,11.6,-4.8,,65.875,
2021-01-14,192,24,3.0625,12.6,-4.0,,69.95833333333333,
2021-01-15,192,24,6.895833333333333,15.5,-1.6,,74.0,
2021-01-16,192,24,3.0541666666666667,8.0,-1.5,,50.458333333333336,
2021-01-17,192,24,-1.2291666666666667,2.9,-6.0,,36.291666666666664,
2021-01-18,192,24,-1.4500000000000002,5.0,-8.1,,63.333333333333336,1.0
2021-01-19,192,24,-1.6083333333333334,5.5,-8.2,,43.333333333333336,
2021-01-20,192,24,-0.8916666666666667,10.1,-9.0,,61.25,
2021-01-21,192,24,4.566666666666667,12.5,-2.5,,77.20833333333333,1.0
2021-01-22,192,24,6.979166666666667,9.6,5.2,,97.375,1.0
2021-01-23,192,24,8.920833333333334,11.5,6.9,,88.33333333333333,1.0
2021-01-24,192,24,8.2125,11.3,3.5,,70.45833333333333,1.0
2021-01-25,192,24,6.45,14.1,-0.8,,74.04166666666667,
2021-01-26,192,24,4.8875,7.3,2.2,,93.29166666666667,1.0
2021-01-27,192,21,,,,,,
